track_id,x_first,y_first,median_flux,max_peak,persistence,session_id,in_ensemble,rms_ppt,n_points
69,492.4962974079264,54.85095050656303,387.3931579589844,503.0,0.9885057471264368,CoRoT-2__2026-08-09,False,12143.288780424078,86
76,315.9181993237984,64.10169994480948,579.1140747070312,4095.0,0.9885057471264368,CoRoT-2__2026-08-09,False,503383.4239260952,86
80,513.5224739239975,63.40442491720971,2442.568084716797,984.0,1.0,CoRoT-2__2026-08-09,False,3224.5087971602647,87
94,321.2859016599123,72.94984184612996,230.75257873535156,528.0,0.9195402298850575,CoRoT-2__2026-08-09,False,8428.439937633631,80
110,486.317706234225,85.93262016427126,249.08554077148438,488.0,0.9310344827586207,CoRoT-2__2026-08-09,False,10739.153811049062,81
123,46.9584469110684,99.08763318640175,1488.9701843261719,677.0,1.0,CoRoT-2__2026-08-09,False,4160.9091036472455,87
124,308.948765852843,98.90608406978232,1443.1042785644531,637.0,1.0,CoRoT-2__2026-08-09,False,3817.6780943033405,87
129,512.9890695654481,103.13945078701613,360.9835510253906,502.0,0.9770114942528736,CoRoT-2__2026-08-09,False,15332.108631889487,85
132,425.79362080643295,105.61256741775816,1413.0446472167969,522.0,1.0,CoRoT-2__2026-08-09,False,6318.661053543659,87
149,89.70422535211267,115.53990610328638,529.2384490966797,520.0,0.9885057471264368,CoRoT-2__2026-08-09,False,10107.048226502551,86
194,400.3927396879986,157.27607891606397,1142.1450805664062,950.0,1.0,CoRoT-2__2026-08-09,False,7867.995106105435,87
206,489.4453602590541,165.18538627381773,526.0789489746094,544.0,0.9770114942528736,CoRoT-2__2026-08-09,False,14665.780165214866,85
220,443.32255981060223,176.57218208328882,460.8256530761719,597.0,0.9770114942528736,CoRoT-2__2026-08-09,False,6761.5475171854505,85
242,291.19444444444446,196.56944444444446,328.9015808105469,469.0,0.9540229885057471,CoRoT-2__2026-08-09,False,7344.156842574163,83
254,579.7322298462627,211.66584766735048,310.79241943359375,527.0,0.9540229885057471,CoRoT-2__2026-08-09,False,50604.66193026855,82
267,129.56120546069212,218.95340185238527,2265.0,713.0,1.0,CoRoT-2__2026-08-09,False,4624.279270155263,87
284,571.3382776614357,238.44112415994425,670.3928070068359,701.0,0.9885057471264368,CoRoT-2__2026-08-09,False,58800.11159132028,86
285,64.13997204773804,237.7253202893886,4317.0,989.0,1.0,CoRoT-2__2026-08-09,True,1966.4668090090063,87
286,314.45945110250045,239.61785474376688,1627.07666015625,800.0,1.0,CoRoT-2__2026-08-09,False,20258.90722632968,87
308,353.12695547533093,261.71720818291215,212.18777465820312,520.0,0.8620689655172413,CoRoT-2__2026-08-09,False,44670.39741498136,75
317,220.1949152542373,271.01271186440675,376.0,486.0,0.9770114942528736,CoRoT-2__2026-08-09,False,12713.133282511855,85
383,118.77264492753623,350.8867753623188,9395.334991455078,1272.0,1.0,CoRoT-2__2026-08-09,True,1639.1873973985753,87
426,498.77599214055067,410.98402707071034,856.9067993164062,527.0,0.9885057471264368,CoRoT-2__2026-08-09,False,30585.32276880735,86
445,438.0473890066484,435.02107659408455,3640.2371215820312,926.0,1.0,CoRoT-2__2026-08-09,False,32234.12318805974,87
451,214.84651802220546,444.06524191330567,387.0,718.0,0.9770114942528736,CoRoT-2__2026-08-09,False,36898.71627426523,85
462,244.4555539477392,459.43273040219947,734.0,483.0,0.9770114942528736,CoRoT-2__2026-08-09,False,10100.528014373853,85
465,54.55447873934177,466.4027814162125,269.5165710449219,505.0,0.9080459770114943,CoRoT-2__2026-08-09,False,48679.301605487984,79
470,97.30754968967913,478.3223290840099,300.0,474.0,0.9540229885057471,CoRoT-2__2026-08-09,False,22487.557593351015,83
529,448.7032549891689,37.28735800859687,610.0283508300781,547.0,0.9770114942528736,CoRoT-2__2026-08-09,False,56.03300832611095,73
530,61.53350745196646,39.641564694829256,1389.130126953125,692.0,0.9885057471264368,CoRoT-2__2026-08-09,False,28.764641575366493,84
531,269.50512603004375,39.843215461037836,2777.5,881.0,0.9885057471264368,CoRoT-2__2026-08-09,False,26.34261640262094,83
532,460.2262844377853,41.53126427064181,7313.804260253906,1372.0,0.9885057471264368,CoRoT-2__2026-08-09,True,22.411066463395446,85
533,214.675,41.90714285714286,283.7828063964844,533.0,0.9425287356321839,CoRoT-2__2026-08-09,False,86.37936543003006,82
534,382.3395979529119,42.76230700855778,863.0,551.0,0.9885057471264368,CoRoT-2__2026-08-09,False,110.85308795921247,86
535,129.87821996390014,42.90834946223792,327.0,710.0,0.9770114942528736,CoRoT-2__2026-08-09,False,45.54361188457448,85
536,307.15625,42.982638888888886,262.8494873046875,1111.0,0.9425287356321839,CoRoT-2__2026-08-09,False,95.7752045335894,82
538,580.6664723353969,44.60033119261099,555.0252075195312,564.0,0.9770114942528736,CoRoT-2__2026-08-09,False,58.3137369836713,85
539,38.738704942548864,46.37087249934154,1719.5,764.0,0.9885057471264368,CoRoT-2__2026-08-09,False,37.12764877660754,86
540,78.49765258215963,47.15680751173709,1095.5368041992188,620.0,0.9885057471264368,CoRoT-2__2026-08-09,False,35.9020047851724,86
541,258.21016949152545,46.99322033898305,311.0,503.0,0.9540229885057471,CoRoT-2__2026-08-09,False,44.475546543903064,83
542,359.8108150547631,47.64629695015157,681.7526092529297,564.0,0.9885057471264368,CoRoT-2__2026-08-09,False,47.554983498567964,86
546,67.58939714091505,51.89703141928652,869.585693359375,513.0,0.9770114942528736,CoRoT-2__2026-08-09,False,42.556150705328946,85
548,151.9467455621302,52.282051282051285,482.0,500.0,0.9770114942528736,CoRoT-2__2026-08-09,False,47.56148379488057,85
549,253.90192307692308,52.58461538461538,503.0,524.0,0.9770114942528736,CoRoT-2__2026-08-09,False,43.07306470533348,85
550,472.46441565942376,55.94402923889239,262.37640380859375,505.0,0.9310344827586207,CoRoT-2__2026-08-09,False,62.56381882580327,81
551,104.11137044995294,58.51259641346248,1768.2925567626953,717.0,0.9885057471264368,CoRoT-2__2026-08-09,False,26.43213101406994,86
552,546.8118275904849,58.68999005707103,563.0371704101562,508.0,0.9655172413793104,CoRoT-2__2026-08-09,False,47.56826824646567,84
557,470.2499213039308,61.856145230716585,203.67205810546875,490.0,0.8620689655172413,CoRoT-2__2026-08-09,False,59.39396421444842,75
558,519.3628612113466,62.553366572989944,617.6333923339844,916.0,0.9770114942528736,CoRoT-2__2026-08-09,False,46.13865058800401,85
559,437.4144636715992,63.56899522185862,521.5563049316406,686.0,0.9770114942528736,CoRoT-2__2026-08-09,False,51.58184376204512,85
561,66.0539202634742,67.7689832646547,697.3733215332031,558.0,0.9885057471264368,CoRoT-2__2026-08-09,False,39.06978003032145,86
562,560.9102079211783,69.40553667514058,1554.1400756835938,633.0,0.9885057471264368,CoRoT-2__2026-08-09,False,32.54936874804725,86
564,294.9965268907109,68.84656454397127,292.0,474.0,0.9540229885057471,CoRoT-2__2026-08-09,False,61.59059811422358,83
565,245.42857142857142,71.5968253968254,890.5,514.0,0.9885057471264368,CoRoT-2__2026-08-09,False,32.21351269099837,86
566,100.81292259872414,72.81241967446807,261.3070373535156,481.0,0.9540229885057471,CoRoT-2__2026-08-09,False,164.2805340953453,83
567,37.03328606586547,74.92170244279826,354.9449462890625,555.0,0.9770114942528736,CoRoT-2__2026-08-09,False,60.871892936231966,85
571,161.30589441220766,76.97259052215664,1147.7854919433594,660.0,0.9885057471264368,CoRoT-2__2026-08-09,False,33.881810247778596,86
572,181.86598235532756,77.03145902197234,882.5,675.0,0.9885057471264368,CoRoT-2__2026-08-09,False,45.91298790150125,86
573,147.83960879511446,76.81423342110622,245.0,502.0,0.9310344827586207,CoRoT-2__2026-08-09,False,74.88244566150432,81
574,97.84561213728536,79.17791736589626,3921.0599517822266,1049.0,0.9885057471264368,CoRoT-2__2026-08-09,True,22.901416227930802,86
576,489.6851731435385,78.0864732570168,748.4145660400391,521.0,0.9885057471264368,CoRoT-2__2026-08-09,False,44.13617456077235,86
577,22.993768241857094,78.60446800111312,275.0911560058594,493.0,0.9655172413793104,CoRoT-2__2026-08-09,False,86.38314444119489,57
580,535.8136401936156,80.86977615873018,341.14324951171875,487.0,0.9655172413793104,CoRoT-2__2026-08-09,False,70.20476434806346,84
581,158.00506873577356,82.07039296359174,361.6214294433594,524.0,0.9770114942528736,CoRoT-2__2026-08-09,False,68.43002334988424,85
582,203.42410714285714,83.03794642857143,258.0,689.0,0.9310344827586207,CoRoT-2__2026-08-09,False,93.11658718219564,81
585,33.096291830209445,87.55482047128741,8165.506896972656,1649.0,0.9885057471264368,CoRoT-2__2026-08-09,True,24.291683104104848,86
586,41.96329407314695,84.84288626799147,458.2667541503906,665.0,0.9770114942528736,CoRoT-2__2026-08-09,False,65.70098477461377,85
587,75.47619047619048,85.18571428571428,206.39056396484375,485.0,0.8850574712643678,CoRoT-2__2026-08-09,False,54.94786059825886,77
588,125.64655304781411,85.78423901709479,1679.8807525634766,705.0,0.9885057471264368,CoRoT-2__2026-08-09,False,26.02543874679734,86
589,181.9620688026303,89.21175770351088,17549.06298828125,3004.0,0.9885057471264368,CoRoT-2__2026-08-09,True,21.460391715127184,86
590,315.5681357154396,87.26045271960713,538.2846374511719,517.0,0.9540229885057471,CoRoT-2__2026-08-09,False,64.06848850277656,83
594,401.86280900594255,90.76327597874648,249.1085205078125,482.0,0.9080459770114943,CoRoT-2__2026-08-09,False,57.98249845729507,79
595,28.4875805500654,92.11124061783795,179.76956176757812,464.0,0.8160919540229885,CoRoT-2__2026-08-09,False,277.3408988455015,69
597,267.2589641434263,95.33864541832669,224.76556396484375,479.0,0.9080459770114943,CoRoT-2__2026-08-09,False,58.89346250012206,79
599,258.4429530201342,96.87919463087249,173.0,482.0,0.8390804597701149,CoRoT-2__2026-08-09,False,94.13930643917169,73
600,553.294714582785,97.5546547359016,357.2971954345703,496.0,0.9655172413793104,CoRoT-2__2026-08-09,False,51.993652823877234,84
603,193.23824878309208,97.97968886475473,152.0,554.0,0.7011494252873564,CoRoT-2__2026-08-09,False,127.34546321752873,61
604,572.0784903193747,98.62618068058748,1071.5374755859375,564.0,0.9885057471264368,CoRoT-2__2026-08-09,False,38.28546462800797,86
605,246.24634858812075,99.90262901655306,1985.4285583496094,714.0,0.9885057471264368,CoRoT-2__2026-08-09,False,22.77530776143115,86
606,535.6566519938104,100.00298812872721,711.4552612304688,524.0,0.9885057471264368,CoRoT-2__2026-08-09,False,39.62513754377799,86
607,327.44838970480646,101.2085521328263,501.6602478027344,507.0,0.9770114942528736,CoRoT-2__2026-08-09,False,55.87057914851926,85
608,30.416916365263578,104.61249216590058,341.7960662841797,630.0,0.9655172413793104,CoRoT-2__2026-08-09,False,58.25321010345564,84
609,341.08838383838383,103.86111111111111,415.4813537597656,492.0,0.9770114942528736,CoRoT-2__2026-08-09,False,46.85204123292529,85
611,506.29630907527564,106.58617181893725,391.791259765625,507.0,0.8620689655172413,CoRoT-2__2026-08-09,False,198.87982135204544,75
612,511.7998457135696,109.78773459280113,4701.720520019531,941.0,0.9885057471264368,CoRoT-2__2026-08-09,True,23.198315501264787,86
614,31.96769851791721,112.79224590201767,1248.0301971435547,645.0,0.9885057471264368,CoRoT-2__2026-08-09,False,32.619007067035014,86
617,126.29409439504397,115.20913018270649,879.8335571289062,566.0,0.9885057471264368,CoRoT-2__2026-08-09,False,30.688243625025645,86
618,144.90059151555818,114.40522896925513,178.26893615722656,523.0,0.8735632183908046,CoRoT-2__2026-08-09,False,80.78455884470814,76
619,176.54597701149424,114.67816091954023,191.9293212890625,484.0,0.896551724137931,CoRoT-2__2026-08-09,False,79.92120493955667,78
620,283.1508078994614,116.16157989228007,545.3891296386719,508.0,0.9770114942528736,CoRoT-2__2026-08-09,False,42.59092689910048,85
623,51.397754268128566,121.74704164431367,169.6832733154297,473.0,0.8735632183908046,CoRoT-2__2026-08-09,False,92.65809731666259,76
625,284.5970394736842,123.55756578947368,581.9096374511719,485.0,0.9770114942528736,CoRoT-2__2026-08-09,False,38.31228033264096,85
626,81.09989347524653,124.84808427736202,2567.686981201172,827.0,0.9885057471264368,CoRoT-2__2026-08-09,False,21.93346310452812,86
630,113.172715735947,127.85188669808628,2907.922332763672,871.0,0.9885057471264368,CoRoT-2__2026-08-09,False,16.506416523628413,86
631,246.43530079455164,128.06583427922814,1678.0558319091797,701.0,0.9885057471264368,CoRoT-2__2026-08-09,False,23.809938059565166,86
632,386.4534911964018,127.17063372114754,509.8605041503906,499.0,0.9770114942528736,CoRoT-2__2026-08-09,False,38.248948785430905,85
634,260.7611111111111,128.3125,644.0,764.0,0.9770114942528736,CoRoT-2__2026-08-09,False,47.46208429044138,85
635,54.713443218958425,128.89727226825278,457.4798889160156,525.0,0.9770114942528736,CoRoT-2__2026-08-09,False,53.352537132330895,85
636,94.33593236094282,131.1646494026657,2386.3502807617188,675.0,0.9885057471264368,CoRoT-2__2026-08-09,False,16.302927577857705,86
637,303.97836093911246,128.96593175954592,272.0,487.0,0.9425287356321839,CoRoT-2__2026-08-09,False,64.84633926813044,82
638,393.034826589961,129.81725971257788,231.46730041503906,467.0,0.896551724137931,CoRoT-2__2026-08-09,False,78.02570970858109,78
639,445.2644508127413,132.16637582031288,3084.3185424804688,793.0,0.9885057471264368,CoRoT-2__2026-08-09,False,19.69812904413815,86
640,352.86756756756756,132.76891891891893,629.0,518.0,0.9770114942528736,CoRoT-2__2026-08-09,False,40.069859000878175,85
641,300.0,132.35031847133757,173.9525146484375,460.0,0.735632183908046,CoRoT-2__2026-08-09,False,68.99046461433973,64
642,475.48881512848675,135.1663275610712,479.17724609375,519.0,0.9770114942528736,CoRoT-2__2026-08-09,False,45.94496665407296,85
643,304.3885859185287,137.93325089554824,933.5,548.0,0.9885057471264368,CoRoT-2__2026-08-09,False,33.37137742284551,86
644,294.24924471299096,138.63444108761328,655.0,521.0,0.9770114942528736,CoRoT-2__2026-08-09,False,36.53951703639636,85
645,140.52926218708683,138.9284442353422,277.0131530761719,479.0,0.9425287356321839,CoRoT-2__2026-08-09,False,46.21935254140282,82
646,395.9834542574587,141.1559945976891,8974.321975708008,1489.0,0.9885057471264368,CoRoT-2__2026-08-09,True,14.489867997411078,86
647,336.67260430600254,139.9331227568305,550.4023742675781,516.0,0.9770114942528736,CoRoT-2__2026-08-09,False,40.49621566078569,85
649,212.09615384615384,142.3653846153846,210.0,461.0,0.8390804597701149,CoRoT-2__2026-08-09,False,65.08168387744942,73
653,429.1387715916936,146.2045366397582,204.10760498046875,619.0,0.8275862068965517,CoRoT-2__2026-08-09,False,64.15398997797311,72
654,169.74860681114552,148.61981424148607,1496.1139526367188,638.0,0.9885057471264368,CoRoT-2__2026-08-09,False,20.594644873910408,86
657,206.96835443037975,149.31645569620252,186.47686767578125,460.0,0.8390804597701149,CoRoT-2__2026-08-09,False,73.33244714376791,73
658,562.0775135815055,151.17097083882408,230.2003936767578,626.0,0.896551724137931,CoRoT-2__2026-08-09,False,53.989963627702586,78
660,253.70181405895693,155.74036281179139,748.0,560.0,0.9770114942528736,CoRoT-2__2026-08-09,False,27.903370053566636,85
661,280.7956989247312,156.7741935483871,196.8181610107422,487.0,0.8275862068965517,CoRoT-2__2026-08-09,False,98.42492206896465,72
662,545.60545836349,157.91788850070617,600.056640625,540.0,0.9655172413793104,CoRoT-2__2026-08-09,False,33.46472299553831,84
664,22.702656484532696,162.98288939076318,214.7242889404297,465.0,0.896551724137931,CoRoT-2__2026-08-09,False,85.93532484377248,53
665,43.446994535519124,165.77923497267759,857.6244506835938,556.0,0.9885057471264368,CoRoT-2__2026-08-09,False,31.18240303040043,86
667,29.466316450301516,166.78783969027631,601.6363372802734,589.0,0.9885057471264368,CoRoT-2__2026-08-09,False,48.37309986851435,86
669,441.01293804545315,166.72616520783305,486.4755859375,491.0,0.9770114942528736,CoRoT-2__2026-08-09,False,43.51930829408494,85
670,119.88035401661944,167.65540448880762,647.4545288085938,555.0,0.9770114942528736,CoRoT-2__2026-08-09,False,40.60195531182592,85
671,210.18072289156626,166.73493975903614,241.5862274169922,490.0,0.9425287356321839,CoRoT-2__2026-08-09,False,54.80224391895333,82
672,277.3732394366197,166.54225352112675,199.20347595214844,536.0,0.8275862068965517,CoRoT-2__2026-08-09,False,87.17806007738275,72
673,488.87552077361477,168.86061537512086,821.352294921875,635.0,0.9885057471264368,CoRoT-2__2026-08-09,False,31.553487755214633,86
674,77.39336087679283,173.08360524878708,10236.509384155273,1490.0,0.9885057471264368,CoRoT-2__2026-08-09,True,25.19528245620595,86
676,114.52961832983598,175.18755863452054,5573.383987426758,1182.0,0.9885057471264368,CoRoT-2__2026-08-09,True,16.288259219259036,86
677,194.23142857142858,174.49714285714285,327.0,495.0,0.9540229885057471,CoRoT-2__2026-08-09,False,49.727804553039476,83
683,565.8510392594228,181.4620369812707,1660.7948760986328,619.0,0.9885057471264368,CoRoT-2__2026-08-09,False,20.858364434171794,86
687,101.57111313211969,185.13746735117434,864.7473754882812,550.0,0.9885057471264368,CoRoT-2__2026-08-09,False,42.300701338018506,86
688,87.80346481775868,186.56067331247235,1567.6900787353516,633.0,0.9885057471264368,CoRoT-2__2026-08-09,False,18.383072235601773,86
689,477.20582747747005,187.2759375676244,1515.958236694336,583.0,0.9885057471264368,CoRoT-2__2026-08-09,False,21.06327808623487,86
690,120.48411838072141,187.6278911521089,686.1311340332031,535.0,0.9770114942528736,CoRoT-2__2026-08-09,False,100.7034255817479,85
691,44.03473491773309,188.2961608775137,1042.111068725586,581.0,0.9885057471264368,CoRoT-2__2026-08-09,False,30.44276568308731,86
692,179.935960591133,187.83251231527095,242.97035217285156,477.0,0.9195402298850575,CoRoT-2__2026-08-09,False,50.792372368085566,80
693,416.8046239193699,188.03854243083217,201.61398315429688,460.0,0.8850574712643678,CoRoT-2__2026-08-09,False,48.92051073593007,77
694,440.7831543594698,188.2901103083469,576.5005798339844,504.0,0.9770114942528736,CoRoT-2__2026-08-09,False,36.12013074838618,85
698,347.27113237639554,194.10845295055822,618.4463500976562,509.0,0.9655172413793104,CoRoT-2__2026-08-09,False,39.64938401048205,84
700,194.51639344262296,194.35040983606558,436.54486083984375,492.0,0.9770114942528736,CoRoT-2__2026-08-09,False,39.5441612601034,85
701,302.9796453998223,196.0622007023196,322.95985412597656,474.0,0.9425287356321839,CoRoT-2__2026-08-09,False,60.69703571942794,82
702,369.17041063501483,197.78021942551658,2468.75927734375,808.0,0.9885057471264368,CoRoT-2__2026-08-09,False,41.06876326171169,86
705,492.4747928126273,200.10062763326547,692.0142517089844,521.0,0.9770114942528736,CoRoT-2__2026-08-09,False,36.00520232027315,85
708,330.2558491207036,204.39969604323835,718.5178527832031,726.0,0.9770114942528736,CoRoT-2__2026-08-09,False,32.57345033470051,85
709,222.98773006134968,205.68711656441718,320.0,497.0,0.9425287356321839,CoRoT-2__2026-08-09,False,50.66375805158801,82
710,557.5261094155337,208.27720952461536,4559.240142822266,785.0,0.9885057471264368,CoRoT-2__2026-08-09,True,17.933283063292265,86
711,50.13136320453841,207.66777858655863,464.1281433105469,495.0,0.9770114942528736,CoRoT-2__2026-08-09,False,45.78429888927704,85
712,300.5421834544859,209.47232682107963,2581.361846923828,674.0,0.9885057471264368,CoRoT-2__2026-08-09,False,15.9153947521848,86
715,111.89578859241828,215.1086259929515,1931.4091033935547,684.0,0.9885057471264368,CoRoT-2__2026-08-09,False,21.963789013324885,86
717,387.9497120165559,218.60573216885476,12577.818252563477,1693.0,0.9885057471264368,CoRoT-2__2026-08-09,True,9.732907155087824,86
718,168.87147688838783,218.21871476888387,1716.1250915527344,638.0,0.9885057471264368,CoRoT-2__2026-08-09,False,15.735835984005783,86
719,376.2482477491961,217.41949650056566,204.16836547851562,463.0,0.8390804597701149,CoRoT-2__2026-08-09,False,65.0181886781994,73
720,33.98910598183591,218.91991487812996,348.34771728515625,480.0,0.9655172413793104,CoRoT-2__2026-08-09,False,43.17080071500101,84
721,572.475763240226,220.79058889535605,848.1728515625,534.0,0.9770114942528736,CoRoT-2__2026-08-09,False,29.799886089874267,85
722,315.7926851223395,220.86759713346214,337.70213317871094,477.0,0.9655172413793104,CoRoT-2__2026-08-09,False,43.534165332152746,84
723,90.67958098217967,225.01690108514381,243.0,522.0,0.9080459770114943,CoRoT-2__2026-08-09,False,68.188620354695,79
724,591.4229541370188,225.75101889708918,286.48583984375,480.0,0.9310344827586207,CoRoT-2__2026-08-09,False,57.39633683605106,81
725,51.588056702179045,226.5011806059353,623.8537292480469,521.0,0.9770114942528736,CoRoT-2__2026-08-09,False,50.027406628862,85
727,552.8569412646772,227.3582034717731,585.1947631835938,522.0,0.9655172413793104,CoRoT-2__2026-08-09,False,34.899150427514506,84
728,296.88865926117285,229.0604494962542,3713.462615966797,832.0,0.9885057471264368,CoRoT-2__2026-08-09,True,15.83905004458789,86
730,339.1846625766871,231.50613496932516,1602.8296508789062,570.0,0.9885057471264368,CoRoT-2__2026-08-09,False,19.24193075787014,86
731,35.98883046368416,231.90415838856504,944.7973480224609,561.0,0.9885057471264368,CoRoT-2__2026-08-09,False,35.09907795839642,86
734,190.4739214423696,234.54797166773986,1497.0,594.0,0.9885057471264368,CoRoT-2__2026-08-09,False,24.75107201397562,86
735,49.37765465347341,235.237961237475,816.7464599609375,536.0,0.9885057471264368,CoRoT-2__2026-08-09,False,43.16004568588079,86
736,296.95589026358255,238.5529854760624,1743.087905883789,606.0,0.9885057471264368,CoRoT-2__2026-08-09,False,21.31156279217877,86
737,90.08071186239427,238.15361371307776,520.0,497.0,0.9770114942528736,CoRoT-2__2026-08-09,False,46.005328232756824,85
738,213.90893169877407,238.6663747810858,1057.5,555.0,0.9885057471264368,CoRoT-2__2026-08-09,False,28.503404700770094,86
739,253.45253863134658,238.88741721854305,903.0,530.0,0.9770114942528736,CoRoT-2__2026-08-09,False,27.55931132714417,85
745,553.4136295516045,245.31486098046105,608.7028656005859,649.0,0.9655172413793104,CoRoT-2__2026-08-09,False,36.21466831761705,84
746,260.77846534653463,246.41955445544554,790.0,520.0,0.9770114942528736,CoRoT-2__2026-08-09,False,32.478889079380224,85
747,45.316415268823356,248.71506781337567,231.8271026611328,491.0,0.9195402298850575,CoRoT-2__2026-08-09,False,70.3701423217282,80
749,98.4494496728865,251.95990406397328,1183.2884063720703,573.0,0.9885057471264368,CoRoT-2__2026-08-09,False,20.81255542521292,86
751,597.0183443451068,252.7552073360494,1148.268310546875,546.0,0.9885057471264368,CoRoT-2__2026-08-09,False,30.49039279727819,85
752,42.3896833599539,253.69117217236968,502.4783630371094,494.0,0.9770114942528736,CoRoT-2__2026-08-09,False,44.605297434230216,85
753,70.67492601849904,253.8729886651896,1245.4492950439453,524.0,0.9885057471264368,CoRoT-2__2026-08-09,False,25.301188416480723,86
754,197.28426395939087,252.78680203045684,239.81422424316406,468.0,0.9195402298850575,CoRoT-2__2026-08-09,False,62.084648024056776,80
755,134.11951188609785,255.367411913317,488.228759765625,488.0,0.9655172413793104,CoRoT-2__2026-08-09,False,132.15080571695637,84
756,271.6700889801506,256.58795345653664,1423.0,581.0,0.9885057471264368,CoRoT-2__2026-08-09,False,20.63677660348086,86
758,570.4916771070152,257.5100698027849,1001.2044067382812,536.0,0.9885057471264368,CoRoT-2__2026-08-09,False,27.02412454428058,86
759,576.8021673432387,257.8374256435933,200.47996520996094,474.0,0.8045977011494253,CoRoT-2__2026-08-09,False,89.85975366832147,70
760,546.9922845802764,260.2418022408645,2455.1671447753906,658.0,0.9885057471264368,CoRoT-2__2026-08-09,False,18.44217401715664,86
761,130.9835554334103,262.4927543206285,28671.991897583008,3703.0,0.9885057471264368,CoRoT-2__2026-08-09,True,7.644448638114902,86
762,61.819853007793654,262.7078109588177,1163.5,571.0,0.9885057471264368,CoRoT-2__2026-08-09,False,25.255697165733853,86
764,454.6125130217397,262.41303154269133,744.7567596435547,503.0,0.9655172413793104,CoRoT-2__2026-08-09,False,28.026161381576053,84
765,80.64897089728352,264.83703063522717,1921.4300689697266,549.0,0.9885057471264368,CoRoT-2__2026-08-09,False,94.59767633925088,86
766,597.5471704268609,264.2868676363562,595.4080200195312,496.0,0.9655172413793104,CoRoT-2__2026-08-09,False,38.46367082896205,83
769,347.8779777911509,269.57522871942035,3488.053268432617,760.0,0.9885057471264368,CoRoT-2__2026-08-09,True,12.891026534541556,86
770,117.5221859872488,273.49347765359937,2439.784927368164,678.0,0.9885057471264368,CoRoT-2__2026-08-09,False,16.217650753305676,86
771,564.1410827978682,270.6479957875337,221.56411743164062,471.0,0.896551724137931,CoRoT-2__2026-08-09,False,57.95121017881699,78
772,388.54978883385826,273.61485910059497,443.70526123046875,482.0,0.9655172413793104,CoRoT-2__2026-08-09,False,38.48914730862586,84
778,507.3605574400731,281.2009501069516,1661.845199584961,579.0,0.9885057471264368,CoRoT-2__2026-08-09,False,27.739017464602384,86
779,92.37729829427637,283.0529274519341,709.1533508300781,514.0,0.9885057471264368,CoRoT-2__2026-08-09,False,32.39884396164253,86
780,145.4648583274437,283.6637648915446,714.3683776855469,709.0,0.9770114942528736,CoRoT-2__2026-08-09,False,34.9377722957561,85
781,179.14530776992936,286.41473259334003,958.7749633789062,529.0,0.9770114942528736,CoRoT-2__2026-08-09,False,26.914539371867193,85
782,398.32737168494674,284.4694171085432,515.9997406005859,487.0,0.9655172413793104,CoRoT-2__2026-08-09,False,41.71551950021419,84
783,66.59704503810593,288.79974182818023,5048.43962097168,963.0,0.9885057471264368,CoRoT-2__2026-08-09,True,15.689866140785508,86
788,355.737601166886,294.78162313071346,2644.3863830566406,794.0,0.9885057471264368,CoRoT-2__2026-08-09,False,17.16005190193721,86
789,81.18792331396553,294.79710703721383,338.4496612548828,495.0,0.9655172413793104,CoRoT-2__2026-08-09,False,60.482264511701786,84
790,434.8349310823489,296.9739148951272,238.2479248046875,520.0,0.9310344827586207,CoRoT-2__2026-08-09,False,93.05796005525922,81
791,441.4097369436389,298.000444528514,667.9322509765625,547.0,0.9655172413793104,CoRoT-2__2026-08-09,False,38.46359289377862,84
793,339.0345431208334,298.748737260752,784.1520080566406,519.0,0.9770114942528736,CoRoT-2__2026-08-09,False,37.821809444582094,85
795,454.79516042934773,304.35280625862356,518.9271087646484,569.0,0.9655172413793104,CoRoT-2__2026-08-09,False,39.235853597262526,84
796,246.27061855670104,308.86082474226805,644.0,539.0,0.9655172413793104,CoRoT-2__2026-08-09,False,40.16106857731936,84
797,50.3213296398892,309.393351800554,318.13128662109375,528.0,0.9540229885057471,CoRoT-2__2026-08-09,False,55.95047419323528,83
799,548.4853333317184,310.2401987922736,2467.6155548095703,678.0,0.9885057471264368,CoRoT-2__2026-08-09,False,20.722061335035736,86
801,101.53406814706926,311.85911619057526,536.3592224121094,545.0,0.9770114942528736,CoRoT-2__2026-08-09,False,40.34697364874633,85
803,167.87631969315035,314.1111429854727,236.11093139648438,530.0,0.9080459770114943,CoRoT-2__2026-08-09,False,56.55822932301731,79
804,231.1864406779661,314.0968523002421,328.5,545.0,0.9655172413793104,CoRoT-2__2026-08-09,False,41.99871542113659,84
806,582.977444231888,316.35577035284,1254.259536743164,654.0,0.9885057471264368,CoRoT-2__2026-08-09,False,37.880476747606764,86
808,104.76744186046511,320.8306976744186,1009.3224029541016,519.0,0.9885057471264368,CoRoT-2__2026-08-09,False,28.799932592035265,86
809,270.46583850931677,322.0978260869565,571.6958770751953,517.0,0.9655172413793104,CoRoT-2__2026-08-09,False,38.18180188853831,84
810,317.85474860335194,323.44692737430165,333.0,512.0,0.9540229885057471,CoRoT-2__2026-08-09,False,54.28430155888147,83
812,55.363969214675336,331.38638571321826,12678.049697875977,1824.0,0.9885057471264368,CoRoT-2__2026-08-09,True,13.310348337842262,86
813,163.41378356162826,330.67016625329427,317.8502197265625,466.0,0.9425287356321839,CoRoT-2__2026-08-09,False,79.56156726406199,82
814,141.19340334073223,332.8530517298899,394.84556579589844,478.0,0.9655172413793104,CoRoT-2__2026-08-09,False,65.51323281692221,84
815,499.7175185863406,334.2168298066889,346.4778594970703,521.0,0.9425287356321839,CoRoT-2__2026-08-09,False,46.502455222468626,82
816,27.262184222790733,335.2597830999887,847.1795959472656,532.0,0.9885057471264368,CoRoT-2__2026-08-09,False,30.790828667608718,80
818,156.47167756689765,337.8927931626307,430.3885498046875,508.0,0.9540229885057471,CoRoT-2__2026-08-09,False,73.15307985539678,83
819,373.1234675047449,337.7063593091506,1635.803237915039,593.0,0.9885057471264368,CoRoT-2__2026-08-09,False,21.058791001494733,86
822,185.51224944320714,339.09576837416483,455.0,480.0,0.9655172413793104,CoRoT-2__2026-08-09,False,41.70593616913788,84
824,161.6616390731526,342.53081374826206,487.8517150878906,489.0,0.9655172413793104,CoRoT-2__2026-08-09,False,38.76580686266143,84
825,69.97765377040258,346.0975560525183,10379.491806030273,1474.0,0.9885057471264368,CoRoT-2__2026-08-09,True,10.290045576272998,86
826,517.4620262088163,344.3151977045093,534.2130737304688,537.0,0.9655172413793104,CoRoT-2__2026-08-09,False,37.686200617979374,84
827,401.92466636379015,347.08673434631226,3608.428497314453,1362.0,0.9885057471264368,CoRoT-2__2026-08-09,True,17.983288119222262,86
828,584.1530289015633,347.1172677364355,5291.402923583984,847.0,0.9885057471264368,CoRoT-2__2026-08-09,True,20.77015631050941,86
829,599.3095255946176,348.2955001124609,340.1455078125,489.0,0.9655172413793104,CoRoT-2__2026-08-09,False,40.269019651655,81
831,377.4757612771577,351.10180287858896,4634.98876953125,820.0,0.9885057471264368,CoRoT-2__2026-08-09,True,16.969696097938932,86
832,39.82358620622656,350.03995434280165,419.700439453125,512.0,0.9770114942528736,CoRoT-2__2026-08-09,False,44.37552631362835,85
835,183.37196765498652,355.46091644204853,332.5,474.0,0.9655172413793104,CoRoT-2__2026-08-09,False,47.405692090851545,84
836,311.7424413544219,356.1063106449564,1280.7788696289062,551.0,0.9885057471264368,CoRoT-2__2026-08-09,False,29.285975910050603,86
837,85.53672917599036,357.98227195902786,1278.2347564697266,556.0,0.9885057471264368,CoRoT-2__2026-08-09,False,20.2072524989157,86
838,277.8701754385965,362.059649122807,530.3529663085938,470.0,0.9655172413793104,CoRoT-2__2026-08-09,False,40.902917945229,84
839,348.0162410241876,362.0544022782674,384.51934814453125,483.0,0.9655172413793104,CoRoT-2__2026-08-09,False,43.29647372160065,84
840,562.2132040896408,365.6046620661745,6106.913986206055,930.0,0.9885057471264368,CoRoT-2__2026-08-09,True,21.37783997475867,86
841,216.73333333333332,363.1925925925926,245.0,476.0,0.9080459770114943,CoRoT-2__2026-08-09,False,53.74080315862916,79
842,311.12788446925134,364.4068159719821,1022.11328125,690.0,0.9770114942528736,CoRoT-2__2026-08-09,False,31.039713052448118,85
847,254.00400801603206,371.87274549098197,892.416015625,517.0,0.9770114942528736,CoRoT-2__2026-08-09,False,30.592005559288584,85
848,571.9393207806761,372.82111702201064,774.4556732177734,502.0,0.9655172413793104,CoRoT-2__2026-08-09,False,43.303903176102295,84
849,544.7381478482923,380.30237965119215,21898.966873168945,2071.0,0.9885057471264368,CoRoT-2__2026-08-09,True,20.54244330414137,86
851,41.27314330557349,379.4467944548242,1355.667724609375,572.0,0.9885057471264368,CoRoT-2__2026-08-09,False,24.83318065081108,86
852,288.7838827838828,382.15934065934067,454.1214294433594,750.0,0.9655172413793104,CoRoT-2__2026-08-09,False,61.848699219505,84
855,28.06911364989332,387.53706423100203,3417.469482421875,773.0,0.9885057471264368,CoRoT-2__2026-08-09,False,16.194829317957804,84
856,366.8046875,386.1953125,212.2669219970703,489.0,0.8505747126436781,CoRoT-2__2026-08-09,False,54.49077694543992,74
857,385.3781373225543,388.0618193674403,2165.124481201172,611.0,0.9885057471264368,CoRoT-2__2026-08-09,False,20.61671344159577,86
858,316.8154795700753,390.3324135964657,743.1527709960938,786.0,0.9655172413793104,CoRoT-2__2026-08-09,False,31.746708711605365,84
859,294.1221122112211,391.02145214521454,562.4153747558594,505.0,0.9655172413793104,CoRoT-2__2026-08-09,False,43.80714529684089,84
860,488.5252646437245,390.989779743573,1244.6532745361328,538.0,0.9885057471264368,CoRoT-2__2026-08-09,False,33.91820263261963,86
861,81.30160070833735,393.00079128136997,3997.5626525878906,616.0,0.9885057471264368,CoRoT-2__2026-08-09,False,55.735166497538245,86
862,268.8705357142857,391.66964285714283,273.6505126953125,503.0,0.9310344827586207,CoRoT-2__2026-08-09,False,87.58892187877656,81
868,268.05388634879165,405.189745264533,2914.8252868652344,679.0,0.9885057471264368,CoRoT-2__2026-08-09,False,14.717587398549343,86
873,174.4774011299435,412.37005649717514,346.6822052001953,503.0,0.9425287356321839,CoRoT-2__2026-08-09,False,53.629461648443154,82
874,200.93358815097946,413.9636884854276,2034.1906433105469,603.0,0.9885057471264368,CoRoT-2__2026-08-09,False,21.236091569685215,86
877,119.50830429379081,417.4101666829126,361.0,477.0,0.9540229885057471,CoRoT-2__2026-08-09,False,46.73808886737288,83
878,316.827915665805,418.73071573497583,2884.7242584228516,664.0,0.9885057471264368,CoRoT-2__2026-08-09,False,18.134179655610435,86
881,333.3973696182706,421.3523593308841,341.02574157714844,514.0,0.9425287356321839,CoRoT-2__2026-08-09,False,48.00064853995808,82
883,418.3029123443645,429.0254883609267,780.9903564453125,505.0,0.9655172413793104,CoRoT-2__2026-08-09,False,26.291969941114857,84
885,40.665419161676645,436.4004491017964,1266.705337524414,623.0,0.9885057471264368,CoRoT-2__2026-08-09,False,28.862658816958156,86
886,503.3794621718884,438.0863883572991,8200.39631652832,980.0,0.9885057471264368,CoRoT-2__2026-08-09,True,21.194561407284777,86
887,309.83332991412675,442.105263451791,2857.649932861328,659.0,0.9885057471264368,CoRoT-2__2026-08-09,False,14.67135693400751,86
889,83.51424899086116,448.32551449168517,830.8717651367188,503.0,0.9770114942528736,CoRoT-2__2026-08-09,False,30.318465082329073,85
890,514.2739992678092,452.4856605952082,1253.7198791503906,525.0,0.9885057471264368,CoRoT-2__2026-08-09,False,31.60656559676048,86
891,504.1721077467429,454.7221008930658,1952.4158782958984,603.0,0.9885057471264368,CoRoT-2__2026-08-09,False,26.628032551428955,86
893,45.46341463414634,455.8350071736011,646.9491271972656,518.0,0.9770114942528736,CoRoT-2__2026-08-09,False,45.83063078274932,85
894,80.92993957921779,456.4069472609329,981.1595153808594,791.0,0.9770114942528736,CoRoT-2__2026-08-09,False,29.71486493165931,85
897,370.4757698170257,461.50711804306525,596.7659149169922,600.0,0.9655172413793104,CoRoT-2__2026-08-09,False,27.5392352334937,84
899,395.4302706397821,463.232923928472,2845.3078002929688,640.0,0.9885057471264368,CoRoT-2__2026-08-09,False,15.83846410886044,86
900,31.30722207718143,465.8147168237879,1764.809585571289,592.0,0.9885057471264368,CoRoT-2__2026-08-09,False,25.151174497913352,86
901,428.62108872483833,465.6981292311486,428.0493621826172,499.0,0.9655172413793104,CoRoT-2__2026-08-09,False,50.82257848356871,84
902,329.74100494771886,469.73095631308183,38996.47523498535,2831.0,0.9885057471264368,CoRoT-2__2026-08-09,True,15.646420267866102,86
905,208.52204176334106,470.0278422273782,779.0,546.0,0.9770114942528736,CoRoT-2__2026-08-09,False,34.194724741142,85
906,450.75257102234315,471.6058014219408,841.3516693115234,545.0,0.9655172413793104,CoRoT-2__2026-08-09,False,33.67765635332798,84
908,279.91961414790995,471.62915326902464,934.1722259521484,794.0,0.9885057471264368,CoRoT-2__2026-08-09,False,31.117096203262122,86
911,253.52808581072253,477.212961096179,765.0,772.0,0.9770114942528736,CoRoT-2__2026-08-09,False,31.27422882220727,85
912,37.50960307298335,483.2035851472471,763.4087829589844,495.0,0.9770114942528736,CoRoT-2__2026-08-09,False,32.66635505001542,83
913,483.71249369110114,484.08914303462046,726.4367523193359,496.0,0.9655172413793104,CoRoT-2__2026-08-09,False,25.839229192765817,81
914,252.37695575472839,486.95193368211596,670.2693786621094,639.0,0.9770114942528736,CoRoT-2__2026-08-09,False,40.55717002224511,81
931,188.4964539007092,405.8156028368794,219.5,529.0,0.7816091954022989,CoRoT-2__2026-08-09,False,60.183229122037126,68
933,453.36435048190856,477.67697317265464,238.5916748046875,461.0,0.8160919540229885,CoRoT-2__2026-08-09,False,69.9446958545548,71
947,52.92895038290142,220.9678395616575,159.00152587890625,458.0,0.7701149425287356,CoRoT-2__2026-08-09,False,75.97111659642432,67
948,19.146646932418058,251.98925989462867,171.70425415039062,537.0,0.735632183908046,CoRoT-2__2026-08-09,False,45.2480181495744,57
959,100.84283412119052,417.710518014321,209.50592041015625,453.0,0.7011494252873564,CoRoT-2__2026-08-09,False,67.45195970619399,61
993,265.0608695652174,265.45217391304345,185.0,700.0,0.7241379310344828,CoRoT-2__2026-08-09,False,62.47722770419036,63
107,385.32598665111595,62.5355422093726,853.7806396484375,555.0,0.9534883720930233,CoRoT-2__2026-08-16,False,192.10162301284205,81
146,43.01451968459494,92.1918464978941,457.0,533.0,0.9883720930232558,CoRoT-2__2026-08-16,False,47.33469900579433,80
148,573.5939319077347,93.32518839146789,1523.4761657714844,655.0,1.0,CoRoT-2__2026-08-16,False,24.10181409415473,85
151,303.70715950710036,93.94223405817506,275.094482421875,477.0,0.9186046511627907,CoRoT-2__2026-08-16,False,57.75200323003559,78
175,332.98098210871495,107.49049105435748,1265.1239624023438,618.0,1.0,CoRoT-2__2026-08-16,False,25.396262857061615,85
193,566.2237387298935,120.7351109743981,295.7384338378906,544.0,0.9302325581395349,CoRoT-2__2026-08-16,False,48.33923579399119,79
241,153.57903206409225,158.1580659491487,271.0,490.0,0.8953488372093024,CoRoT-2__2026-08-16,False,52.76088739027224,76
253,346.82341973427293,163.05678962883687,532.0,511.0,0.9883720930232558,CoRoT-2__2026-08-16,False,38.60712193188197,84
269,555.8981578392633,180.76512681917734,564.0603179931641,490.0,0.9767441860465116,CoRoT-2__2026-08-16,False,35.69263465957755,83
279,51.02633349416245,189.28877281705766,861.7928466796875,578.0,1.0,CoRoT-2__2026-08-16,False,29.140145043456727,85
280,132.54116124459927,189.72529952564383,661.0892944335938,722.0,1.0,CoRoT-2__2026-08-16,False,48.12244319617843,85
293,206.53333333333333,195.45,306.583740234375,491.0,0.9534883720930233,CoRoT-2__2026-08-16,False,44.83777253087423,81
310,448.2538881546419,208.2552321435363,575.6656036376953,497.0,1.0,CoRoT-2__2026-08-16,False,42.420733748851,85
329,62.78878842031809,227.45674348342627,462.126708984375,508.0,0.9883720930232558,CoRoT-2__2026-08-16,False,46.185498594839444,84
331,229.90364105536872,228.34538715521944,311.0,470.0,0.8953488372093024,CoRoT-2__2026-08-16,False,58.11558920988472,76
350,329.58762268297335,244.98541411264057,334.0,651.0,0.9186046511627907,CoRoT-2__2026-08-16,False,57.90769731934073,78
356,63.43095458758109,249.9731232622799,634.7882080078125,527.0,1.0,CoRoT-2__2026-08-16,False,54.48294138635652,85
403,610.9861561160416,287.81842629777566,589.5182342529297,499.0,1.0,CoRoT-2__2026-08-16,False,52.13456422589033,85
404,71.02678482196804,288.3400748582963,1175.0640411376953,573.0,1.0,CoRoT-2__2026-08-16,False,23.01750212545765,85
412,402.0145456369102,296.1396395407006,451.9396667480469,582.0,0.9767441860465116,CoRoT-2__2026-08-16,False,45.48836565473528,83
419,225.44969199178644,302.5564681724846,1748.0,644.0,1.0,CoRoT-2__2026-08-16,False,14.359233280953681,85
433,90.13907434478928,315.58805849032547,351.7716979980469,538.0,0.9302325581395349,CoRoT-2__2026-08-16,False,54.51605199450268,79
466,111.64784946236558,344.5981182795699,1016.7673034667969,528.0,1.0,CoRoT-2__2026-08-16,False,33.730408304587364,85
498,289.70238095238096,384.04464285714283,527.360595703125,498.0,0.9651162790697675,CoRoT-2__2026-08-16,False,37.45067132720398,82
541,327.1138640937446,439.72898979237993,2837.9073028564453,685.0,1.0,CoRoT-2__2026-08-16,False,14.585746581464877,85
574,524.181763288821,475.4508983519861,1246.7191009521484,533.0,1.0,CoRoT-2__2026-08-16,False,22.154682106157335,85
582,437.717819849512,490.8560212284972,423.78839111328125,469.0,0.9186046511627907,CoRoT-2__2026-08-16,False,34.49710279825097,78
628,52.64070148238826,31.961267405854937,244.19415283203125,486.0,0.8837209302325582,CoRoT-2__2026-08-16,False,92.20142328683143,43
630,565.722555966292,35.47326923655855,2757.003173828125,778.0,0.9883720930232558,CoRoT-2__2026-08-16,False,18.160780155392118,71
632,313.4809956294051,37.989679881417075,41069.0,4095.0,0.9883720930232558,CoRoT-2__2026-08-16,False,41.41495600865173,85
634,295.834670349174,36.1325422482883,283.0,481.0,0.9302325581395349,CoRoT-2__2026-08-16,False,77.3305159956064,73
635,585.8712981035898,36.445044674433156,362.65599060058594,490.0,0.9534883720930233,CoRoT-2__2026-08-16,False,45.027770049947954,73
636,511.1058948074641,37.56225566535414,328.66163635253906,495.0,0.9534883720930233,CoRoT-2__2026-08-16,False,62.73855189218404,78
638,481.9500601197832,39.20478110861612,1792.9596862792969,678.0,0.9883720930232558,CoRoT-2__2026-08-16,False,20.109330503097926,85
642,73.02944142884857,43.6335395749268,1391.7687377929688,725.0,0.9883720930232558,CoRoT-2__2026-08-16,False,24.6533248665127,85
643,280.99736477039283,43.83483194643964,2787.6244506835938,880.0,0.9883720930232558,CoRoT-2__2026-08-16,False,17.286277876118024,85
645,471.6991828559429,45.589344088662976,7334.167999267578,1477.0,0.9883720930232558,CoRoT-2__2026-08-16,True,13.175937181277,85
646,226.19457150639664,45.88908834984908,260.0,484.0,0.9186046511627907,CoRoT-2__2026-08-16,False,78.9651709017104,79
648,518.086169160011,46.252251085728545,378.40234375,483.0,0.9418604651162791,CoRoT-2__2026-08-16,False,65.35887063608344,81
649,141.47916666666666,46.71875,338.5458984375,496.0,0.9534883720930233,CoRoT-2__2026-08-16,False,51.501599605746556,82
650,592.2752467229395,48.725535708284866,440.5622253417969,514.0,0.9767441860465116,CoRoT-2__2026-08-16,False,72.63207550127277,84
651,49.97510037423172,50.42159722740511,1680.4832763671875,794.0,0.9883720930232558,CoRoT-2__2026-08-16,False,28.68281445420289,85
653,90.04535451855091,51.170339746394625,1114.1697387695312,624.0,0.9883720930232558,CoRoT-2__2026-08-16,False,34.85498467194371,85
654,269.8515224838994,51.0,299.1056365966797,489.0,0.9302325581395349,CoRoT-2__2026-08-16,False,59.658815834907166,80
655,371.4428571428571,51.69350649350649,684.0313415527344,540.0,0.9883720930232558,CoRoT-2__2026-08-16,False,38.06668022524623,85
656,539.4209671108063,52.51049973575494,2484.1838989257812,981.0,0.9883720930232558,CoRoT-2__2026-08-16,False,17.85683628123485,85
658,494.88008832352165,52.74683835023571,723.6974487304688,542.0,0.9883720930232558,CoRoT-2__2026-08-16,False,44.251386316289405,85
659,629.6935197455114,52.545796643443154,348.2518310546875,542.0,0.9418604651162791,CoRoT-2__2026-08-16,False,42.04101021614849,78
662,59.85096093460938,54.14113119565489,623.5,540.0,0.9767441860465116,CoRoT-2__2026-08-16,False,40.92863130193753,84
663,78.72368407844536,55.604518287173285,875.9019317626953,503.0,0.9767441860465116,CoRoT-2__2026-08-16,False,34.27041737368192,84
664,467.97981119945484,53.97459608153396,265.9564208984375,627.0,0.8953488372093024,CoRoT-2__2026-08-16,False,112.0091229051528,77
665,163.6030534351145,56.347328244274806,457.69122314453125,504.0,0.9883720930232558,CoRoT-2__2026-08-16,False,40.218132557412765,85
666,265.4769503546099,56.53191489361702,499.0,508.0,0.9883720930232558,CoRoT-2__2026-08-16,False,40.059909104498374,85
668,484.12779104325824,59.90465364122268,252.2064208984375,475.0,0.9069767441860465,CoRoT-2__2026-08-16,False,70.98269547868922,78
670,115.68509185082996,62.52966372660705,1746.5484313964844,744.0,0.9883720930232558,CoRoT-2__2026-08-16,False,23.026543585699805,85
672,558.5009938991216,62.99305983002179,574.5282745361328,496.0,0.9534883720930233,CoRoT-2__2026-08-16,False,45.90830453469648,82
673,464.44165895016596,64.78227901468655,359.8643798828125,639.0,0.9651162790697675,CoRoT-2__2026-08-16,False,76.23639206295633,83
677,530.9098306410299,66.55917665720614,607.736083984375,865.0,0.9883720930232558,CoRoT-2__2026-08-16,False,44.11736562057451,85
681,77.54994811905048,71.87595366938197,693.184814453125,569.0,0.9883720930232558,CoRoT-2__2026-08-16,False,40.88661925988078,85
682,256.9720885466795,75.57459095283927,889.0,503.0,0.9883720930232558,CoRoT-2__2026-08-16,False,27.547905977659227,85
685,48.88833746898263,78.90818858560795,350.9964294433594,508.0,0.9767441860465116,CoRoT-2__2026-08-16,False,78.8629414605477,84
686,337.10346722922975,79.35178552578309,278.529052734375,469.0,0.8837209302325582,CoRoT-2__2026-08-16,False,52.15856328915188,76
687,423.4156349484177,79.77713383319046,643.3629150390625,607.0,0.9767441860465116,CoRoT-2__2026-08-16,False,39.574611259579555,84
689,172.78960396039605,80.97607260726073,1133.0,633.0,0.9883720930232558,CoRoT-2__2026-08-16,False,25.825137011434045,85
690,159.20350877192982,80.8561403508772,237.00294494628906,496.0,0.8604651162790697,CoRoT-2__2026-08-16,False,64.07523427104701,74
691,193.47770700636943,81.06050955414013,877.3388366699219,643.0,0.9883720930232558,CoRoT-2__2026-08-16,False,36.92424303558059,85
692,109.35766267523088,83.20325455842598,3896.9701538085938,1074.0,0.9883720930232558,CoRoT-2__2026-08-16,True,14.039258522538661,85
694,501.25889145302585,82.20107519958569,738.94677734375,525.0,0.9883720930232558,CoRoT-2__2026-08-16,False,38.19261713892607,85
697,187.79723707664886,86.23440285204991,2096.0,731.0,0.9883720930232558,CoRoT-2__2026-08-16,False,22.80736201444547,85
698,547.2278618364214,84.84771931372042,342.94781494140625,489.0,0.9418604651162791,CoRoT-2__2026-08-16,False,71.55423981879326,81
699,169.92271662763466,86.0023419203747,360.19749450683594,503.0,0.9534883720930233,CoRoT-2__2026-08-16,False,71.381923418854,82
702,44.58807379749616,91.54919833077092,8245.108795166016,1883.0,0.9883720930232558,CoRoT-2__2026-08-16,True,15.186352472098337,81
703,71.41747729665305,87.4006892552419,1391.639404296875,680.0,0.9883720930232558,CoRoT-2__2026-08-16,False,26.30493241135379,85
704,214.9173556014668,86.60334716438769,245.71047973632812,474.0,0.8953488372093024,CoRoT-2__2026-08-16,False,105.4013020435135,77
705,53.37732342007435,88.60780669144981,446.58570861816406,518.0,0.9767441860465116,CoRoT-2__2026-08-16,False,68.58097717737655,84
707,137.05617352614016,89.81979977753059,1688.2818298339844,770.0,0.9883720930232558,CoRoT-2__2026-08-16,False,24.223457833024984,85
708,193.4085237995387,93.22237366324177,17598.945251464844,3172.0,0.9883720930232558,CoRoT-2__2026-08-16,True,13.132059774109736,85
709,327.15644552634177,91.33162580405288,567.0,538.0,0.9651162790697675,CoRoT-2__2026-08-16,False,61.566783240917786,83
710,457.0259600966121,94.42154346855774,1445.2161560058594,531.0,0.9883720930232558,CoRoT-2__2026-08-16,False,22.78357785863842,85
711,540.9419490440126,92.28132643497071,357.8323059082031,503.0,0.9534883720930233,CoRoT-2__2026-08-16,False,61.38718862195984,82
712,361.3889188730826,93.6212669234404,490.3621826171875,500.0,0.9883720930232558,CoRoT-2__2026-08-16,False,44.55113313270577,85
715,413.1754939631063,94.78670154679389,243.03277587890625,471.0,0.8488372093023255,CoRoT-2__2026-08-16,False,58.52983753025491,73
720,117.67467945289862,101.27667894550949,530.4194030761719,526.0,0.9883720930232558,CoRoT-2__2026-08-16,False,60.26921722940181,85
725,257.82077678989236,103.92091717360786,1963.0,726.0,0.9883720930232558,CoRoT-2__2026-08-16,False,18.709019120442015,85
726,547.2705039498596,104.09150994499788,723.5522155761719,565.0,0.9883720930232558,CoRoT-2__2026-08-16,False,45.37787950086724,85
727,338.82083855440675,105.26433941268803,498.5275421142578,504.0,0.9767441860465116,CoRoT-2__2026-08-16,False,46.74447484734149,84
729,352.80347452249595,107.91793116547375,401.2560729980469,492.0,0.9651162790697675,CoRoT-2__2026-08-16,False,46.455887785169075,83
730,76.62286957798929,110.59626165615211,4317.0550537109375,1166.0,0.9883720930232558,CoRoT-2__2026-08-16,True,17.358998632904484,85
731,207.90347237161788,109.56992604668513,210.07778930664062,465.0,0.8604651162790697,CoRoT-2__2026-08-16,False,69.76184292338876,74
732,517.6523067655048,110.82231809609667,368.40838623046875,484.0,0.8023255813953488,CoRoT-2__2026-08-16,False,124.28444045115175,69
733,523.2478641656011,113.84903970839855,4694.826721191406,2515.0,0.9883720930232558,CoRoT-2__2026-08-16,True,16.218052674997118,85
734,163.03373493975903,114.88674698795181,317.9860534667969,541.0,0.8953488372093024,CoRoT-2__2026-08-16,False,44.981315588654425,77
735,43.48986212489862,116.74290348742903,1203.1281433105469,659.0,0.9883720930232558,CoRoT-2__2026-08-16,False,24.75464719195824,79
736,447.0695329701213,118.46224640599696,655.02978515625,596.0,0.9883720930232558,CoRoT-2__2026-08-16,False,32.38649248096702,85
738,137.7775354416576,119.19738276990185,852.1187133789062,577.0,0.9883720930232558,CoRoT-2__2026-08-16,False,29.502033545646285,85
742,294.61211129296237,120.25368248772504,539.9434356689453,511.0,0.9767441860465116,CoRoT-2__2026-08-16,False,44.25820725736448,84
747,296.10289855072466,127.6536231884058,563.6287078857422,479.0,0.9767441860465116,CoRoT-2__2026-08-16,False,31.01249005829901,84
748,92.60656377785465,128.81606280857935,2587.5006103515625,856.0,0.9883720930232558,CoRoT-2__2026-08-16,False,31.07822016595532,85
750,569.8274414386896,129.05006662721215,437.8633117675781,534.0,0.9534883720930233,CoRoT-2__2026-08-16,False,51.72455126844923,82
752,124.64822967619021,131.8896216033144,2884.685546875,904.0,0.9883720930232558,CoRoT-2__2026-08-16,False,15.972273353400999,85
753,257.9228650137741,132.06005509641872,1667.0,836.0,0.9883720930232558,CoRoT-2__2026-08-16,False,20.97559998556464,85
754,397.7964106809818,131.3333707337447,504.44110107421875,497.0,0.9883720930232558,CoRoT-2__2026-08-16,False,44.75168311089553,85
756,272.41796875,132.28515625,646.8121948242188,534.0,0.9883720930232558,CoRoT-2__2026-08-16,False,47.039065487932994,85
758,105.78171028226072,135.13344969634892,2374.371063232422,697.0,0.9883720930232558,CoRoT-2__2026-08-16,False,18.014161444238965,85
761,456.47017351971743,135.9809934757483,3128.5767517089844,821.0,0.9883720930232558,CoRoT-2__2026-08-16,False,17.891091130076816,85
765,364.50716191825194,136.96995165574558,632.7600402832031,520.0,0.9883720930232558,CoRoT-2__2026-08-16,False,38.17937009451217,85
770,315.92082127536185,141.884234154501,943.0,549.0,0.9883720930232558,CoRoT-2__2026-08-16,False,28.402370615271796,85
772,305.634797936334,142.9027433893815,547.90380859375,509.0,0.9883720930232558,CoRoT-2__2026-08-16,False,48.59861901468654,85
774,407.40833966126746,145.2308368880497,8940.944793701172,1485.0,0.9883720930232558,CoRoT-2__2026-08-16,True,10.661809290013466,85
776,172.63481212025772,147.45376701443467,2253.0,762.0,0.9883720930232558,CoRoT-2__2026-08-16,False,16.798578714232317,85
778,343.4922048997773,147.69487750556792,366.8450622558594,485.0,0.9418604651162791,CoRoT-2__2026-08-16,False,53.48286948648858,81
779,430.8363243196327,148.22662368110215,1156.4559631347656,915.0,0.9883720930232558,CoRoT-2__2026-08-16,False,27.18238154043608,85
780,588.8206603363116,148.17065706168322,965.5216369628906,852.0,0.9883720930232558,CoRoT-2__2026-08-16,False,34.022952880404674,85
781,628.7313965032326,147.8168230957419,683.0,512.0,0.9883720930232558,CoRoT-2__2026-08-16,False,41.64921125799114,83
784,625.3897534020449,152.47731759779612,363.2444152832031,483.0,0.9186046511627907,CoRoT-2__2026-08-16,False,45.809908400393475,79
786,181.25806712172144,152.58362664072632,1554.7625427246094,652.0,0.9883720930232558,CoRoT-2__2026-08-16,False,21.231625214218642,85
789,132.20475796272027,154.34630596374922,595.5662841796875,522.0,0.9883720930232558,CoRoT-2__2026-08-16,False,42.7785753916277,85
791,514.4571801838739,155.81579050900123,561.3420104980469,584.0,0.9767441860465116,CoRoT-2__2026-08-16,False,49.00588540429642,84
794,265.0613943808533,159.83766909469304,773.5,520.0,0.9767441860465116,CoRoT-2__2026-08-16,False,33.73984153508489,84
804,41.1650900369843,170.7080119479697,588.0,530.0,0.9883720930232558,CoRoT-2__2026-08-16,False,47.6284403911223,67
808,452.4992521243502,170.89890765874,478.5358123779297,552.0,0.9767441860465116,CoRoT-2__2026-08-16,False,41.24808182716997,84
809,500.3354915126853,172.9974220402533,827.5782775878906,572.0,0.9883720930232558,CoRoT-2__2026-08-16,False,37.40032942515407,85
811,88.85469075403073,177.06321165909515,10228.816650390625,1754.0,0.9883720930232558,CoRoT-2__2026-08-16,True,27.789332034999568,85
813,126.01557160227628,179.17920356005246,5185.917053222656,1157.0,0.9883720930232558,CoRoT-2__2026-08-16,True,13.006525550609677,85
814,473.8230243817635,179.63099325008235,473.1893005371094,580.0,0.9651162790697675,CoRoT-2__2026-08-16,False,55.45138411756876,83
818,577.2310383182919,185.51692052072246,1715.5650939941406,608.0,0.9883720930232558,CoRoT-2__2026-08-16,False,23.204009770660225,85
821,140.27708689506946,188.1092062006719,2741.0089416503906,811.0,0.9883720930232558,CoRoT-2__2026-08-16,False,15.33207269223629,85
824,588.4693343244443,188.18696479084718,395.49169921875,619.0,0.9418604651162791,CoRoT-2__2026-08-16,False,59.59807417153291,81
825,113.22372826389966,189.1852480874229,861.6349182128906,549.0,0.9883720930232558,CoRoT-2__2026-08-16,False,29.47591336846529,85
827,488.6508406184029,191.32353206119097,1541.800537109375,591.0,0.9883720930232558,CoRoT-2__2026-08-16,False,20.94218607651306,85
829,55.47414957665823,192.25705738957046,1017.0,596.0,0.9883720930232558,CoRoT-2__2026-08-16,False,30.87525864875865,85
831,625.8832633764505,194.2496055809426,445.4895324707031,488.0,0.9186046511627907,CoRoT-2__2026-08-16,False,44.34529256759191,79
834,614.829429250491,195.59194824389172,656.7641296386719,619.0,0.9883720930232558,CoRoT-2__2026-08-16,False,41.321449112848995,85
835,205.78616352201257,198.0398322851153,390.0,490.0,0.9767441860465116,CoRoT-2__2026-08-16,False,43.950269423445185,84
836,358.73166926677067,198.23088923556944,621.5797729492188,493.0,0.9883720930232558,CoRoT-2__2026-08-16,False,48.282575386625766,85
838,314.58231464148713,200.26786402773445,323.0,498.0,0.8837209302325582,CoRoT-2__2026-08-16,False,56.967499616763746,76
839,380.7072073580798,201.8154894230511,2495.9232482910156,757.0,0.9883720930232558,CoRoT-2__2026-08-16,False,57.30312282411212,85
845,504.07948699991056,204.2497432484971,682.4805603027344,497.0,0.9883720930232558,CoRoT-2__2026-08-16,False,36.019139607841986,85
846,608.9844242803424,204.13477205818523,295.7842102050781,487.0,0.872093023255814,CoRoT-2__2026-08-16,False,64.31169088958441,75
847,513.450892640795,205.35144879773028,423.3555908203125,482.0,0.9534883720930233,CoRoT-2__2026-08-16,False,60.79465844208173,82
848,410.80531401704866,206.2189302150647,525.1556549072266,503.0,0.9767441860465116,CoRoT-2__2026-08-16,False,46.97763407074254,84
849,157.33559534140343,209.3326525884678,2299.8553771972656,738.0,0.9883720930232558,CoRoT-2__2026-08-16,False,16.834658321091368,85
850,341.70157068062827,208.43193717277487,686.8510131835938,512.0,0.9883720930232558,CoRoT-2__2026-08-16,False,34.80400943218471,85
851,568.8603141564125,212.34756808893258,4484.629547119141,838.0,0.9883720930232558,CoRoT-2__2026-08-16,True,17.40195335539414,85
852,312.0659418943918,213.52679173113418,2530.740264892578,689.0,0.9883720930232558,CoRoT-2__2026-08-16,False,15.977774112653387,85
855,377.9709001091092,217.08932440596624,399.2220916748047,476.0,0.9534883720930233,CoRoT-2__2026-08-16,False,65.2526359210034,82
857,123.39359984642806,219.11289382301905,1876.1435852050781,690.0,0.9883720930232558,CoRoT-2__2026-08-16,False,21.446225485600323,85
859,399.35387356215347,222.69071634500108,12367.0,1652.0,0.9883720930232558,CoRoT-2__2026-08-16,True,10.913990787948244,85
860,180.4119241192412,222.25636856368564,1719.0,653.0,0.9883720930232558,CoRoT-2__2026-08-16,False,23.05445759781405,85
862,45.38298163340511,222.88125646264876,349.20643615722656,513.0,0.9534883720930233,CoRoT-2__2026-08-16,False,46.80273944984142,81
866,92.02834821428571,227.17901785714287,4239.430603027344,996.0,0.9883720930232558,CoRoT-2__2026-08-16,True,12.466337115483848,85
868,343.3671388101983,230.70594900849858,1599.4061279296875,616.0,0.9883720930232558,CoRoT-2__2026-08-16,False,23.157487431632404,85
869,602.9225987522326,230.32864383672634,304.97320556640625,475.0,0.872093023255814,CoRoT-2__2026-08-16,False,52.58038552259036,75
870,564.1569035814766,231.43461901449945,610.5879821777344,761.0,0.9534883720930233,CoRoT-2__2026-08-16,False,43.94436229416775,82
871,308.34721292853783,233.0841106259949,3623.0,831.0,0.9883720930232558,CoRoT-2__2026-08-16,True,14.863227041797352,85
873,47.48084432010437,235.84578002952045,917.0,571.0,0.9883720930232558,CoRoT-2__2026-08-16,False,33.30443659942957,85
874,350.64489795918365,235.66938775510204,1611.5529479980469,592.0,0.9883720930232558,CoRoT-2__2026-08-16,False,19.99246658783422,85
876,394.0675072867391,238.34323928783783,2184.0,670.0,0.9883720930232558,CoRoT-2__2026-08-16,False,19.11969279164362,85
877,201.95874384236453,238.58620689655172,1501.958251953125,609.0,0.9883720930232558,CoRoT-2__2026-08-16,False,24.06691144313006,85
878,60.92531148958128,239.25803431369297,832.0,541.0,0.9883720930232558,CoRoT-2__2026-08-16,False,46.69336888897684,85
883,264.99609375,242.9599609375,907.0,532.0,0.9883720930232558,CoRoT-2__2026-08-16,False,31.47091001215703,85
884,217.62577962577961,244.95010395010394,434.0,605.0,0.9418604651162791,CoRoT-2__2026-08-16,False,44.78513743088042,81
886,140.56400267179924,246.0499538020774,560.3651428222656,519.0,0.9883720930232558,CoRoT-2__2026-08-16,False,44.00209594636473,85
888,272.4246737841044,250.42823250296559,769.1375427246094,516.0,0.9883720930232558,CoRoT-2__2026-08-16,False,46.59750346926176,85
891,56.634590564749956,252.6203804437939,232.51364135742188,473.0,0.8372093023255814,CoRoT-2__2026-08-16,False,69.00451969865516,72
894,109.98596824949398,255.95865358656158,1151.4458618164062,584.0,0.9883720930232558,CoRoT-2__2026-08-16,False,24.229194683555097,85
896,608.5430039155532,256.84708710273975,1151.8197326660156,538.0,0.9883720930232558,CoRoT-2__2026-08-16,False,31.93600556377714,85
897,53.67487004732637,257.8087103094086,496.5,510.0,0.9767441860465116,CoRoT-2__2026-08-16,False,50.1779386970901,84
898,82.15718562874251,257.81661676646706,1269.7540893554688,525.0,0.9883720930232558,CoRoT-2__2026-08-16,False,23.923157626492756,85
900,145.49496221197717,259.55655548447834,468.1788330078125,526.0,0.9651162790697675,CoRoT-2__2026-08-16,False,93.41387542903172,83
901,248.33766233766235,258.82337662337665,385.0,589.0,0.8837209302325582,CoRoT-2__2026-08-16,False,44.97043916237435,76
902,282.8852560148057,260.71869216533,1406.4757080078125,771.0,0.9883720930232558,CoRoT-2__2026-08-16,False,18.44439499645832,85
904,582.1515410834763,261.7234085579062,977.9877014160156,534.0,0.9883720930232558,CoRoT-2__2026-08-16,False,28.677168747939596,85
906,558.4008043977716,264.2880776716243,2493.399383544922,669.0,0.9883720930232558,CoRoT-2__2026-08-16,False,20.959779726771963,85
907,142.43026410800798,266.50990197661406,28487.205993652344,3975.0,0.9883720930232558,CoRoT-2__2026-08-16,True,8.875888105989578,85
908,466.10316753833854,266.54920127122716,763.0134124755859,492.0,0.9767441860465116,CoRoT-2__2026-08-16,False,36.48357242105582,84
909,92.07962962962964,268.8800925925926,1916.0386962890625,565.0,0.9883720930232558,CoRoT-2__2026-08-16,False,93.67646202094309,85
914,129.03222458952123,277.5518003395517,2464.2234497070312,682.0,0.9883720930232558,CoRoT-2__2026-08-16,False,14.403985050599196,85
916,250.16020408163266,282.6183673469388,885.0,644.0,0.9883720930232558,CoRoT-2__2026-08-16,False,52.029952716254634,85
917,518.7999246055555,285.238570331846,1622.2409362792969,581.0,0.9883720930232558,CoRoT-2__2026-08-16,False,27.430715776106137,85
920,103.69029075499039,286.9961678068294,702.7138977050781,524.0,0.9883720930232558,CoRoT-2__2026-08-16,False,35.97897158263102,85
921,156.88434081982572,287.7742357484525,718.5097961425781,678.0,0.9883720930232558,CoRoT-2__2026-08-16,False,41.8714781265974,85
922,190.68501805054152,290.46931407942236,941.0,492.0,0.9883720930232558,CoRoT-2__2026-08-16,False,28.36714922799262,85
923,409.67349542140204,288.55221948965755,451.2175750732422,484.0,0.9534883720930233,CoRoT-2__2026-08-16,False,44.0575456653751,82
924,77.98718424962853,292.79067607726597,5053.093902587891,1093.0,0.9883720930232558,CoRoT-2__2026-08-16,True,12.631333019294132,85
926,134.65310584997763,295.5358983665089,545.5,639.0,0.9534883720930233,CoRoT-2__2026-08-16,False,51.87206261708657,82
927,367.1446878714243,298.81669372428064,2656.0640869140625,709.0,0.9883720930232558,CoRoT-2__2026-08-16,False,17.35116251366141,85
929,452.70324242461163,302.15318489569904,640.9501037597656,485.0,0.9651162790697675,CoRoT-2__2026-08-16,False,53.65584271693479,83
930,350.62036336742943,302.74831955868166,854.387451171875,529.0,0.9883720930232558,CoRoT-2__2026-08-16,False,29.802758983316703,85
932,284.7977207977208,304.34615384615387,588.0,509.0,0.9883720930232558,CoRoT-2__2026-08-16,False,49.681426257695975,85
933,466.23070014261975,308.40241147775765,486.79730224609375,483.0,0.9767441860465116,CoRoT-2__2026-08-16,False,43.37659028995352,84
935,61.73664913280777,313.2984493008158,306.126708984375,477.0,0.9186046511627907,CoRoT-2__2026-08-16,False,48.96855849067512,79
937,559.825574429638,314.2956433563551,2352.360626220703,972.0,0.9883720930232558,CoRoT-2__2026-08-16,False,17.54094901462745,85
938,113.04667259241674,316.0182245515587,541.8256530761719,505.0,0.9883720930232558,CoRoT-2__2026-08-16,False,56.05980132553024,85
939,516.6997317110582,317.5911820531371,628.5515747070312,487.0,0.9883720930232558,CoRoT-2__2026-08-16,False,43.99976509859854,85
941,242.36910994764398,317.8979057591623,337.861083984375,480.0,0.8837209302325582,CoRoT-2__2026-08-16,False,47.078540565483465,76
942,594.4686485450143,320.4700519195559,1275.5449523925781,606.0,0.9883720930232558,CoRoT-2__2026-08-16,False,25.561088091822374,85
943,282.0064935064935,326.2483766233766,578.5,523.0,0.9767441860465116,CoRoT-2__2026-08-16,False,70.47793220157433,84
946,66.78987732589216,335.3858846433668,12603.355987548828,1939.0,0.9883720930232558,CoRoT-2__2026-08-16,True,10.689225226179643,85
947,175.03076923076924,334.8646153846154,311.84375,473.0,0.872093023255814,CoRoT-2__2026-08-16,False,78.51996443458751,75
948,152.6878877552293,336.96201963600583,400.6810760498047,480.0,0.9534883720930233,CoRoT-2__2026-08-16,False,46.53833260012377,82
950,625.6522144002844,339.45646685987083,1120.1429443359375,522.0,0.9883720930232558,CoRoT-2__2026-08-16,False,27.743888924121194,85
953,146.20658825629786,343.12787880989407,9439.389251708984,1450.0,0.9883720930232558,CoRoT-2__2026-08-16,True,13.678431928973726,85
954,168.10598188874687,341.54110115333697,408.0,474.0,0.9418604651162791,CoRoT-2__2026-08-16,False,72.1481554334954,81
955,384.58135882040096,341.811692076916,1631.7332763671875,579.0,0.9883720930232558,CoRoT-2__2026-08-16,False,25.64364616523962,85
958,197.18933823529412,343.1727941176471,478.0,483.0,0.9418604651162791,CoRoT-2__2026-08-16,False,38.43191666990175,81
961,173.40648854961833,346.5381679389313,480.52459716796875,481.0,0.9534883720930233,CoRoT-2__2026-08-16,False,32.92431814354196,82
962,81.41198097210223,350.0940935243275,10328.93197631836,1527.0,0.9883720930232558,CoRoT-2__2026-08-16,True,10.794227590008893,85
963,528.9365319385107,348.3685548840058,524.3412170410156,494.0,0.9651162790697675,CoRoT-2__2026-08-16,False,39.11559527779683,83
968,388.79942551354065,355.1176784051323,4663.6676025390625,1152.0,0.9883720930232558,CoRoT-2__2026-08-16,True,13.54322069210676,85
969,51.20982218307209,354.0353238498594,367.815185546875,502.0,0.9767441860465116,CoRoT-2__2026-08-16,False,83.36269804643744,84
972,194.69718309859155,359.3145539906103,322.96990966796875,467.0,0.8837209302325582,CoRoT-2__2026-08-16,False,50.29597463943778,76
974,96.96817580279054,362.0518229556042,1268.8584899902344,559.0,0.9883720930232558,CoRoT-2__2026-08-16,False,22.842100352230542,85
975,359.3771551724138,366.0021551724138,397.5,466.0,0.9069767441860465,CoRoT-2__2026-08-16,False,45.44629520595271,78
977,322.67243835073236,368.5958416200626,1041.0,513.0,0.9883720930232558,CoRoT-2__2026-08-16,False,30.681553408962028,85
978,573.5861271834781,369.633036011721,6102.718078613281,942.0,0.9883720930232558,CoRoT-2__2026-08-16,True,13.8609543314947,85
979,615.3648166514755,370.4106474755891,3203.4022521972656,677.0,0.9883720930232558,CoRoT-2__2026-08-16,False,17.939248353691156,85
981,596.1176687561295,373.0573954296201,397.57647705078125,470.0,0.8837209302325582,CoRoT-2__2026-08-16,False,78.00698029718149,76
982,285.47714612533747,374.4164179633672,315.7451477050781,485.0,0.8837209302325582,CoRoT-2__2026-08-16,False,60.36079464353657,76
983,265.4754262788365,375.9658976930792,906.0,518.0,0.9883720930232558,CoRoT-2__2026-08-16,False,36.30607638205621,85
984,583.4313718549241,376.6406046184419,757.3805236816406,501.0,0.9883720930232558,CoRoT-2__2026-08-16,False,47.864439855503434,85
987,319.16324981017465,381.8694001518603,1229.0,715.0,0.9883720930232558,CoRoT-2__2026-08-16,False,34.23104522428414,85
990,496.1806133381371,384.7698060637848,2478.117401123047,575.0,0.9883720930232558,CoRoT-2__2026-08-16,False,25.821573348955443,85
992,214.59936216862667,390.36515846123183,4674.0,892.0,0.9883720930232558,CoRoT-2__2026-08-16,True,11.350035926055947,85
994,39.49030469020099,391.46243303262213,3392.405242919922,811.0,0.9883720930232558,CoRoT-2__2026-08-16,False,13.515174089436083,61
996,328.20361445783135,394.3156626506024,748.9958190917969,518.0,0.9883720930232558,CoRoT-2__2026-08-16,False,27.66263969676404,85
997,499.8955217046803,395.02127719535497,1226.6443786621094,545.0,0.9883720930232558,CoRoT-2__2026-08-16,False,29.76314785551766,85
998,92.85252667410595,397.14160612453514,3907.4425659179688,649.0,0.9883720930232558,CoRoT-2__2026-08-16,False,75.52112611737424,85
999,305.52339688041593,395.0953206239168,533.4426879882812,489.0,0.9767441860465116,CoRoT-2__2026-08-16,False,52.48492967881521,84
1001,526.8635053525667,398.8687024079925,848.6334228515625,509.0,0.9883720930232558,CoRoT-2__2026-08-16,False,30.37277920976578,85
1005,629.3551066301177,405.0170365651706,1145.3636474609375,529.0,0.9883720930232558,CoRoT-2__2026-08-16,False,38.98337472596403,82
1007,541.4789170880381,405.7394052830737,456.8767395019531,494.0,0.9302325581395349,CoRoT-2__2026-08-16,False,41.30913072719938,80
1008,435.6911801273609,408.65035778220164,9103.527557373047,1210.0,0.9883720930232558,CoRoT-2__2026-08-16,True,12.477022242432454,85
1010,279.4848837742653,409.1335768656251,2930.0870666503906,704.0,0.9883720930232558,CoRoT-2__2026-08-16,False,14.351097856445605,85
1014,632.0455547329886,417.52661645512444,47929.68701171875,4095.0,0.9883720930232558,CoRoT-2__2026-08-16,False,14.240193281122538,81
1016,185.884375,416.60625,322.0,461.0,0.8953488372093024,CoRoT-2__2026-08-16,False,65.41218410855478,77
1017,212.40034562211983,417.91129032258067,1641.0,572.0,0.9883720930232558,CoRoT-2__2026-08-16,False,20.14504821022136,85
1018,551.4196125845534,417.8684938651212,1222.2561645507812,534.0,0.9883720930232558,CoRoT-2__2026-08-16,False,25.70625325906308,85
1019,615.7423121790147,420.53290441383535,2383.1842651367188,907.0,0.9883720930232558,CoRoT-2__2026-08-16,False,120.13303249311568,85
1024,468.15669249398445,421.5433125629273,3607.199249267578,664.0,0.9883720930232558,CoRoT-2__2026-08-16,True,16.06582666044563,85
1025,131.12570365596486,421.4105184563103,356.301513671875,467.0,0.8953488372093024,CoRoT-2__2026-08-16,False,50.71544829079959,77
1028,264.9206236711552,425.5198440822112,2643.067138671875,676.0,0.9883720930232558,CoRoT-2__2026-08-16,False,15.856666111900976,85
1032,429.80285979902067,432.94690650446,790.9955749511719,498.0,0.9883720930232558,CoRoT-2__2026-08-16,False,28.850409457546245,85
1033,242.19444444444446,433.800505050505,405.0,672.0,0.9069767441860465,CoRoT-2__2026-08-16,False,39.98762621148409,78
1034,48.68335537918418,435.54998563092124,293.8774719238281,542.0,0.872093023255814,CoRoT-2__2026-08-16,False,96.25987966478316,75
1036,52.09067204680918,440.35715724929975,1272.5340270996094,556.0,0.9883720930232558,CoRoT-2__2026-08-16,False,23.014109529860015,85
1037,514.7512511288252,442.09022618019065,8245.426818847656,1040.0,0.9883720930232558,CoRoT-2__2026-08-16,True,13.47856194599993,85
1039,321.2525220273227,446.11211036229,2830.604736328125,662.0,0.9883720930232558,CoRoT-2__2026-08-16,False,13.17827995661494,85
1040,268.4578270904051,448.92398985757325,768.1842346191406,475.0,0.9534883720930233,CoRoT-2__2026-08-16,False,33.63454491571016,82
1042,94.92274596693754,452.2971669410967,843.5156555175781,773.0,0.9883720930232558,CoRoT-2__2026-08-16,False,33.51622786570085,85
1045,515.5666051086981,458.76710525703277,1965.4769287109375,584.0,0.9883720930232558,CoRoT-2__2026-08-16,False,21.683364839221767,85
1046,67.37336694126343,458.52461620009115,474.2518005371094,476.0,0.9418604651162791,CoRoT-2__2026-08-16,False,51.11698656903802,81
1047,57.113350890308105,459.7862649752068,623.7635498046875,534.0,0.9883720930232558,CoRoT-2__2026-08-16,False,44.01469514264392,85
1048,91.9656402093859,460.5747396939313,950.71826171875,524.0,0.9883720930232558,CoRoT-2__2026-08-16,False,29.979962320115806,85
1052,406.8513115889422,467.1791061168009,2835.920196533203,665.0,0.9883720930232558,CoRoT-2__2026-08-16,False,16.32917524309669,85
1054,42.776887159874065,469.839811530975,1785.5149230957031,604.0,0.9883720930232558,CoRoT-2__2026-08-16,False,17.640681659623578,79
1055,341.1521691187546,473.74050560058606,38486.11441040039,2954.0,0.9883720930232558,CoRoT-2__2026-08-16,True,13.534777029130389,85
1056,557.7254913154312,471.97730683100673,2507.7034301757812,617.0,0.9883720930232558,CoRoT-2__2026-08-16,False,16.868922394152776,85
1059,220.11184939091916,474.13953488372096,770.0,490.0,0.9883720930232558,CoRoT-2__2026-08-16,False,28.279814415898255,85
1061,291.38129558991665,475.51174972221406,951.0,774.0,0.9883720930232558,CoRoT-2__2026-08-16,False,28.87669280382514,85
1062,462.17548563695186,475.66206590452464,835.1788024902344,480.0,0.9651162790697675,CoRoT-2__2026-08-16,False,31.582981343748756,83
1067,265.00356718192626,481.1510107015458,758.5752258300781,632.0,0.9883720930232558,CoRoT-2__2026-08-16,False,37.33996166175793,84
1225,83.51711806316739,221.88703682701131,238.85765075683594,462.0,0.7209302325581395,CoRoT-2__2026-08-16,False,72.20586724187268,62
42,245.35719475866526,83.37828269900484,180.26602172851562,542.0,0.9032258064516129,HATP-10__2026-09-05,False,29114.67504857748,84
90,66.29531534576806,163.90163798779585,138.95899963378906,510.0,0.7956989247311828,HATP-10__2026-09-05,False,32592.17504573015,74
129,240.31845238095238,244.16220238095238,1761.0,762.0,0.9354838709677419,HATP-10__2026-09-05,True,5713.195716834103,87
151,162.01605136436598,302.4060995184591,1868.0,763.0,0.978494623655914,HATP-10__2026-09-05,True,11411.590181148797,91
180,146.90922844175492,367.2450832072617,328.8291015625,546.0,0.9354838709677419,HATP-10__2026-09-05,False,23835.300700513413,87
196,505.927000591971,409.6631008761981,1909.8792419433594,689.0,0.9354838709677419,HATP-10__2026-09-05,True,9309.42457294775,87
480,34.48788946316252,131.512482324833,268.6379089355469,570.0,0.8279569892473119,HATP-10__2026-09-05,False,3934.68755018501,77
567,614.9854203312497,294.24312031197576,1436.6661682128906,1696.0,0.8064516129032258,HATP-10__2026-09-05,False,618.6431043403703,73
616,328.8228999529244,46.24668035307148,289.63189697265625,559.0,0.7634408602150538,HATP-10__2026-09-05,False,61.76846984468675,64
618,474.0652863063646,53.41875041067393,141.22714233398438,540.0,0.7311827956989247,HATP-10__2026-09-05,False,115.12387400711278,68
619,99.9037036322209,55.55587602385099,2124.0,778.0,0.7634408602150538,HATP-10__2026-09-05,True,13.405389509855112,71
621,356.8122332859175,56.392603129445234,630.0,613.0,0.7634408602150538,HATP-10__2026-09-05,False,35.99346067982482,71
624,106.49808429118774,58.39080459770115,253.01040649414062,556.0,0.7634408602150538,HATP-10__2026-09-05,False,169.26360932019915,71
630,260.38084112149534,70.36370716510903,1225.0,741.0,0.7634408602150538,HATP-10__2026-09-05,False,20.536067957398163,71
631,568.6031823324575,73.06094306664563,5041.396423339844,1241.0,0.7634408602150538,HATP-10__2026-09-05,True,13.131189950280655,71
632,103.70566037735848,73.85283018867925,260.5,569.0,0.7526881720430108,HATP-10__2026-09-05,False,72.20737801834035,70
634,370.45023052547657,77.22565287279315,177.585693359375,543.0,0.7419354838709677,HATP-10__2026-09-05,False,64.25004556764178,69
635,250.38317757009347,80.4392523364486,230.0,553.0,0.7634408602150538,HATP-10__2026-09-05,False,82.2646462179092,71
637,360.20222194559574,82.79359060351578,256.9772033691406,557.0,0.7634408602150538,HATP-10__2026-09-05,False,56.84658099757857,71
639,61.57686398279842,88.16972237104677,2531.0,973.0,0.7634408602150538,HATP-10__2026-09-05,True,10.386767668393626,71
640,500.11171722348064,88.23016832534516,334.59765625,569.0,0.7634408602150538,HATP-10__2026-09-05,False,58.43794296626797,71
644,199.5490936823668,93.59175547093248,1356.0,714.0,0.7634408602150538,HATP-10__2026-09-05,False,21.26288661840101,71
645,633.9654116529941,92.62834849844769,201.87632751464844,1712.0,0.7741935483870968,HATP-10__2026-09-05,False,92.40330146739092,70
646,87.78843031425271,95.0926411398359,375.6094970703125,601.0,0.7634408602150538,HATP-10__2026-09-05,False,55.23528924171891,71
648,610.2502518174579,95.44746906794673,1120.9612731933594,619.0,0.7634408602150538,HATP-10__2026-09-05,False,55.97857995104811,71
649,230.7536231884058,95.80253623188406,508.80029296875,601.0,0.7634408602150538,HATP-10__2026-09-05,False,34.571095626736444,71
650,519.0177915373068,98.0004537009447,181.21763610839844,544.0,0.7526881720430108,HATP-10__2026-09-05,False,65.86440172202263,70
653,629.4265299771655,104.14872081624259,6416.371856689453,1360.0,0.7634408602150538,HATP-10__2026-09-05,True,11.859029672021276,71
654,498.5292178480966,108.95692089676704,303.2195739746094,558.0,0.7634408602150538,HATP-10__2026-09-05,False,52.690589678357206,71
655,565.6614066357865,109.30618988118412,643.8748168945312,607.0,0.7634408602150538,HATP-10__2026-09-05,False,46.23500284843406,71
656,128.93511933019073,111.63952320256699,559.0,619.0,0.7634408602150538,HATP-10__2026-09-05,False,38.1025901411216,71
658,460.0499648980791,120.63668223536847,787.0428466796875,628.0,0.7634408602150538,HATP-10__2026-09-05,False,32.86027733261739,71
659,100.24312100021191,122.31946111464293,144.0,541.0,0.7204301075268817,HATP-10__2026-09-05,False,115.75091160068229,67
660,376.7038828610107,124.61067269499522,1532.4794616699219,737.0,0.7634408602150538,HATP-10__2026-09-05,False,16.444229115367648,71
661,157.4012211513849,126.67581188104342,551.0,594.0,0.7634408602150538,HATP-10__2026-09-05,False,33.77147490308232,71
662,338.073538718089,132.48870361785842,202.0,547.0,0.7634408602150538,HATP-10__2026-09-05,False,76.60309250558085,71
663,488.2688944071962,137.55187748788714,495.7286682128906,580.0,0.7634408602150538,HATP-10__2026-09-05,False,37.42573785699612,71
664,280.65546218487395,138.31932773109244,727.0,829.0,0.7634408602150538,HATP-10__2026-09-05,False,29.196788758892367,71
665,627.1962426150802,139.52760017978375,1627.4725646972656,741.0,0.7634408602150538,HATP-10__2026-09-05,False,15.706180468897053,71
670,579.9856704811581,153.97589043117821,563.3531799316406,834.0,0.7634408602150538,HATP-10__2026-09-05,False,41.18816533158602,71
673,315.8132635253054,160.8499127399651,494.0,593.0,0.7634408602150538,HATP-10__2026-09-05,False,44.96577313185152,71
676,322.3557046979866,176.15436241610738,158.55654907226562,571.0,0.7311827956989247,HATP-10__2026-09-05,False,83.53626205647855,68
677,499.99419151409313,178.83742871911065,239.36062622070312,548.0,0.7634408602150538,HATP-10__2026-09-05,False,68.19381313074727,71
678,113.83813735941696,181.05689102669874,3741.0,1194.0,0.7634408602150538,HATP-10__2026-09-05,True,13.91338295509639,71
679,407.66213518273656,184.08022732694562,1986.396484375,779.0,0.7634408602150538,HATP-10__2026-09-05,True,14.192906026266341,71
682,238.99108734402853,194.04634581105168,574.0,589.0,0.7634408602150538,HATP-10__2026-09-05,False,38.77536525021836,71
684,202.6109422492401,196.72188449848025,640.0,610.0,0.7634408602150538,HATP-10__2026-09-05,False,31.80158056872557,71
685,283.1927710843373,196.97590361445782,219.0,546.0,0.7634408602150538,HATP-10__2026-09-05,False,73.30465816380377,71
686,564.7943786338159,198.76443119576433,508.6452941894531,571.0,0.7634408602150538,HATP-10__2026-09-05,False,35.59489928265421,71
689,62.47602038858678,212.0,222.53036499023438,552.0,0.7634408602150538,HATP-10__2026-09-05,False,63.00042530904056,71
696,170.16637063351095,221.11841326228537,1631.9909973144531,743.0,0.7634408602150538,HATP-10__2026-09-05,True,21.94458084588826,71
697,90.80836073273838,222.1672146547675,2073.7051696777344,865.0,0.7634408602150538,HATP-10__2026-09-05,True,12.065889960449677,71
698,181.8791946308725,223.15436241610738,162.88934326171875,542.0,0.7526881720430108,HATP-10__2026-09-05,False,102.30005359761117,70
699,282.3167115902965,223.65296495956872,1480.0,716.0,0.7634408602150538,HATP-10__2026-09-05,False,18.407289798855032,71
700,563.4532202198529,223.1793749110067,260.9940490722656,561.0,0.7634408602150538,HATP-10__2026-09-05,False,67.24001407245026,71
701,117.21802866294684,227.18727071358342,310.6553955078125,558.0,0.7634408602150538,HATP-10__2026-09-05,False,56.85722579645382,71
702,255.45146726862302,228.7133182844244,420.0,575.0,0.7634408602150538,HATP-10__2026-09-05,False,44.185527527963934,71
703,310.9376947040498,229.93146417445482,608.0,601.0,0.7634408602150538,HATP-10__2026-09-05,False,30.44763907648292,71
704,248.1185770750988,236.46245059288538,3289.0,967.0,0.7634408602150538,HATP-10__2026-09-05,True,12.477101771530728,71
705,63.27838705942994,235.88984745289457,173.74371337890625,540.0,0.7419354838709677,HATP-10__2026-09-05,False,82.3622417813148,69
706,315.0301204819277,240.289156626506,190.450439453125,539.0,0.7634408602150538,HATP-10__2026-09-05,False,71.68649585028209,71
707,404.8370717548062,242.8870089667899,642.0044860839844,600.0,0.7634408602150538,HATP-10__2026-09-05,False,31.150864850682346,71
710,185.02527379949453,253.97472620050547,703.643798828125,935.0,0.7634408602150538,HATP-10__2026-09-05,False,28.68388373274923,71
712,305.41368078175896,258.77198697068405,296.0,550.0,0.7634408602150538,HATP-10__2026-09-05,False,59.4280535972401,71
713,187.44,261.6573333333333,719.0,899.0,0.7634408602150538,HATP-10__2026-09-05,False,31.60308104000304,71
715,462.2877501698475,262.00323496800905,321.9582214355469,555.0,0.7634408602150538,HATP-10__2026-09-05,False,50.94908867062866,71
718,345.65429918332114,270.4044356758705,149.0,530.0,0.7204301075268817,HATP-10__2026-09-05,False,88.00137719957065,67
719,213.63399926851966,275.80094225639306,253.0,550.0,0.7634408602150538,HATP-10__2026-09-05,False,51.191880542553605,71
720,365.1668270032775,280.40394838315706,3186.2220458984375,862.0,0.7634408602150538,HATP-10__2026-09-05,True,7.8345520755560925,71
722,294.00311069322953,286.42039785524236,1188.0,647.0,0.7634408602150538,HATP-10__2026-09-05,False,20.127177163641957,71
724,396.04403544608306,289.1618412825693,227.89044189453125,541.0,0.7526881720430108,HATP-10__2026-09-05,False,68.61809816270615,70
726,259.6534561042627,297.5875606232161,517.0,567.0,0.7634408602150538,HATP-10__2026-09-05,False,33.17843170815024,71
727,88.65326393827796,297.8174932951162,274.1636657714844,548.0,0.7634408602150538,HATP-10__2026-09-05,False,56.9324372051527,71
728,142.18126888217523,300.04229607250755,613.7150573730469,589.0,0.7634408602150538,HATP-10__2026-09-05,False,36.105051285838236,71
729,546.5575101334867,303.28019975307876,1309.758544921875,656.0,0.7634408602150538,HATP-10__2026-09-05,False,19.55027996688084,71
730,626.9314125059213,303.80130289124713,892.9043273925781,615.0,0.7634408602150538,HATP-10__2026-09-05,False,27.24316993100819,71
732,253.20562729295128,308.440508578971,998.0,579.0,0.7634408602150538,HATP-10__2026-09-05,False,38.053423995548016,71
733,269.1736726194841,308.26078266149165,256.0,540.0,0.7634408602150538,HATP-10__2026-09-05,False,64.38989897252195,71
734,434.73475432370435,314.35637320474723,894.1237487792969,618.0,0.7634408602150538,HATP-10__2026-09-05,False,23.4070067639299,71
735,289.70698614109403,315.8879608713798,744.0,611.0,0.7634408602150538,HATP-10__2026-09-05,False,26.329185571486992,71
738,422.2127772245912,323.86023254071677,227.98660278320312,536.0,0.7634408602150538,HATP-10__2026-09-05,False,49.64090681464405,71
739,615.3265993961438,328.911859362659,2088.6098022460938,735.0,0.7634408602150538,HATP-10__2026-09-05,True,11.469043295075181,71
740,640.5873235581241,337.3317938401602,179284.4735107422,4095.0,0.7634408602150538,HATP-10__2026-09-05,False,44.02875846649534,59
743,216.98901098901098,334.93956043956047,135.0,528.0,0.7204301075268817,HATP-10__2026-09-05,False,104.76702988726028,67
744,116.21638330757341,336.41035548686244,1270.0,684.0,0.7634408602150538,HATP-10__2026-09-05,False,20.933596848970428,71
747,323.59582078308466,340.59931863560314,1440.2147216796875,666.0,0.7634408602150538,HATP-10__2026-09-05,False,20.401644457062435,71
748,582.1842030298934,343.18607374938483,624.2131042480469,893.0,0.7634408602150538,HATP-10__2026-09-05,False,127.02982234206858,71
749,152.89324258489754,342.7206189998567,211.058837890625,538.0,0.7634408602150538,HATP-10__2026-09-05,False,67.0343290979067,71
751,539.2361638667344,347.01436604178656,1141.0269775390625,618.0,0.7634408602150538,HATP-10__2026-09-05,False,19.759807690699326,71
752,634.0232111739157,353.2217713146266,6005.917877197266,1056.0,0.7634408602150538,HATP-10__2026-09-05,True,7.306071977789581,71
755,421.1611985301274,354.4388564749955,165.45755004882812,531.0,0.7204301075268817,HATP-10__2026-09-05,False,87.66081734080238,67
757,328.59739693978355,358.7341940466885,215.17750549316406,530.0,0.7526881720430108,HATP-10__2026-09-05,False,77.8224152605087,70
758,359.6999181249747,360.2460435954355,2892.1878662109375,840.0,0.7634408602150538,HATP-10__2026-09-05,True,9.876297415082382,71
759,382.64982225396864,359.7866484369897,627.3489379882812,578.0,0.7634408602150538,HATP-10__2026-09-05,False,34.46018340677175,71
760,197.95,360.27142857142854,143.0,531.0,0.7204301075268817,HATP-10__2026-09-05,False,84.25782486232295,67
761,308.17303195985176,362.5313026956194,4168.105072021484,952.0,0.7634408602150538,HATP-10__2026-09-05,True,7.458098316489114,71
762,396.4977084454534,362.90426491414854,2719.5350646972656,744.0,0.7634408602150538,HATP-10__2026-09-05,True,36.48712053920124,71
763,428.456147467341,364.87847038770667,8320.04312133789,1441.0,0.7634408602150538,HATP-10__2026-09-05,True,4.761920233680298,71
765,42.042328042328045,369.77777777777777,194.66799926757812,538.0,0.7526881720430108,HATP-10__2026-09-05,False,78.11928388222792,70
766,360.1910766993343,370.7611632395183,155.0212860107422,529.0,0.7096774193548387,HATP-10__2026-09-05,False,100.61683171799629,66
768,472.8740973541126,375.7997466262994,187.5494384765625,529.0,0.7419354838709677,HATP-10__2026-09-05,False,68.65262364981939,69
769,187.63089005235602,377.30104712041884,386.53656005859375,556.0,0.7634408602150538,HATP-10__2026-09-05,False,47.32191359370825,71
770,386.29117797133307,376.83788944721374,240.5294952392578,533.0,0.7526881720430108,HATP-10__2026-09-05,False,63.97840698847247,70
771,351.37899061697846,379.9442273767385,1482.955322265625,665.0,0.7634408602150538,HATP-10__2026-09-05,False,17.69028112673869,71
773,70.82390829423268,388.02101865875215,2374.3904724121094,792.0,0.7634408602150538,HATP-10__2026-09-05,True,10.690063068348877,71
776,180.24414715719064,395.27759197324417,257.0,538.0,0.7634408602150538,HATP-10__2026-09-05,False,55.47997268796656,71
778,361.39155727187716,399.6086637675647,7428.752716064453,1285.0,0.7634408602150538,HATP-10__2026-09-05,True,5.493200269364243,71
779,476.9270847768327,404.7694175080024,1187.8832702636719,608.0,0.7634408602150538,HATP-10__2026-09-05,False,18.613011485433827,71
780,583.6729975101781,403.39095395351967,565.6885375976562,555.0,0.7634408602150538,HATP-10__2026-09-05,False,42.92427461124628,71
781,226.76576576576576,403.9054054054054,220.4930877685547,672.0,0.7526881720430108,HATP-10__2026-09-05,False,66.63510159692758,70
782,89.13249225723918,407.72783609432065,1023.5752868652344,629.0,0.7634408602150538,HATP-10__2026-09-05,False,22.63157382488436,71
783,196.9327453142227,409.80650496141124,1504.6578674316406,594.0,0.7634408602150538,HATP-10__2026-09-05,True,129.5794337068787,71
786,244.01710560214707,419.1578086137206,475.0,688.0,0.7634408602150538,HATP-10__2026-09-05,False,37.97035461825187,71
787,489.0570197796795,420.2744915587178,229.13262939453125,535.0,0.7419354838709677,HATP-10__2026-09-05,False,64.86098207516865,69
789,510.01185586055226,424.69145597513324,1631.1757202148438,659.0,0.7634408602150538,HATP-10__2026-09-05,True,16.13758779915678,71
791,554.6986546840089,436.8060978158579,205.95147705078125,535.0,0.7311827956989247,HATP-10__2026-09-05,False,59.794573013959855,68
792,487.78142350184993,439.1298832903123,1022.3423767089844,606.0,0.7634408602150538,HATP-10__2026-09-05,False,20.990604360575084,71
794,173.2487648285442,444.6488404619528,559.8914489746094,575.0,0.7634408602150538,HATP-10__2026-09-05,False,33.462581497522194,71
795,215.88954353034887,446.7189035619172,330.43841552734375,538.0,0.7634408602150538,HATP-10__2026-09-05,False,55.669313966749975,71
798,629.4047970206703,449.47667601306773,1657.3513488769531,644.0,0.7634408602150538,HATP-10__2026-09-05,True,18.66951117098061,71
802,368.5274811578245,458.80359281703977,189.0670623779297,529.0,0.7311827956989247,HATP-10__2026-09-05,False,63.885492702190824,68
803,427.3346710334029,464.05388252248406,1244.0684814453125,608.0,0.7634408602150538,HATP-10__2026-09-05,False,18.541809104650746,71
804,483.6043389736353,463.0472014661644,193.31704711914062,532.0,0.7311827956989247,HATP-10__2026-09-05,False,70.91237043517131,68
805,473.16412780772646,467.636651863383,31658.71600341797,3287.0,0.7634408602150538,HATP-10__2026-09-05,True,5.906973319140771,71
806,329.22108508350306,468.36880876284306,491.959716796875,555.0,0.7634408602150538,HATP-10__2026-09-05,False,37.62216643031797,71
807,573.5323366952342,472.1332563570777,275.7311096191406,536.0,0.7634408602150538,HATP-10__2026-09-05,False,58.85532144264509,71
808,533.882487599759,481.3500135291434,174.66123962402344,499.0,0.7096774193548387,HATP-10__2026-09-05,False,59.57794201131407,65
809,169.13554058795023,483.77647383823495,366.13958740234375,546.0,0.7634408602150538,HATP-10__2026-09-05,False,45.78574344551019,67
7,360.0453309156845,19.665457842248415,1030.7749633789062,666.0,0.9466666666666667,Qatar-1__2026-08-18,False,52.12410467727148,51
10,152.907205051265,27.303873955789054,605.0,648.0,0.9466666666666667,Qatar-1__2026-08-18,False,58.77319647978068,71
11,425.71645076544513,29.42760546368757,3528.796417236328,922.0,0.9466666666666667,Qatar-1__2026-08-18,True,32.872296508095566,71
13,16.061503416856493,30.0250569476082,436.65130615234375,631.0,0.9466666666666667,Qatar-1__2026-08-18,False,61.108736900733355,71
15,262.76532769556025,29.997885835095136,478.0,631.0,0.9466666666666667,Qatar-1__2026-08-18,False,68.4893341681612,71
16,272.56081081081084,30.804054054054053,300.0,614.0,0.9466666666666667,Qatar-1__2026-08-18,False,87.70432102811228,71
18,333.98398843482335,32.43689677823178,323.7467041015625,611.0,0.9466666666666667,Qatar-1__2026-08-18,False,75.43082913547045,71
20,65.05530520963752,34.123821094874835,2023.0,808.0,0.9466666666666667,Qatar-1__2026-08-18,False,32.848492750393326,71
21,88.40658383906266,34.04986676813947,316.0,616.0,0.9466666666666667,Qatar-1__2026-08-18,False,89.5950724952477,71
22,511.9462805598826,37.48553829597628,666.9809265136719,643.0,0.9466666666666667,Qatar-1__2026-08-18,False,52.96105021539378,71
24,291.87725576332,38.716752999344855,909.8330993652344,674.0,0.9466666666666667,Qatar-1__2026-08-18,False,42.208809093117196,71
25,527.1764510518425,38.641566693165025,552.5715637207031,642.0,0.9466666666666667,Qatar-1__2026-08-18,False,50.02593013208326,71
30,388.17769402756244,45.7694234227826,464.7928161621094,646.0,0.9466666666666667,Qatar-1__2026-08-18,False,61.34854674749475,71
33,200.43980929678187,50.0476758045292,834.0,668.0,0.9466666666666667,Qatar-1__2026-08-18,False,46.71277072298916,71
34,397.2545117022565,51.97828371169906,1795.1802673339844,731.0,0.9466666666666667,Qatar-1__2026-08-18,False,36.614055947012595,71
35,236.3016241299304,54.66821345707657,380.0,613.0,0.9466666666666667,Qatar-1__2026-08-18,False,68.25613975335847,71
36,185.58357771260998,56.598240469208214,315.0,611.0,0.9466666666666667,Qatar-1__2026-08-18,False,70.6885897963541,71
37,67.85605626420214,60.613488674993086,667.5201416015625,630.0,0.9466666666666667,Qatar-1__2026-08-18,False,51.24803897823017,71
38,179.20701168614357,62.29382303839733,581.5111083984375,629.0,0.9466666666666667,Qatar-1__2026-08-18,False,51.9377826553739,71
39,251.371687136393,64.36069812540401,1482.0,705.0,0.9466666666666667,Qatar-1__2026-08-18,False,34.7712892250321,71
40,103.04633204633204,62.88803088803089,243.70635986328125,607.0,0.9466666666666667,Qatar-1__2026-08-18,False,78.3919908100732,71
41,243.9458762886598,64.77474226804124,1853.9046325683594,743.0,0.9466666666666667,Qatar-1__2026-08-18,False,32.94461896955916,71
45,272.9154542038094,69.73562815058384,277.0,605.0,0.9466666666666667,Qatar-1__2026-08-18,False,80.95508244386603,71
47,14.890524640802997,69.8330639440783,163.23609924316406,464.0,0.9066666666666666,Qatar-1__2026-08-18,False,116.67714660539615,68
48,338.81907894736844,70.86513157894737,321.670654296875,611.0,0.9466666666666667,Qatar-1__2026-08-18,False,71.97744928582672,71
49,230.00334448160535,72.0200668896321,295.0,606.0,0.9466666666666667,Qatar-1__2026-08-18,False,89.32036858868254,71
50,482.3435242705201,73.75588180835555,654.7325744628906,641.0,0.9466666666666667,Qatar-1__2026-08-18,False,56.34749172687297,71
51,77.43557750009096,75.45690891230335,206.0,485.0,0.92,Qatar-1__2026-08-18,False,89.87689715260419,69
53,232.409900990099,80.75511551155115,1428.8567504882812,698.0,0.9466666666666667,Qatar-1__2026-08-18,False,29.94504080826153,71
54,456.42317133276146,82.53543930018813,9704.046508789062,1618.0,0.9466666666666667,Qatar-1__2026-08-18,True,29.478264443775377,71
61,112.2684703433923,94.47606659729449,1864.0,750.0,0.9466666666666667,Qatar-1__2026-08-18,False,33.82205863062271,71
62,292.9805718090882,97.52813594569068,3891.156494140625,1243.0,0.96,Qatar-1__2026-08-18,True,5005.476875541167,72
63,18.46604006933073,97.6442154119069,283.07427978515625,614.0,0.9466666666666667,Qatar-1__2026-08-18,False,88.2327640630346,71
65,192.8548268238762,99.42372881355932,1313.0,692.0,0.9466666666666667,Qatar-1__2026-08-18,False,39.0426946227912,71
67,372.0342274075746,103.5494200686036,5853.70166015625,1236.0,0.9466666666666667,Qatar-1__2026-08-18,True,28.12833130608771,71
69,197.65116279069767,105.81976744186046,153.19577026367188,565.0,0.8533333333333334,Qatar-1__2026-08-18,False,120.40055749431,64
72,290.8092105263158,110.35964912280701,427.0,615.0,0.9466666666666667,Qatar-1__2026-08-18,False,57.57594307964661,71
75,330.27443801104437,112.86342861808659,161.04396057128906,460.0,0.8266666666666667,Qatar-1__2026-08-18,False,106.7167449790294,62
76,76.87867391747176,115.19568031852455,1115.0730285644531,670.0,0.9466666666666667,Qatar-1__2026-08-18,False,42.87773698196365,71
77,177.84931506849315,118.26849315068493,232.0,1204.0,0.9466666666666667,Qatar-1__2026-08-18,False,38293.94559637386,71
79,277.46315509444,123.38840117052408,3648.6603088378906,982.0,0.9466666666666667,Qatar-1__2026-08-18,True,30.78079698412127,71
80,316.56842803020066,125.1427574142271,967.5923767089844,942.0,0.9466666666666667,Qatar-1__2026-08-18,False,38.411805947645554,71
82,11.855823300076977,127.64233656622424,3319.0745544433594,1002.0,0.9466666666666667,Qatar-1__2026-08-18,True,25.316785308499874,68
83,43.72988655139988,127.31970511875625,259.5186462402344,606.0,0.9466666666666667,Qatar-1__2026-08-18,False,88.3472889541079,71
84,431.4837556408261,128.2502188511282,922.2102966308594,656.0,0.9466666666666667,Qatar-1__2026-08-18,False,38.99578331765379,71
89,123.61534550980772,134.78017882080908,130.76527404785156,439.0,0.72,Qatar-1__2026-08-18,False,103.25567489200168,54
92,312.0227891044295,139.32217885767355,1002.3484802246094,662.0,0.9466666666666667,Qatar-1__2026-08-18,False,38.987405558980285,71
94,80.54349651692131,139.45044153794083,334.0,605.0,0.9466666666666667,Qatar-1__2026-08-18,False,76.61208890720806,71
95,299.16905474290024,141.2542661436228,749.5696716308594,763.0,0.9466666666666667,Qatar-1__2026-08-18,False,46.586113129680164,71
96,479.61410681411115,141.59449588300905,449.1311950683594,622.0,0.9466666666666667,Qatar-1__2026-08-18,False,57.01233992949585,71
98,188.0069864927806,146.81322775966464,2085.0,772.0,0.9466666666666667,Qatar-1__2026-08-18,False,33.23778923225618,71
100,104.45857441107201,148.03037469430527,139.74221801757812,456.0,0.84,Qatar-1__2026-08-18,False,103.10338588399149,63
101,402.38562877797443,149.18955169633102,753.0313415527344,930.0,0.9466666666666667,Qatar-1__2026-08-18,False,47.14945358039522,71
102,99.3283431610657,149.56209340327013,524.8927001953125,620.0,0.9466666666666667,Qatar-1__2026-08-18,False,50.24710400792464,71
104,146.84591194968553,153.9496855345912,315.0,639.0,0.9466666666666667,Qatar-1__2026-08-18,False,73.93375068684578,71
105,140.8485294117647,158.9191176470588,1264.0,678.0,0.9466666666666667,Qatar-1__2026-08-18,False,39.95763100198514,71
106,360.56656545866116,158.03156801665804,284.0648193359375,767.0,0.9333333333333333,Qatar-1__2026-08-18,False,68.37007826637311,70
107,323.9091071993683,160.2146759487437,1194.0372924804688,682.0,0.9466666666666667,Qatar-1__2026-08-18,False,49.66194421062795,71
109,64.5254108074582,164.4552477316104,4029.0,1102.0,0.9466666666666667,Qatar-1__2026-08-18,True,31.571754445586354,71
112,150.65816326530611,170.37244897959184,365.0,616.0,0.9466666666666667,Qatar-1__2026-08-18,False,52.61268089468521,71
113,518.9864763712669,171.17902498599008,177.79647827148438,463.0,0.8133333333333334,Qatar-1__2026-08-18,False,126.32593797020952,61
115,153.92207792207793,176.97402597402598,208.5,490.0,0.9066666666666666,Qatar-1__2026-08-18,False,84.99407275412955,68
117,443.4604987103828,179.3730176414675,2213.5848388671875,743.0,0.9466666666666667,Qatar-1__2026-08-18,False,32.248049325264574,71
120,57.4030061091083,180.45769993016364,1025.1921997070312,671.0,0.9466666666666667,Qatar-1__2026-08-18,False,34.126935979537365,71
121,254.15294660717032,183.3826742575781,6067.0,4036.0,0.9733333333333334,Qatar-1__2026-08-18,False,10760.502490126439,72
127,32.92007359140536,188.49564729847566,1260.20263671875,750.0,0.9466666666666667,Qatar-1__2026-08-18,False,38.99172969951571,71
129,345.05115966787827,192.2064312369605,623.0491943359375,628.0,0.9466666666666667,Qatar-1__2026-08-18,False,50.50829274946315,71
130,460.6832619442006,193.32997536300428,836.126708984375,649.0,0.9466666666666667,Qatar-1__2026-08-18,False,40.51608437732072,71
131,553.0381391238021,191.4406712230085,154.6229248046875,518.0,0.7466666666666667,Qatar-1__2026-08-18,False,88.21407285445521,55
136,34.404182602248184,205.76467304777847,372.8442687988281,614.0,0.9333333333333333,Qatar-1__2026-08-18,False,71.2961799173234,70
139,151.2270820850809,211.0095865787897,1647.0,700.0,0.9466666666666667,Qatar-1__2026-08-18,False,33.95465302969372,71
140,118.99749992729916,212.7531159393966,324.0,602.0,0.9466666666666667,Qatar-1__2026-08-18,False,69.01104220772119,71
141,126.55947087923269,211.8501222392184,270.1801452636719,601.0,0.9333333333333333,Qatar-1__2026-08-18,False,92.9049670493519,70
142,47.16374417325079,214.43479988994582,1586.3591613769531,708.0,0.9466666666666667,Qatar-1__2026-08-18,False,35.11097417642387,71
143,167.24383916990922,213.3592736705577,752.0,628.0,0.9466666666666667,Qatar-1__2026-08-18,False,40.586154961356335,71
145,12.355768449416349,215.3273516085465,2250.0536499023438,805.0,0.9466666666666667,Qatar-1__2026-08-18,False,28.160890153964257,69
146,522.4527778431792,215.89464005465646,280.4511260986328,476.0,0.9066666666666666,Qatar-1__2026-08-18,False,68.99564520836232,68
147,341.16185366878557,218.33588034401492,704.7707824707031,1208.0,0.96,Qatar-1__2026-08-18,False,20675.32439415092,72
149,390.1401418026071,220.7206580976576,171.80953979492188,456.0,0.84,Qatar-1__2026-08-18,False,81.18879391552197,63
152,512.4205577483901,227.39344265480776,1845.3173828125,865.0,0.9466666666666667,Qatar-1__2026-08-18,False,41.44718811584098,71
155,72.76923076923077,229.914979757085,216.3072052001953,461.0,0.9066666666666666,Qatar-1__2026-08-18,False,104.34384569633531,68
156,207.38050314465409,230.38679245283018,300.0,600.0,0.9333333333333333,Qatar-1__2026-08-18,False,77.55025814590486,70
157,306.8917525773196,230.8298969072165,188.68621826171875,474.0,0.88,Qatar-1__2026-08-18,False,84.9084249387506,66
158,444.23392966248747,230.69528449191182,149.09091186523438,475.0,0.7333333333333333,Qatar-1__2026-08-18,False,106.53895637416267,55
159,460.2353709481627,231.28028391400144,423.2142333984375,617.0,0.9466666666666667,Qatar-1__2026-08-18,False,65.54525403233018,71
160,356.93900225745523,231.80608543656083,169.3094482421875,468.0,0.7866666666666666,Qatar-1__2026-08-18,False,99.57007969057472,59
161,400.68743925247105,231.23683065594074,197.55567932128906,455.0,0.8,Qatar-1__2026-08-18,False,85.20660887728619,60
165,121.69827857129751,237.04223038242935,610.0,621.0,0.9466666666666667,Qatar-1__2026-08-18,False,51.7424505649049,71
168,438.89401953312074,239.39405906397582,5403.4844970703125,1018.0,0.9466666666666667,Qatar-1__2026-08-18,True,29.180535704723937,71
169,471.44500700708267,239.5422993626984,22280.07000732422,2835.0,0.9466666666666667,Qatar-1__2026-08-18,True,31.31871999002102,71
171,407.8143227605551,239.31822142524905,1715.9910278320312,695.0,0.9466666666666667,Qatar-1__2026-08-18,False,37.06568383629256,71
172,242.69807363430198,239.37118750869283,468.0,614.0,0.9466666666666667,Qatar-1__2026-08-18,False,61.07094736243205,71
173,159.13212795549373,243.48864163189614,2107.8048400878906,735.0,0.9466666666666667,Qatar-1__2026-08-18,False,42.37606890263078,71
174,340.6573552651289,244.2327799497562,1651.5364685058594,728.0,0.9466666666666667,Qatar-1__2026-08-18,False,36.296264576249165,71
177,379.21397828904094,249.94687553707237,750.0402221679688,646.0,0.9466666666666667,Qatar-1__2026-08-18,False,48.78529488977179,71
179,94.7719298245614,253.51461988304092,514.4127807617188,613.0,0.9466666666666667,Qatar-1__2026-08-18,False,57.76487454324433,71
180,136.4814814814815,252.96296296296296,150.66567993164062,499.0,0.7333333333333333,Qatar-1__2026-08-18,False,79.82243839720141,55
181,116.92465808024492,255.17841277835402,1148.9502868652344,923.0,0.9466666666666667,Qatar-1__2026-08-18,False,47.05295761723112,71
182,109.07007499055203,255.93191605416,1987.5830993652344,717.0,0.9466666666666667,Qatar-1__2026-08-18,False,37.040690581636184,71
184,188.95119787045252,257.6980183377699,3264.0,810.0,0.9466666666666667,Qatar-1__2026-08-18,True,34.03247419205323,71
185,197.60196078431372,256.5607843137255,467.0,603.0,0.9466666666666667,Qatar-1__2026-08-18,False,97.92107987437947,71
186,298.1776649746193,257.39086294416245,192.37461853027344,459.0,0.8533333333333334,Qatar-1__2026-08-18,False,111.86784349477172,64
187,499.3335799632816,257.27134371343254,404.7347106933594,613.0,0.9466666666666667,Qatar-1__2026-08-18,False,62.36589881239472,71
189,12.960143950619708,262.8817568996922,14351.047546386719,2444.0,0.9466666666666667,Qatar-1__2026-08-18,True,22.12500786042528,69
195,126.13406201303313,271.2450463654143,1060.1266174316406,661.0,0.9466666666666667,Qatar-1__2026-08-18,False,37.7505555154675,71
196,438.90726666660936,272.2240027069627,1513.1969299316406,678.0,0.9466666666666667,Qatar-1__2026-08-18,False,33.93959190392571,71
197,436.17995969139463,278.6975459458409,275.6588134765625,490.0,0.92,Qatar-1__2026-08-18,False,90.99413869134375,69
199,124.69758813844548,282.49770175005824,865.0,637.0,0.9466666666666667,Qatar-1__2026-08-18,False,42.38097524714797,71
202,28.721970886717127,285.6220137866168,937.9255065917969,656.0,0.9466666666666667,Qatar-1__2026-08-18,False,42.30091435610019,71
205,406.3897426047864,289.6617309108294,319.87774658203125,508.0,0.92,Qatar-1__2026-08-18,False,66.89071954499575,69
206,199.65402249321164,290.0221853422231,185.5,526.0,0.8266666666666667,Qatar-1__2026-08-18,False,89.51824389506501,62
209,339.50359862543235,292.979180410834,647.216064453125,626.0,0.9466666666666667,Qatar-1__2026-08-18,False,52.916540598211846,71
210,284.3979591836735,294.29931972789115,588.0,675.0,0.9466666666666667,Qatar-1__2026-08-18,False,54.81964011734404,71
211,323.9166666666667,298.39814814814815,519.2369689941406,687.0,0.9466666666666667,Qatar-1__2026-08-18,False,62.420483041619136,71
212,77.32535751589077,300.7013900857599,1353.4307556152344,666.0,0.9466666666666667,Qatar-1__2026-08-18,False,33.86496256240638,71
214,62.1130006265659,301.8449082692739,187.20790100097656,508.0,0.88,Qatar-1__2026-08-18,False,98.65120726664972,66
216,99.4809714271779,304.772740398799,186.23098754882812,446.0,0.8666666666666667,Qatar-1__2026-08-18,False,104.63262209888488,65
217,426.4713962759846,306.14973355477133,2240.5341186523438,702.0,0.9466666666666667,Qatar-1__2026-08-18,False,31.99989110330482,71
218,88.97389218442987,309.43423796306826,554.0238342285156,616.0,0.9466666666666667,Qatar-1__2026-08-18,False,53.921657869422106,71
219,175.39265332835757,309.6186648993232,380.3625793457031,605.0,0.9466666666666667,Qatar-1__2026-08-18,False,73.35922185548941,71
221,445.5579569475613,314.0911910326481,1485.6587829589844,685.0,0.9466666666666667,Qatar-1__2026-08-18,False,36.77458556552806,71
222,223.7461430575035,314.99018232819077,672.0,609.0,0.9466666666666667,Qatar-1__2026-08-18,False,47.71138072251972,71
223,13.133049041037957,316.9276675646529,2846.3272094726562,799.0,0.9466666666666667,Qatar-1__2026-08-18,True,20.687235229545273,69
224,291.96430353863525,315.000283189881,173.0867919921875,490.0,0.7466666666666667,Qatar-1__2026-08-18,False,100.59897667205647,56
225,71.53683612828401,317.23962719835345,153.2223358154297,478.0,0.72,Qatar-1__2026-08-18,False,108.01383067460883,54
226,315.5489749430524,317.4692482915718,396.2474060058594,607.0,0.9466666666666667,Qatar-1__2026-08-18,False,61.347173917159836,71
228,414.30379602796245,319.36169139648683,564.0938415527344,621.0,0.9466666666666667,Qatar-1__2026-08-18,False,67.24004181051178,71
230,74.64570908098662,322.5077886196022,333.0,600.0,0.9466666666666667,Qatar-1__2026-08-18,False,64.24164834088863,71
231,460.73183208825805,323.033719380829,1346.7153015136719,656.0,0.9466666666666667,Qatar-1__2026-08-18,False,30.432421964988542,71
233,42.42852231075954,326.3944595108188,266.37054443359375,465.0,0.9066666666666666,Qatar-1__2026-08-18,False,88.07271488493917,68
234,242.12182103477366,330.9037510908099,341.0,713.0,0.9466666666666667,Qatar-1__2026-08-18,False,67.35426630965743,71
235,284.36413110056003,332.5068215408049,4838.093994140625,1004.0,0.9466666666666667,Qatar-1__2026-08-18,True,33.297052278229415,71
238,156.55604676208074,340.7940825152078,3635.0,802.0,0.9466666666666667,Qatar-1__2026-08-18,True,29.51648451268447,71
239,467.1986849070354,340.36418373039083,3639.843536376953,791.0,0.9466666666666667,Qatar-1__2026-08-18,True,30.871027774153227,71
241,60.22424613506238,341.7764618537925,133.6139373779297,472.0,0.72,Qatar-1__2026-08-18,False,108.61280523709192,54
243,467.55337861909504,352.5332794066524,26998.137451171875,2851.0,0.9466666666666667,Qatar-1__2026-08-18,True,28.58000940382939,71
244,115.48453608247422,354.1546391752577,330.87559509277344,489.0,0.9066666666666666,Qatar-1__2026-08-18,False,56.68904535672106,68
245,382.7781366854212,356.63815348923987,46695.652893066406,4095.0,0.9466666666666667,Qatar-1__2026-08-18,False,30.081743752491303,71
246,32.508101776156764,358.4947182935418,7994.080291748047,1344.0,0.9466666666666667,Qatar-1__2026-08-18,True,33.854895476981255,71
248,96.45738679348483,360.73658281851834,490.3575439453125,611.0,0.9466666666666667,Qatar-1__2026-08-18,False,67.72863737714508,71
250,318.43808630393994,365.47373358348966,1014.9671630859375,610.0,0.9466666666666667,Qatar-1__2026-08-18,False,34.161184717073915,71
251,26.86628880653292,364.5764600788815,559.0,610.0,0.9466666666666667,Qatar-1__2026-08-18,False,56.607012638956476,71
253,387.12855557116785,366.07555571706695,431.35748291015625,652.0,0.9333333333333333,Qatar-1__2026-08-18,False,65.034264545813,70
254,498.2536891988219,367.59819963953726,1387.2917785644531,652.0,0.9466666666666667,Qatar-1__2026-08-18,False,40.708885508696795,71
255,355.0465207530199,367.6079780745047,575.0028991699219,609.0,0.9466666666666667,Qatar-1__2026-08-18,False,46.139205024699514,71
258,92.40639663603953,377.95257167697446,8666.821228027344,1339.0,0.9466666666666667,Qatar-1__2026-08-18,True,27.47265666536867,71
259,76.3915706456796,377.1791803670174,385.1645202636719,609.0,0.9466666666666667,Qatar-1__2026-08-18,False,58.8167533241631,71
261,546.540470854602,383.4197148362886,11536.68392944336,1321.0,0.9466666666666667,Qatar-1__2026-08-18,True,22.765364753795186,65
262,136.11771000535046,384.4665596575709,1809.7770385742188,789.0,0.9466666666666667,Qatar-1__2026-08-18,False,42.23509879303295,71
264,110.79849624060151,385.1436090225564,1094.0,638.0,0.9466666666666667,Qatar-1__2026-08-18,False,41.09981204509429,71
265,241.33606184629377,385.22919508867665,2107.6482543945312,704.0,0.9466666666666667,Qatar-1__2026-08-18,False,35.87360543879869,71
267,373.98801417361517,386.6653927630389,271.7556457519531,449.0,0.8933333333333333,Qatar-1__2026-08-18,False,72.07599275145694,67
268,141.47096774193548,391.2064516129032,289.5,705.0,0.9066666666666666,Qatar-1__2026-08-18,False,90.35513675247304,68
269,174.79115008753908,393.8008448898808,218.03451538085938,536.0,0.8533333333333334,Qatar-1__2026-08-18,False,89.01487146064868,64
274,68.93953650853412,398.70276007299503,169.71530151367188,444.0,0.7866666666666666,Qatar-1__2026-08-18,False,98.53422795877859,59
275,41.23610169867796,400.8133397550854,1017.8174438476562,640.0,0.9466666666666667,Qatar-1__2026-08-18,False,38.37581341787095,71
276,222.92592592592592,398.9047619047619,180.0,480.0,0.7866666666666666,Qatar-1__2026-08-18,False,96.4689081940446,59
278,177.03170659747542,405.8089947855309,56309.0,4095.0,0.9466666666666667,Qatar-1__2026-08-18,False,37.19533331396477,71
280,275.44226362082935,407.0560541514882,2096.0,696.0,0.9466666666666667,Qatar-1__2026-08-18,False,30.220800120512823,71
282,364.3205094525272,407.01865759931457,148.6341552734375,487.0,0.84,Qatar-1__2026-08-18,False,60.36633296496177,63
283,290.9447477149434,413.1543519921365,7386.0,783.0,0.9466666666666667,Qatar-1__2026-08-18,True,27.97946801994791,71
284,350.2801638102578,415.52274313553016,1030.5111999511719,637.0,0.9466666666666667,Qatar-1__2026-08-18,False,37.84531113870959,71
287,403.6367968647959,417.40228799479803,994.9656677246094,630.0,0.9466666666666667,Qatar-1__2026-08-18,False,41.289517745579,71
289,39.19786947431809,425.0485564092096,727.4358825683594,620.0,0.9466666666666667,Qatar-1__2026-08-18,False,51.649616537144446,71
290,181.94076467156918,424.9033518145749,508.0,607.0,0.9466666666666667,Qatar-1__2026-08-18,False,50.9976989131994,71
291,391.58758912930494,426.0508715827975,814.6407775878906,614.0,0.9466666666666667,Qatar-1__2026-08-18,False,37.194399772588625,71
292,104.57533746807735,430.67712513681136,2641.0,707.0,0.9466666666666667,Qatar-1__2026-08-18,True,32.621967096159985,71
293,276.179782129008,438.17246624160845,154313.83685302734,4095.0,0.9466666666666667,Qatar-1__2026-08-18,False,37.7500892683405,71
295,401.14155770196606,435.63093070140053,665.2774658203125,610.0,0.9466666666666667,Qatar-1__2026-08-18,False,43.452386058925434,71
298,41.45545043160936,438.34665695229,529.6661376953125,607.0,0.9466666666666667,Qatar-1__2026-08-18,False,55.33752285419109,71
299,208.7197827071073,439.713897691263,2095.7831420898438,680.0,0.9466666666666667,Qatar-1__2026-08-18,False,30.222531380988745,71
300,461.85066798463595,439.68904715870775,2308.070068359375,694.0,0.9466666666666667,Qatar-1__2026-08-18,True,30.970316301480416,71
301,490.15259794273015,439.65083743954807,629.4455261230469,650.0,0.9466666666666667,Qatar-1__2026-08-18,False,43.12081324248715,71
303,51.34781256288132,441.67956358139645,1070.4746704101562,636.0,0.9466666666666667,Qatar-1__2026-08-18,False,34.505990151242855,71
304,304.0377317423011,443.21146645903326,5471.385589599609,886.0,0.9466666666666667,Qatar-1__2026-08-18,True,31.123498931957283,71
307,169.2047505469953,449.6330519042819,191.0,514.0,0.84,Qatar-1__2026-08-18,False,84.49159886895319,63
309,40.014570641990446,452.16166961341673,325.0804748535156,483.0,0.92,Qatar-1__2026-08-18,False,58.51451316455042,69
310,270.7010266907315,453.25683326232917,6064.0521240234375,924.0,0.9466666666666667,Qatar-1__2026-08-18,True,29.51646118900824,71
312,86.06584186199817,459.71673042135234,2024.9106750488281,1089.0,0.9466666666666667,Qatar-1__2026-08-18,False,28.108329019762788,69
314,14.279210880098356,459.86845859414467,311.0339660644531,482.0,0.92,Qatar-1__2026-08-18,False,76.17972253386493,67
315,208.220700152207,460.12785388127855,632.0,768.0,0.9466666666666667,Qatar-1__2026-08-18,False,48.07009289193313,69
316,529.1613543496745,461.16092485781485,3990.6958923339844,763.0,0.9466666666666667,Qatar-1__2026-08-18,True,29.108860835249576,71
317,542.5183145993045,462.14623981442753,250.53712463378906,484.0,0.88,Qatar-1__2026-08-18,False,78.39472612899749,66
318,144.869812519242,463.8630571152839,660.6831665039062,767.0,0.9466666666666667,Qatar-1__2026-08-18,False,47.06514026996962,68
323,402.8587625211365,466.69244155852306,165.9203338623047,453.0,0.8,Qatar-1__2026-08-18,False,90.44133776790058,60
21,565.6072112662384,25.181248025666548,681.0302581787109,565.0,0.9459459459459459,Qatar-1__2026-08-21,False,29.119293083009925,42
48,72.82476703654272,63.28953087766454,1150.1051330566406,616.0,1.0,Qatar-1__2026-08-21,False,21.219702506450602,73
63,153.97771587743733,96.17548746518106,904.485107421875,561.0,1.0,Qatar-1__2026-08-21,False,29.489622343303996,73
74,54.49612373248089,107.41753139516193,256.6951904296875,540.0,1.0,Qatar-1__2026-08-21,False,67.25842781252366,73
83,136.02008032128515,116.07630522088354,117.63487243652344,472.0,0.7837837837837838,Qatar-1__2026-08-21,False,147.57979233900366,57
84,223.60319252440868,116.19858952436057,314.0,558.0,1.0,Qatar-1__2026-08-21,False,87.50741512922646,73
114,525.4195893609418,159.2630806269587,239.099853515625,624.0,1.0,Qatar-1__2026-08-21,False,64.00896663781633,73
135,427.93569886404487,188.9208498654916,474.7853546142578,505.0,1.0,Qatar-1__2026-08-21,False,44.68651580176721,73
138,178.01540375340198,193.8649256621914,823.9642333984375,605.0,1.0,Qatar-1__2026-08-21,False,32.740496292754436,73
147,89.50618397467134,200.49416369579404,1394.71533203125,617.0,0.9864864864864865,Qatar-1__2026-08-21,False,22.08829710221649,72
220,532.3651329612836,332.24106540698955,1176.0505981445312,939.0,1.0,Qatar-1__2026-08-21,False,26.212985433369173,73
250,170.0734474107657,363.0130055072841,736.0,495.0,1.0,Qatar-1__2026-08-21,False,28.303531619840886,73
279,555.3731144461848,405.66843075059,410.2219696044922,570.0,1.0,Qatar-1__2026-08-21,False,51.685723521343114,73
285,267.50932835820896,412.35820895522386,1108.5081176757812,551.0,1.0,Qatar-1__2026-08-21,False,27.58356629759723,73
362,26.572105619498984,37.279620853080566,1462.3973693847656,710.0,0.9864864864864865,Qatar-1__2026-08-21,False,20.109705635559493,72
363,362.3226327127471,39.654836765015794,1089.3621520996094,596.0,0.9864864864864865,Qatar-1__2026-08-21,False,22.967717863217448,72
366,151.3339241319325,41.764538579362764,391.0,495.0,0.9864864864864865,Qatar-1__2026-08-21,False,64.14772022844002,73
368,532.3318397092371,44.305575900165636,1695.3651733398438,662.0,0.9864864864864865,Qatar-1__2026-08-21,False,19.355914484320426,73
369,52.95656773030801,45.26821180020743,3263.2056579589844,1017.0,0.9864864864864865,Qatar-1__2026-08-21,True,11.233453196484646,73
370,102.05733944954129,44.06651376146789,438.8709716796875,517.0,0.9864864864864865,Qatar-1__2026-08-21,False,51.6931478530119,73
371,167.45287163788925,44.43014238832305,513.320068359375,522.0,0.9864864864864865,Qatar-1__2026-08-21,False,47.533665128770245,73
373,84.20323650255281,50.11404217222895,146.2947998046875,477.0,0.9594594594594594,Qatar-1__2026-08-21,False,69.31204499211853,71
374,221.58490566037736,50.0,282.0,535.0,0.9864864864864865,Qatar-1__2026-08-21,False,78.07471521626955,73
375,235.46137491141036,51.55492558469171,1444.0,630.0,0.9864864864864865,Qatar-1__2026-08-21,False,18.062755095385835,73
378,141.99732217125316,53.15068175891161,1013.2157287597656,600.0,0.9864864864864865,Qatar-1__2026-08-21,False,27.459831283947242,73
380,170.23125996810208,55.791068580542266,597.7077026367188,505.0,0.9864864864864865,Qatar-1__2026-08-21,False,39.73615722069296,73
381,434.26393093184805,54.98201200773141,144.95974731445312,508.0,0.8243243243243243,Qatar-1__2026-08-21,False,119.10982191665254,61
383,477.5215804663371,58.884112428432104,172.45823669433594,496.0,0.972972972972973,Qatar-1__2026-08-21,False,96.56596975265141,72
384,482.4564403108637,59.513964937641916,345.08795166015625,896.0,0.9864864864864865,Qatar-1__2026-08-21,False,62.80475856749851,73
385,125.76410256410256,61.241025641025644,196.35922241210938,498.0,0.9864864864864865,Qatar-1__2026-08-21,False,96.97330482012697,73
386,133.47457627118644,61.79237288135593,248.0,478.0,0.9864864864864865,Qatar-1__2026-08-21,False,81.50195849023812,73
387,220.92397660818713,62.12865497076023,151.0,462.0,0.972972972972973,Qatar-1__2026-08-21,False,122.99503343653845,72
389,244.33060807358203,64.63958439788793,5840.0,1278.0,0.9864864864864865,Qatar-1__2026-08-21,True,7.8224345043531125,73
391,342.1534602701202,65.28601833266997,475.0,503.0,0.972972972972973,Qatar-1__2026-08-21,False,52.30668924588454,72
392,210.0848,67.4,1249.7879333496094,632.0,0.9864864864864865,Qatar-1__2026-08-21,False,25.844123404200996,73
394,331.89832365809895,71.14198074750824,159.0,462.0,0.9864864864864865,Qatar-1__2026-08-21,False,130.82996923586862,73
395,356.99054423698504,73.90364975032726,1165.7944030761719,589.0,0.9864864864864865,Qatar-1__2026-08-21,False,23.698489161787666,73
396,303.6102987101963,79.57583291806056,1123.4843139648438,588.0,0.9864864864864865,Qatar-1__2026-08-21,False,24.71674913021558,73
397,590.4310999011632,79.64561288745229,1119.2012023925781,585.0,0.9864864864864865,Qatar-1__2026-08-21,False,22.78932178280445,73
398,53.98604507942166,81.04315066959828,132.700439453125,469.0,0.9594594594594594,Qatar-1__2026-08-21,False,145.38829623343062,71
399,96.3536414348402,85.45609490691457,651.417236328125,543.0,0.9864864864864865,Qatar-1__2026-08-21,False,40.287732783303596,73
400,414.01109124899483,85.43898035374295,1460.8047790527344,610.0,0.9864864864864865,Qatar-1__2026-08-21,False,19.40957170370831,73
403,206.1922290388548,89.0122699386503,511.2749938964844,508.0,0.9864864864864865,Qatar-1__2026-08-21,False,47.45793705869327,73
404,369.23460605154247,89.86319117516314,3894.5200805664062,979.0,0.9864864864864865,Qatar-1__2026-08-21,True,10.306182418319956,73
405,215.92877492877494,89.89173789173789,322.0,483.0,0.9864864864864865,Qatar-1__2026-08-21,False,72.03605874663872,73
409,277.35754189944134,92.06703910614524,358.0,492.0,0.9864864864864865,Qatar-1__2026-08-21,False,54.0144655959435,73
411,235.341784989858,98.10953346855983,993.2963562011719,567.0,0.9864864864864865,Qatar-1__2026-08-21,False,26.42130985767121,73
412,455.40247970899856,98.73165809749821,738.7704467773438,522.0,0.9864864864864865,Qatar-1__2026-08-21,False,34.3930652032617,73
415,470.5401164774695,100.12378661857257,625.1514282226562,509.0,0.9864864864864865,Qatar-1__2026-08-21,False,39.61482645435886,73
418,545.1680123858052,103.36811094502421,333.6781311035156,569.0,0.9864864864864865,Qatar-1__2026-08-21,False,72.26295521137956,73
420,522.7715866230398,105.01008394588503,791.6976318359375,545.0,0.9864864864864865,Qatar-1__2026-08-21,False,37.81615165324701,73
421,33.92434795451399,104.90498349654476,530.9151916503906,521.0,0.9864864864864865,Qatar-1__2026-08-21,False,49.13658124684024,73
422,331.54757148777884,105.88821716719539,492.9568176269531,506.0,0.9864864864864865,Qatar-1__2026-08-21,False,52.23059020904317,73
423,427.4822513707358,107.86592593001096,168.72128295898438,461.0,0.9324324324324325,Qatar-1__2026-08-21,False,83.18621597691872,69
424,340.5424430641822,112.1863354037267,1962.2711791992188,680.0,0.972972972972973,Qatar-1__2026-08-21,False,15.960125814199571,72
425,179.5912408759124,113.66423357664233,423.0,498.0,0.9864864864864865,Qatar-1__2026-08-21,False,56.56164521885775,73
426,128.9083969465649,114.81424936386769,348.0,503.0,0.9864864864864865,Qatar-1__2026-08-21,False,56.65845190837519,73
429,122.35562310030394,120.60030395136778,642.2593383789062,557.0,0.9864864864864865,Qatar-1__2026-08-21,False,40.21246771129105,73
430,194.57186358099878,123.31973203410475,1632.0,651.0,0.9864864864864865,Qatar-1__2026-08-21,False,20.621185169665953,73
431,187.07826932425863,123.77151191054935,2029.0,716.0,0.9864864864864865,Qatar-1__2026-08-21,False,14.81414174220498,73
432,71.15081576978467,126.3217372346504,890.2533264160156,578.0,0.9864864864864865,Qatar-1__2026-08-21,False,24.578267583096956,73
433,523.6645928813964,128.01391543652986,2200.3561401367188,2885.0,0.9864864864864865,Qatar-1__2026-08-21,False,15.572598926925796,73
434,281.80232558139534,130.57558139534885,356.0,479.0,0.9864864864864865,Qatar-1__2026-08-21,False,68.99643715446031,73
437,20.6226316803267,133.01725992944313,213.0,476.0,0.9864864864864865,Qatar-1__2026-08-21,False,113.97359099122004,60
439,425.3326193165628,134.6164421810093,733.5588989257812,526.0,0.9864864864864865,Qatar-1__2026-08-21,False,37.51238981702705,73
441,175.4234693877551,139.56505102040816,1554.4495239257812,664.0,0.9864864864864865,Qatar-1__2026-08-21,False,21.02649050824001,73
445,382.3153691369231,143.50530791763717,1239.4345397949219,782.0,0.9864864864864865,Qatar-1__2026-08-21,False,23.276233450698737,73
446,476.832421098618,144.77153720909172,244.35464477539062,591.0,0.9864864864864865,Qatar-1__2026-08-21,False,722.8443151591442,73
447,170.25190668461192,146.62090623598027,4435.4796142578125,1085.0,0.9864864864864865,Qatar-1__2026-08-21,True,7.80031331763753,73
451,55.10775231594344,152.29692832764505,2052.2665405273438,742.0,0.9864864864864865,Qatar-1__2026-08-21,False,16.224241254696505,73
452,235.84575593698565,156.86339054784858,4320.0,1025.0,0.9864864864864865,Qatar-1__2026-08-21,True,10.092338451935438,73
453,135.66379906853072,157.95544190694963,1428.0,631.0,0.9864864864864865,Qatar-1__2026-08-21,False,20.98044042257065,73
455,314.92979765102285,163.52542005181877,6426.192352294922,1270.0,0.9864864864864865,Qatar-1__2026-08-21,True,7.093247631375318,73
456,567.4246666700442,164.23282629176504,1209.1490173339844,619.0,0.9864864864864865,Qatar-1__2026-08-21,False,22.853210926317832,73
458,233.70552147239263,169.56646216768917,477.0,487.0,0.9864864864864865,Qatar-1__2026-08-21,False,45.81194247269285,73
459,19.535926697886026,172.81351112573975,1215.0,602.0,0.9864864864864865,Qatar-1__2026-08-21,False,23.79323137055874,57
460,273.03314917127074,172.27624309392266,174.0,556.0,0.9594594594594594,Qatar-1__2026-08-21,False,72.57225117863787,71
463,220.131572327044,182.54893081761006,4007.0,933.0,0.9864864864864865,Qatar-1__2026-08-21,True,9.081131603917811,73
464,259.03435468895077,184.70473537604457,1075.0,529.0,0.9864864864864865,Qatar-1__2026-08-21,False,22.58837217711198,73
465,433.2154176026629,187.16293897805926,1172.5360717773438,559.0,0.9864864864864865,Qatar-1__2026-08-21,False,23.88214389187344,73
468,373.95370130633455,188.86283601889542,1007.2486572265625,551.0,0.9864864864864865,Qatar-1__2026-08-21,False,28.30961286699974,73
471,567.2628634546874,196.33415802286314,341.4768371582031,524.0,0.9864864864864865,Qatar-1__2026-08-21,False,62.14329024549164,73
474,218.86855670103094,196.90721649484536,393.0,487.0,0.9864864864864865,Qatar-1__2026-08-21,False,61.33880814214751,73
476,241.9121540312876,200.4777376654633,809.0,538.0,0.9864864864864865,Qatar-1__2026-08-21,False,30.57750736160838,73
478,130.47081963553904,205.24164640571894,2303.4039611816406,746.0,0.9864864864864865,Qatar-1__2026-08-21,False,14.47081203537684,73
479,46.81323710604627,206.14478402777917,148.590576171875,474.0,0.972972972972973,Qatar-1__2026-08-21,False,91.84077034343849,72
480,547.2723569361619,206.93900738842996,751.1041259765625,520.0,0.9864864864864865,Qatar-1__2026-08-21,False,36.66285726491651,73
481,41.72006145584626,207.32826711243516,602.9989929199219,513.0,0.9864864864864865,Qatar-1__2026-08-21,False,40.34256821055272,73
482,344.8230183989964,209.37978969361305,826.5009460449219,726.0,0.9864864864864865,Qatar-1__2026-08-21,False,38.9937192948715,73
485,302.90909090909093,217.9090909090909,312.0054016113281,478.0,0.9864864864864865,Qatar-1__2026-08-21,False,61.865673444374124,73
486,266.3342981186686,219.76049204052097,1337.0,596.0,0.9864864864864865,Qatar-1__2026-08-21,False,25.529073589559545,73
490,430.41367019821024,224.83750738808436,470.43963623046875,488.0,0.9864864864864865,Qatar-1__2026-08-21,False,48.197996408939716,73
492,92.95849108606896,228.69436657853365,401.43963623046875,487.0,0.9864864864864865,Qatar-1__2026-08-21,False,55.601331423223414,73
495,168.41287878787878,234.28787878787878,181.00473022460938,487.0,0.972972972972973,Qatar-1__2026-08-21,False,108.3921573431324,72
496,96.02031823301841,235.1342128543224,229.63043212890625,527.0,0.9864864864864865,Qatar-1__2026-08-21,False,72.32759963178293,73
497,333.6092796092796,237.8095238095238,779.0,820.0,0.9864864864864865,Qatar-1__2026-08-21,False,31.4912312684386,73
501,196.32721931974584,242.40112825897594,6742.702545166016,1210.0,0.9864864864864865,Qatar-1__2026-08-21,True,6.212927565779267,73
503,583.0389163230593,241.58784674837577,311.6781311035156,488.0,0.9864864864864865,Qatar-1__2026-08-21,False,55.2980752410093,73
504,84.29721654097582,243.9767662503386,181.9403076171875,491.0,0.972972972972973,Qatar-1__2026-08-21,False,83.70369751349695,72
505,541.9422529649847,244.45997392688162,309.9346618652344,1011.0,0.9864864864864865,Qatar-1__2026-08-21,False,60.81108603695321,73
507,560.1290282763637,248.39160355304557,326.4441223144531,497.0,0.9864864864864865,Qatar-1__2026-08-21,False,61.17237863576843,73
510,402.6850121889739,254.13777709700454,890.640869140625,523.0,0.9864864864864865,Qatar-1__2026-08-21,False,26.450922495782155,73
511,495.5311819091719,253.1798837740289,149.11134338378906,630.0,0.8378378378378378,Qatar-1__2026-08-21,False,126.95476126830324,62
513,197.0733484619231,257.51532625163753,2804.0,749.0,0.9864864864864865,Qatar-1__2026-08-21,True,12.776622555560028,73
514,277.4849498327759,257.60535117056855,561.8941650390625,729.0,0.9864864864864865,Qatar-1__2026-08-21,False,51.87638893866526,73
515,535.5800600563738,259.1368255165868,325.0129699707031,494.0,0.9864864864864865,Qatar-1__2026-08-21,False,63.95316878321245,73
516,97.00390694432717,261.11535552912875,772.0,529.0,0.9864864864864865,Qatar-1__2026-08-21,False,30.966651945720567,73
518,196.91610279023203,267.4779592466367,372.0,502.0,0.9864864864864865,Qatar-1__2026-08-21,False,84.21873744420479,73
519,276.0,266.7088607594937,147.83340454101562,470.0,0.7567567567567568,Qatar-1__2026-08-21,False,125.6024853895731,56
520,93.11730567589402,269.1786933029519,1803.0,651.0,0.9864864864864865,Qatar-1__2026-08-21,False,16.970974080597067,73
521,68.17419826223559,269.81932150760804,297.50445556640625,472.0,0.9864864864864865,Qatar-1__2026-08-21,False,65.8036188369209,73
522,60.90917969048582,270.88213231589964,350.4544677734375,481.0,0.9864864864864865,Qatar-1__2026-08-21,False,53.09169597426345,73
523,109.17204950855756,271.53779011359194,829.4664611816406,532.0,0.9864864864864865,Qatar-1__2026-08-21,False,27.833830500249334,73
525,529.7821170164955,277.96773768053737,3958.8555603027344,617.0,0.9864864864864865,Qatar-1__2026-08-21,True,12.64998350207748,73
528,464.2977954402418,277.3134496720357,313.8703918457031,505.0,0.9864864864864865,Qatar-1__2026-08-21,False,65.00310462902692,73
531,331.9362745098039,280.77941176470586,202.57388305664062,461.0,0.8243243243243243,Qatar-1__2026-08-21,False,64.98710710722641,61
532,66.28332341169566,285.64416219991824,476.0,522.0,0.9864864864864865,Qatar-1__2026-08-21,False,48.10901592438704,73
536,454.1039544152457,288.60951886891496,2036.4843444824219,663.0,0.9864864864864865,Qatar-1__2026-08-21,False,16.793467939669647,73
537,148.80606049526267,289.0966563824199,335.0,690.0,0.9864864864864865,Qatar-1__2026-08-21,False,59.83425183592669,73
538,534.2627167183701,289.0488815244408,204.85543823242188,466.0,0.972972972972973,Qatar-1__2026-08-21,False,101.55201928196867,72
539,248.9048502802574,289.98844275844243,203.0,527.0,0.972972972972973,Qatar-1__2026-08-21,False,77.24047298987448,72
540,401.77053249857056,291.9150979986672,452.43212890625,530.0,0.9864864864864865,Qatar-1__2026-08-21,False,50.00189490714622,73
541,298.78072642760895,291.6275945838125,176.00439453125,491.0,0.8378378378378378,Qatar-1__2026-08-21,False,78.38403680014221,62
542,342.82776317254746,292.52054396975586,208.61846923828125,520.0,0.8783783783783784,Qatar-1__2026-08-21,False,100.38950855995367,65
543,386.0297438858262,291.69674649141257,142.672119140625,465.0,0.7972972972972973,Qatar-1__2026-08-21,False,95.38443303807973,59
545,314.2071591774562,295.9179994922569,3854.0,840.0,0.9864864864864865,Qatar-1__2026-08-21,True,7.8371524877124,73
547,63.457485748544315,295.058485108853,686.40234375,507.0,0.9864864864864865,Qatar-1__2026-08-21,False,37.40962550719609,73
548,92.93508764488327,295.88963532407234,286.9876403808594,523.0,0.9864864864864865,Qatar-1__2026-08-21,False,68.7661616413923,73
551,380.6147631248179,299.9609612893124,5918.485778808594,999.0,0.9864864864864865,Qatar-1__2026-08-21,True,7.57580125335011,73
553,349.49947160537846,299.6867385229536,1863.6377563476562,621.0,0.9864864864864865,Qatar-1__2026-08-21,False,15.788915390404473,73
554,560.3651622990112,299.21527112649244,355.3471984863281,481.0,0.9864864864864865,Qatar-1__2026-08-21,False,66.93237634864676,73
555,100.86979654727823,301.704169630351,2309.7510986328125,763.0,0.9864864864864865,Qatar-1__2026-08-21,True,20.299226753317846,73
556,282.2741042969923,303.94112660870667,1823.9348449707031,611.0,0.9864864864864865,Qatar-1__2026-08-21,False,15.083880054698485,73
559,308.9774397899919,306.44070502275554,1105.218505859375,665.0,0.9864864864864865,Qatar-1__2026-08-21,False,23.917722853126264,73
563,58.43084213842792,313.1122064566,1256.3858947753906,574.0,0.9864864864864865,Qatar-1__2026-08-21,False,24.20977984778536,73
564,50.722996462397276,313.78188620927637,2185.831268310547,689.0,0.9864864864864865,Qatar-1__2026-08-21,False,19.087535986106296,73
565,130.50138966092274,316.1959421901056,3588.2166442871094,843.0,0.9864864864864865,Qatar-1__2026-08-21,True,10.605781640388898,73
566,139.0958785505769,315.18444778615907,526.0,532.0,0.9864864864864865,Qatar-1__2026-08-21,False,46.57481640878571,73
567,190.045871559633,317.10550458715596,210.57635498046875,465.0,0.972972972972973,Qatar-1__2026-08-21,False,78.68320671466411,72
569,440.78570051954875,318.3616845406897,445.7784423828125,651.0,0.9864864864864865,Qatar-1__2026-08-21,False,43.06859160224999,73
573,67.50009400341409,329.1075568539805,1165.3382873535156,561.0,0.9864864864864865,Qatar-1__2026-08-21,False,27.651479004554755,73
574,202.2673076923077,328.58846153846156,507.0,527.0,0.9864864864864865,Qatar-1__2026-08-21,False,48.05270586812681,73
575,526.2447156198148,333.29674845019065,8230.1640625,1263.0,0.9864864864864865,Qatar-1__2026-08-21,True,8.46005859100577,73
576,380.3700165503184,332.8139633317539,1637.17578125,587.0,0.9864864864864865,Qatar-1__2026-08-21,False,17.499604871477285,73
579,65.92448325544103,340.2842035639343,942.8374938964844,533.0,0.9864864864864865,Qatar-1__2026-08-21,False,29.289217320441992,73
583,140.89861451645774,348.4983358464756,203.43612670898438,481.0,0.9459459459459459,Qatar-1__2026-08-21,False,84.58012938029395,70
585,100.35673203009151,350.78892437528873,630.8107604980469,508.0,0.9864864864864865,Qatar-1__2026-08-21,False,36.26097017118669,73
588,184.8962962962963,351.43703703703704,805.0,514.0,0.9864864864864865,Qatar-1__2026-08-21,False,32.14211983273575,73
590,225.5267558528428,353.60535117056855,632.0,497.0,0.9864864864864865,Qatar-1__2026-08-21,False,36.23578279417718,73
591,18.492995330220147,358.1961307538359,1490.2277526855469,592.0,0.9864864864864865,Qatar-1__2026-08-21,False,19.279086395136975,55
592,265.1672131147541,358.0786885245902,586.0,525.0,0.9864864864864865,Qatar-1__2026-08-21,False,39.84696905299679,73
595,40.47837018309082,362.6234796276054,193.35618591308594,485.0,0.972972972972973,Qatar-1__2026-08-21,False,83.91084495137432,72
597,367.63780723625547,366.63601924405623,2395.699691772461,1233.0,0.972972972972973,Qatar-1__2026-08-21,True,16.556263188566557,72
599,29.996753246753247,367.211038961039,623.9151000976562,496.0,0.9864864864864865,Qatar-1__2026-08-21,False,42.50519565297844,73
600,116.56710413826484,368.08157408319875,424.0,478.0,0.9864864864864865,Qatar-1__2026-08-21,False,58.02898819901599,73
602,386.66544575771576,374.59268162707724,1599.0968933105469,569.0,0.9864864864864865,Qatar-1__2026-08-21,False,18.406025977301294,73
604,233.16465863453814,374.9156626506024,180.0,692.0,0.8783783783783784,Qatar-1__2026-08-21,False,224.37057089441333,65
605,256.5812917594655,377.19599109131406,451.0,519.0,0.9864864864864865,Qatar-1__2026-08-21,False,41.47496917184436,73
606,198.56302521008402,377.79831932773106,212.0,480.0,0.9864864864864865,Qatar-1__2026-08-21,False,75.10302692946182,73
607,355.3057851239669,379.64462809917353,608.6434631347656,490.0,0.9864864864864865,Qatar-1__2026-08-21,False,40.36259426245632,73
611,401.75519456643997,383.78432415298886,1458.21630859375,559.0,0.9864864864864865,Qatar-1__2026-08-21,False,18.260500847275335,73
612,473.32173174796725,383.3318789975968,524.82861328125,495.0,0.9864864864864865,Qatar-1__2026-08-21,False,41.64636235175939,73
613,277.23052318939915,386.67466301119487,4423.0,946.0,0.9864864864864865,Qatar-1__2026-08-21,True,8.744946968606483,73
615,182.81284916201116,389.77932960893855,374.0,470.0,0.9864864864864865,Qatar-1__2026-08-21,False,53.09571702954246,73
616,224.97805582290664,391.9097208854668,5275.0,975.0,0.9864864864864865,Qatar-1__2026-08-21,True,8.207474316558804,73
617,163.12745098039215,391.77941176470586,185.9940185546875,466.0,0.9594594594594594,Qatar-1__2026-08-21,False,95.63516125342232,71
618,562.672234467827,392.4599329607481,341.42291259765625,472.0,0.9864864864864865,Qatar-1__2026-08-21,False,60.020094388397695,73
622,408.0886605924057,401.157487458769,3970.4452514648438,749.0,0.9864864864864865,Qatar-1__2026-08-21,True,8.481788584030086,73
625,56.054284102996945,412.0704208041323,384.0,467.0,0.9864864864864865,Qatar-1__2026-08-21,False,50.54574079948749,73
626,408.3510816733311,413.3022529547458,29661.291107177734,2888.0,0.9864864864864865,Qatar-1__2026-08-21,True,5.750618373606261,73
627,588.9431226447457,409.86333102238336,162.66395568847656,466.0,0.7027027027027027,Qatar-1__2026-08-21,False,75.32783646353282,52
629,323.5179318479096,416.7718924427659,51338.76156616211,4095.0,0.9864864864864865,Qatar-1__2026-08-21,False,7.651505968501914,73
630,37.09851984345337,418.5784239227568,559.8509826660156,491.0,0.9864864864864865,Qatar-1__2026-08-21,False,46.12212425598455,73
632,98.57835116135124,420.7212300190215,667.4530029296875,504.0,0.9864864864864865,Qatar-1__2026-08-21,False,38.74684868734838,73
633,327.56171308988274,426.08842437420776,481.5185241699219,522.0,0.9864864864864865,Qatar-1__2026-08-21,False,50.405029815086706,73
634,295.66926677067084,427.4492979719189,630.7288513183594,508.0,0.9864864864864865,Qatar-1__2026-08-21,False,33.15041851150757,73
635,438.8383393748089,428.6531195274769,1487.1824951171875,532.0,0.9864864864864865,Qatar-1__2026-08-21,False,18.64464379073857,73
636,389.3008420585164,430.7106886210639,1440.5407409667969,534.0,0.9864864864864865,Qatar-1__2026-08-21,False,19.906100499957617,73
639,32.964972273741914,435.6220079970511,9614.88833618164,1422.0,0.9864864864864865,Qatar-1__2026-08-21,True,7.271348719388749,73
643,76.65340416297244,442.4790074776543,1978.7466430664062,608.0,0.9864864864864865,Qatar-1__2026-08-21,False,18.832580743081365,73
646,487.04370558828236,444.85547546182653,12578.875091552734,1396.0,0.9864864864864865,Qatar-1__2026-08-21,True,5.599167735126442,73
647,181.727699908011,444.2101387625377,2310.0,630.0,0.9864864864864865,Qatar-1__2026-08-21,False,12.009499790032791,73
649,359.8901386786471,445.7248675201013,1040.0,587.0,0.9864864864864865,Qatar-1__2026-08-21,False,28.007283188219557,73
650,314.3261178224152,446.57583062756635,295.0,503.0,0.9864864864864865,Qatar-1__2026-08-21,False,65.63055256709303,73
651,81.82580280137522,448.9234160281277,310.71087646484375,466.0,0.9864864864864865,Qatar-1__2026-08-21,False,59.02889660200184,73
654,154.16198688348132,454.7208281581336,326.0,460.0,0.9864864864864865,Qatar-1__2026-08-21,False,60.20737390997615,73
655,375.02512128472796,456.087373152314,2444.133087158203,1487.0,0.9864864864864865,Qatar-1__2026-08-21,True,15.22725916383895,73
657,163.65871778332695,456.56650837804835,202.0218505859375,757.0,0.9324324324324325,Qatar-1__2026-08-21,False,79.8104293538892,69
658,580.216267296131,458.1008368294054,246.54872131347656,489.0,0.9459459459459459,Qatar-1__2026-08-21,False,74.57934333531547,70
659,117.30759403435565,464.22183821275945,61937.0,4095.0,0.9864864864864865,Qatar-1__2026-08-21,False,17.80557876648692,73
660,491.60602519511264,462.61801675452847,1499.6080322265625,544.0,0.9864864864864865,Qatar-1__2026-08-21,False,17.991287944738175,73
662,215.75849370263242,466.2904023824518,2314.0,644.0,0.9864864864864865,Qatar-1__2026-08-21,False,14.772099610455857,73
663,264.1141027983584,467.06811468931915,228.61996459960938,470.0,0.9864864864864865,Qatar-1__2026-08-21,False,64.57420834469116,73
664,304.7973271661972,466.98213085876876,163.89195251464844,458.0,0.918918918918919,Qatar-1__2026-08-21,False,58.05102384228548,68
665,231.16548617485603,472.5098529001726,8134.0,790.0,0.9864864864864865,Qatar-1__2026-08-21,True,17.840058232832952,73
667,157.21701997929847,475.45366678160656,3495.8270568847656,1081.0,0.9864864864864865,Qatar-1__2026-08-21,True,9.529769633191776,73
668,290.52071790755195,475.2833265817451,1130.3887023925781,518.0,0.9864864864864865,Qatar-1__2026-08-21,False,20.859983632072105,73
675,122.08695652173913,483.3768115942029,554.8331298828125,1073.0,0.9864864864864865,Qatar-1__2026-08-21,False,41.21072771670445,69
9,418.0465210796271,73.82619153262259,32580.636474609375,4095.0,0.7285714285714285,TRES-3__2026-08-10,False,129.76080092920137,51
11,148.15722099250522,79.736425514118,17074.526092529297,4095.0,0.7285714285714285,TRES-3__2026-08-10,False,112.19273295694246,51
12,136.9562243502052,158.72229822161424,20094.0,4095.0,0.7285714285714285,TRES-3__2026-08-10,False,125.24613202859142,51
13,358.96875,198.83333333333334,5924.052276611328,1878.0,0.7285714285714285,TRES-3__2026-08-10,True,65.14129122726618,51
16,167.21450151057402,366.2326283987915,12099.0,2673.0,0.7285714285714285,TRES-3__2026-08-10,True,127.10486314243951,51
17,91.9836956521739,367.0978260869565,8116.928253173828,2108.0,0.7285714285714285,TRES-3__2026-08-10,True,91.04966694654831,51
18,164.1387283236994,417.08092485549133,8837.652618408203,2007.0,0.7285714285714285,TRES-3__2026-08-10,True,118.7887729437278,51
19,180.84545454545454,23.572727272727274,2174.2623443603516,1139.0,0.7142857142857143,TRES-3__2026-08-10,True,56.781246630738956,50
21,182.49316181124345,268.4490972809689,1921.5,852.0,0.7142857142857143,TRES-3__2026-08-10,True,38.10833301774793,50
22,51.99204581262166,277.0611488984849,4026.480484008789,1416.0,0.7142857142857143,TRES-3__2026-08-10,True,25.859151406748182,50
23,166.1442885359024,290.14002160793666,4325.343276977539,1445.0,0.7142857142857143,TRES-3__2026-08-10,True,26.706907058981265,50
25,400.149196713271,375.4695809772434,4821.268692016602,1280.0,0.7142857142857143,TRES-3__2026-08-10,True,32.47824862291427,50
26,300.9846153846154,396.91282051282053,3864.7183837890625,1410.0,0.7142857142857143,TRES-3__2026-08-10,True,21.483246030222297,50
27,497.0059852462744,396.88011710493873,2541.6533203125,837.0,0.7,TRES-3__2026-08-10,True,40.30595489502089,49
29,144.00097437245773,136.76634817875168,1440.0,824.0,0.7,TRES-3__2026-08-10,True,63.51374154442372,49
3,460.2168931069973,36.60985207001609,439.3901824951172,545.0,0.7450980392156863,TRES-3__2026-08-14,False,64.86836596198953,38
4,279.5,38.404761904761905,499.0,603.0,0.7450980392156863,TRES-3__2026-08-14,False,71.77501466577567,38
5,144.6506378802748,43.999018645731105,2420.5812072753906,1543.0,0.9215686274509803,TRES-3__2026-08-14,True,159.83687787036206,47
6,606.4911113840286,54.965967585184245,542.85693359375,593.0,0.8431372549019608,TRES-3__2026-08-14,False,122.02685923272418,43
7,501.73793947201807,57.68038676191463,6061.3472900390625,2627.0,0.9607843137254902,TRES-3__2026-08-14,True,279.8493552984967,49
8,460.45714968050453,61.277827250982654,836.3636169433594,678.0,0.8431372549019608,TRES-3__2026-08-14,False,97.43159697854315,43
10,176.5729388665967,67.82285766768767,488.7939453125,585.0,0.7450980392156863,TRES-3__2026-08-14,False,77.79228371931778,38
11,435.5702358157347,69.87622142930175,431.8375244140625,558.0,0.7450980392156863,TRES-3__2026-08-14,False,56.21175935238438,38
12,453.9250903943281,75.24314524135112,573.1009674072266,593.0,0.8235294117647058,TRES-3__2026-08-14,False,94.56242518517436,42
13,529.6776501862646,80.92463521212133,547.3978881835938,623.0,0.8431372549019608,TRES-3__2026-08-14,False,140.81729156679685,43
14,316.6666666666667,83.92,508.5,568.0,0.7450980392156863,TRES-3__2026-08-14,False,84.78356181455467,38
15,92.16952380952381,84.83619047619048,1347.9686279296875,929.0,0.8823529411764706,TRES-3__2026-08-14,False,102.9980889605382,45
16,169.18165899281323,87.9702474233761,1232.546890258789,935.0,0.8627450980392157,TRES-3__2026-08-14,False,118.36918249813857,44
17,29.894736842105264,90.22368421052632,455.8450164794922,636.0,0.7450980392156863,TRES-3__2026-08-14,False,85.3125881932524,38
18,381.9229519893117,93.64349249068059,35530.06085205078,4095.0,0.9607843137254902,TRES-3__2026-08-14,False,251.78583927323893,49
19,425.02661242289236,93.74723770047613,4578.731536865234,2147.0,0.9607843137254902,TRES-3__2026-08-14,True,282.65774901101116,49
20,587.1870196860489,94.297675093534,535.3860321044922,600.0,0.8235294117647058,TRES-3__2026-08-14,False,93.60175466946482,42
21,523.0837496433461,95.63287534298959,1282.1862182617188,811.0,0.8823529411764706,TRES-3__2026-08-14,False,100.59243137973971,45
22,112.13458597760261,98.79271704014538,18030.130920410156,4095.0,0.9607843137254902,TRES-3__2026-08-14,False,278.3077974189734,49
23,469.13607145758533,106.40687819586313,788.0216369628906,647.0,0.8431372549019608,TRES-3__2026-08-14,False,93.30442284902824,43
24,274.48146482410266,111.9906488688493,394.1147918701172,533.0,0.7450980392156863,TRES-3__2026-08-14,False,68.73997568293463,38
25,136.45714285714286,122.55714285714286,425.36741638183594,552.0,0.7450980392156863,TRES-3__2026-08-14,False,68.53556884217922,38
27,533.7754253304679,136.01107667063104,537.2233581542969,587.0,0.8235294117647058,TRES-3__2026-08-14,False,130.76936694330297,42
28,241.32019704433498,143.08374384236453,744.4102630615234,669.0,0.7843137254901961,TRES-3__2026-08-14,False,57.77369911649902,40
29,513.8951787620124,151.37102080617584,1806.9092407226562,975.0,0.9215686274509803,TRES-3__2026-08-14,True,156.49238457563615,47
30,103.35396288701466,158.55631519447832,1592.3680725097656,983.0,0.8823529411764706,TRES-3__2026-08-14,True,109.03828865403185,45
31,334.7535463626774,167.53717269696847,1583.3196411132812,997.0,0.9019607843137255,TRES-3__2026-08-14,True,71.41213322391903,46
32,272.85470085470087,173.17521367521368,826.1582641601562,679.0,0.7843137254901961,TRES-3__2026-08-14,False,58.12386112045707,40
33,100.73158402701684,177.74655155254263,21378.34130859375,4095.0,0.9607843137254902,TRES-3__2026-08-14,False,286.06439291969303,49
34,338.26573426573424,176.34265734265733,880.930908203125,586.0,0.7450980392156863,TRES-3__2026-08-14,False,65.7931056133912,38
35,382.9604375709305,176.18858033314234,516.5647583007812,550.0,0.7450980392156863,TRES-3__2026-08-14,False,63.81320113828485,38
36,174.38678837549583,185.54752627145842,1236.3854064941406,872.0,0.8627450980392157,TRES-3__2026-08-14,False,61.762250756227715,44
37,380.51513368064957,186.62630390718982,658.0,607.0,0.7647058823529411,TRES-3__2026-08-14,False,50.21827246843623,39
38,70.45396825396826,191.87936507936507,768.7101440429688,710.0,0.8627450980392157,TRES-3__2026-08-14,False,146.9437663954551,44
39,124.15035681474772,197.9877058929023,691.2175598144531,661.0,0.8627450980392157,TRES-3__2026-08-14,False,99.5952223562358,44
40,216.45535714285714,203.75892857142858,678.0,617.0,0.8431372549019608,TRES-3__2026-08-14,False,76.36112809287826,43
41,199.98863636363637,210.17045454545453,403.76634216308594,537.0,0.7450980392156863,TRES-3__2026-08-14,False,82.8932763060119,38
42,119.80967101169011,211.76992676805983,440.4568176269531,542.0,0.7450980392156863,TRES-3__2026-08-14,False,102.26701584724105,38
43,374.5972643112101,214.12593808223428,494.8774108886719,534.0,0.7450980392156863,TRES-3__2026-08-14,False,55.881109357560725,38
44,323.2047810400762,218.71739365927075,6639.661926269531,2727.0,0.9607843137254902,TRES-3__2026-08-14,True,109.30944362333928,49
45,513.5857378233286,220.9508358249928,5092.552276611328,1922.0,0.9411764705882353,TRES-3__2026-08-14,True,196.147811545319,48
46,594.0058158828418,232.6459637046799,876.5529174804688,618.0,0.8431372549019608,TRES-3__2026-08-14,False,105.44787216132273,43
47,517.5327783738448,235.3356876175972,2224.4679260253906,1057.0,0.9215686274509803,TRES-3__2026-08-14,True,151.03711023684272,47
48,492.6237264928635,239.1815639528215,8996.561737060547,3119.0,0.9607843137254902,TRES-3__2026-08-14,True,186.111781154831,49
49,299.9867549668874,238.47682119205297,609.5439453125,571.0,0.7450980392156863,TRES-3__2026-08-14,False,51.408670679855724,38
50,446.487496611531,249.99282241438053,575.102783203125,557.0,0.803921568627451,TRES-3__2026-08-14,False,115.8626093813316,41
51,494.2324033563509,255.21908785022927,518.1180725097656,545.0,0.7647058823529411,TRES-3__2026-08-14,False,117.61681450187133,39
52,506.2600565106343,264.6098744229823,933.2640686035156,639.0,0.8431372549019608,TRES-3__2026-08-14,False,118.58496460769778,43
53,613.1029687277407,265.66428408664524,626.1177368164062,570.0,0.803921568627451,TRES-3__2026-08-14,False,113.54920099166826,41
55,106.78135220888686,280.36463367699866,503.5156555175781,539.0,0.7450980392156863,TRES-3__2026-08-14,False,51.42893720806016,38
56,146.23303823719084,289.21885265413556,2360.0,1132.0,0.9215686274509803,TRES-3__2026-08-14,True,122.51246442442881,47
57,540.1099806789607,289.7708964084933,2251.8465270996094,917.0,0.9019607843137255,TRES-3__2026-08-14,True,103.7537632245432,46
58,421.07600568746597,291.22721320164356,1659.8822784423828,833.0,0.9019607843137255,TRES-3__2026-08-14,True,62.873114948533576,46
60,15.713031320586474,297.6084115453742,4303.773513793945,1741.0,0.9411764705882353,TRES-3__2026-08-14,True,389.374108242599,23
61,479.18729956270477,300.11810718524055,1686.0955810546875,897.0,0.9215686274509803,TRES-3__2026-08-14,True,117.29012287892381,47
62,129.64469825284414,311.04045584701123,4859.9820556640625,1840.0,0.9215686274509803,TRES-3__2026-08-14,True,134.88195640731956,47
63,160.3465894265529,315.61170263633073,846.8286743164062,665.0,0.8431372549019608,TRES-3__2026-08-14,False,54.1218047356051,43
64,601.3544967662328,320.96012335298354,5762.03498840332,1668.0,0.9411764705882353,TRES-3__2026-08-14,True,241.76528506854984,48
66,99.95561196693274,333.03594563489986,1221.0,756.0,0.8627450980392157,TRES-3__2026-08-14,False,104.56970461755746,44
67,67.76128092788906,336.4684911959387,465.3651123046875,527.0,0.7450980392156863,TRES-3__2026-08-14,False,60.2464040488682,38
68,183.04166666666666,347.2986111111111,586.0,583.0,0.8235294117647058,TRES-3__2026-08-14,False,70.0532853878326,42
69,439.9881473408921,353.35763881482455,579.9561767578125,550.0,0.8235294117647058,TRES-3__2026-08-14,False,85.09805849921855,42
71,323.9935275080906,361.5210355987055,3081.1803283691406,820.0,0.8627450980392157,TRES-3__2026-08-14,True,84.28643312910846,44
73,501.1276701642048,379.6629953537246,26095.494262695312,4095.0,0.9607843137254902,TRES-3__2026-08-14,False,207.422856367759,49
74,346.35139136532223,379.11101253951205,739.0960845947266,598.0,0.8627450980392157,TRES-3__2026-08-14,False,91.32880289058707,44
75,131.0737493959867,385.349398334419,14812.279479980469,4095.0,0.9607843137254902,TRES-3__2026-08-14,False,232.00718124855354,49
76,55.681056233862385,386.19705143227844,8924.208740234375,2938.0,0.9607843137254902,TRES-3__2026-08-14,True,275.0053025184133,49
77,61.150752405149085,391.8881572332409,891.6646270751953,638.0,0.8235294117647058,TRES-3__2026-08-14,False,160.18863447333845,42
78,363.7167617788136,396.82653491888,5662.0,1751.0,0.9411764705882353,TRES-3__2026-08-14,True,152.18388902849208,48
79,76.07352941176471,404.45588235294116,504.143798828125,514.0,0.7450980392156863,TRES-3__2026-08-14,False,57.54635266505964,38
80,562.372437366181,408.29864106003976,1256.8286743164062,676.0,0.8823529411764706,TRES-3__2026-08-14,False,159.42533086809712,45
81,612.7760028199006,415.00552760456253,1445.7344970703125,670.0,0.8627450980392157,TRES-3__2026-08-14,True,216.97020957426565,44
82,264.5849582172702,417.9874651810585,4796.0,1528.0,0.9215686274509803,TRES-3__2026-08-14,True,116.18817651497636,47
83,460.9135159989186,418.37586645494616,2990.20263671875,1074.0,0.9215686274509803,TRES-3__2026-08-14,True,103.52606404902775,47
85,226.1214953271028,428.6261682242991,626.1923065185547,715.0,0.7450980392156863,TRES-3__2026-08-14,False,44.331042685487226,38
86,127.95714752705682,436.25427786301196,9533.0,2741.0,0.9607843137254902,TRES-3__2026-08-14,True,232.03383676797046,49
87,244.06896551724137,434.80689655172415,616.5,548.0,0.8235294117647058,TRES-3__2026-08-14,False,95.29799724778563,42
88,63.7935582235204,437.2732019012654,1371.7406463623047,751.0,0.8627450980392157,TRES-3__2026-08-14,False,175.51658700317068,44
89,361.74052899126974,475.41223049624296,7007.706436157227,1744.0,0.9411764705882353,TRES-3__2026-08-14,True,163.89247447129722,48
90,526.5760105906563,483.34977401047735,1159.1110534667969,624.0,0.8627450980392157,TRES-3__2026-08-14,False,114.97617474667497,44
92,102.40673420778603,105.75930164362174,327.7198486328125,534.0,0.7254901960784313,TRES-3__2026-08-14,False,80.9051598776081,37
93,31.000704335576774,110.98818245356902,306.00445556640625,522.0,0.7254901960784313,TRES-3__2026-08-14,False,82.45963656782226,37
94,408.8171462349373,119.85861961781485,432.016845703125,539.0,0.7254901960784313,TRES-3__2026-08-14,False,68.30336224170533,37
95,187.19494835713843,178.2243612248614,337.4577941894531,496.0,0.7254901960784313,TRES-3__2026-08-14,False,97.7917341734465,37
96,422.462023510403,182.88399487633666,505.6407775878906,545.0,0.7254901960784313,TRES-3__2026-08-14,False,52.091093700706914,37
97,94.05575999411755,206.45898119246306,383.4394226074219,527.0,0.7254901960784313,TRES-3__2026-08-14,False,72.78256796267526,37
98,270.29006775193625,220.00711204333206,468.0,532.0,0.7254901960784313,TRES-3__2026-08-14,False,69.1480304362406,37
99,136.5,224.42857142857142,380.3651123046875,495.0,0.7254901960784313,TRES-3__2026-08-14,False,81.57325419291656,37
100,435.9502616433978,243.90359372144107,525.5872497558594,524.0,0.7254901960784313,TRES-3__2026-08-14,False,39.19398432292797,37
101,22.132075471698112,268.85849056603774,421.0,516.0,0.7254901960784313,TRES-3__2026-08-14,False,69.67838879011369,37
102,614.4656914114299,313.47965721210437,508.9254150390625,511.0,0.7254901960784313,TRES-3__2026-08-14,False,97.61719257979067,37
103,126.77894736842106,318.5052631578947,475.0,534.0,0.7254901960784313,TRES-3__2026-08-14,False,57.64824732355169,37
104,104.14871794871794,324.42051282051284,506.53578186035156,532.0,0.7450980392156863,TRES-3__2026-08-14,False,67.36840619279623,38
106,509.76099918845983,470.9099331332424,641.9139709472656,511.0,0.7450980392156863,TRES-3__2026-08-14,False,75.00571897260939,38
107,571.4920877377842,474.4363739686271,503.43670654296875,500.0,0.7450980392156863,TRES-3__2026-08-14,False,117.92343429231622,38
108,202.1148715062136,486.64755764864816,557.9871520996094,505.0,0.7254901960784313,TRES-3__2026-08-14,False,59.35738678646109,30
123,197.06996968785523,70.12396835962237,433.56919860839844,653.0,0.7058823529411765,TRES-3__2026-08-14,False,71.65186008523197,36
137,154.8448275862069,197.79741379310346,307.13124084472656,496.0,0.7058823529411765,TRES-3__2026-08-14,False,83.0237549100023,36
139,380.04118354834037,224.72010385772586,450.19947814941406,508.0,0.7058823529411765,TRES-3__2026-08-14,False,57.32368345723016,36
144,469.54124586304636,254.931928185765,449.37506103515625,502.0,0.7058823529411765,TRES-3__2026-08-14,False,66.04074295111631,36
150,327.7864768683274,299.8683274021352,395.3561553955078,490.0,0.7058823529411765,TRES-3__2026-08-14,False,62.37487143109422,36
170,605.2359215386767,454.04923206055497,554.1173095703125,506.0,0.7058823529411765,TRES-3__2026-08-14,False,50.472395004086394,36
17,283.880301602262,39.95004712535344,894.3866577148438,1223.0,1.0,TRES-3__2026-08-27,False,46.097980415685335,47
22,356.2751635545786,56.91099019463029,391.6300048828125,996.0,0.8857142857142857,TRES-3__2026-08-27,False,72.76160992282324,62
25,464.92213206899,62.37579634209229,1583.3649291992188,1261.0,1.0,TRES-3__2026-08-27,False,81.5747376434501,70
28,11.391625615763546,66.04802955665025,677.5118713378906,938.0,1.0,TRES-3__2026-08-27,False,44.164359254992554,61
30,180.9444010353571,69.53591120913732,836.0305786132812,946.0,1.0,TRES-3__2026-08-27,False,47.60581220463133,70
32,203.66507177033492,76.14035087719299,490.0,892.0,0.9571428571428572,TRES-3__2026-08-27,False,61.77425738385948,67
33,458.2623400471294,76.3916603856054,1092.4735412597656,953.0,1.0,TRES-3__2026-08-27,False,33.84360972052638,70
35,414.5408970976253,79.74934036939314,318.2414855957031,885.0,0.8285714285714286,TRES-3__2026-08-27,False,79.05609917731702,58
37,321.04016393456004,85.3497653176164,933.3564147949219,956.0,1.0,TRES-3__2026-08-27,False,102.19394198631302,70
38,96.48354503464203,86.53579676674364,3101.584716796875,1286.0,1.0,TRES-3__2026-08-27,True,21.361794076844742,70
39,173.31696537603528,89.56076088471205,2873.2735900878906,1202.0,1.0,TRES-3__2026-08-27,True,23.406788606757548,70
41,386.3679662244027,94.98878368004218,68269.46994018555,4095.0,1.0,TRES-3__2026-08-27,False,56.303045583227316,70
42,34.163319946452475,91.98661311914324,581.25439453125,931.0,1.0,TRES-3__2026-08-27,False,53.5846044174336,70
43,97.29553264604812,92.70446735395188,487.0850830078125,903.0,0.9571428571428572,TRES-3__2026-08-27,False,144.07200321232958,67
44,429.39701986754966,94.86879139072848,10721.906341552734,2034.0,1.0,TRES-3__2026-08-27,True,11.105565502444216,70
45,527.6935195832431,96.53654290089166,2768.9882202148438,1046.0,1.0,TRES-3__2026-08-27,False,20.60284111435973,70
50,110.0203125,109.996875,529.0,923.0,0.9857142857142858,TRES-3__2026-08-27,False,71.8084904516213,69
51,278.666178966826,113.66762530807856,703.9451599121094,943.0,1.0,TRES-3__2026-08-27,False,48.22987717562014,70
52,38.37274220032841,115.5353037766831,551.6595458984375,930.0,0.9857142857142858,TRES-3__2026-08-27,False,53.81081521184589,69
53,303.78489702517163,119.71853546910755,301.2000732421875,858.0,0.8571428571428571,TRES-3__2026-08-27,False,73.37390973854237,60
54,141.01101321585904,124.5737885462555,704.6328430175781,932.0,1.0,TRES-3__2026-08-27,False,56.94774201896177,70
60,245.93691643335913,144.7692228645097,1422.4416198730469,1035.0,1.0,TRES-3__2026-08-27,False,25.76364161940342,70
63,518.4432511425476,152.31962114046374,4074.74365234375,1179.0,1.0,TRES-3__2026-08-27,True,18.524067387689815,70
66,282.8225806451613,157.29390681003585,416.01611328125,879.0,0.9285714285714286,TRES-3__2026-08-27,False,89.59928083685364,65
67,470.6549043619217,157.95724868710403,524.2842712402344,966.0,0.9428571428571428,TRES-3__2026-08-27,False,55.92631145648387,66
68,107.85303514376997,160.29392971246006,3641.2823486328125,1244.0,1.0,TRES-3__2026-08-27,True,18.535376979357803,70
72,339.30680422500615,168.9093588798821,3601.50439453125,1146.0,1.0,TRES-3__2026-08-27,True,20.297642197896057,70
74,105.19531869875695,179.5422223901462,46768.502197265625,4095.0,1.0,TRES-3__2026-08-27,False,53.75472943863118,70
76,387.9038554808153,177.74877945619946,860.7489013671875,945.0,1.0,TRES-3__2026-08-27,False,47.940580768548045,70
78,194.47511312217193,182.5867269984917,512.5,907.0,0.9714285714285714,TRES-3__2026-08-27,False,91.37330394762151,68
79,178.93413357956294,187.15974145891045,2867.0,1099.0,1.0,TRES-3__2026-08-27,False,19.719654501399827,70
80,384.96533419281934,187.91410034988758,1191.593017578125,964.0,1.0,TRES-3__2026-08-27,False,38.076136146580666,70
81,430.24210062263853,187.21896390820012,745.91943359375,942.0,1.0,TRES-3__2026-08-27,False,56.09728615333922,70
84,75.08024987986545,193.7688611244594,1762.5,994.0,1.0,TRES-3__2026-08-27,False,23.30838845130942,70
86,128.7023746701847,199.84854881266492,1676.507568359375,994.0,1.0,TRES-3__2026-08-27,False,22.28480050352798,70
88,221.0692090128812,205.4782940041575,1449.3464660644531,971.0,1.0,TRES-3__2026-08-27,False,35.42089490603703,70
90,101.71600481347774,211.16726835138388,671.9933166503906,933.0,1.0,TRES-3__2026-08-27,False,50.48501012057279,70
91,204.28864828163307,212.1534729215908,711.2723999023438,931.0,1.0,TRES-3__2026-08-27,False,47.968648931647245,70
94,124.74018691588785,214.31028037383177,792.5116577148438,930.0,1.0,TRES-3__2026-08-27,False,53.341651216740196,70
98,518.233552573849,222.03870489873128,11655.199737548828,1940.0,1.0,TRES-3__2026-08-27,True,16.534784837767504,70
99,278.2005339413044,223.81192314391834,727.0,933.0,0.9857142857142858,TRES-3__2026-08-27,False,52.148219774352356,69
101,144.1347065337875,228.49503277074234,553.9982604980469,905.0,0.9714285714285714,TRES-3__2026-08-27,False,63.932554263524494,68
103,386.9943181818182,230.66022727272727,667.9822387695312,940.0,0.9857142857142858,TRES-3__2026-08-27,False,49.70706345255899,69
106,522.2775579530528,236.44474349763613,5098.854766845703,1216.0,1.0,TRES-3__2026-08-27,True,14.00937025178994,70
108,497.3034050162623,240.2736883425414,21165.541931152344,2867.0,1.0,TRES-3__2026-08-27,True,14.928564542422654,70
109,304.8804577972157,239.849223757739,1081.7023315429688,943.0,1.0,TRES-3__2026-08-27,False,35.232824152913786,70
112,443.65617816490425,247.6532653740774,861.687744140625,950.0,1.0,TRES-3__2026-08-27,False,45.228226087339856,70
113,451.27352974884855,251.60776576935908,1136.8746032714844,951.0,1.0,TRES-3__2026-08-27,False,36.10820188610745,70
117,476.5297109025757,260.74583677140254,695.0429077148438,922.0,0.9714285714285714,TRES-3__2026-08-27,False,55.80676791317159,68
119,511.0721929884398,265.8734210276804,1974.0182189941406,985.0,1.0,TRES-3__2026-08-27,False,27.562489626482947,70
121,29.967045454545456,273.5215909090909,640.9155578613281,923.0,1.0,TRES-3__2026-08-27,False,51.084762912696924,70
122,299.4693213054535,275.4950526333018,359.0,836.0,0.8142857142857143,TRES-3__2026-08-27,False,73.26133541899333,57
124,111.66670728170243,282.3673201574988,915.4655151367188,936.0,1.0,TRES-3__2026-08-27,False,32.74335999467313,70
126,150.85353283458022,290.8906068162926,5263.268402099609,1318.0,1.0,TRES-3__2026-08-27,True,13.156558123954818,70
128,425.9803099907422,292.6021781953925,3693.659942626953,1082.0,1.0,TRES-3__2026-08-27,True,14.57150031305192,70
129,308.67473579598453,294.37768549447117,3570.2347412109375,1087.0,1.0,TRES-3__2026-08-27,True,14.688395883538124,70
130,20.298524208164324,299.54526624665573,10351.498779296875,2051.0,1.0,TRES-3__2026-08-27,True,14.366186505118486,70
133,484.101306632283,301.3423441999694,3877.7349243164062,1158.0,1.0,TRES-3__2026-08-27,True,13.977293161161992,70
136,134.3214767292445,312.8253619106997,11501.14370727539,2077.0,1.0,TRES-3__2026-08-27,True,11.764641653976323,70
137,165.0660214213455,317.4310358130938,1831.3436279296875,1004.0,1.0,TRES-3__2026-08-27,False,24.56512295143071,70
143,237.51558752997602,326.9760191846523,308.033203125,855.0,0.8142857142857143,TRES-3__2026-08-27,False,96.02946645691505,57
144,111.89080459770115,329.5162835249042,836.7588806152344,939.0,1.0,TRES-3__2026-08-27,False,40.83290734134133,70
146,104.61368452921586,334.8325764456555,2881.153289794922,1050.0,1.0,TRES-3__2026-08-27,True,20.025126394130616,70
149,72.79554652215954,338.2958477105528,809.2899780273438,933.0,1.0,TRES-3__2026-08-27,False,43.669746462425664,70
153,187.70335734792275,349.2668697303217,1195.3026123046875,951.0,1.0,TRES-3__2026-08-27,False,38.064313271577575,70
155,445.15709075160817,355.1442643442053,1191.0435485839844,941.0,1.0,TRES-3__2026-08-27,False,31.088069857746415,70
156,202.37383857527252,356.56585603099273,448.1019287109375,857.0,0.8714285714285714,TRES-3__2026-08-27,False,56.95078549743271,61
157,40.75922090418682,356.79916554386153,343.5478515625,847.0,0.8142857142857143,TRES-3__2026-08-27,False,57.4568813386143,57
158,75.21999418773612,358.814007555943,3037.5,1065.0,1.0,TRES-3__2026-08-27,True,18.46903610560283,70
159,328.80724884746365,363.03221844501536,6807.653350830078,1158.0,1.0,TRES-3__2026-08-27,True,21.045707709504146,70
163,506.13212049707096,380.81652988626297,59337.658294677734,4095.0,1.0,TRES-3__2026-08-27,False,27.895879713125357,70
164,114.39889373534379,378.8604569291269,372.4212951660156,860.0,0.8571428571428571,TRES-3__2026-08-27,False,59.64486974475309,60
165,351.2077456294416,380.6941371249647,1708.5440368652344,974.0,1.0,TRES-3__2026-08-27,False,22.1097636457634,70
168,60.39375142262471,388.1560651832829,21578.775512695312,3094.0,1.0,TRES-3__2026-08-27,True,12.592888113869549,70
169,267.6261506552423,386.6463098837658,399.1075439453125,822.0,0.7857142857142857,TRES-3__2026-08-27,False,51.11995979735965,55
170,66.33920022697323,393.7475634419108,2063.8381958007812,980.0,0.9857142857142858,TRES-3__2026-08-27,False,55.31911150902893,69
171,368.6438160372384,398.2132575608182,13416.2236328125,1868.0,1.0,TRES-3__2026-08-27,True,11.411984799790003,70
173,81.64182791883441,407.0378439394014,828.1958618164062,928.0,1.0,TRES-3__2026-08-27,False,36.14389902993121,70
176,269.4698994623924,419.59278684602276,11073.47982788086,1660.0,1.0,TRES-3__2026-08-27,True,15.681057656184972,70
177,466.0026102644401,419.6151322372327,6895.4578857421875,1248.0,1.0,TRES-3__2026-08-27,True,12.302517070122196,70
178,231.25774880679256,430.4484993023538,1031.7158203125,936.0,1.0,TRES-3__2026-08-27,False,33.25975776632113,70
179,132.64890203874637,437.90245306536644,23321.068572998047,2822.0,1.0,TRES-3__2026-08-27,True,9.733202444655962,70
180,93.13868938039445,433.2425451043232,535.76904296875,873.0,0.9285714285714286,TRES-3__2026-08-27,False,52.776994724949716,65
181,249.01928485867964,436.62987012345553,1270.2318420410156,932.0,1.0,TRES-3__2026-08-27,False,30.74690407764834,70
183,68.61955682897899,439.2279170101037,3104.0001831054688,1030.0,1.0,TRES-3__2026-08-27,True,19.876786868477602,70
186,372.7707443838667,445.62614497256914,446.5448303222656,830.0,0.8285714285714286,TRES-3__2026-08-27,False,52.24047604563324,58
190,366.7662377815596,476.85904964322765,16654.133270263672,2116.0,1.0,TRES-3__2026-08-27,True,10.738626763892016,70
191,518.0807099156854,475.30015256786817,1029.7610168457031,928.0,1.0,TRES-3__2026-08-27,False,38.35247697552395,70
140,431.22065329033194,393.51423093684025,2841.2077026367188,1151.0,0.8857142857142857,TRES-3__2026-08-31,True,3164.74310463931,62
174,137.98763311576778,21.38096873926486,2288.6327514648438,1778.0,0.8857142857142857,TRES-3__2026-08-31,True,90.02877912272798,61
177,495.2720444214568,34.97395212072315,5127.753234863281,2789.0,0.9571428571428572,TRES-3__2026-08-31,True,143.25229532522394,67
186,85.55215133931985,62.10790400171259,1279.0,1217.0,0.8714285714285714,TRES-3__2026-08-31,True,68.95231690597946,61
191,375.4142212254354,71.01404482474615,32123.034912109375,4095.0,0.9857142857142858,TRES-3__2026-08-31,False,193.48582816751937,67
195,105.4412764616766,76.18084727528425,17169.836944580078,4095.0,0.9714285714285714,TRES-3__2026-08-31,False,156.10238107662246,67
206,507.4320939933989,128.70915716999508,1914.2467956542969,1072.0,0.8571428571428571,TRES-3__2026-08-31,True,44.281040305036065,60
210,328.22070415134,144.96321597477666,1641.384536743164,1169.0,0.8571428571428571,TRES-3__2026-08-31,True,58.33173701032195,60
213,94.08889894680749,155.15874743587088,20176.70620727539,4095.0,0.9714285714285714,TRES-3__2026-08-31,False,167.42591935013274,67
228,316.65291964370084,196.10742061236448,6193.0,2801.0,0.9571428571428572,TRES-3__2026-08-31,True,151.1862262065747,67
229,507.13604619650266,198.42494063781916,4442.032653808594,1931.0,0.9285714285714286,TRES-3__2026-08-31,True,69.73772475083727,65
235,511.14295702965205,212.81084712265402,2424.518783569336,1121.0,0.8571428571428571,TRES-3__2026-08-31,True,45.928731276995556,60
236,486.14620336595846,216.60782916143677,7720.525451660156,2916.0,0.9571428571428572,TRES-3__2026-08-31,True,136.94169549720647,67
249,139.59776978723804,266.72550712460236,2154.0,1286.0,0.8714285714285714,TRES-3__2026-08-31,True,50.267860138194855,61
250,533.6830116102828,267.2110675978642,2448.1993865966797,1093.0,0.8571428571428571,TRES-3__2026-08-31,True,53.54295619879805,60
257,122.97974282983489,288.5031413813557,4510.328399658203,2147.0,0.9428571428571428,TRES-3__2026-08-31,True,111.01276079539369,66
274,494.69961085639886,357.13112869910526,22782.925506591797,4095.0,0.9714285714285714,TRES-3__2026-08-31,False,149.95521718661826,67
277,124.35309014494315,362.8914812220486,14016.0,4095.0,0.9571428571428572,TRES-3__2026-08-31,False,153.2612996591302,67
278,48.93156048376554,363.7180349657572,8575.465270996094,3185.0,0.9571428571428572,TRES-3__2026-08-31,True,140.02048429760507,67
281,357.2102854557699,374.3222558732626,5023.545135498047,1900.0,0.9428571428571428,TRES-3__2026-08-31,True,139.90540540412374,66
285,257.99305555555554,395.5230352303523,4308.1365966796875,1661.0,0.9285714285714286,TRES-3__2026-08-31,True,73.52847368219935,65
290,121.22725781440558,413.79352107371614,8986.179809570312,2972.0,0.9571428571428572,TRES-3__2026-08-31,True,150.0519432724044,67
11,123.93424261373603,9.481279161365746,206.44036865234375,592.0,0.7027027027027027,TRES-5__2026-08-17,False,69.3699682794275,34
12,474.1025649580227,10.189350528081299,261.95697021484375,596.0,0.7027027027027027,TRES-5__2026-08-17,False,80.72607096122292,35
18,9.076455240786824,19.223862265039347,323.3726501464844,4095.0,0.7297297297297297,TRES-5__2026-08-17,False,64.01502217475664,51
20,322.2521914532466,19.390510433576516,400.00941467285156,612.0,0.7027027027027027,TRES-5__2026-08-17,False,46.855334383220885,52
21,243.75864978902953,20.1873417721519,1134.5,700.0,0.7027027027027027,TRES-5__2026-08-17,False,23.49812690490993,52
24,199.03322259136212,22.631229235880397,826.5,672.0,0.7027027027027027,TRES-5__2026-08-17,False,27.01251653664053,52
28,354.984060984061,30.43243243243243,1325.2060089111328,710.0,0.7027027027027027,TRES-5__2026-08-17,False,38.098097455159866,52
29,448.08469917414334,33.29603467946873,4440.588684082031,1336.0,0.7027027027027027,TRES-5__2026-08-17,True,9.502437740103039,52
31,68.6766276668505,32.108230210883036,378.0,611.0,0.7297297297297297,TRES-5__2026-08-17,False,112497.41934724491,53
32,140.65728850868737,32.94330577968722,252.0074462890625,600.0,0.7027027027027027,TRES-5__2026-08-17,False,58.633201412934206,52
33,300.1059893103756,36.05160203482015,611.11328125,612.0,0.7027027027027027,TRES-5__2026-08-17,False,30.12000853922039,52
35,402.46589337370585,34.955766078079336,1701.6190032958984,698.0,0.7027027027027027,TRES-5__2026-08-17,False,67.88574218492185,52
36,204.10479041916167,35.91317365269461,301.0,600.0,0.7027027027027027,TRES-5__2026-08-17,False,68.87347370882513,52
41,189.09871244635193,37.48068669527897,193.0,589.0,0.7027027027027027,TRES-5__2026-08-17,False,72.22000020461708,52
42,94.48004770443266,38.99199989319185,711.9239959716797,667.0,0.7027027027027027,TRES-5__2026-08-17,False,42.89271398225731,52
44,304.78531180283176,40.75622621018157,446.2414245605469,609.0,0.7027027027027027,TRES-5__2026-08-17,False,48.04991084994145,52
46,83.38898813402324,46.99274827806555,1148.6451416015625,668.0,0.7027027027027027,TRES-5__2026-08-17,False,21.519441716391363,52
47,218.63598326359832,45.28870292887029,197.16819763183594,585.0,0.7027027027027027,TRES-5__2026-08-17,False,89.59259128018245,52
55,296.77405857740587,53.239390316796175,6468.431945800781,1701.0,0.7027027027027027,TRES-5__2026-08-17,True,8.230982099026692,52
57,480.60155884883136,55.7460407471407,2747.75048828125,855.0,0.7027027027027027,TRES-5__2026-08-17,False,31.330315328793137,52
58,337.9800892720878,56.45797891194884,1338.4784393310547,710.0,0.7027027027027027,TRES-5__2026-08-17,False,47.56164587232738,52
62,309.2850948543049,61.52546048827991,1025.1135559082031,669.0,0.7297297297297297,TRES-5__2026-08-17,False,21092.665930443927,53
63,134.9619285902836,63.05606972155824,707.5,645.0,0.7027027027027027,TRES-5__2026-08-17,False,31.801903779463363,52
70,558.6519858990307,64.95897795750177,433.12071228027344,611.0,0.7027027027027027,TRES-5__2026-08-17,False,55.075767858336995,52
73,386.7461913939036,67.89903892043347,283.6818084716797,621.0,0.7027027027027027,TRES-5__2026-08-17,False,58.452192138920005,52
75,179.65998457979953,69.93176561295297,2445.568588256836,952.0,0.7027027027027027,TRES-5__2026-08-17,False,11.202337349600441,52
76,418.76854068361206,69.12130137194488,315.09388732910156,606.0,0.7027027027027027,TRES-5__2026-08-17,False,47.202968166089676,52
79,492.1565672806023,69.4316343633922,225.05738830566406,598.0,0.7027027027027027,TRES-5__2026-08-17,False,67.88676190840022,52
88,488.0605242970357,74.59071974805599,246.88746643066406,596.0,0.7027027027027027,TRES-5__2026-08-17,False,47.252087786922836,52
89,27.34773936170213,77.8377659574468,1470.2779388427734,784.0,0.7027027027027027,TRES-5__2026-08-17,False,20.070805747691633,52
91,243.18760469011724,78.44221105527639,569.9970092773438,626.0,0.7027027027027027,TRES-5__2026-08-17,False,39.56467377666997,52
94,473.3164965648911,81.15664271950632,790.9760894775391,647.0,0.7027027027027027,TRES-5__2026-08-17,False,29.12828958593678,52
95,251.92769342010124,82.99132321041215,2615.255584716797,986.0,0.7027027027027027,TRES-5__2026-08-17,False,18.43427150698116,52
96,143.44256365010895,85.85136031224566,6377.222579956055,1298.0,0.7027027027027027,TRES-5__2026-08-17,True,6.718894711793922,52
99,196.50806451612902,87.4475806451613,646.7093811035156,632.0,0.7027027027027027,TRES-5__2026-08-17,False,34.21585503992067,52
100,461.9214060146712,88.32862555641523,878.1273498535156,659.0,0.7027027027027027,TRES-5__2026-08-17,False,24.43371235767369,52
105,319.8521723114821,93.44039267675777,554.2702941894531,624.0,0.7027027027027027,TRES-5__2026-08-17,False,35.387610969800534,52
107,234.0820610687023,97.49618320610686,469.8767547607422,609.0,0.7027027027027027,TRES-5__2026-08-17,False,42.85464703830138,52
108,270.32115869017633,97.52770780856423,737.0,627.0,0.7027027027027027,TRES-5__2026-08-17,False,40.38300993257174,52
112,310.5733663080109,103.03397407946198,684.1460723876953,632.0,0.7027027027027027,TRES-5__2026-08-17,False,35.13590881447816,52
113,65.09257469755335,104.19143504814019,426.2518768310547,612.0,0.7027027027027027,TRES-5__2026-08-17,False,46.93460326342519,52
115,153.7979096677234,106.69340501299561,13776.69970703125,3085.0,0.7027027027027027,TRES-5__2026-08-17,True,8.779502249752946,52
118,235.875,106.02016129032258,216.5,590.0,0.7027027027027027,TRES-5__2026-08-17,False,90.675092008788,52
120,203.04608294930875,107.35176651305683,607.2377166748047,727.0,0.7027027027027027,TRES-5__2026-08-17,False,125.96462534589165,52
122,320.2147435897436,108.01282051282051,264.8993835449219,587.0,0.7297297297297297,TRES-5__2026-08-17,False,377723.0680553343,53
123,255.58668178872327,112.74756966947506,5860.167724609375,1470.0,0.7027027027027027,TRES-5__2026-08-17,True,9.971193820145478,52
126,336.4815191179218,111.92804619870915,529.9075927734375,615.0,0.7027027027027027,TRES-5__2026-08-17,False,39.59208673671807,52
129,82.80213174856137,114.06717043801828,324.3600158691406,597.0,0.7027027027027027,TRES-5__2026-08-17,False,48.92883327292831,52
131,302.6656298600311,114.96526697770865,1881.15576171875,697.0,0.7027027027027027,TRES-5__2026-08-17,False,17.317043490333962,52
132,358.3142012730002,116.61290238856904,17468.105682373047,3373.0,0.7027027027027027,TRES-5__2026-08-17,True,6.549834841137978,52
134,452.62770652468856,117.8844213166265,322.7868347167969,602.0,0.7027027027027027,TRES-5__2026-08-17,False,61.09612882126227,52
135,12.839599785430506,118.87353452204164,228.64532470703125,596.0,0.7027027027027027,TRES-5__2026-08-17,False,79.58049597282486,51
137,514.5230344017941,119.90078481923817,3940.737747192383,962.0,0.7027027027027027,TRES-5__2026-08-17,True,11.418323775420115,52
138,559.1412552309952,119.53460630426775,335.8084411621094,605.0,0.7027027027027027,TRES-5__2026-08-17,False,58.95748604041074,52
140,266.1769041769042,123.03439803439804,356.3045654296875,603.0,0.7027027027027027,TRES-5__2026-08-17,False,72.81716549371258,52
142,399.95508316699573,125.30369619213948,2040.9717102050781,782.0,0.7027027027027027,TRES-5__2026-08-17,False,13.769720352868843,52
145,482.7575746731423,127.50956044865337,661.4276733398438,617.0,0.7297297297297297,TRES-5__2026-08-17,False,117148.75785983718,53
146,253.64381884944922,128.63463892288863,1541.0,749.0,0.7162162162162162,TRES-5__2026-08-17,False,47333.588870715226,52
153,536.886496944807,135.6430204391216,4057.3775024414062,2146.0,0.7027027027027027,TRES-5__2026-08-17,True,8.349347478653533,52
156,173.64500792393028,138.3486529318542,536.0,604.0,0.7027027027027027,TRES-5__2026-08-17,False,53761.254500493094,51
157,548.6498632097372,139.7966325502522,742.6769256591797,2085.0,0.7027027027027027,TRES-5__2026-08-17,False,39.16968510575488,52
160,211.2288732394366,143.19718309859155,243.5,588.0,0.7027027027027027,TRES-5__2026-08-17,False,138.1175952180778,52
163,260.79134063641106,145.22952529994782,1808.5266418457031,756.0,0.7027027027027027,TRES-5__2026-08-17,False,15.105148072944369,52
165,450.8735257639697,145.38574985504036,354.2513732910156,602.0,0.7027027027027027,TRES-5__2026-08-17,False,59.49345502769682,52
166,216.2089427496866,146.62515670706227,2330.5,859.0,0.7027027027027027,TRES-5__2026-08-17,False,13.974985322115183,52
167,335.79855746148695,145.73466236872738,298.3457489013672,725.0,0.7027027027027027,TRES-5__2026-08-17,False,66.06483166786217,52
168,408.78918803707757,146.22082967904882,816.5118560791016,639.0,0.7027027027027027,TRES-5__2026-08-17,False,34.15939659359854,52
169,151.15991965836218,147.11874780554007,228.63929748535156,584.0,0.7027027027027027,TRES-5__2026-08-17,False,80.23383602427343,52
173,442.4433323336596,148.01145215791857,402.7386779785156,605.0,0.7027027027027027,TRES-5__2026-08-17,False,45.91725483861816,52
175,281.75335775335776,148.90964590964592,684.5,630.0,0.7027027027027027,TRES-5__2026-08-17,False,34.533401420312515,52
177,414.48970116665083,152.36269959106684,1743.5242919921875,705.0,0.7027027027027027,TRES-5__2026-08-17,False,18.034530483192903,52
178,541.9601408937233,151.7363741120892,802.8465270996094,848.0,0.7027027027027027,TRES-5__2026-08-17,False,43.82986588537425,52
179,368.05755216848513,152.8608797940652,384.5044860839844,599.0,0.7027027027027027,TRES-5__2026-08-17,False,48.35987860715838,52
181,420.7418217780262,154.51889289958294,538.1284027099609,612.0,0.7027027027027027,TRES-5__2026-08-17,False,69.1119346831155,52
184,133.76558066993485,155.86190633012026,1524.4930419921875,729.0,0.7027027027027027,TRES-5__2026-08-17,False,15.659141383329775,52
186,343.8898461769303,159.1504664810627,733.6487121582031,629.0,0.7162162162162162,TRES-5__2026-08-17,False,31.926877412343227,52
187,47.77576881232236,160.24781030105902,178.4745330810547,582.0,0.7027027027027027,TRES-5__2026-08-17,False,125.42815677689778,52
188,328.7411347517731,159.57801418439718,237.86669921875,587.0,0.7027027027027027,TRES-5__2026-08-17,False,57.455664935049626,52
189,40.65051042056465,161.2547289231846,269.3971405029297,607.0,0.7027027027027027,TRES-5__2026-08-17,False,173.6341602251723,52
190,271.22968197879857,161.12544169611309,1095.935287475586,668.0,0.7027027027027027,TRES-5__2026-08-17,False,22.267248234954522,52
191,255.78885630498533,163.31964809384164,334.32933044433594,596.0,0.7027027027027027,TRES-5__2026-08-17,False,52.47346517213926,52
193,349.1922947434235,164.0976253002934,229.90985107421875,588.0,0.7027027027027027,TRES-5__2026-08-17,False,85.40995030380768,52
199,521.7105194959133,168.75160030518157,1550.4365844726562,706.0,0.7027027027027027,TRES-5__2026-08-17,False,21.009485540826535,52
200,156.34924982448192,171.20554757132362,1739.5,683.0,0.7027027027027027,TRES-5__2026-08-17,False,12.617477260443495,52
203,241.37533875338752,171.19783197831978,568.0,618.0,0.7027027027027027,TRES-5__2026-08-17,False,38.68984362530959,52
206,528.4592089375673,173.85942248047184,2259.1527557373047,755.0,0.7027027027027027,TRES-5__2026-08-17,False,15.561693914545877,52
209,216.6405109489051,176.4817518248175,510.5,605.0,0.7027027027027027,TRES-5__2026-08-17,False,41.844858381285874,52
211,508.62289795422794,178.10470389744975,2079.1334228515625,726.0,0.7027027027027027,TRES-5__2026-08-17,False,15.603583949319848,52
213,22.418341387885185,179.12616602615216,350.8032989501953,601.0,0.7027027027027027,TRES-5__2026-08-17,False,53.13668231271682,52
216,170.90168818272096,182.73982125124132,949.3266754150391,658.0,0.7027027027027027,TRES-5__2026-08-17,False,19.60160941700329,52
218,122.1105098293617,184.03085966657994,2391.11474609375,899.0,0.7027027027027027,TRES-5__2026-08-17,False,12.07015209740043,52
219,157.8222829801777,184.3362952836637,1336.0,687.0,0.7027027027027027,TRES-5__2026-08-17,False,20.08950818811703,52
224,321.47155555555554,186.42888888888888,2199.4842987060547,789.0,0.7297297297297297,TRES-5__2026-08-17,False,22944.60065555897,53
231,488.95784067337695,194.44275856955704,496.27630615234375,609.0,0.7027027027027027,TRES-5__2026-08-17,False,51.06033807825996,52
232,19.211210035043035,196.37739890134003,587.2376556396484,601.0,0.7027027027027027,TRES-5__2026-08-17,False,35.55097999078633,52
233,90.61398994501234,194.81316169263744,397.5,590.0,0.7027027027027027,TRES-5__2026-08-17,False,81.56493680621774,52
235,228.73640661938535,201.32505910165486,787.0,3565.0,0.7297297297297297,TRES-5__2026-08-17,False,23.988128078500367,52
237,297.3739672703086,203.4090986330272,415.22430419921875,597.0,0.7027027027027027,TRES-5__2026-08-17,False,52.71095093238695,52
238,363.589222735471,204.04363226324548,1296.1402587890625,670.0,0.7027027027027027,TRES-5__2026-08-17,False,17.606467033146686,52
242,236.98898221248228,210.4509200855481,1982.4542694091797,716.0,0.7027027027027027,TRES-5__2026-08-17,False,19.13055876263168,52
244,88.74434139706769,208.4055119549707,748.3822631835938,639.0,0.7027027027027027,TRES-5__2026-08-17,False,25.440005752220404,52
247,426.91419862357395,207.996592317031,226.18104553222656,592.0,0.7027027027027027,TRES-5__2026-08-17,False,55.684736379634025,52
248,197.65833333333333,209.3375,440.8354797363281,594.0,0.7027027027027027,TRES-5__2026-08-17,False,47.82375047583608,52
251,360.85097003419,210.09739765317232,859.0752105712891,842.0,0.7297297297297297,TRES-5__2026-08-17,False,44500.23942960449,53
252,186.32228360957643,212.54806629834255,2579.5,883.0,0.7297297297297297,TRES-5__2026-08-17,False,15381.566787016152,53
254,493.0058439493979,213.3001719442683,1425.6743774414062,858.0,0.7027027027027027,TRES-5__2026-08-17,False,23.147574814430925,52
257,195.48786717752236,215.96296296296296,727.5,629.0,0.7027027027027027,TRES-5__2026-08-17,False,34.75380846700232,52
260,275.13233586364686,217.99396764501853,434.66619873046875,605.0,0.7027027027027027,TRES-5__2026-08-17,False,44.943750545216666,52
261,73.2385745209166,218.8586490846659,484.56932067871094,607.0,0.7027027027027027,TRES-5__2026-08-17,False,56.658460287260596,52
262,83.94720196508268,218.94074662364432,263.96571350097656,587.0,0.7027027027027027,TRES-5__2026-08-17,False,74.17698656973488,52
264,67.63218915128404,221.31010278644186,984.3121490478516,654.0,0.7027027027027027,TRES-5__2026-08-17,False,27.77022264192145,52
265,218.30327868852459,221.51311475409835,554.0,605.0,0.7027027027027027,TRES-5__2026-08-17,False,37.71705359077827,52
268,125.41330998248687,223.44133099824867,490.0,605.0,0.7027027027027027,TRES-5__2026-08-17,False,40.3597050199564,52
269,176.40038498556305,223.75745909528393,977.0,698.0,0.7027027027027027,TRES-5__2026-08-17,False,27.140182185425324,52
270,184.93291310220621,223.63665015758667,2111.5831146240234,797.0,0.7027027027027027,TRES-5__2026-08-17,False,16.29358240194517,52
282,399.59405735862214,233.5634385418031,803.4163513183594,625.0,0.7027027027027027,TRES-5__2026-08-17,False,27.027361329529555,52
283,299.71179116737574,234.29780680390903,269.22637939453125,584.0,0.7027027027027027,TRES-5__2026-08-17,False,55.60298186142167,52
284,309.3265306122449,234.73061224489797,408.8547058105469,596.0,0.7027027027027027,TRES-5__2026-08-17,False,47.77250293563045,52
288,248.38849166061976,235.3053922396756,515.9016265869141,604.0,0.7027027027027027,TRES-5__2026-08-17,False,38.92899864959059,52
289,202.32797592441068,237.9042146342925,11624.772109985352,2162.0,0.7027027027027027,TRES-5__2026-08-17,True,9.293287412046471,52
296,500.4517038173904,243.0357727369396,582.9716796875,620.0,0.7297297297297297,TRES-5__2026-08-17,False,109295.8797298078,53
297,403.8449840317358,244.63693952667967,528.6065368652344,626.0,0.7027027027027027,TRES-5__2026-08-17,False,37.68034863600254,52
300,353.5138953044717,248.4735840087025,5730.037414550781,1262.0,0.7027027027027027,TRES-5__2026-08-17,True,9.48043115920839,52
301,561.2557926796198,246.78616771663997,849.3613586425781,629.0,0.7027027027027027,TRES-5__2026-08-17,False,25.853790822725973,51
304,328.0727000015313,249.00101141815728,1149.7682647705078,655.0,0.7027027027027027,TRES-5__2026-08-17,False,24.546476613824236,52
305,87.10778571977008,251.26541886696893,455.66949462890625,601.0,0.7027027027027027,TRES-5__2026-08-17,False,38.198790117623744,52
306,125.14035087719299,251.16447368421052,438.0,603.0,0.7027027027027027,TRES-5__2026-08-17,False,43.12464443614872,52
307,205.31889743299047,252.15507874574809,402.0,594.0,0.7027027027027027,TRES-5__2026-08-17,False,43.51629986064537,52
308,222.53315353814784,252.47365128880162,2175.2794494628906,768.0,0.7027027027027027,TRES-5__2026-08-17,False,12.735273536881568,52
312,545.1289165038164,257.48476514792947,412.9045867919922,601.0,0.7297297297297297,TRES-5__2026-08-17,False,91026.6950314428,53
315,409.6169748785436,260.3947071749143,3504.9188079833984,903.0,0.7027027027027027,TRES-5__2026-08-17,True,10.52390260138593,52
316,46.732451886452004,260.8603636458416,796.6188354492188,632.0,0.7027027027027027,TRES-5__2026-08-17,False,30.98948489909169,52
318,196.63474274070302,262.2603158430973,1875.0,720.0,0.7297297297297297,TRES-5__2026-08-17,False,161756.93888550793,53
320,24.311214163167016,262.14939655773713,466.75184631347656,603.0,0.7027027027027027,TRES-5__2026-08-17,False,49.80341660453312,52
321,78.6460674826345,263.1842951297095,748.0779113769531,634.0,0.7027027027027027,TRES-5__2026-08-17,False,35.593275061359726,52
322,388.3756949377665,264.52350892702833,534.083984375,587.0,0.7162162162162162,TRES-5__2026-08-17,False,41.68313022530752,52
323,333.14631969016745,266.5910084005846,504.8740234375,602.0,0.7027027027027027,TRES-5__2026-08-17,False,45.185149111471205,52
335,278.01804785224954,279.5941975337442,1948.7621459960938,781.0,0.7027027027027027,TRES-5__2026-08-17,False,15.028259481614471,52
337,434.3472696443662,282.65287536172855,8313.291107177734,1543.0,0.7027027027027027,TRES-5__2026-08-17,True,10.024579710580037,52
340,84.98961071439003,282.0516582631715,324.18333435058594,635.0,0.7027027027027027,TRES-5__2026-08-17,False,65.38259312990301,52
342,66.95937947527749,287.223207276109,2008.4899444580078,755.0,0.7027027027027027,TRES-5__2026-08-17,False,32.20309161025798,52
343,458.9985301659605,286.24915855339185,789.541748046875,629.0,0.7027027027027027,TRES-5__2026-08-17,False,33.51666512606448,52
348,469.00930825196764,288.94975408283136,1932.6565856933594,698.0,0.7027027027027027,TRES-5__2026-08-17,False,15.61890592131113,52
350,282.1862823668611,289.9055885171582,4804.559387207031,1084.0,0.7027027027027027,TRES-5__2026-08-17,True,8.400976245553883,52
351,311.07056503911565,292.33229164342026,40954.03057861328,4095.0,0.7027027027027027,TRES-5__2026-08-17,False,15.445253717060611,52
352,191.3508807621446,290.6043594970255,1283.0,658.0,0.7027027027027027,TRES-5__2026-08-17,False,21.779022463609817,52
355,461.03638369261165,293.9007026057837,271.3748779296875,592.0,0.7027027027027027,TRES-5__2026-08-17,False,82.01115593485362,52
358,341.43948831965014,299.14871196608345,1455.4856414794922,691.0,0.7027027027027027,TRES-5__2026-08-17,False,21.09328646519291,52
360,500.48205144732856,299.7998077643649,488.9347229003906,607.0,0.7027027027027027,TRES-5__2026-08-17,False,46.24848901410424,52
363,399.0407285225559,302.5785967536689,635.6781005859375,608.0,0.7027027027027027,TRES-5__2026-08-17,False,43.923590953955745,52
368,543.2357383849212,306.405636461161,744.2696075439453,633.0,0.7027027027027027,TRES-5__2026-08-17,False,32.75377675779351,52
375,395.01296845130827,313.8004204520624,274.91650390625,1098.0,0.7162162162162162,TRES-5__2026-08-17,False,66.73887711572529,52
376,553.7394533820047,315.38235141460586,2306.1199340820312,714.0,0.7027027027027027,TRES-5__2026-08-17,False,21.30696004885797,52
377,222.61464968152868,314.89171974522293,571.5,716.0,0.7027027027027027,TRES-5__2026-08-17,False,36.454649024464764,52
383,136.4998256033196,321.32175474368427,1288.119369506836,655.0,0.7027027027027027,TRES-5__2026-08-17,False,20.157494251214555,52
384,296.5886404917179,321.97326609303707,549.6292114257812,605.0,0.7027027027027027,TRES-5__2026-08-17,False,42.61440997753022,52
387,53.82280693838775,323.93041035257295,233.05670166015625,581.0,0.7027027027027027,TRES-5__2026-08-17,False,48.69537885416367,52
388,122.63553530751709,325.15261958997723,364.64306640625,586.0,0.7297297297297297,TRES-5__2026-08-17,False,354568.4268904894,53
391,531.4653795617826,326.38736743146853,496.3245086669922,599.0,0.7027027027027027,TRES-5__2026-08-17,False,35.353274409455715,52
393,454.2632906922501,328.56310151674415,592.537353515625,607.0,0.7027027027027027,TRES-5__2026-08-17,False,32.06712491831034,52
399,73.92528710336607,330.8536647175506,1393.0,633.0,0.7162162162162162,TRES-5__2026-08-17,False,68065.731375149,53
402,194.60567822888567,331.9725118202177,846.0,626.0,0.7027027027027027,TRES-5__2026-08-17,False,36.24660705948276,52
404,146.87048943570795,334.46551933774964,3046.5,896.0,0.7297297297297297,TRES-5__2026-08-17,False,7828.462181964269,53
409,298.24429513690694,337.5243620723127,1379.6602935791016,658.0,0.7027027027027027,TRES-5__2026-08-17,False,21.34563452618512,52
411,350.08959413560876,339.1574526413126,4931.735702514648,1219.0,0.7027027027027027,TRES-5__2026-08-17,True,9.611407079537774,52
413,129.01941747572815,338.6860841423948,220.5,579.0,0.7027027027027027,TRES-5__2026-08-17,False,78.65943647319702,52
416,281.8013951664098,341.6438907005697,11787.014221191406,1958.0,0.7027027027027027,TRES-5__2026-08-17,True,9.174899352510769,52
418,439.3480207707144,341.28338278991714,675.3648071289062,613.0,0.7027027027027027,TRES-5__2026-08-17,False,35.5691423073521,52
420,316.13109470296416,342.22788296377956,327.6694030761719,583.0,0.7027027027027027,TRES-5__2026-08-17,False,52.54358904448396,52
422,196.36296296296297,342.8716049382716,328.0,589.0,0.7027027027027027,TRES-5__2026-08-17,False,48.67765146086276,52
423,556.3814493733848,345.593765663249,27123.137664794922,3555.0,0.7162162162162162,TRES-5__2026-08-17,True,988.2177815292555,53
427,153.55172320625402,347.65658030937146,4079.5,964.0,0.7027027027027027,TRES-5__2026-08-17,True,9.596399928498538,52
428,30.423396477234963,350.61980724493185,2839.022918701172,778.0,0.7027027027027027,TRES-5__2026-08-17,False,9.814104372306193,52
432,443.95283424879045,351.7624556906518,1606.7631530761719,674.0,0.7027027027027027,TRES-5__2026-08-17,False,14.410771370613983,52
433,294.76782249347224,353.88831182385155,2117.441162109375,702.0,0.7027027027027027,TRES-5__2026-08-17,False,14.873018835747837,52
434,496.53683568267655,356.2291929678592,28726.062301635742,3423.0,0.7027027027027027,TRES-5__2026-08-17,True,6.039203719652152,52
438,123.36658932714617,356.43619489559165,320.25486755371094,583.0,0.7027027027027027,TRES-5__2026-08-17,False,63.54628152530984,52
439,188.62108262108262,356.8091168091168,306.5,583.0,0.7027027027027027,TRES-5__2026-08-17,False,52.959098151039136,52
449,454.2351014337936,365.0180300891891,328.39122009277344,1094.0,0.7027027027027027,TRES-5__2026-08-17,False,48.47061613393907,51
451,69.86434012010614,366.2819994601358,561.9532165527344,599.0,0.7027027027027027,TRES-5__2026-08-17,False,33.07462742160723,52
452,183.9168765743073,367.00251889168766,352.0,584.0,0.7027027027027027,TRES-5__2026-08-17,False,48.09650968194426,52
455,395.6017724770064,367.8520753494096,946.2995758056641,613.0,0.7027027027027027,TRES-5__2026-08-17,False,37.97650505469912,52
459,355.3413566739606,367.9015317286652,429.0235290527344,590.0,0.7027027027027027,TRES-5__2026-08-17,False,44.5761709203419,52
463,226.69458128078819,374.91203377902883,1313.9523620605469,654.0,0.7027027027027027,TRES-5__2026-08-17,False,18.434304449209094,52
467,104.1199421965318,376.3815028901734,636.5,602.0,0.7027027027027027,TRES-5__2026-08-17,False,37.765473234710754,52
469,149.85267951141157,377.820264443285,2538.826873779297,774.0,0.7027027027027027,TRES-5__2026-08-17,False,13.856798767871705,52
471,54.632605000248034,384.25773610614084,2070.255584716797,701.0,0.7297297297297297,TRES-5__2026-08-17,False,17668.397621447017,53
472,307.46924158360775,383.91762443799774,705.1134643554688,610.0,0.7297297297297297,TRES-5__2026-08-17,False,198676.66555900456,53
474,104.02342342342342,384.65315315315314,1011.6207427978516,631.0,0.7027027027027027,TRES-5__2026-08-17,False,28.179426262503473,52
475,490.8834891788022,387.80145853482713,4634.174560546875,892.0,0.7027027027027027,TRES-5__2026-08-17,True,8.756350236665735,52
482,512.2707821100605,393.65591553530413,1206.657974243164,640.0,0.7027027027027027,TRES-5__2026-08-17,False,19.87361466388777,52
485,429.8695832079296,394.512232593744,650.7177276611328,600.0,0.7027027027027027,TRES-5__2026-08-17,False,40.34299583771077,52
491,559.692658202784,399.4380458083705,376.31776428222656,598.0,0.7027027027027027,TRES-5__2026-08-17,False,44.6680446349823,51
492,279.57602574416734,400.9903459372486,3582.8019409179688,831.0,0.7027027027027027,TRES-5__2026-08-17,True,10.477570297310944,52
495,518.3598843987413,407.1395719576049,5847.17253112793,1097.0,0.7027027027027027,TRES-5__2026-08-17,True,14.293264346941438,52
497,48.173817413059545,409.8156132475235,323.9023895263672,582.0,0.7027027027027027,TRES-5__2026-08-17,False,53.03552893855884,52
499,189.4500805152979,411.6634460547504,1161.0,1079.0,0.7162162162162162,TRES-5__2026-08-17,False,26.327024419604825,52
502,554.4233212387845,411.11065591319493,474.42413330078125,921.0,0.7027027027027027,TRES-5__2026-08-17,False,42.91601344465676,52
504,65.83303922215477,415.4322391699304,490.7615966796875,1093.0,0.7162162162162162,TRES-5__2026-08-17,False,41.15898679966868,52
505,251.13254506970293,417.06087146923585,13184.998306274414,1915.0,0.7027027027027027,TRES-5__2026-08-17,True,6.074525981032606,52
509,123.86677996596705,421.1020361652379,1931.5253295898438,675.0,0.7027027027027027,TRES-5__2026-08-17,False,14.163586525914841,52
511,380.4532472075185,420.77642510379866,1123.5255737304688,627.0,0.7027027027027027,TRES-5__2026-08-17,False,18.211470163712907,52
512,118.01788599143711,424.9591171059489,303.5,579.0,0.7297297297297297,TRES-5__2026-08-17,False,165137.81298285097,53
513,130.72052960363573,427.5837220359834,2945.2252502441406,795.0,0.7027027027027027,TRES-5__2026-08-17,False,11.173014335579442,52
515,422.06926587667226,427.8410021666252,1520.5515441894531,647.0,0.7027027027027027,TRES-5__2026-08-17,False,17.388779005631083,52
516,523.34979240257,429.5042806729583,2831.8994140625,729.0,0.7297297297297297,TRES-5__2026-08-17,False,19520.838343148378,53
517,408.84330271333505,430.48845124589445,1139.3666229248047,619.0,0.7027027027027027,TRES-5__2026-08-17,False,24.398973656433235,52
527,94.46985058625404,437.0625842787114,987.5,776.0,0.7027027027027027,TRES-5__2026-08-17,False,24.77946731500536,52
528,207.21711340206187,437.8958762886598,4664.5,941.0,0.7027027027027027,TRES-5__2026-08-17,True,8.66286833204375,52
529,68.61092939288426,439.67030362256077,1092.8003540039062,628.0,0.7027027027027027,TRES-5__2026-08-17,False,24.21964498279062,52
530,159.3040569775694,438.8847940151988,786.5,607.0,0.7027027027027027,TRES-5__2026-08-17,False,28.49304167628867,52
533,530.7874402557388,441.7708533358798,12281.59846496582,1580.0,0.7027027027027027,TRES-5__2026-08-17,True,7.918617296008241,52
535,171.17007104795738,446.61856127886324,2120.5,678.0,0.7027027027027027,TRES-5__2026-08-17,False,14.166591374516956,52
536,252.6246290801187,445.9347181008902,567.5,592.0,0.7027027027027027,TRES-5__2026-08-17,False,37.67125403919146,52
538,267.3547215496368,449.30629539951576,747.5,600.0,0.7027027027027027,TRES-5__2026-08-17,False,27.91173276184953,52
540,555.9758118698026,451.2749099454066,1264.1509552001953,629.0,0.7027027027027027,TRES-5__2026-08-17,False,19.07100461088338,52
541,525.9557393515078,452.1637952381658,1592.8014068603516,915.0,0.7297297297297297,TRES-5__2026-08-17,False,399604.29215778894,53
547,323.8576378862258,458.1905861969391,3301.7987670898438,747.0,0.7027027027027027,TRES-5__2026-08-17,True,10.927182368893668,52
548,359.15732582531825,457.33814048097105,700.3837585449219,596.0,0.7027027027027027,TRES-5__2026-08-17,False,29.23838306538908,52
555,466.9243577117933,465.3028561874825,1095.0023345947266,624.0,0.7027027027027027,TRES-5__2026-08-17,False,22.53594062368128,51
560,410.0002734327151,468.48216001149723,1692.5782470703125,648.0,0.7027027027027027,TRES-5__2026-08-17,False,15.805351427059191,47
562,168.22978407122054,469.0006364615692,1342.5,637.0,0.7027027027027027,TRES-5__2026-08-17,False,19.566019139335424,45
14,301.9272427372152,31.908056671721788,1427.0,1060.0,0.7972972972972973,TRES-5__2026-08-20,True,60.436333976997425,59
36,158.80542136339238,85.49946323134729,3308.0,1797.0,0.8783783783783784,TRES-5__2026-08-20,True,135.7030956278698,65
45,363.30228804876106,95.56415032807902,3888.313247680664,1884.0,0.8918918918918919,TRES-5__2026-08-20,True,130.29031621175858,66
69,57.021456800394965,151.75289421589517,11437.86294555664,4095.0,0.9054054054054054,TRES-5__2026-08-20,False,216.01621262354175,66
71,475.58760924448694,153.01914348101195,20502.873565673828,4095.0,0.9054054054054054,TRES-5__2026-08-20,False,153.32656712697286,66
97,207.23032564450475,216.76933514246946,2658.5357360839844,3584.0,0.8648648648648649,TRES-5__2026-08-20,True,2556.442752683675,64
98,191.2367560497057,218.49967298888163,4199.098388671875,1883.0,0.8783783783783784,TRES-5__2026-08-20,True,111.46650667869814,65
115,166.16663368296062,258.85137542054224,4398.930313110352,1900.0,0.8918918918918919,TRES-5__2026-08-20,True,132.64326109802363,66
123,315.7925384926594,271.2441787342503,9102.972457885742,3034.0,0.8918918918918919,TRES-5__2026-08-20,True,111.41832835563292,66
141,286.5778743315508,320.5056818181818,2622.0360260009766,1232.0,0.8378378378378378,TRES-5__2026-08-20,True,47.479885108297694,62
148,501.3362787972362,335.2545805867743,6409.656814575195,1994.0,0.8918918918918919,TRES-5__2026-08-20,True,150.87881949600134,66
171,255.89689513766842,395.9220855301699,2970.259323120117,1178.0,0.8378378378378378,TRES-5__2026-08-20,True,57.39579774181156,62
29,164.4923076923077,38.43846153846154,205.03521728515625,605.0,0.9864864864864865,TRES-5__2026-08-26,False,69.38461984161896,47
31,405.6435590910537,41.389517570598514,1341.607177734375,758.0,1.0,TRES-5__2026-08-26,False,30.42513920120695,58
32,527.5149756592759,40.923530366108764,413.24505615234375,623.0,1.0,TRES-5__2026-08-26,False,78.19804266035145,48
33,536.495874770568,41.436448000553,186.4349365234375,594.0,0.972972972972973,TRES-5__2026-08-26,False,87.50119605062656,52
34,148.52084144916245,44.32761978963771,2549.74658203125,1012.0,1.0,TRES-5__2026-08-26,False,17.163620616051222,74
35,355.6575875486381,42.988326848249024,267.3466796875,612.0,1.0,TRES-5__2026-08-26,False,74.87334844463552,66
36,387.7218153320518,44.5225872158184,281.5728759765625,675.0,1.0,TRES-5__2026-08-26,False,70.11892816343797,70
38,309.4796190262935,44.94815645179348,557.6487121582031,1045.0,1.0,TRES-5__2026-08-26,False,63.67370521253508,74
40,468.9540960976321,45.23309345132192,181.0853271484375,693.0,0.9864864864864865,TRES-5__2026-08-26,False,101.80814830732345,72
41,117.87254901960785,46.77777777777778,296.29949951171875,645.0,1.0,TRES-5__2026-08-26,False,104.62807245657386,74
43,457.15261658640367,50.11832168767116,222.21597290039062,703.0,1.0,TRES-5__2026-08-26,False,69.13211046102299,74
44,12.367264819436585,50.754206749771306,148.44430541992188,615.0,0.7837837837837838,TRES-5__2026-08-26,False,143.9160259179864,57
48,442.3335794104554,56.72631655024537,786.2511596679688,679.0,1.0,TRES-5__2026-08-26,False,36.30180317627277,74
49,112.22192232718548,60.08786924576398,6624.662658691406,1389.0,1.0,TRES-5__2026-08-26,True,7.326719494614146,74
53,430.90964377402867,63.76725959936074,881.3893737792969,1072.0,1.0,TRES-5__2026-08-26,False,35.74254284158258,74
57,57.87145714932197,72.37844065336893,1774.0333251953125,912.0,1.0,TRES-5__2026-08-26,False,19.429348117437634,74
58,202.96521609424556,71.995975714911,465.0,647.0,1.0,TRES-5__2026-08-26,False,69.92330055287613,74
61,279.3236551580367,77.89679915279174,704.0,771.0,1.0,TRES-5__2026-08-26,False,50.56281459293974,74
62,33.80075832479698,77.95854510904259,423.98406982421875,652.0,1.0,TRES-5__2026-08-26,False,84.68180993959518,74
63,122.51069661719481,80.96757587912822,14588.915954589844,3049.0,1.0,TRES-5__2026-08-26,True,7.557829892851674,74
66,204.48658731972444,80.41893152307367,195.5,616.0,1.0,TRES-5__2026-08-26,False,101.96051262240655,74
68,289.59719825698994,82.49481023124814,242.46673583984375,692.0,1.0,TRES-5__2026-08-26,False,115.91055576119095,74
70,224.3557226163261,87.459575912351,6137.806213378906,1536.0,1.0,TRES-5__2026-08-26,True,8.746080922814642,74
72,205.34275665523293,91.57869180572,2713.0,994.0,1.0,TRES-5__2026-08-26,True,184.73136718577467,74
73,305.18031350247725,86.88897983306718,518.3099975585938,681.0,1.0,TRES-5__2026-08-26,False,48.31919667160755,74
74,51.86437043312507,87.73552918698253,292.0946350097656,619.0,1.0,TRES-5__2026-08-26,False,73.39364987102469,74
75,271.3587161135994,89.77478654030233,1915.8130187988281,780.0,1.0,TRES-5__2026-08-26,False,20.89088511155016,74
77,473.3112366642869,88.89129206620568,527.6305847167969,640.0,1.0,TRES-5__2026-08-26,False,64.24570559298672,74
78,421.38814345988675,93.52296772344113,300.5799865722656,629.0,1.0,TRES-5__2026-08-26,False,80.26743896472043,74
79,483.3873773838392,95.65887093377279,4035.991180419922,1056.0,1.0,TRES-5__2026-08-26,True,16.030343880735952,74
80,527.8880239049182,95.57088190801684,290.22442626953125,824.0,1.0,TRES-5__2026-08-26,False,80.98616280320516,74
81,234.82002187907148,97.76285500083969,357.38116455078125,616.0,1.0,TRES-5__2026-08-26,False,82.48280466538559,74
82,368.68980366485124,100.55783371109976,2091.9441528320312,867.0,1.0,TRES-5__2026-08-26,False,17.126798554919603,74
84,451.32015261087355,103.46055823762691,606.7247314453125,629.0,1.0,TRES-5__2026-08-26,False,41.966074305419404,74
87,77.91803278688525,106.2827868852459,251.5894775390625,614.0,1.0,TRES-5__2026-08-26,False,69.3749334282867,74
88,110.12682926829268,106.5609756097561,196.0,697.0,0.9864864864864865,TRES-5__2026-08-26,False,87.28086293839489,73
91,505.5475874787512,111.5205004132591,4399.9276123046875,1146.0,1.0,TRES-5__2026-08-26,True,8.81637368024308,74
92,523.4352174882167,109.71276968488652,167.8966064453125,591.0,0.9864864864864865,TRES-5__2026-08-26,False,100.42631716116844,73
94,142.1970380256045,112.72983577566536,512.7060241699219,707.0,1.0,TRES-5__2026-08-26,False,50.651934119172964,74
95,278.13953488372096,115.30232558139535,334.0,625.0,1.0,TRES-5__2026-08-26,False,82.34658963560484,74
98,10.79326923076923,117.1923076923077,203.94558715820312,602.0,1.0,TRES-5__2026-08-26,False,106.19739386493468,72
99,179.53157167918533,117.77612835557059,209.5,657.0,1.0,TRES-5__2026-08-26,False,147.0688738288369,74
101,229.37866666666667,119.9504,1849.3687133789062,835.0,1.0,TRES-5__2026-08-26,False,17.964770776790285,74
102,184.77706876984556,121.14467356291847,2405.0,971.0,1.0,TRES-5__2026-08-26,False,18.5507927152043,74
104,304.14436150815203,120.8135677092997,275.9182434082031,598.0,1.0,TRES-5__2026-08-26,False,74.26512468899264,74
105,377.50010846081096,121.54391780932205,820.8793029785156,667.0,1.0,TRES-5__2026-08-26,False,44.41535443268101,74
106,419.49601715755773,120.79912995509545,327.0754089355469,622.0,1.0,TRES-5__2026-08-26,False,82.96930032275446,74
107,119.525,121.425,203.98843383789062,704.0,1.0,TRES-5__2026-08-26,False,117.02984649548928,74
109,250.37179487179486,123.83618233618233,697.20263671875,662.0,1.0,TRES-5__2026-08-26,False,43.57167850974471,74
110,411.07759177744384,123.36624259231107,372.83172607421875,617.0,1.0,TRES-5__2026-08-26,False,70.8544543537475,74
113,383.1270752832707,127.81535371511234,1787.8009948730469,798.0,1.0,TRES-5__2026-08-26,False,21.31213475771036,74
114,510.5709881488814,127.60088860775524,761.2261657714844,689.0,1.0,TRES-5__2026-08-26,False,49.95775306107858,74
115,102.3211356466877,130.0429022082019,1560.0,821.0,1.0,TRES-5__2026-08-26,False,21.078991167071457,74
116,336.773413897281,127.85196374622356,363.73095703125,615.0,1.0,TRES-5__2026-08-26,False,56.99554783190598,74
118,389.25876452068934,129.89007334440686,522.3695983886719,646.0,1.0,TRES-5__2026-08-26,False,72.35397712936613,74
119,15.865591397849462,134.0752688172043,152.92025756835938,584.0,0.8918918918918919,TRES-5__2026-08-26,False,150.0267373510321,66
120,312.49481595729856,134.23794101759788,745.5079650878906,670.0,1.0,TRES-5__2026-08-26,False,37.01923576181828,74
122,239.7704347826087,135.7173913043478,1100.0,731.0,1.0,TRES-5__2026-08-26,False,29.202899184203435,74
123,297.0318181818182,134.63636363636363,207.2030029296875,601.0,1.0,TRES-5__2026-08-26,False,69.2452055673988,74
124,224.1778523489933,138.06040268456377,317.5,609.0,1.0,TRES-5__2026-08-26,False,76.49671891618945,74
125,317.50773206908406,138.9574963194521,197.4017333984375,591.0,1.0,TRES-5__2026-08-26,False,99.46474231428316,74
127,79.81632653061224,139.69387755102042,171.17431640625,587.0,0.9864864864864865,TRES-5__2026-08-26,False,108.05039505720583,73
128,143.8589847530594,139.70577803246644,216.73873901367188,660.0,1.0,TRES-5__2026-08-26,False,95.29924778782608,74
130,436.72450376231944,148.08853875233225,110019.5514831543,4095.0,1.0,TRES-5__2026-08-26,False,29.281427983448758,74
131,20.443402126328955,146.89521468158978,44036.83572387695,4095.0,1.0,TRES-5__2026-08-26,False,36.370105804464316,74
132,124.80871413390011,145.5441020191286,1781.1849670410156,765.0,1.0,TRES-5__2026-08-26,False,16.64329896347908,74
135,497.0073727225862,149.84473750696344,2306.855987548828,3051.0,1.0,TRES-5__2026-08-26,False,17.8823877542411,74
136,184.99372384937237,151.09623430962344,489.73565673828125,642.0,1.0,TRES-5__2026-08-26,False,67.03809432458685,74
138,477.1340487150977,153.87476760045737,2140.9749755859375,822.0,1.0,TRES-5__2026-08-26,False,17.483580405396687,74
140,90.45980707395498,158.20377813504822,2479.441162109375,961.0,1.0,TRES-5__2026-08-26,False,15.031842556271293,74
141,139.31374496463386,157.2279759952183,985.5,719.0,1.0,TRES-5__2026-08-26,False,36.63639595528814,74
142,126.09956395348837,158.60392441860466,1355.0555419921875,764.0,1.0,TRES-5__2026-08-26,False,24.193576493543134,74
143,165.5358450021108,160.8201301603701,2713.0,964.0,1.0,TRES-5__2026-08-26,False,14.132493661454358,74
144,289.92479489516865,161.40474020054694,2155.842559814453,880.0,1.0,TRES-5__2026-08-26,False,16.72179854574421,74
148,58.90297978981128,168.89739040386715,320.9922180175781,652.0,1.0,TRES-5__2026-08-26,False,139.00534199257447,74
149,457.38395137568875,170.1418607193218,482.2521057128906,758.0,1.0,TRES-5__2026-08-26,False,51.68731949390221,74
150,197.17667019076976,175.68495942186473,767.5,643.0,1.0,TRES-5__2026-08-26,False,39.88491235708151,74
152,265.8679706601467,178.32518337408314,390.09466552734375,724.0,1.0,TRES-5__2026-08-26,False,79.22251783606542,74
153,332.0309265792459,179.23066008674923,1301.9080200195312,900.0,1.0,TRES-5__2026-08-26,False,27.808116444737575,74
155,205.2837902837903,185.12602212602212,2044.5,812.0,1.0,TRES-5__2026-08-26,False,20.750996688573228,74
156,56.987759017757504,182.57472023299883,762.7882080078125,686.0,1.0,TRES-5__2026-08-26,False,44.53772481352976,74
157,395.24727604527396,182.80146492850386,193.04986572265625,732.0,0.972972972972973,TRES-5__2026-08-26,False,85.85817911918329,72
159,166.4965682912278,183.7222688307924,382.40911865234375,606.0,1.0,TRES-5__2026-08-26,False,60.112655204260086,74
160,329.2951281250424,185.2763319575969,857.9605102539062,673.0,1.0,TRES-5__2026-08-26,False,41.30354910249652,74
161,154.51034232598326,186.9438944843964,2641.0,919.0,1.0,TRES-5__2026-08-26,False,15.040104157368098,74
162,461.40304697286007,189.03676165531115,1444.4895629882812,738.0,1.0,TRES-5__2026-08-26,False,19.000178032864206,74
163,503.76954991104486,187.59414991845028,168.66168212890625,598.0,0.8918918918918919,TRES-5__2026-08-26,False,85.75204111234109,66
164,163.57362042897182,190.48950897704646,736.0,713.0,1.0,TRES-5__2026-08-26,False,42.732828476647526,74
166,41.35140502130041,192.84683411592692,469.3033752441406,641.0,1.0,TRES-5__2026-08-26,False,94.46353161147258,74
167,52.03929258537949,192.93224699254264,230.38671875,664.0,1.0,TRES-5__2026-08-26,False,105.61055879967883,74
168,243.45982142857142,192.765625,434.9917907714844,618.0,1.0,TRES-5__2026-08-26,False,62.82837110303796,74
171,186.48661140615857,195.96055493083043,535.0,713.0,1.0,TRES-5__2026-08-26,False,52.01906995185242,74
172,93.42565055762081,197.57806691449815,475.4967346191406,630.0,1.0,TRES-5__2026-08-26,False,52.139351988520104,74
173,153.13708656201007,198.1156582124488,2195.5,884.0,1.0,TRES-5__2026-08-26,False,15.14376433324228,74
174,144.55836090131507,198.29753421295197,1011.0,717.0,1.0,TRES-5__2026-08-26,False,35.05944090274631,74
176,450.1170609298677,199.81434779361783,200.62701416015625,589.0,0.9324324324324325,TRES-5__2026-08-26,False,100.36689965675122,69
177,304.5147427783181,200.93995583176786,155.43353271484375,632.0,0.7027027027027027,TRES-5__2026-08-26,False,131.13060091604268,52
184,277.67191011235957,209.74606741573032,394.96124267578125,622.0,1.0,TRES-5__2026-08-26,False,73.25113196668104,74
185,170.5121292023827,212.43643192246617,12063.807037353516,2327.0,1.0,TRES-5__2026-08-26,True,6.158004351762806,74
186,216.47104247104247,209.94980694980694,512.1933288574219,629.0,1.0,TRES-5__2026-08-26,False,79.12861976194102,74
187,154.5172632949425,214.0924752659955,18563.993194580078,3193.0,1.0,TRES-5__2026-08-26,True,5.683908102880666,74
188,126.65058558074567,216.10862791447298,9068.733184814453,1959.0,1.0,TRES-5__2026-08-26,True,8.74107066829823,74
189,468.72153964171724,218.60170812509335,575.8863525390625,679.0,1.0,TRES-5__2026-08-26,False,46.026649852205665,74
190,371.78296809658093,219.96778140256208,516.3920593261719,636.0,1.0,TRES-5__2026-08-26,False,49.29398063383746,74
191,505.31493738603643,221.55760465929762,595.2270202636719,637.0,1.0,TRES-5__2026-08-26,False,44.88598713463011,74
192,312.96779160356346,222.33675420676062,718.462890625,613.0,1.0,TRES-5__2026-08-26,False,70.71464875259504,74
193,321.7601547940227,223.63089957963513,5899.799560546875,1324.0,1.0,TRES-5__2026-08-26,True,10.114288023580551,74
194,529.5313904866523,222.68423797928799,828.4931030273438,661.0,1.0,TRES-5__2026-08-26,False,35.56091811033254,74
195,296.3701842546064,224.05108877721943,1161.3186340332031,706.0,1.0,TRES-5__2026-08-26,False,24.88351119427534,74
197,55.26584023559809,225.16210386065916,429.2828369140625,621.0,1.0,TRES-5__2026-08-26,False,47.45002770370325,74
198,93.03722084367246,225.3970223325062,413.49041748046875,624.0,1.0,TRES-5__2026-08-26,False,56.3569688628935,74
200,173.45683547026715,226.81276715600373,394.0,619.0,1.0,TRES-5__2026-08-26,False,78.94203709848227,74
201,513.2837642005069,233.26422006998757,367.28228759765625,617.0,1.0,TRES-5__2026-08-26,False,60.32696575602319,74
203,14.728754365541327,234.61932479627473,810.5477600097656,685.0,1.0,TRES-5__2026-08-26,False,39.23043936411643,74
205,164.71629576914924,236.7742572302863,1941.0,834.0,1.0,TRES-5__2026-08-26,False,22.268873327872395,74
207,46.70028215584649,237.20926460847372,751.5256958007812,679.0,1.0,TRES-5__2026-08-26,False,35.92411459853438,74
208,354.611308701456,239.55008069634783,275.6609191894531,610.0,1.0,TRES-5__2026-08-26,False,59.12414968006466,74
212,58.10563218706613,247.8716746410459,160.66000366210938,579.0,0.918918918918919,TRES-5__2026-08-26,False,90.87110783737275,68
214,81.86596082289134,252.54124896830018,1484.4857482910156,769.0,1.0,TRES-5__2026-08-26,False,23.40682386294815,74
217,246.0503271263211,254.49823855057878,2000.1263122558594,815.0,1.0,TRES-5__2026-08-26,False,21.22690771706958,74
218,52.92134326261631,256.02039324136433,311.74114990234375,611.0,1.0,TRES-5__2026-08-26,False,87.66768816250017,74
219,402.49746298511394,258.146422236347,8646.790283203125,1564.0,1.0,TRES-5__2026-08-26,True,6.390551258576152,74
221,34.84611707676865,261.1929160924166,2062.3640747070312,825.0,1.0,TRES-5__2026-08-26,False,19.882919542907427,74
222,427.03087999848015,261.7188706064411,773.7239685058594,645.0,1.0,TRES-5__2026-08-26,False,40.46624613914005,74
224,250.1886976926085,264.74599139616737,5033.423492431641,1227.0,1.0,TRES-5__2026-08-26,True,11.47933282610862,74
225,279.020107599193,267.3094373458866,42886.87966918945,4095.0,1.0,TRES-5__2026-08-26,False,13.266442158816824,74
226,419.5767991425892,262.7525486658973,169.91778564453125,589.0,0.9054054054054054,TRES-5__2026-08-26,False,91.61885985838781,67
227,158.93232397800503,265.21704962514417,1310.4891357421875,789.0,1.0,TRES-5__2026-08-26,False,34.3940783832924,74
228,437.16605356345605,264.66412051885607,1991.7598571777344,765.0,1.0,TRES-5__2026-08-26,False,18.42327796409369,74
231,309.5060833980265,274.23402201951063,1492.5924072265625,867.0,1.0,TRES-5__2026-08-26,False,20.224035643287586,74
232,468.5226902611244,275.44583486205494,447.52008056640625,613.0,1.0,TRES-5__2026-08-26,False,54.34373881768233,74
234,366.9642857142857,277.8733766233766,617.1270751953125,637.0,1.0,TRES-5__2026-08-26,False,45.73238402139977,74
237,371.67488941567285,281.8107597863073,258.76605224609375,591.0,0.9864864864864865,TRES-5__2026-08-26,False,79.05937163928257,73
238,511.2877976737967,282.31740778593394,738.5229187011719,646.0,1.0,TRES-5__2026-08-26,False,39.176395480317666,74
239,190.35895895647215,289.5597538562545,559.0,640.0,1.0,TRES-5__2026-08-26,False,38.170051446880784,74
240,363.0265486725664,288.8407079646018,212.3477783203125,636.0,0.9864864864864865,TRES-5__2026-08-26,False,82.56936016467705,73
242,521.8077337230499,291.3994908610905,2367.1947021484375,821.0,1.0,TRES-5__2026-08-26,False,22.560874032437017,74
243,104.30751708428247,295.57023538344725,1317.6900024414062,717.0,1.0,TRES-5__2026-08-26,False,24.84468443414795,74
244,264.4777838516449,297.01482535834793,550.2528381347656,648.0,1.0,TRES-5__2026-08-26,False,62.10643677875632,74
248,499.35484997011775,301.89651481793715,415.0279235839844,615.0,1.0,TRES-5__2026-08-26,False,57.92844190354623,74
249,41.71162479881411,305.0739127386926,1342.1333312988281,852.0,1.0,TRES-5__2026-08-26,False,20.897269972136115,74
250,422.14548516651564,304.0844542579314,569.4134826660156,647.0,1.0,TRES-5__2026-08-26,False,40.99244757584519,74
256,114.63414050633654,308.8306072362721,3201.8575744628906,978.0,1.0,TRES-5__2026-08-26,False,11.421239936842184,74
257,277.3407310704961,311.93472584856397,742.5773620605469,802.0,1.0,TRES-5__2026-08-26,False,35.64318810055321,74
258,266.01737317581654,312.5496872828353,1430.2056579589844,786.0,1.0,TRES-5__2026-08-26,False,26.774364666132474,74
260,317.89536155476276,314.3445741196105,5244.075866699219,1136.0,1.0,TRES-5__2026-08-26,True,7.991949400085709,74
262,249.5784001862053,316.53409884397547,12676.7666015625,2051.0,1.0,TRES-5__2026-08-26,True,6.868762170695766,74
264,407.2238927140179,316.70291678442226,660.4075317382812,681.0,1.0,TRES-5__2026-08-26,False,45.12113614370088,74
265,163.91723773673837,317.3299962950472,306.96832275390625,703.0,1.0,TRES-5__2026-08-26,False,72.42651345320634,74
266,284.01261829653,317.15141955835963,292.78656005859375,794.0,0.9864864864864865,TRES-5__2026-08-26,False,69.1157130910891,73
268,121.26268533128352,322.0260154502028,4229.5,1071.0,1.0,TRES-5__2026-08-26,True,10.121746952085797,74
269,411.711374837983,327.2213138953892,1638.1347961425781,860.0,1.0,TRES-5__2026-08-26,False,19.095162468761593,74
270,262.50936819172114,328.8679738562092,2211.336883544922,805.0,1.0,TRES-5__2026-08-26,False,18.860787961927755,74
271,464.37561569855376,332.02329829057084,30244.208038330078,3365.0,1.0,TRES-5__2026-08-26,True,5.499937605860512,74
273,90.86129968658308,330.7493927079124,301.40191650390625,598.0,1.0,TRES-5__2026-08-26,False,78.364190816226,74
277,221.3838383838384,333.8484848484849,254.35421752929688,668.0,1.0,TRES-5__2026-08-26,False,69.6587794447037,74
281,37.35601002256092,340.1812760535658,557.5,651.0,1.0,TRES-5__2026-08-26,False,46.2648803820789,74
282,421.7995374524616,340.5081606534944,271.2142639160156,604.0,1.0,TRES-5__2026-08-26,False,68.19013231436556,74
283,151.232911880036,341.48845034378894,329.36981201171875,783.0,1.0,TRES-5__2026-08-26,False,88.75943272985108,74
288,363.42296827514775,343.15195441053464,902.5385437011719,674.0,1.0,TRES-5__2026-08-26,False,31.447840416064466,74
289,323.0797288465869,343.21881805204106,379.29736328125,640.0,1.0,TRES-5__2026-08-26,False,55.87800695952608,74
291,194.12841295316258,349.50861101545445,1244.4373168945312,896.0,1.0,TRES-5__2026-08-26,False,28.37377957910429,74
292,71.5992543125228,350.55081204966035,630.8628540039062,633.0,1.0,TRES-5__2026-08-26,False,50.07259323507646,74
294,117.33664003073048,352.14108283004435,2642.737579345703,891.0,1.0,TRES-5__2026-08-26,False,13.315925238327146,74
295,166.85374619051075,351.4893154142684,585.3511047363281,659.0,1.0,TRES-5__2026-08-26,False,41.68739038692236,74
296,22.01801801801802,358.0862968231389,2078.5643615722656,778.0,1.0,TRES-5__2026-08-26,False,16.700985077187422,74
297,71.51841114438758,358.8016409235137,1026.01708984375,686.0,1.0,TRES-5__2026-08-26,False,34.3626636206465,74
298,274.98141558493984,358.93780031798514,682.4138793945312,662.0,1.0,TRES-5__2026-08-26,False,37.43733585014934,74
300,458.4225790944683,363.4472979481208,4691.346435546875,983.0,1.0,TRES-5__2026-08-26,True,8.90515184520424,74
301,77.18902278596626,367.00736469692464,172.09136962890625,614.0,0.9324324324324325,TRES-5__2026-08-26,False,91.23615976710973,69
304,479.98628026901935,369.48443777716227,1219.3769226074219,712.0,1.0,TRES-5__2026-08-26,False,25.104513786292674,74
305,397.54642063924496,370.0766592007696,631.9461975097656,678.0,1.0,TRES-5__2026-08-26,False,43.297014034873456,74
308,247.12738541923116,375.9368257285477,3743.3526000976562,943.0,1.0,TRES-5__2026-08-26,True,12.855060675293018,74
309,528.0386367522034,375.1823311705643,313.0172424316406,652.0,1.0,TRES-5__2026-08-26,False,63.549242237767466,74
311,486.0238706014689,383.0317715811819,6186.313934326172,1070.0,1.0,TRES-5__2026-08-26,True,9.159491902761841,74
313,15.505879642455726,383.6849769106326,294.83489990234375,600.0,1.0,TRES-5__2026-08-26,False,72.54523737454653,74
314,156.839871897518,386.191353082466,1181.5851440429688,738.0,1.0,TRES-5__2026-08-26,False,26.37420195583947,74
316,33.21771007663275,389.5385340522887,464.83111572265625,611.0,1.0,TRES-5__2026-08-26,False,56.175286251703625,74
317,218.57865492856112,391.877904459518,13830.89242553711,1969.0,1.0,TRES-5__2026-08-26,True,5.455445394186793,74
318,91.22985212341733,395.54963572606306,1967.7713012695312,781.0,1.0,TRES-5__2026-08-26,False,19.392434217297524,74
323,98.07114169806728,401.87633866949125,3043.9532470703125,886.0,1.0,TRES-5__2026-08-26,False,12.937291180474618,74
324,389.7177171373246,403.1878859667238,1549.4440612792969,720.0,1.0,TRES-5__2026-08-26,False,28.489525627114535,74
325,490.83967864089436,405.3730364925405,2863.0614318847656,863.0,1.0,TRES-5__2026-08-26,False,17.143645645649507,74
326,376.3764553266618,405.92013738244697,1103.3742065429688,659.0,1.0,TRES-5__2026-08-26,False,28.313944828828472,74
327,505.06601255498265,408.01028491189743,283.2151794433594,629.0,1.0,TRES-5__2026-08-26,False,89.39257145859237,74
329,61.74200741547741,411.2027108703057,998.2022094726562,723.0,1.0,TRES-5__2026-08-26,False,30.64268836018186,74
330,174.50133333333332,412.4477948717949,4850.476470947266,1147.0,1.0,TRES-5__2026-08-26,True,8.92139520534548,74
332,35.887005822203676,413.91327455166805,1080.5506896972656,672.0,1.0,TRES-5__2026-08-26,False,32.19558685778381,74
334,498.263637456589,417.7270997243596,12954.415313720703,1703.0,1.0,TRES-5__2026-08-26,True,5.398228142310345,74
336,138.49394347240914,421.04396590399284,2168.32177734375,783.0,1.0,TRES-5__2026-08-26,False,17.42212938083993,74
337,220.04624498095376,420.6333494067655,556.1322021484375,639.0,1.0,TRES-5__2026-08-26,False,50.10383653091226,74
338,177.75174920490687,424.10131758291686,10889.784973144531,1639.0,1.0,TRES-5__2026-08-26,True,6.69321037589296,74
339,234.69317935290607,424.29043280623137,738.15087890625,637.0,1.0,TRES-5__2026-08-26,False,40.41998088281521,74
340,523.4359671258858,427.3205165635138,1289.378173828125,674.0,1.0,TRES-5__2026-08-26,False,27.335280307372596,74
341,85.71246740202338,427.1362542775365,440.3891906738281,596.0,1.0,TRES-5__2026-08-26,False,54.943166369570505,74
342,493.4533183027644,428.1416400677299,1614.49609375,692.0,1.0,TRES-5__2026-08-26,False,18.08854466283987,74
346,227.6532040681813,430.448590539508,600.6955261230469,692.0,1.0,TRES-5__2026-08-26,False,43.21074267803197,74
347,291.24214734437464,433.29725870930895,3459.8042602539062,860.0,1.0,TRES-5__2026-08-26,True,12.15679451979656,74
350,202.41342318633775,442.5690079549322,8625.279357910156,1411.0,1.0,TRES-5__2026-08-26,True,6.235455929728023,74
351,434.2897202854627,441.04852271566534,1087.6126403808594,649.0,1.0,TRES-5__2026-08-26,False,27.88213075300589,74
352,135.51521585279548,443.43099787685776,1378.614501953125,696.0,1.0,TRES-5__2026-08-26,False,23.904181632565294,74
353,377.3332223329757,443.9358631114695,1708.5914916992188,708.0,1.0,TRES-5__2026-08-26,False,17.73857658818294,74
355,21.997982514487287,452.5735766397451,1792.147216796875,738.0,1.0,TRES-5__2026-08-26,False,23.089960448929663,74
359,10.71590509494685,456.67042813157417,162.58853149414062,584.0,0.9459459459459459,TRES-5__2026-08-26,False,113.96453697203994,68
361,246.48744340753032,465.2909897823854,663.74560546875,818.0,1.0,TRES-5__2026-08-26,False,55.52899223914275,74
364,426.0698012636067,466.0913304453316,270.6885986328125,642.0,1.0,TRES-5__2026-08-26,False,59.629608467157716,74
365,114.02849002849003,467.537037037037,728.4490966796875,638.0,1.0,TRES-5__2026-08-26,False,33.06389673037719,74
366,252.11770134105026,467.2804777347372,561.0531005859375,609.0,0.9864864864864865,TRES-5__2026-08-26,False,46.64571919735817,73
367,177.50353627681952,468.73512099066187,848.5412292480469,640.0,1.0,TRES-5__2026-08-26,False,34.15806245743351,74
368,298.0686677012173,472.66000204217926,1379.6115112304688,1241.0,1.0,TRES-5__2026-08-26,False,22.781445512890887,74
369,127.00704776820673,474.2905246671887,1311.6911315917969,905.0,1.0,TRES-5__2026-08-26,False,25.26802064630349,74
370,184.41329434205608,475.2886588252255,2551.848663330078,778.0,1.0,TRES-5__2026-08-26,False,15.401137982388635,74
372,75.58497170137194,475.46899838729865,2747.447967529297,1005.0,1.0,TRES-5__2026-08-26,False,15.303411140374365,74
373,88.34124176711171,474.1410176688777,643.2724609375,887.0,1.0,TRES-5__2026-08-26,False,42.44960339066048,74
374,382.14474358469,473.62333441548805,199.61370849609375,648.0,0.9054054054054054,TRES-5__2026-08-26,False,60.712350248195,67
375,103.9825327510917,474.8602620087336,223.6785888671875,579.0,0.9864864864864865,TRES-5__2026-08-26,False,68.3247128402813,73
377,472.50632362250013,480.7444198493894,1832.0997924804688,701.0,1.0,TRES-5__2026-08-26,False,17.813515449518178,74
378,203.1712962962963,485.375,373.9080505371094,882.0,1.0,TRES-5__2026-08-26,False,51.764782034885954,73
379,284.97641509433964,485.6179245283019,278.55157470703125,583.0,1.0,TRES-5__2026-08-26,False,69.66123931846695,73
393,486.3141246841385,106.94066066936165,197.3665771484375,602.0,0.9594594594594594,TRES-5__2026-08-26,False,82.19333402639623,71
394,196.35362344543958,131.50623028826607,141.83074951171875,583.0,0.7567567567567568,TRES-5__2026-08-26,False,108.19873823333599,56
402,432.6297521923405,250.80241258493763,223.66314697265625,602.0,0.9594594594594594,TRES-5__2026-08-26,False,92.16774626025962,71
414,499.0138428990358,470.6489096797189,174.59017944335938,583.0,0.8648648648648649,TRES-5__2026-08-26,False,69.55491009408456,64
415,224.95577006227484,484.7487000391889,180.21697998046875,594.0,0.9054054054054054,TRES-5__2026-08-26,False,80.12690951332226,63
425,209.70014485755672,69.05504587155963,1983.2515869140625,892.0,0.7297297297297297,TRES-5__2026-08-26,False,64.46217406481112,54
458,175.20918857077947,17.351908183260242,143.91513061523438,599.0,0.7567567567567568,TRES-5__2026-08-26,False,70.92219642428803,30
60,207.34634974533108,68.69354838709677,1090.596923828125,976.0,0.9864864864864865,TRES-5__2026-08-29,False,42.08430810132737,51
62,162.51794878981113,70.91851696711034,816.6593017578125,930.0,0.9864864864864865,TRES-5__2026-08-29,False,45.05619291961319,63
63,561.0599659822602,70.1497048460809,633.7884521484375,829.0,0.9864864864864865,TRES-5__2026-08-29,False,55.388186319513736,70
65,318.5382262996942,79.61620795107034,1281.5186767578125,1006.0,0.9864864864864865,TRES-5__2026-08-29,False,33.33401277397583,73
66,32.103641456582636,79.82352941176471,351.15667724609375,796.0,0.9864864864864865,TRES-5__2026-08-29,False,73.74657806894643,73
67,104.025,80.975,233.69760131835938,755.0,0.8378378378378378,TRES-5__2026-08-29,False,110.10583909376011,62
68,411.6517484555196,83.02981948832868,4369.2939453125,1635.0,0.9864864864864865,TRES-5__2026-08-29,True,13.704333338160207,73
69,488.4206076513789,81.53660157911901,1010.6053466796875,885.0,0.9864864864864865,TRES-5__2026-08-29,False,39.22762501335464,73
71,315.533185840708,83.96017699115045,447.57147216796875,808.0,0.9864864864864865,TRES-5__2026-08-29,False,97.14345643496934,73
72,366.0038561257387,84.42721340541179,1102.817138671875,948.0,0.9864864864864865,TRES-5__2026-08-29,False,66.55009618687025,73
73,167.53728927631226,84.41320711690341,276.27398681640625,768.0,0.9864864864864865,TRES-5__2026-08-29,False,111.1266600305492,73
75,57.82103825136612,86.75409836065573,686.136962890625,910.0,0.9864864864864865,TRES-5__2026-08-29,False,47.55751984090004,73
77,297.6253238341969,87.47020725388602,2982.0,1458.0,0.9864864864864865,TRES-5__2026-08-29,True,17.122384142592942,73
78,303.57835820895525,86.34701492537313,293.80438232421875,763.0,0.9864864864864865,TRES-5__2026-08-29,False,184.24938681121077,73
81,268.2142857142857,89.74603174603175,401.0,786.0,0.9864864864864865,TRES-5__2026-08-29,False,93.62704422208493,73
85,107.03854024556617,96.30593451568895,2952.0,1533.0,0.9864864864864865,TRES-5__2026-08-29,True,15.267293013243062,73
86,333.7662279484445,98.08776127106553,2448.4285888671875,1137.0,0.9864864864864865,TRES-5__2026-08-29,False,23.924805757831194,73
89,260.1332421756305,102.10270434518384,6345.773193359375,2183.0,0.9864864864864865,TRES-5__2026-08-29,True,13.746867175796464,73
90,301.35486265775796,105.55382331106162,1275.0,999.0,0.9864864864864865,TRES-5__2026-08-29,False,32.291746200514226,73
91,444.0400102519117,105.62216832080736,2674.75439453125,1236.0,0.9864864864864865,TRES-5__2026-08-29,False,15.967455448597974,73
92,518.1701431065992,106.73991872909599,201.78536987304688,741.0,0.8918918918918919,TRES-5__2026-08-29,False,108.95129630742603,66
93,272.7175572519084,110.42175572519083,981.3034057617188,937.0,0.9864864864864865,TRES-5__2026-08-29,False,44.213226027423495,73
94,98.1976401179941,111.07227138643069,666.9539184570312,901.0,0.9864864864864865,TRES-5__2026-08-29,False,43.44164564601246,73
96,400.0924929655062,115.51583706276823,1276.044189453125,953.0,0.9864864864864865,TRES-5__2026-08-29,False,30.985568745661276,73
97,521.9806138596889,115.39521631057329,392.51678466796875,773.0,0.9864864864864865,TRES-5__2026-08-29,False,95.28813827873509,73
98,530.6537571775907,116.0951179222621,181.78500366210938,727.0,0.8648648648648649,TRES-5__2026-08-29,False,112.08151856509105,64
101,382.1484110126958,118.56785186583045,269.98822021484375,747.0,0.9864864864864865,TRES-5__2026-08-29,False,103.60605352961463,73
102,298.93870967741935,119.02258064516128,246.0,747.0,0.9864864864864865,TRES-5__2026-08-29,False,116.66015153817261,73
103,303.96666666666664,118.98245614035088,505.0,811.0,0.9864864864864865,TRES-5__2026-08-29,False,59.892423517550974,73
104,455.59408987260633,119.21251980492225,203.99853515625,744.0,0.9594594594594594,TRES-5__2026-08-29,False,98.1711116236999,71
105,463.4799146462766,119.50284512411298,181.81610107421875,741.0,0.8513513513513513,TRES-5__2026-08-29,False,110.58920904430614,63
106,112.37025495934678,120.71565582003481,276.184814453125,769.0,0.9864864864864865,TRES-5__2026-08-29,False,113.0803850412086,73
107,451.6424866185171,124.25293464493937,211.8670654296875,738.0,0.972972972972973,TRES-5__2026-08-29,False,74.33695285455437,72
109,206.34914611005692,127.0303605313093,535.0,835.0,0.9864864864864865,TRES-5__2026-08-29,False,56.34297379935055,73
111,215.12673937570514,131.61752538548328,2574.0,1322.0,0.9864864864864865,TRES-5__2026-08-29,False,16.740891952962453,73
112,436.718132580478,131.05580529112197,742.9194946289062,844.0,0.9864864864864865,TRES-5__2026-08-29,False,38.881369953069616,73
113,106.55170500919957,133.94862122080178,6328.0,1674.0,0.9864864864864865,TRES-5__2026-08-29,True,10.498470959575327,73
114,159.7239106598597,135.74086579131747,623.0,894.0,0.9864864864864865,TRES-5__2026-08-29,False,52.75874618709097,73
117,425.2253275966912,138.09235455120134,839.3577270507812,846.0,0.9864864864864865,TRES-5__2026-08-29,False,39.485134315104474,73
119,283.02867383512546,142.39605734767025,526.0,813.0,0.9864864864864865,TRES-5__2026-08-29,False,58.11083193499345,73
121,52.213024954351795,146.0882531953743,1676.0,1158.0,0.9864864864864865,TRES-5__2026-08-29,False,23.7621665718715,73
122,197.3230769230769,146.00879120879122,454.0,814.0,0.9864864864864865,TRES-5__2026-08-29,False,88.15699130825607,73
123,233.55555555555554,146.38058748403577,658.0,830.0,0.9864864864864865,TRES-5__2026-08-29,False,119.2988821894668,73
124,527.4942674568088,148.4504600325979,202.57373046875,737.0,0.9594594594594594,TRES-5__2026-08-29,False,89.3628473573863,71
125,28.134361233480178,151.85462555066078,398.0,816.0,0.9864864864864865,TRES-5__2026-08-29,False,85.9736847315903,73
126,273.749226006192,151.92724458204336,651.0,826.0,0.9864864864864865,TRES-5__2026-08-29,False,49.182259754953215,73
127,116.8334622227219,154.8130618930541,13615.0,3900.0,1.0,TRES-5__2026-08-29,True,401.5612650623078,74
129,541.7714882779175,155.40814542938023,1015.285888671875,877.0,0.9864864864864865,TRES-5__2026-08-29,False,115.00084973197092,73
130,165.9883913764511,155.83416252072968,568.0,854.0,0.9864864864864865,TRES-5__2026-08-29,False,115.90999462970727,73
131,571.7545883168666,155.81952517286985,342.81121826171875,759.0,0.9864864864864865,TRES-5__2026-08-29,False,70.39366987675716,72
132,283.4144736842105,157.01973684210526,229.0,741.0,0.9864864864864865,TRES-5__2026-08-29,False,151.34224615058534,73
136,165.2832022211939,161.62147154095325,2050.0,1215.0,0.9864864864864865,TRES-5__2026-08-29,False,23.44083712093989,73
137,199.84354430379747,162.16708860759493,2349.0,1324.0,0.9864864864864865,TRES-5__2026-08-29,False,115.67547797173005,73
138,299.52569169960475,161.06324110671937,486.0,786.0,0.9864864864864865,TRES-5__2026-08-29,False,66.78130807562403,73
139,46.34387351778656,161.699604743083,252.391845703125,764.0,0.972972972972973,TRES-5__2026-08-29,False,89.34879512750499,72
140,265.7610520425294,163.82484611080022,1801.0,975.0,0.9864864864864865,TRES-5__2026-08-29,False,21.04248321584177,73
142,321.40632003585836,165.84351187808159,17342.905700683594,4095.0,0.9864864864864865,TRES-5__2026-08-29,False,9.968649396598677,73
144,415.56498348328836,167.83544345911227,290.84796142578125,761.0,0.9864864864864865,TRES-5__2026-08-29,False,105.62453745383154,73
147,522.2580565783524,169.92646856314832,307.51324462890625,765.0,0.9864864864864865,TRES-5__2026-08-29,False,79.87234973126134,73
149,363.03328042490216,174.7136855717014,1990.0,1072.0,0.9864864864864865,TRES-5__2026-08-29,False,21.181639967514293,73
150,559.6620111747487,175.97397830349237,1049.189208984375,863.0,1.0,TRES-5__2026-08-29,False,10203.464123723053,74
151,445.88196493621996,177.71161305571462,566.3701171875,769.0,0.9864864864864865,TRES-5__2026-08-29,False,53.99868983959039,73
152,216.65758754863813,177.3236057068742,1496.0,1027.0,0.9864864864864865,TRES-5__2026-08-29,False,26.5995448501764,73
154,72.31289050370209,179.87221053434607,237.1669921875,755.0,0.9324324324324325,TRES-5__2026-08-29,False,90.25642977132264,69
155,104.45311564331003,180.4426990928343,201.0,751.0,0.9054054054054054,TRES-5__2026-08-29,False,92.15356696320002,67
156,517.6614313756588,184.27005606627608,196.034423828125,735.0,0.8783783783783784,TRES-5__2026-08-29,False,100.80698440903143,65
158,499.9093807563655,185.94351574220076,4270.756408691406,1445.0,0.9864864864864865,TRES-5__2026-08-29,True,13.345057678868779,73
160,136.63564356435643,186.7881188118812,481.0,788.0,0.9864864864864865,TRES-5__2026-08-29,False,55.2152193325239,73
162,511.86783087246744,190.0552855404302,702.4127807617188,817.0,0.9864864864864865,TRES-5__2026-08-29,False,46.15175360045995,73
165,174.216,191.752,203.0,741.0,0.9324324324324325,TRES-5__2026-08-29,False,168.89814711595207,69
172,298.50358592427466,194.85100749112502,268.09423828125,757.0,0.9864864864864865,TRES-5__2026-08-29,False,91.36807998993345,73
173,371.88576405323204,195.71870428880922,796.262451171875,1142.0,0.9864864864864865,TRES-5__2026-08-29,False,52.88314712073703,73
174,414.0086111310819,194.9400109020096,308.21319580078125,844.0,0.9864864864864865,TRES-5__2026-08-29,False,96.78024344621295,73
175,244.73430656934306,197.78832116788323,664.3976440429688,836.0,0.9864864864864865,TRES-5__2026-08-29,False,51.48986237465432,73
179,477.17111419648035,199.77040363649127,198.22579956054688,733.0,0.9459459459459459,TRES-5__2026-08-29,False,81.06308749658815,70
180,377.41220344625975,201.97627027920393,1665.5753173828125,988.0,0.9864864864864865,TRES-5__2026-08-29,False,28.44057283667306,73
181,331.0869143991128,202.09507319074427,363.49652099609375,1006.0,0.9864864864864865,TRES-5__2026-08-29,False,108.97384678043902,73
182,504.9541942357116,202.06149635613943,742.8454895019531,893.0,1.0,TRES-5__2026-08-29,False,46474.818774836815,74
183,96.54699472015014,203.88197866113435,1470.8820495605469,1042.0,1.0,TRES-5__2026-08-29,False,26312.135678354956,74
185,383.7245619862011,204.0834605958665,485.319091796875,786.0,0.9864864864864865,TRES-5__2026-08-29,False,62.586533451387716,73
187,306.79339798293796,208.2970555354035,704.0,826.0,0.9864864864864865,TRES-5__2026-08-29,False,57.50887741948877,73
189,233.98073129174392,209.84560732217392,1056.127197265625,905.0,0.9864864864864865,TRES-5__2026-08-29,False,35.09483387195277,73
191,218.52874377683398,212.18914179850347,307.0,770.0,0.9864864864864865,TRES-5__2026-08-29,False,84.82441570036112,73
192,74.19800399695139,213.095321763313,179.0,736.0,0.7702702702702703,TRES-5__2026-08-29,False,110.63032919659504,57
193,312.0153766848833,213.25776096335997,200.87261962890625,728.0,0.9459459459459459,TRES-5__2026-08-29,False,92.07806171132631,70
196,431.05890472561026,222.67437222882808,102241.68371582031,4095.0,0.9864864864864865,TRES-5__2026-08-29,False,32.12889683650404,73
197,118.99242424242425,219.4032634032634,1662.5235595703125,959.0,0.9864864864864865,TRES-5__2026-08-29,False,26.072055981691737,73
199,484.5419103283273,218.8871550497699,1467.8411254882812,947.0,0.9864864864864865,TRES-5__2026-08-29,False,25.835138577959896,73
201,204.34434943368512,219.59563757848665,542.0,808.0,0.9864864864864865,TRES-5__2026-08-29,False,52.49464457094951,73
202,491.34813851596846,224.04527956655082,2186.8470458984375,1059.0,0.9864864864864865,TRES-5__2026-08-29,False,19.52680687966822,73
204,179.3259911894273,224.9295154185022,471.0,798.0,0.9864864864864865,TRES-5__2026-08-29,False,67.03819786429983,73
207,471.4004293462299,228.15660311133988,2027.6956787109375,1053.0,0.9864864864864865,TRES-5__2026-08-29,False,20.06711498679952,73
209,84.66876836932707,231.97316135182146,2364.5529174804688,1239.0,0.9864864864864865,TRES-5__2026-08-29,False,19.081009043059133,73
210,133.5612565445026,231.07539267015707,929.0,883.0,0.9864864864864865,TRES-5__2026-08-29,False,44.3749454895797,73
211,120.35885885885885,232.58408408408408,1265.0,1002.0,0.9864864864864865,TRES-5__2026-08-29,False,25.02139491230932,73
213,159.77189713007826,234.7044353335818,2579.672821044922,1244.0,1.0,TRES-5__2026-08-29,False,17192.89409928788,74
214,284.1566428055455,235.4508983440163,2082.1026000976562,1118.0,0.9864864864864865,TRES-5__2026-08-29,False,22.164784610172116,73
217,563.7953271244786,240.16081508060356,287.7376708984375,743.0,0.9864864864864865,TRES-5__2026-08-29,False,75.82720535670006,73
218,53.069303739162265,242.6447790565484,299.32855224609375,780.0,0.9864864864864865,TRES-5__2026-08-29,False,135.40478891229222,73
219,451.8332934964026,244.21196279898902,445.02789306640625,771.0,0.9864864864864865,TRES-5__2026-08-29,False,60.583577898311034,73
223,260.06526806526807,252.3146853146853,393.0,769.0,0.9864864864864865,TRES-5__2026-08-29,False,67.22091790909639,73
224,326.20974076983504,253.36292223095052,1229.6989135742188,903.0,0.9864864864864865,TRES-5__2026-08-29,False,33.99021612156955,73
226,51.154624537396714,256.23665956254314,719.6810913085938,864.0,0.9864864864864865,TRES-5__2026-08-29,False,47.92902294883649,73
227,199.47788684409792,259.11380929730797,1695.0902709960938,1008.0,0.9864864864864865,TRES-5__2026-08-29,False,26.27353275747455,73
228,160.72804532577905,257.4702549575071,335.0,762.0,0.9864864864864865,TRES-5__2026-08-29,False,70.4637461167273,73
230,389.5331182816171,257.7181557635753,181.94619750976562,731.0,0.8918918918918919,TRES-5__2026-08-29,False,97.03000696969994,66
231,323.5533108866442,259.35353535353534,819.7356567382812,832.0,0.9864864864864865,TRES-5__2026-08-29,False,39.59743336687844,73
232,148.70153362170666,260.83955957530475,2516.0,1180.0,0.9864864864864865,TRES-5__2026-08-29,False,18.952412295417858,73
233,498.16846816602344,261.7852716286289,169.34716796875,729.0,0.8513513513513513,TRES-5__2026-08-29,False,90.35470704561499,63
234,455.62091134961713,263.32791447151277,1361.9391479492188,907.0,0.9864864864864865,TRES-5__2026-08-29,False,26.742369130595993,73
235,157.91831357048747,264.364953886693,700.5,2753.0,1.0,TRES-5__2026-08-29,False,358935.4914970559,74
236,35.774558930763895,266.65942868620596,456.00616455078125,788.0,0.9864864864864865,TRES-5__2026-08-29,False,67.11996582224155,73
237,46.34331897666606,266.77167874496274,226.60244750976562,756.0,0.972972972972973,TRES-5__2026-08-29,False,110.15954627261921,72
240,29.967774420946625,268.60523665659616,929.0,907.0,0.9864864864864865,TRES-5__2026-08-29,False,34.05247328790307,73
241,180.68262050173018,269.9551527625416,487.0,785.0,0.9864864864864865,TRES-5__2026-08-29,False,56.14284674158818,73
242,548.7596974057925,270.42996494827736,1028.056640625,838.0,0.9864864864864865,TRES-5__2026-08-29,False,35.87384745793753,73
244,147.38648003590583,271.9784173983327,2092.5469970703125,1174.0,0.9864864864864865,TRES-5__2026-08-29,False,25.893367037904977,73
245,138.84971613219346,272.17636344388245,941.1809692382812,980.0,0.9864864864864865,TRES-5__2026-08-29,False,43.685814046351815,73
247,444.46515993249534,273.9922307780533,203.5037841796875,733.0,0.9594594594594594,TRES-5__2026-08-29,False,102.26822308129564,71
251,561.2625192510934,278.88265014810577,301.047119140625,742.0,0.9864864864864865,TRES-5__2026-08-29,False,81.64344865301632,73
254,262.2939068100358,283.0179211469534,233.0,735.0,0.972972972972973,TRES-5__2026-08-29,False,146.92803574135536,72
255,362.13746630727763,283.09703504043125,743.9702758789062,814.0,0.9864864864864865,TRES-5__2026-08-29,False,42.57074593475099,73
256,210.78455284552845,283.890243902439,496.0,777.0,0.9864864864864865,TRES-5__2026-08-29,False,78.63720054477307,73
257,271.7857142857143,283.79802955665025,358.57171630859375,758.0,0.9864864864864865,TRES-5__2026-08-29,False,88.10163904663631,73
259,164.63389558281742,286.3385613781164,11350.317321777344,2801.0,0.9864864864864865,TRES-5__2026-08-29,True,9.793309355750104,73
260,148.6490088834026,288.01910976502734,17615.0,3954.0,0.9864864864864865,TRES-5__2026-08-29,True,8.402534151115667,73
261,120.83874285486866,289.9646483457164,8556.512084960938,2311.0,0.9864864864864865,TRES-5__2026-08-29,True,11.163282587299985,73
262,462.94556659347876,292.77157158570395,523.7366333007812,782.0,0.9864864864864865,TRES-5__2026-08-29,False,47.99774552760339,73
263,366.20346320346323,294.07142857142856,483.3367919921875,773.0,0.9864864864864865,TRES-5__2026-08-29,False,59.75387304609149,73
264,305.17557251908397,296.09923664122135,418.0,760.0,0.9864864864864865,TRES-5__2026-08-29,False,115.07825483663947,73
265,309.659375,296.465625,282.4951171875,719.0,0.7162162162162162,TRES-5__2026-08-29,False,114.96005233138266,53
266,315.88300642249607,297.73199097378927,5546.680603027344,1660.0,0.9864864864864865,TRES-5__2026-08-29,True,12.110789634666665,73
268,523.6227288046082,297.2469116225515,783.293212890625,803.0,0.9864864864864865,TRES-5__2026-08-29,False,44.49594034982467,73
269,290.45200698080276,298.1605584642234,1120.0,958.0,0.9864864864864865,TRES-5__2026-08-29,False,36.92543991700036,73
272,87.45953757225433,299.1040462427746,391.3611145019531,790.0,1.0,TRES-5__2026-08-29,False,49050.12827210867,74
273,184.80979984150233,301.00534173028075,2124.8052978515625,1139.0,0.9864864864864865,TRES-5__2026-08-29,False,24.39257076213794,73
274,167.62609748663465,300.8951542718785,374.13470458984375,764.0,0.9864864864864865,TRES-5__2026-08-29,False,100.77154409696335,73
276,507.522711065561,307.64258056512995,358.95166015625,747.0,0.9864864864864865,TRES-5__2026-08-29,False,69.13389626377888,73
279,371.94652445599684,309.9848358868678,3401.8358154296875,1261.0,0.9864864864864865,TRES-5__2026-08-29,True,15.163658707561886,73
280,158.8252568984052,310.61577368488025,1832.1196899414062,1045.0,0.9864864864864865,TRES-5__2026-08-29,False,23.041308251739334,73
281,40.853869355750845,310.96263706724227,716.0,874.0,1.0,TRES-5__2026-08-29,False,50637.173141528874,74
282,534.2847956262211,311.2218467496839,541.2599487304688,777.0,0.9864864864864865,TRES-5__2026-08-29,False,48.620684898689206,73
283,348.96846241437396,313.3381290471053,243.073486328125,734.0,0.9864864864864865,TRES-5__2026-08-29,False,57.38425726306304,73
284,295.3785332774095,315.73362951766836,465.46539306640625,769.0,0.9864864864864865,TRES-5__2026-08-29,False,71.25616585461904,73
288,52.0,321.94802188021663,171.0,730.0,0.7432432432432432,TRES-5__2026-08-29,False,96.66762490571,55
290,75.96652444645537,326.4387043872934,1397.052734375,964.0,0.9864864864864865,TRES-5__2026-08-29,False,29.252660011878543,73
291,123.30619838051837,328.32563622306975,20701.73876953125,4095.0,0.9864864864864865,TRES-5__2026-08-29,False,9.626166385465261,73
292,532.6845028278319,326.03695888132705,207.09988403320312,736.0,0.972972972972973,TRES-5__2026-08-29,False,71.23354632324236,72
293,240.23927672361165,328.4242643004476,1903.0035400390625,1025.0,0.9864864864864865,TRES-5__2026-08-29,False,25.411880165860776,73
294,47.115868416821876,330.02735190475295,293.0401611328125,761.0,0.9864864864864865,TRES-5__2026-08-29,False,105.4211113185879,73
295,396.5843240669257,332.3798697242029,8126.4901123046875,1865.0,0.9864864864864865,TRES-5__2026-08-29,True,10.384558227720762,73
297,28.95500022204369,334.92988664707,1969.0,1056.0,0.9864864864864865,TRES-5__2026-08-29,False,20.694688850209914,73
300,244.2309612982504,338.7751480401826,4795.0,1438.0,0.9864864864864865,TRES-5__2026-08-29,True,10.978319379314428,73
302,153.07298532270946,339.05332583577166,1236.4815063476562,913.0,0.9864864864864865,TRES-5__2026-08-29,False,30.578611065097554,73
303,273.13060358287754,341.3601440680465,37768.895446777344,4095.0,0.9864864864864865,TRES-5__2026-08-29,False,32.45711998823732,73
304,431.2913762426995,338.88760054608133,1873.8573608398438,965.0,0.9864864864864865,TRES-5__2026-08-29,False,22.066610751792513,73
305,30.53872031439719,341.24405733389847,722.0,843.0,0.9864864864864865,TRES-5__2026-08-29,False,51.90211755625259,73
307,423.3567814372948,343.720824741104,235.61871337890625,737.0,0.9864864864864865,TRES-5__2026-08-29,False,114.7317329181224,73
308,303.51194310198775,348.3906320714714,1441.557861328125,1005.0,0.9864864864864865,TRES-5__2026-08-29,False,27.645533836109095,73
309,249.9074540248464,350.3435372568947,246.0,726.0,0.9864864864864865,TRES-5__2026-08-29,False,74.75664628362254,73
310,462.7864357646161,349.8087208231309,429.22259521484375,860.0,0.9864864864864865,TRES-5__2026-08-29,False,60.704514329912755,73
311,361.0393563924821,351.99315940721266,584.9922485351562,826.0,0.9864864864864865,TRES-5__2026-08-29,False,64.45488302484564,73
313,154.53095868624456,355.1927329669835,191.4012451171875,728.0,0.9594594594594594,TRES-5__2026-08-29,False,125.020638764865,71
314,365.5125680539461,355.9502197466138,250.09906005859375,732.0,0.9864864864864865,TRES-5__2026-08-29,False,95.25009364564296,73
315,505.36459539939415,356.65386184356527,710.066162109375,791.0,0.9864864864864865,TRES-5__2026-08-29,False,44.5052805404474,73
316,184.3895047585746,363.44474199579616,524.6632690429688,774.0,0.9864864864864865,TRES-5__2026-08-29,False,52.008070174857465,73
317,357.046575214608,363.20737066605767,216.03799438476562,728.0,0.972972972972973,TRES-5__2026-08-29,False,104.12890251675552,72
320,515.9344638650541,365.77816464600113,2243.2308349609375,991.0,0.9864864864864865,TRES-5__2026-08-29,False,18.7257557475418,73
321,98.39581557110941,369.4220994115193,1241.1799926757812,925.0,0.9864864864864865,TRES-5__2026-08-29,False,30.3150977031495,73
324,84.61015981124058,373.0366480065775,313.078369140625,749.0,0.9864864864864865,TRES-5__2026-08-29,False,73.03197690782916,73
326,493.40423092624906,375.6998260135658,337.52593994140625,780.0,0.9864864864864865,TRES-5__2026-08-29,False,61.54371305367672,73
327,35.70847783592757,378.5653308252221,1234.7957763671875,845.0,0.9864864864864865,TRES-5__2026-08-29,False,28.45356053158839,73
329,531.139868981554,379.4801875141202,279.57867431640625,1102.0,0.9864864864864865,TRES-5__2026-08-29,False,72.08772087027673,73
330,556.7620999356457,380.63038748767406,1997.0239562988281,1164.0,1.0,TRES-5__2026-08-29,False,13523.765372573514,74
331,156.52851801235138,380.35011761291184,798.594970703125,820.0,0.9864864864864865,TRES-5__2026-08-29,False,40.166160719472046,73
334,108.64645815614045,382.65320808089587,3010.6934204101562,1242.0,0.9864864864864865,TRES-5__2026-08-29,True,14.44869866898168,73
335,271.3317934377455,385.7377141314122,700.3367919921875,1009.0,0.9864864864864865,TRES-5__2026-08-29,False,58.18540727026712,73
336,260.1498123409015,386.5280837289527,1369.9860229492188,1044.0,0.9864864864864865,TRES-5__2026-08-29,False,30.86464225508734,73
338,311.9653373176967,388.43172514191605,4967.121154785156,1489.0,0.9864864864864865,TRES-5__2026-08-29,True,15.668073057015421,73
339,447.3997400282454,387.7566367589117,239.03411865234375,731.0,0.9594594594594594,TRES-5__2026-08-29,False,67.45661799278133,71
340,243.56872063041848,390.5911170441107,11805.694946289062,2478.0,0.9864864864864865,TRES-5__2026-08-29,True,12.23886059540503,73
341,158.039206959425,391.41834181761936,292.3325500488281,741.0,1.0,TRES-5__2026-08-29,False,18167.586382947702,74
342,278.0068633929684,391.3125327926624,291.40106201171875,731.0,0.9864864864864865,TRES-5__2026-08-29,False,81.383351181219,73
343,401.1742064832258,391.04837450829194,625.299072265625,833.0,0.9864864864864865,TRES-5__2026-08-29,False,52.90349041812817,73
345,518.33319682697,395.9944939163933,27055.659240722656,4037.0,0.9864864864864865,TRES-5__2026-08-29,False,8.96827096640283,73
346,115.27693599597437,395.8975830329996,4016.0546264648438,1343.0,0.9864864864864865,TRES-5__2026-08-29,True,12.686386467918963,73
348,256.5389741575792,402.8422738574524,2091.4794921875,994.0,0.9864864864864865,TRES-5__2026-08-29,False,17.342076164230633,73
349,84.97285622790422,404.4667224382668,290.55230712890625,735.0,0.9864864864864865,TRES-5__2026-08-29,False,74.82818888881091,73
350,458.40676948677475,406.3177327125905,28465.039978027344,4095.0,0.9864864864864865,TRES-5__2026-08-29,False,8.921457346990515,73
354,332.369109272399,407.2445992833607,179.0880126953125,716.0,0.7837837837837838,TRES-5__2026-08-29,False,80.86858372364071,58
355,215.49982849688115,408.05950411511134,249.61468505859375,733.0,0.9864864864864865,TRES-5__2026-08-29,False,95.33876963924291,73
356,558.3359130632892,409.97319174503195,308.5035400390625,763.0,1.0,TRES-5__2026-08-29,False,36693.516705253416,74
357,157.80874109778222,410.3989222562214,175.98281860351562,715.0,0.8918918918918919,TRES-5__2026-08-29,False,107.51389888789011,66
358,31.375051252549493,414.0660539431513,519.0506591796875,786.0,0.9864864864864865,TRES-5__2026-08-29,False,59.34064677281681,73
359,567.317867580023,414.12900130125973,605.9425659179688,795.0,0.9864864864864865,TRES-5__2026-08-29,False,46.55762648500224,73
360,145.38455224072032,415.33104608397315,307.67913818359375,745.0,0.9864864864864865,TRES-5__2026-08-29,False,75.93509074790282,73
361,180.73896654405326,414.9692908632793,162.66607666015625,715.0,0.8243243243243243,TRES-5__2026-08-29,False,97.3685432257785,61
364,160.43030170871762,415.45014368918794,165.82275390625,722.0,0.7297297297297297,TRES-5__2026-08-29,False,93.34175839277549,54
367,317.0380330395531,417.3328472701466,367.27398681640625,737.0,0.9864864864864865,TRES-5__2026-08-29,False,62.88478547989766,73
368,357.4056092679445,417.42029170389884,826.24658203125,772.0,0.9864864864864865,TRES-5__2026-08-29,False,38.597911646546464,73
370,188.2502974524257,423.5898866278667,1182.11572265625,859.0,0.9864864864864865,TRES-5__2026-08-29,False,31.635986555913814,73
371,65.76070377844255,424.2465750285647,603.554931640625,792.0,0.9864864864864865,TRES-5__2026-08-29,False,49.60187521023832,73
374,111.34614108790105,426.0392433196046,2468.7979736328125,1059.0,0.9864864864864865,TRES-5__2026-08-29,False,16.494233911319373,73
375,160.889784774979,425.62221586393974,560.7570190429688,799.0,0.9864864864864865,TRES-5__2026-08-29,False,47.329264047758834,73
376,16.003076236779204,431.9059013952479,1931.33837890625,963.0,0.9864864864864865,TRES-5__2026-08-29,False,20.54494809600338,66
377,65.50487532460484,432.6001233495337,968.4592895507812,825.0,0.9864864864864865,TRES-5__2026-08-29,False,33.88412656484281,73
378,268.96719490549617,432.905712979157,648.665283203125,774.0,0.9864864864864865,TRES-5__2026-08-29,False,41.856987453779524,73
379,546.427923005789,434.6881046423244,981.5126342773438,819.0,0.9864864864864865,TRES-5__2026-08-29,False,35.35559464552029,73
385,568.9598413331697,442.1573520875998,1277.8829956054688,837.0,0.9864864864864865,TRES-5__2026-08-29,False,26.533342016856437,73
388,391.4688906768267,444.3997428211322,578.5953369140625,767.0,0.9864864864864865,TRES-5__2026-08-29,False,48.47978814281333,73
391,241.06555539912807,449.9347220522631,3519.9942016601562,1154.0,0.9864864864864865,TRES-5__2026-08-29,True,14.942789531164932,73
393,521.2808349359434,449.973487566616,289.20672607421875,730.0,0.9864864864864865,TRES-5__2026-08-29,False,64.67832805040157,73
396,480.0863593070549,457.3592828587406,5916.978515625,1340.0,0.9864864864864865,TRES-5__2026-08-29,True,11.522767423007704,73
398,550.8407837677528,458.27540109748077,420.97735595703125,743.0,0.9864864864864865,TRES-5__2026-08-29,False,54.52212743527514,73
399,150.72706870225736,460.1035303762559,1107.08837890625,843.0,0.9864864864864865,TRES-5__2026-08-29,False,28.952323218532946,73
400,515.9511870148083,461.45395700318113,410.7520751953125,753.0,0.9864864864864865,TRES-5__2026-08-29,False,60.76370065604766,73
401,27.255102040816325,463.3081632653061,456.7318115234375,759.0,0.9864864864864865,TRES-5__2026-08-29,False,70.58726195602304,73
402,212.51984079911068,465.87681400378,13072.700927734375,2421.0,0.9864864864864865,TRES-5__2026-08-29,True,10.518274249596985,73
403,85.19230673398158,469.200561535109,1878.8156127929688,969.0,0.9864864864864865,TRES-5__2026-08-29,False,19.7696660250109,73
404,244.73000842667616,469.1487277702266,532.9065551757812,752.0,0.9864864864864865,TRES-5__2026-08-29,False,45.33563033239675,73
405,341.9532614817811,470.32340162667657,1074.33544921875,855.0,0.9864864864864865,TRES-5__2026-08-29,False,35.70593897709134,73
407,79.22569329402758,472.9486466487322,255.92434692382812,723.0,0.972972972972973,TRES-5__2026-08-29,False,89.73463673123806,72
408,91.97885808006409,475.80410552964,2889.426300048828,1121.0,1.0,TRES-5__2026-08-29,True,3764.1976902029464,74
409,383.5848084747624,477.54924128430446,1433.38330078125,857.0,0.9864864864864865,TRES-5__2026-08-29,False,24.486599425568595,73
411,484.7820396659374,479.8256982293165,2751.6227416992188,994.0,0.9864864864864865,TRES-5__2026-08-29,True,15.519184734412327,73
414,499.8087890483771,483.05661237873767,268.5439453125,763.0,0.9864864864864865,TRES-5__2026-08-29,False,81.92917163891758,73
415,55.64931959309115,485.0734416292657,929.2046508789062,823.0,0.9864864864864865,TRES-5__2026-08-29,False,37.22325393330182,72
416,168.43770899706604,486.4172826730137,4528.864074707031,1260.0,0.9864864864864865,TRES-5__2026-08-29,True,9.818283993518069,72
417,29.74131697195786,487.65387857628076,998.8563232421875,833.0,0.9864864864864865,TRES-5__2026-08-29,False,33.117070328121024,72
418,120.51561261206808,487.2635373069452,730.9802856445312,779.0,0.9864864864864865,TRES-5__2026-08-29,False,43.55504338856715,72
804,191.68705035971223,225.0863309352518,208.0,739.0,0.7702702702702703,TRES-5__2026-08-29,False,71.4263907755506,57
817,71.97897729619883,470.9121928841082,415.41864013671875,736.0,0.972972972972973,TRES-5__2026-08-29,False,70.85381645310771,72
818,479.6353161928284,472.29999816680646,1520.4152221679688,854.0,0.972972972972973,TRES-5__2026-08-29,False,23.580029330816593,72
819,509.72068216824914,471.48036424293895,1207.013671875,831.0,0.972972972972973,TRES-5__2026-08-29,False,29.637164004842308,72
820,208.84005204219727,471.85493282957407,201.32818603515625,715.0,0.9054054054054054,TRES-5__2026-08-29,False,90.35332241971155,67
821,563.3447576975639,473.676013726865,665.0529174804688,771.0,0.972972972972973,TRES-5__2026-08-29,False,43.21237370630067,70
823,213.97184771900305,474.1617102348067,560.7569580078125,761.0,0.972972972972973,TRES-5__2026-08-29,False,51.55098354128724,72
824,277.4458431203612,477.14991630898464,3250.514678955078,1049.0,0.972972972972973,TRES-5__2026-08-29,True,11.849979234704906,71
826,145.08310188411951,480.0931951499807,259.8538818359375,966.0,0.972972972972973,TRES-5__2026-08-29,False,67.50858616885478,71
838,361.86775232793354,35.56447450296218,503.5975341796875,816.0,0.918918918918919,TRES-5__2026-08-29,False,63.29759965661311,68
867,557.8389473802641,23.242465998756497,303.25213623046875,748.0,0.8783783783783784,TRES-5__2026-08-29,False,55.70304683471521,41
33,299.9472798680032,37.642550567088946,632.9788818359375,721.0,0.972972972972973,TRES-5__2026-09-01,False,44.038421946762604,51
34,354.9720903457301,38.582718432940524,514.6676330566406,692.0,0.9594594594594594,TRES-5__2026-09-01,False,50.76915547069934,54
35,472.7165263504787,38.911301252615594,1302.5770721435547,855.0,1.0,TRES-5__2026-09-01,False,34.35764110573911,56
37,411.5872328362065,39.8239686652217,424.1816711425781,613.0,0.9324324324324325,TRES-5__2026-09-01,False,71.61850191448872,57
38,425.88489947946334,42.373362508778754,311.97088623046875,597.0,0.9324324324324325,TRES-5__2026-09-01,False,83.68508072612306,63
42,195.46626944826207,50.70266827795142,1211.5371398925781,1033.0,1.0,TRES-5__2026-09-01,False,34.86645033728011,74
44,150.67793714361505,52.88672626836488,894.5009765625,908.0,1.0,TRES-5__2026-09-01,False,40.04657311548377,74
45,549.1800146408809,52.617168798779744,733.2130432128906,748.0,0.9324324324324325,TRES-5__2026-09-01,False,41.07158778831321,69
48,306.6727684734947,61.78566484116167,1412.02685546875,1013.0,1.0,TRES-5__2026-09-01,False,38.441830576839386,74
49,92.3413450872201,62.56091182608702,290.5146789550781,629.0,0.9054054054054054,TRES-5__2026-09-01,False,74.7387768963195,67
50,399.75023059089784,65.32189634495157,4729.869277954102,2122.0,1.0,TRES-5__2026-09-01,True,23.896530280200853,74
51,476.5442396520132,63.961531550945026,1148.747329711914,892.0,1.0,TRES-5__2026-09-01,False,34.39610093963394,74
52,251.6891033481629,66.98683676121125,669.4694519042969,699.0,0.972972972972973,TRES-5__2026-09-01,False,60.8601275648609,72
53,303.53247896573276,66.16496333664116,527.0,734.0,0.9594594594594594,TRES-5__2026-09-01,False,108.43721570554334,71
54,155.6178073748387,66.33713436969903,344.0,649.0,0.9594594594594594,TRES-5__2026-09-01,False,83.04932023009387,71
55,354.10882583885103,66.5414754086467,1219.2850189208984,996.0,1.0,TRES-5__2026-09-01,False,129.62572921195843,74
58,45.95483959291114,68.4795653917636,781.0,811.0,0.9864864864864865,TRES-5__2026-09-01,False,47.11885571703142,73
59,285.6934383483718,69.55039109431877,3216.947555541992,1671.0,1.0,TRES-5__2026-09-01,True,25.515365899584193,74
61,204.51849123324,71.03531187220374,207.02090454101562,597.0,0.8243243243243243,TRES-5__2026-09-01,False,93.43680505061165,61
62,571.3830133199192,71.52074960326614,3667.8405151367188,1632.0,1.0,TRES-5__2026-09-01,True,26.041207383003304,74
63,256.44389137883974,71.6141733222258,492.3936004638672,707.0,0.972972972972973,TRES-5__2026-09-01,False,63.6634901947153,72
64,35.08050847457627,74.92161016949153,716.7022705078125,791.0,1.0,TRES-5__2026-09-01,False,27.040336392504546,74
65,95.10072384525446,78.08198834064038,3190.8583374023438,1711.0,1.0,TRES-5__2026-09-01,True,19.98900952070786,74
67,321.8780029764839,80.2569191782102,2681.2626190185547,1289.0,1.0,TRES-5__2026-09-01,False,27.945075650403915,74
68,413.49307476722976,80.63449859377386,257.7898406982422,595.0,0.918918918918919,TRES-5__2026-09-01,False,86.25784089132154,68
69,248.206740947581,84.10907546132012,6814.210357666016,3316.0,1.0,TRES-5__2026-09-01,True,19.28538957841522,74
70,289.48445875932117,87.66115290070792,1424.0225524902344,1020.0,1.0,TRES-5__2026-09-01,False,38.64938904822552,74
71,432.1218062383704,87.89425697666299,2935.770492553711,1620.0,1.0,TRES-5__2026-09-01,True,21.041408345288744,74
72,506.4149461202994,89.05895568211076,293.2667694091797,604.0,0.9459459459459459,TRES-5__2026-09-01,False,83.61268458342397,70
73,260.6645063244743,92.60105994049476,1103.555191040039,886.0,1.0,TRES-5__2026-09-01,False,33.28525083299914,74
74,86.24133877086435,92.84236957838885,762.1800384521484,849.0,1.0,TRES-5__2026-09-01,False,43.78349751752991,74
75,388.0847287943838,97.81345676982713,1435.615463256836,1055.0,1.0,TRES-5__2026-09-01,False,24.10776087029514,74
79,130.87820566537025,100.03474148391281,2615.0,1606.0,1.0,TRES-5__2026-09-01,False,24.29971965660746,74
80,338.4114316619989,99.42336543118968,323.0,638.0,0.9324324324324325,TRES-5__2026-09-01,False,62.175924016975536,69
81,291.94220998634484,101.15294599905322,605.650634765625,756.0,0.972972972972973,TRES-5__2026-09-01,False,73.62259751827246,72
82,370.33137718115466,100.82286990033994,364.0,614.0,0.9594594594594594,TRES-5__2026-09-01,False,52.99085341758253,71
83,287.01155324672396,101.22532215851938,315.2801818847656,619.0,0.9459459459459459,TRES-5__2026-09-01,False,116.69152247020799,70
85,100.4691305364682,102.44327794368301,352.4963073730469,637.0,0.9324324324324325,TRES-5__2026-09-01,False,92.31154741940246,69
86,439.9325752838873,106.72834521344033,296.2853698730469,596.0,0.918918918918919,TRES-5__2026-09-01,False,69.1680416879659,68
87,194.36839928723222,109.01338746633449,616.0,735.0,0.9594594594594594,TRES-5__2026-09-01,False,40.74213844029076,71
89,424.80653100951815,113.31945394036542,860.8714447021484,799.0,1.0,TRES-5__2026-09-01,False,70.44673885765704,74
90,575.4380752483098,112.44500384642707,253.94570922851562,577.0,0.9054054054054054,TRES-5__2026-09-01,False,74.6305235060752,67
91,94.54703668861713,115.71989651928504,6770.008987426758,2361.0,1.0,TRES-5__2026-09-01,True,14.82281636694019,74
93,147.7317709423402,117.632898625144,724.0,800.0,1.0,TRES-5__2026-09-01,False,51.094642371084824,74
95,413.223522828925,120.29009793270465,947.2161102294922,847.0,1.0,TRES-5__2026-09-01,False,43.33463934161803,74
98,271.01954911978845,124.48870609127036,614.0,759.0,0.9864864864864865,TRES-5__2026-09-01,False,42.128593493875066,73
100,40.2213187218969,127.79001948563992,1838.3601684570312,1296.0,1.0,TRES-5__2026-09-01,False,24.801868831235428,74
101,185.29528502828734,127.96417129052176,531.312255859375,695.0,0.9594594594594594,TRES-5__2026-09-01,False,53.624548649852336,71
102,221.5398543317685,128.2323646354939,790.0,773.0,1.0,TRES-5__2026-09-01,False,55.725438720425146,74
103,16.044301831359302,133.49360919092985,478.0,716.0,0.9594594594594594,TRES-5__2026-09-01,False,56.42069045433209,71
104,261.7110643345167,134.05159940994326,755.0,790.0,1.0,TRES-5__2026-09-01,False,41.76004515158649,74
105,104.84045796479029,136.6109560759603,14571.383575439453,4095.0,1.0,TRES-5__2026-09-01,False,51.077208090672265,74
106,529.8648523131376,137.90464502663008,1156.5851745605469,868.0,1.0,TRES-5__2026-09-01,False,94.32539782441847,74
107,153.9788918205805,137.53034300791558,654.2205505371094,761.0,0.9864864864864865,TRES-5__2026-09-01,False,104.57182028833064,73
108,559.8222174909225,138.43737749828492,457.4161376953125,650.0,0.9594594594594594,TRES-5__2026-09-01,False,55.83788163626127,71
111,153.28041237113402,143.48797250859107,2257.9783782958984,1429.0,1.0,TRES-5__2026-09-01,False,23.469627622294254,74
112,206.68596291051227,143.38177659438682,6335.5,3251.0,1.0,TRES-5__2026-09-01,True,13.668083938168984,74
113,287.5425772591743,143.09087984698797,590.0,737.0,0.9594594594594594,TRES-5__2026-09-01,False,40.589896835704394,71
114,34.52332730937109,143.6262773446097,359.329345703125,639.0,0.9324324324324325,TRES-5__2026-09-01,False,60.54836627102962,69
115,187.85894352079882,144.10829447503028,2106.4964447021484,1439.0,1.0,TRES-5__2026-09-01,False,73.73234425375435,74
116,253.69384549971062,145.9097430976416,1999.5,1098.0,1.0,TRES-5__2026-09-01,False,26.260571248964897,74
117,309.3613788220989,147.96938369927028,17816.203567504883,4095.0,1.0,TRES-5__2026-09-01,False,45.204831652939696,74
118,455.8079970079986,145.49245597073488,608.2660522460938,723.0,0.972972972972973,TRES-5__2026-09-01,False,45.733351295461034,72
119,187.46721513330078,149.92237817989752,2762.694122314453,1548.0,1.0,TRES-5__2026-09-01,True,43.4295710562461,74
120,403.6410690895529,150.0760226980821,389.4478454589844,973.0,0.9459459459459459,TRES-5__2026-09-01,False,66.79468951304939,70
121,465.6675067915664,152.36504502959457,4230.094207763672,1936.0,1.0,TRES-5__2026-09-01,True,18.12835399892577,74
122,510.2359433026937,152.45332694774459,394.7342834472656,635.0,0.9594594594594594,TRES-5__2026-09-01,False,53.71620227367108,71
123,217.24117159455403,153.60991700887425,419.0,694.0,0.972972972972973,TRES-5__2026-09-01,False,77.80415839422426,72
124,350.95465775087837,156.93926075416715,2172.530517578125,1339.0,1.0,TRES-5__2026-09-01,False,32.36047168802188,74
125,547.7482045091302,158.46497093294292,1191.1728515625,867.0,1.0,TRES-5__2026-09-01,False,37.673523432309835,74
126,204.626053915647,159.30466318419025,1646.0,1213.0,1.0,TRES-5__2026-09-01,False,34.597412638035884,74
127,433.9041077384482,160.48951029723116,708.9865417480469,681.0,0.9594594594594594,TRES-5__2026-09-01,False,40.349520170616685,71
128,60.08617012720543,161.7851062476737,320.77569580078125,629.0,0.9459459459459459,TRES-5__2026-09-01,False,58.30784660252541,70
130,487.8079183518294,168.32014700591847,4696.95751953125,2026.0,1.0,TRES-5__2026-09-01,True,20.1338280153472,74
131,505.5483772430277,166.50697041403,280.32537841796875,594.0,0.9324324324324325,TRES-5__2026-09-01,False,81.7425582137695,69
132,576.284342922782,167.21797735124835,1758.0215759277344,1024.0,1.0,TRES-5__2026-09-01,False,27.80828330346416,71
136,499.8740288720346,172.3815981250844,825.6632232666016,760.0,1.0,TRES-5__2026-09-01,False,55.673412623297445,74
138,162.35526315789474,173.48026315789474,286.0,605.0,0.9054054054054054,TRES-5__2026-09-01,False,182.29856838659126,67
139,446.49030660102596,174.55619234575133,191.97613525390625,562.0,0.8648648648648649,TRES-5__2026-09-01,False,123.31337331048387,64
142,166.89470241988226,177.01962066710269,2472.0,1443.0,1.0,TRES-5__2026-09-01,False,25.447818058634116,74
143,286.51977401129943,176.64406779661016,360.0,658.0,0.9324324324324325,TRES-5__2026-09-01,False,64.28799753093769,69
144,359.8020215557473,177.87152161168197,889.0364990234375,842.0,1.0,TRES-5__2026-09-01,False,83.3200324578055,74
145,401.80142730599135,177.37428478786686,406.4545593261719,644.0,0.9594594594594594,TRES-5__2026-09-01,False,70.08983205490175,71
147,393.3495616292108,180.05605606058973,459.5364227294922,661.0,0.972972972972973,TRES-5__2026-09-01,False,93.95324080445793,72
148,538.4042214628647,181.1566752456681,660.813720703125,807.0,1.0,TRES-5__2026-09-01,False,64.36486217213256,74
150,365.41682812452785,184.11389059134092,1865.6936798095703,1091.0,1.0,TRES-5__2026-09-01,False,27.62660279479482,74
151,318.9829719128771,184.2783157399897,440.1242370605469,685.0,0.9594594594594594,TRES-5__2026-09-01,False,62.77984152631673,71
152,492.9366469007293,184.46171996277343,838.1251525878906,761.0,1.0,TRES-5__2026-09-01,False,42.79665961459564,74
153,84.47884774764394,185.69121467584094,1632.0523681640625,1237.0,1.0,TRES-5__2026-09-01,False,25.112683299773117,74
154,567.0340838255004,186.00390796239748,513.0745239257812,637.0,0.9594594594594594,TRES-5__2026-09-01,False,38.348803642824784,71
155,371.3906659438893,186.45758548522764,593.0,708.0,0.9594594594594594,TRES-5__2026-09-01,False,73.48581815910526,71
156,279.41988950276243,190.35911602209944,297.79612731933594,615.0,0.918918918918919,TRES-5__2026-09-01,False,66.95290814619234,68
157,294.6837782340862,190.3901437371663,822.5,848.0,1.0,TRES-5__2026-09-01,False,43.06959999431891,74
158,221.89970501474926,191.83333333333334,1164.5,962.0,1.0,TRES-5__2026-09-01,False,35.5181124503,74
159,206.50697674418603,194.17209302325583,384.0,670.0,0.9594594594594594,TRES-5__2026-09-01,False,54.70342341333877,71
160,126.11909786283684,195.4510342713321,290.7503662109375,617.0,0.918918918918919,TRES-5__2026-09-01,False,67.42048714044788,68
161,299.9712230215827,195.29496402877697,293.0,593.0,0.9324324324324325,TRES-5__2026-09-01,False,59.75384042774945,69
162,574.4911226676749,196.02134551337198,421.551513671875,622.0,0.9594594594594594,TRES-5__2026-09-01,False,53.35383314609035,71
163,106.95527221123622,201.1897435604663,1867.1175994873047,1060.0,1.0,TRES-5__2026-09-01,False,26.036026580631447,74
164,418.94026247510646,204.8557123167073,105301.81723022461,4095.0,1.0,TRES-5__2026-09-01,False,90.2472155610985,74
166,472.50256438075866,201.25610695095497,1628.8663940429688,1034.0,1.0,TRES-5__2026-09-01,False,27.899374811102007,74
168,192.1908831908832,201.52136752136752,633.4206695556641,768.0,1.0,TRES-5__2026-09-01,False,41.26523489679828,74
169,175.42016806722688,205.99159663865547,210.5,578.0,0.8648648648648649,TRES-5__2026-09-01,False,67.99731505016767,64
171,167.19376788607238,206.84686656182947,564.0,735.0,0.9864864864864865,TRES-5__2026-09-01,False,50.28619879671403,73
174,459.3017975702868,210.5589436396297,2227.824737548828,1254.0,1.0,TRES-5__2026-09-01,False,22.275133431801674,74
176,121.41176288372088,212.84251100716483,1056.956283569336,989.0,1.0,TRES-5__2026-09-01,False,28.3699840141028,74
178,108.14647034052143,214.38886792264606,1418.0,1097.0,1.0,TRES-5__2026-09-01,False,21.61159332669624,74
179,147.57483896010518,216.5799108527603,2812.5,1595.0,1.0,TRES-5__2026-09-01,True,15.95845599825511,74
180,271.97227408397396,217.5829390873117,2324.7242889404297,1315.0,1.0,TRES-5__2026-09-01,False,14.116343163900234,74
182,551.9077430487621,222.69783386301012,395.7911071777344,617.0,0.9459459459459459,TRES-5__2026-09-01,False,64.20741343044044,70
183,40.85333319294202,224.31057446530852,441.9432678222656,690.0,0.9459459459459459,TRES-5__2026-09-01,False,92.43550044960433,70
184,439.62098542654945,226.77109497888017,561.5171813964844,658.0,0.972972972972973,TRES-5__2026-09-01,False,42.16922676919333,72
185,179.13279678068412,231.58953722334005,890.5,751.0,1.0,TRES-5__2026-09-01,False,31.74857313609488,74
188,247.93478260869566,234.43478260869566,480.08811950683594,668.0,0.972972972972973,TRES-5__2026-09-01,False,60.044433425927174,72
189,314.03204810819875,235.4370015715951,1380.5901794433594,1003.0,1.0,TRES-5__2026-09-01,False,32.22441431637917,74
190,39.01612618747292,237.9530829789556,820.4001617431641,875.0,1.0,TRES-5__2026-09-01,False,42.34209830686056,74
191,187.44516129032257,237.41290322580645,1852.1237030029297,1302.0,0.918918918918919,TRES-5__2026-09-01,False,67.91447896388652,68
193,377.3945470479471,239.81563709125908,275.1237030029297,589.0,0.918918918918919,TRES-5__2026-09-01,False,62.73325228134964,68
196,136.601174469378,242.69711699003736,2799.0,1491.0,1.0,TRES-5__2026-09-01,True,16.992472272991847,74
197,311.28545226027586,241.52354793449868,949.0,857.0,1.0,TRES-5__2026-09-01,False,36.08889128948748,74
198,443.4289581988866,245.66902731520534,1509.8005676269531,975.0,1.0,TRES-5__2026-09-01,False,20.39096869390904,74
200,145.78937358255533,246.2124906474322,797.0,820.0,1.0,TRES-5__2026-09-01,False,46.74292670077052,74
201,225.14711359404097,247.84171322160148,506.0,696.0,0.9594594594594594,TRES-5__2026-09-01,False,66.32514348140101,71
202,23.471617448876966,248.33675947330315,541.4261932373047,722.0,0.972972972972973,TRES-5__2026-09-01,False,82.24728039287903,72
203,17.841889361105157,250.33775035081433,1030.8136901855469,912.0,1.0,TRES-5__2026-09-01,False,30.69511693248151,74
206,536.5663683389649,252.9328112742071,1161.3673706054688,809.0,1.0,TRES-5__2026-09-01,False,36.74912260730945,74
208,126.62867729353512,253.92766282104745,1062.5,953.0,1.0,TRES-5__2026-09-01,False,34.092437467539426,74
209,135.19221222296844,253.84241453302178,2271.5,1483.0,1.0,TRES-5__2026-09-01,False,27.432625961358706,74
210,432.241769550738,256.3938529416643,304.9525451660156,600.0,0.918918918918919,TRES-5__2026-09-01,False,81.6060532259677,68
211,286.4720763608526,257.3528487598711,250.69747924804688,601.0,0.9054054054054054,TRES-5__2026-09-01,False,85.84547069588552,67
213,190.44677992790747,260.47705642068206,231.0,595.0,0.8783783783783784,TRES-5__2026-09-01,False,68.05896936763205,65
214,549.0217099810203,261.4532955912452,396.14459228515625,614.0,0.9594594594594594,TRES-5__2026-09-01,False,63.5172217479902,71
217,198.51748642038953,265.94627264019476,580.7084350585938,680.0,0.9864864864864865,TRES-5__2026-09-01,False,68.81750942082564,73
218,249.84797145961835,265.34182663332444,320.0,636.0,0.9324324324324325,TRES-5__2026-09-01,False,71.61620893817404,69
219,259.6694192700951,265.74440205112086,461.5146484375,668.0,0.9594594594594594,TRES-5__2026-09-01,False,55.174128346210054,71
220,152.42135733860204,268.2386729518692,12225.030883789062,4095.0,1.0,TRES-5__2026-09-01,False,18.81264869594646,74
221,465.05527541214786,266.25597316326883,260.53770446777344,580.0,0.918918918918919,TRES-5__2026-09-01,False,75.26035529331129,68
222,136.40539492558617,269.84710742381594,18037.00048828125,4095.0,1.0,TRES-5__2026-09-01,False,33.211721045970584,74
223,108.59568466457905,271.7626790623632,9241.24301147461,4095.0,1.0,TRES-5__2026-09-01,False,11.230290546497365,74
224,450.8439213237433,275.3139618505233,650.9924621582031,709.0,0.9594594594594594,TRES-5__2026-09-01,False,37.755585676857315,71
225,354.03275966417993,276.31582210133865,581.0,676.0,0.9864864864864865,TRES-5__2026-09-01,False,54.9909444885907,73
226,293.04040404040404,278.27946127946126,512.0,671.0,0.9594594594594594,TRES-5__2026-09-01,False,105.79437109335966,71
228,487.2385550701781,278.32983593238504,702.5861053466797,714.0,0.972972972972973,TRES-5__2026-09-01,False,41.17542512409594,72
230,278.1757925072046,280.1599423631124,1246.475601196289,948.0,1.0,TRES-5__2026-09-01,False,29.38309711714123,74
231,511.5714860669182,279.7222204420892,926.1564636230469,767.0,1.0,TRES-5__2026-09-01,False,32.44295401760694,74
232,578.4716891832361,280.0271602741882,272.44561767578125,578.0,0.9054054054054054,TRES-5__2026-09-01,False,79.9379479716298,62
233,37.112870298835695,280.5033210970336,488.6768493652344,713.0,0.972972972972973,TRES-5__2026-09-01,False,44.97177405550531,72
234,75.15630701067786,280.92355020769133,477.5,680.0,0.972972972972973,TRES-5__2026-09-01,False,46.8666347681791,72
235,141.26799249422427,282.78555468534506,238.0,595.0,0.8783783783783784,TRES-5__2026-09-01,False,130.95423934517817,65
236,155.4448731199403,282.5167901080486,460.74586486816406,655.0,0.972972972972973,TRES-5__2026-09-01,False,124.76566455368436,72
237,172.5415317664438,282.9588046025531,2340.1646728515625,1348.0,1.0,TRES-5__2026-09-01,False,15.637164354459339,74
238,495.28023661894014,290.0875253352532,467.0037384033203,642.0,0.972972972972973,TRES-5__2026-09-01,False,71.89628563385745,72
239,146.59329191171585,292.3992578756313,2043.4910278320312,1229.0,1.0,TRES-5__2026-09-01,False,23.068873814886032,74
241,359.6735587042425,292.23564442349567,3707.205337524414,1627.0,1.0,TRES-5__2026-09-01,True,13.23406117657053,74
242,28.487112317519514,292.75794367960833,817.3057556152344,795.0,1.0,TRES-5__2026-09-01,False,43.48822738631531,74
243,522.0499200383649,293.85030829425045,658.357666015625,675.0,1.0,TRES-5__2026-09-01,False,42.368898806117414,74
244,336.60253249251326,295.5497081145018,345.3844909667969,605.0,0.9324324324324325,TRES-5__2026-09-01,False,48.98484842478698,69
245,283.2120253164557,297.77848101265823,581.0,694.0,0.9864864864864865,TRES-5__2026-09-01,False,50.79660743953912,73
252,520.4418001460951,308.4998114016154,329.08941650390625,601.0,0.9594594594594594,TRES-5__2026-09-01,False,54.05041531316328,71
253,227.89979988913703,310.45137880888944,2118.715621948242,1241.0,1.0,TRES-5__2026-09-01,False,19.32800978618449,74
254,34.61461743400899,311.52033763849056,378.92510986328125,665.0,0.9594594594594594,TRES-5__2026-09-01,False,64.91890975822022,71
256,384.28404437610567,314.62633170311835,8814.17204284668,3162.0,1.0,TRES-5__2026-09-01,True,11.763756741349871,74
258,16.575232200755256,316.63633768554706,2149.4374389648438,1284.0,1.0,TRES-5__2026-09-01,False,17.822227947473237,74
259,408.9964331323296,318.24565936695666,866.6810913085938,764.0,1.0,TRES-5__2026-09-01,False,44.2046123307478,74
262,401.4747479358614,319.4532611415202,296.1664123535156,698.0,0.9054054054054054,TRES-5__2026-09-01,False,76.12400941868503,67
263,140.71868154981465,320.9019766756836,1370.4452667236328,1015.0,1.0,TRES-5__2026-09-01,False,22.653631819648382,74
264,260.79274797921374,323.4474497886494,36523.082748413086,4095.0,1.0,TRES-5__2026-09-01,False,75.18823389184959,74
265,418.93513934087275,321.1806322054754,2075.6878509521484,1072.0,1.0,TRES-5__2026-09-01,False,21.83606880213698,74
266,18.155446995819517,322.9351935337364,821.8688049316406,847.0,1.0,TRES-5__2026-09-01,False,40.15241589223233,74
268,410.9810376766047,325.99392083618187,343.0314025878906,678.0,0.9594594594594594,TRES-5__2026-09-01,False,105.73563959650207,71
269,291.1849352129128,330.50349166850305,1588.056396484375,984.0,1.0,TRES-5__2026-09-01,False,34.44150539826459,74
270,237.74847788369942,331.84923050583257,346.0,605.0,0.9594594594594594,TRES-5__2026-09-01,False,48.98483616832547,71
271,450.6263118747704,332.0383327026933,553.016357421875,653.0,0.9594594594594594,TRES-5__2026-09-01,False,41.65705113809074,71
272,348.8737309860904,334.2905287961609,694.5769348144531,696.0,1.0,TRES-5__2026-09-01,False,55.621316186913056,74
273,353.4068918663604,338.377901649684,373.5688171386719,608.0,0.9459459459459459,TRES-5__2026-09-01,False,82.75197395059783,70
275,172.06269045042046,345.4316420175445,639.0,715.0,0.9864864864864865,TRES-5__2026-09-01,False,44.6693935986767,73
276,344.58273381294964,345.40287769784175,322.3413391113281,614.0,0.9324324324324325,TRES-5__2026-09-01,False,91.23303496934426,69
278,503.552888263979,348.1969880463101,2446.471633911133,1137.0,1.0,TRES-5__2026-09-01,False,24.522571209260718,74
280,85.99899375624348,351.14268480409356,1394.0121307373047,948.0,1.0,TRES-5__2026-09-01,False,28.92989918595701,74
282,72.17686300813756,354.82773363287595,414.3757019042969,636.0,0.9594594594594594,TRES-5__2026-09-01,False,58.15510389825386,71
284,480.9793178756983,358.33421979844644,452.3615417480469,614.0,0.9594594594594594,TRES-5__2026-09-01,False,45.97652347700117,71
285,23.287768480828078,360.2988571701258,1426.5093994140625,877.0,1.0,TRES-5__2026-09-01,False,28.88069442641781,74
286,403.887707290395,360.701054443088,656.1778869628906,666.0,0.972972972972973,TRES-5__2026-09-01,False,40.622391503897475,72
287,144.0660414743699,362.23221987446817,915.0022277832031,814.0,1.0,TRES-5__2026-09-01,False,44.472598637203106,74
288,518.9855055400149,362.0005336498536,407.2325134277344,605.0,0.9594594594594594,TRES-5__2026-09-01,False,67.92847664084132,71
289,544.5092564168494,363.20447871421874,2250.9500732421875,757.0,1.0,TRES-5__2026-09-01,False,31.138740155273144,74
290,572.7026715658624,362.4026706140912,384.3345489501953,594.0,0.9459459459459459,TRES-5__2026-09-01,False,55.076869782375056,70
291,96.25092960436184,364.4361167295019,3291.594268798828,1708.0,1.0,TRES-5__2026-09-01,True,18.728899128737044,74
292,247.7019195720885,368.64065097876164,1519.7289428710938,932.0,1.0,TRES-5__2026-09-01,False,24.578702490714214,74
294,78.40838444494004,368.48760362878767,265.02532958984375,584.0,0.918918918918919,TRES-5__2026-09-01,False,75.57656273711275,68
297,231.14511468223634,372.56787990312296,12450.61164855957,4095.0,1.0,TRES-5__2026-09-01,False,12.53083545344734,74
298,145.78775494499348,373.21693619593486,401.4237060546875,642.0,0.9459459459459459,TRES-5__2026-09-01,False,64.10112844111981,70
299,388.5148881012781,373.15815201859505,745.5011596679688,693.0,0.9864864864864865,TRES-5__2026-09-01,False,38.95523827533677,73
300,265.5357211066518,373.41504684505406,399.6592712402344,612.0,0.9594594594594594,TRES-5__2026-09-01,False,67.16237481243033,71
302,505.9214928185597,378.45138538168226,27657.673553466797,4095.0,1.0,TRES-5__2026-09-01,False,33.96574624066817,74
303,102.86065236770123,377.66305243502603,4312.823501586914,2103.0,1.0,TRES-5__2026-09-01,True,16.74276089345561,74
304,393.4194023360156,383.79009191205535,1708.2148742675781,937.0,1.0,TRES-5__2026-09-01,False,30.472209994583427,74
305,244.14149747056592,384.8508357115293,2308.780792236328,1251.0,1.0,TRES-5__2026-09-01,False,23.260720681984093,74
306,72.50030129096467,386.3959328702849,389.8849792480469,624.0,0.9594594594594594,TRES-5__2026-09-01,False,63.29893922952883,71
307,137.81953592129537,387.129825536971,375.5423583984375,631.0,0.9594594594594594,TRES-5__2026-09-01,False,78.90070815561873,71
308,445.97299389849644,388.6834330163725,28673.823364257812,4095.0,1.0,TRES-5__2026-09-01,False,41.29963045576254,74
309,535.4923313025582,387.1800565193984,1628.657241821289,871.0,1.0,TRES-5__2026-09-01,False,24.412513273845455,74
310,578.5232964552782,389.9003625472729,3253.1055297851562,1039.0,1.0,TRES-5__2026-09-01,True,19.47281037177634,69
311,319.59752219915754,389.3554728535382,329.12025451660156,571.0,0.918918918918919,TRES-5__2026-09-01,False,62.31151777735987,68
313,145.48543422081576,392.4184588011745,286.01715087890625,592.0,0.918918918918919,TRES-5__2026-09-01,False,79.76831864363815,68
314,546.3902936630008,392.51930408016295,440.3189697265625,607.0,0.9594594594594594,TRES-5__2026-09-01,False,93.11275912025161,71
315,19.052853750137082,395.660513716942,624.9743041992188,722.0,0.972972972972973,TRES-5__2026-09-01,False,47.780356832382786,72
316,168.46622086535032,396.533783029396,270.6736145019531,588.0,0.918918918918919,TRES-5__2026-09-01,False,60.2639990485279,68
317,403.74194871532717,397.19303015669726,398.7600860595703,598.0,0.9459459459459459,TRES-5__2026-09-01,False,52.05018390304581,70
318,555.0615828739627,396.68966282576093,758.4242858886719,657.0,0.9864864864864865,TRES-5__2026-09-01,False,38.6751823685322,73
319,70.53874906778132,397.42280367910416,361.5513458251953,625.0,0.9459459459459459,TRES-5__2026-09-01,False,67.90499681728319,70
320,132.98682661234997,397.44099862045846,423.07012939453125,644.0,0.9459459459459459,TRES-5__2026-09-01,False,86.39406903014172,70
321,147.55070798962973,397.44088631770967,266.0528564453125,576.0,0.8918918918918919,TRES-5__2026-09-01,False,72.60633343036532,66
323,344.99214145383104,399.49115913555994,996.7201843261719,689.0,1.0,TRES-5__2026-09-01,False,31.328622042844845,74
324,545.5183591531285,398.39843933308566,354.6020050048828,602.0,0.9459459459459459,TRES-5__2026-09-01,False,79.29211787380245,70
325,304.8533264785578,399.43681578581305,483.0,629.0,0.9594594594594594,TRES-5__2026-09-01,False,50.155859542011726,71
326,550.0368670595633,400.46480646131374,237.62368774414062,594.0,0.9054054054054054,TRES-5__2026-09-01,False,74.34184581004908,67
327,175.6775735930398,405.4284844667819,1328.0,898.0,1.0,TRES-5__2026-09-01,False,36.31228002917953,74
328,342.50925925925924,404.4259259259259,211.75546264648438,574.0,0.8783783783783784,TRES-5__2026-09-01,False,65.1292370430727,65
329,53.161092613159184,406.08701921218386,713.8047485351562,748.0,0.9864864864864865,TRES-5__2026-09-01,False,51.333003505015014,73
330,98.82943548053161,407.79937297968263,2715.1552734375,1416.0,1.0,TRES-5__2026-09-01,False,26.55849842089663,74
331,520.8388545668832,406.6630874133438,356.09832763671875,585.0,0.918918918918919,TRES-5__2026-09-01,False,52.740501104121556,68
335,53.07650665950784,414.3536094147492,1105.42919921875,888.0,1.0,TRES-5__2026-09-01,False,60.95680037387594,74
336,256.51741726293034,415.0236632563608,772.0792236328125,727.0,0.972972972972973,TRES-5__2026-09-01,False,32.777022615385036,72
338,533.7308948782471,417.26818471295564,1136.5948028564453,755.0,1.0,TRES-5__2026-09-01,False,33.92884080253395,74
339,88.4358297742046,418.3837808590354,234.0,564.0,0.9054054054054054,TRES-5__2026-09-01,False,74.92026289334875,67
341,461.45132180819866,419.46085637705625,299.6244812011719,565.0,0.9054054054054054,TRES-5__2026-09-01,False,58.99096491313582,67
344,556.4354829569485,424.6943572694157,1448.9797668457031,786.0,1.0,TRES-5__2026-09-01,False,28.497297296605705,74
345,566.487657876415,426.9660314162927,20621.57974243164,4095.0,1.0,TRES-5__2026-09-01,False,13.91131317830737,74
348,528.4438814558569,426.4629558031349,285.14398193359375,555.0,0.9054054054054054,TRES-5__2026-09-01,False,66.78053104262197,67
352,508.78118822345124,432.3764517970478,434.000244140625,599.0,0.9594594594594594,TRES-5__2026-09-01,False,55.42260418824213,71
353,260.48806260620995,433.41450521578,254.82583618164062,584.0,0.8918918918918919,TRES-5__2026-09-01,False,78.86762465674025,66
358,138.2261197756547,441.95717097132854,1250.5484466552734,867.0,1.0,TRES-5__2026-09-01,False,34.62791424174581,74
359,503.61966679650243,443.94570182453737,562.6602478027344,630.0,0.9594594594594594,TRES-5__2026-09-01,False,50.99662483133978,71
360,14.802047781569966,444.84982935153585,551.9173278808594,688.0,0.972972972972973,TRES-5__2026-09-01,False,67.3698792920083,72
361,199.99194017498547,447.7960484911563,14002.16178894043,4095.0,1.0,TRES-5__2026-09-01,False,15.539199661551095,74
363,232.4385822234315,450.9012429170688,652.2269897460938,656.0,0.9594594594594594,TRES-5__2026-09-01,False,41.03453755092507,71
366,79.77660735197337,457.2415507612358,3181.889450073242,1553.0,1.0,TRES-5__2026-09-01,True,27.13477513618005,74
368,472.1808262672156,462.15759707665796,3091.351608276367,1144.0,1.0,TRES-5__2026-09-01,True,19.324402916003084,74
369,357.9875978859736,462.20176366212394,1221.4031372070312,723.0,1.0,TRES-5__2026-09-01,False,31.42147075982691,74
370,330.21675892227165,462.94183944734976,294.32086181640625,584.0,0.9324324324324325,TRES-5__2026-09-01,False,92.41731945386194,69
371,564.3545680511145,466.38794815377594,4604.733978271484,1324.0,1.0,TRES-5__2026-09-01,True,16.915054813926965,74
372,487.19980088244773,465.37800125830717,414.5779724121094,604.0,0.9594594594594594,TRES-5__2026-09-01,False,59.20189341731357,71
373,43.04651162790697,466.7871198568873,1071.543228149414,845.0,1.0,TRES-5__2026-09-01,False,31.672278301214448,74
374,156.26715479388147,467.99176771287506,4930.596725463867,1817.0,1.0,TRES-5__2026-09-01,True,20.40019752260494,74
376,17.082236842105264,469.40625,1132.0268249511719,865.0,1.0,TRES-5__2026-09-01,False,30.127527740495058,74
377,107.96692195856801,468.9906797160495,849.0,793.0,1.0,TRES-5__2026-09-01,False,43.13486959448493,74
379,479.62063189697227,474.4731493269119,13053.69009399414,3222.0,1.0,TRES-5__2026-09-01,True,19.043870570712553,74
381,119.78403972087007,476.68329136232194,2282.787643432617,1143.0,1.0,TRES-5__2026-09-01,False,24.63144780850232,74
382,201.48102035839145,476.7865971448362,645.3403930664062,679.0,0.9864864864864865,TRES-5__2026-09-01,False,46.67189173821319,73
383,159.04446736899212,479.91045783073,10998.754501342773,3284.0,1.0,TRES-5__2026-09-01,True,17.34908157398283,74
385,67.02845528455285,482.6910569105691,533.1996765136719,630.0,0.9594594594594594,TRES-5__2026-09-01,False,58.2839958774194,71
386,474.84043427969686,484.7944845438449,1699.2452087402344,855.0,1.0,TRES-5__2026-09-01,False,27.50338666190044,73
387,504.72493308501953,484.1990416953232,1372.9833374023438,775.0,1.0,TRES-5__2026-09-01,False,25.556184984089388,74
388,203.61993207827018,484.4725436678394,337.22747802734375,592.0,0.9324324324324325,TRES-5__2026-09-01,False,80.4042082427148,69
389,209.10917397897117,486.3763144398695,691.0,688.0,0.9594594594594594,TRES-5__2026-09-01,False,42.92389384059277,70
390,557.7852877144751,485.76878786291223,836.1864318847656,799.0,0.9864864864864865,TRES-5__2026-09-01,False,41.42080828162367,72
392,272.5267928563346,489.43772035650846,3555.2334747314453,1423.0,1.0,TRES-5__2026-09-01,True,18.411930700655734,73
393,307.89928451481984,488.86996627423525,785.5460205078125,673.0,1.0,TRES-5__2026-09-01,False,36.36402419806918,73
400,76.72093248602089,25.93218876430102,235.73951721191406,586.0,0.8378378378378378,TRES-5__2026-09-01,False,106.04952833725626,52
401,267.5735294117647,62.5514705882353,193.604736328125,566.0,0.7162162162162162,TRES-5__2026-09-01,False,130.08496454194423,53
402,152.19503973005988,81.97689532780439,265.0,607.0,0.8783783783783784,TRES-5__2026-09-01,False,69.38598707227122,65
404,444.5733581348743,88.38678795478286,281.111572265625,594.0,0.918918918918919,TRES-5__2026-09-01,False,103.85610557413753,68
405,565.4208292384432,92.46354317714031,245.70120239257812,583.0,0.8648648648648649,TRES-5__2026-09-01,False,77.55146761802119,64
407,272.4126659111183,125.52127771943297,319.9060974121094,621.0,0.918918918918919,TRES-5__2026-09-01,False,63.70937108922696,68
409,93.40857390573115,148.59714260739403,278.0,603.0,0.8918918918918919,TRES-5__2026-09-01,False,67.57586557419069,66
410,466.1697542737121,168.6083172107553,297.5408172607422,597.0,0.918918918918919,TRES-5__2026-09-01,False,74.94439437167847,68
411,542.9990099236861,173.23034222987621,202.16390991210938,649.0,0.8918918918918919,TRES-5__2026-09-01,False,77.95211533460719,66
414,441.53147536855096,201.46148022913056,221.65721130371094,576.0,0.8648648648648649,TRES-5__2026-09-01,False,97.92081317828229,64
415,504.9444480184679,206.01906614756885,244.05511474609375,575.0,0.8783783783783784,TRES-5__2026-09-01,False,81.0065260198843,65
420,35.18409973707994,234.91660333712667,303.9934539794922,630.0,0.918918918918919,TRES-5__2026-09-01,False,84.88584583795705,68
421,328.51528392026,240.46917789264594,230.96795654296875,552.0,0.8918918918918919,TRES-5__2026-09-01,False,72.07286323936403,66
422,341.48057924065813,283.480742901223,271.3293151855469,574.0,0.7702702702702703,TRES-5__2026-09-01,False,43.686708964436775,57
424,40.62076150043936,290.3995012221506,251.80874633789062,591.0,0.918918918918919,TRES-5__2026-09-01,False,67.92864195488154,68
429,143.38759367235866,323.4752895007526,287.81610107421875,611.0,0.9054054054054054,TRES-5__2026-09-01,False,79.68869419608343,67
431,232.58333333333334,333.43589743589746,247.5051727294922,747.0,0.918918918918919,TRES-5__2026-09-01,False,73.5783548285683,68
435,482.4950012349024,348.4687354326493,163.83444213867188,542.0,0.7837837837837838,TRES-5__2026-09-01,False,46.25134607466085,58
437,480.1869628538833,363.5047909266706,234.5209503173828,559.0,0.8648648648648649,TRES-5__2026-09-01,False,90.38969872796451,64
440,164.34656421045125,383.79707839326784,275.5621795654297,803.0,0.8918918918918919,TRES-5__2026-09-01,False,100.53949163844574,66
441,59.9817540440364,409.4625834907153,294.412841796875,602.0,0.9054054054054054,TRES-5__2026-09-01,False,88.96879932647641,67
442,150.56276046834688,411.4452882898011,209.20840454101562,567.0,0.8648648648648649,TRES-5__2026-09-01,False,106.79995098597297,64
443,421.8866439488529,414.16200557233606,212.9521484375,547.0,0.8513513513513513,TRES-5__2026-09-01,False,81.90947348277926,63
444,152.5434796066893,421.44102930922037,216.0,564.0,0.8783783783783784,TRES-5__2026-09-01,False,83.76866535416546,65
446,67.74081566034067,441.37012128469746,352.9231414794922,614.0,0.9459459459459459,TRES-5__2026-09-01,False,70.7591364105934,70
450,504.40464356579537,479.70670101767143,277.4116516113281,600.0,0.918918918918919,TRES-5__2026-09-01,False,49.73639425892979,68
451,438.47192008822446,481.481458762037,202.012939453125,537.0,0.8513513513513513,TRES-5__2026-09-01,False,77.87210085218452,63
452,140.44827586206895,484.42241379310343,219.09146118164062,550.0,0.8513513513513513,TRES-5__2026-09-01,False,92.08615456872984,62
453,207.42389776211758,485.45743898219314,227.86099243164062,543.0,0.8648648648648649,TRES-5__2026-09-01,False,52.811279584217914,59
455,388.9925373134328,485.93283582089555,227.82627868652344,552.0,0.8648648648648649,TRES-5__2026-09-01,False,77.93805822311262,61
464,342.4802613313345,61.39466741401701,206.0,575.0,0.7972972972972973,TRES-5__2026-09-01,False,89.01436518949198,59
466,149.2201456036683,81.6785778132373,215.5,590.0,0.7567567567567568,TRES-5__2026-09-01,False,74.8084278507999,56
467,386.1935057401763,98.631135921554,209.7028045654297,572.0,0.8108108108108109,TRES-5__2026-09-01,False,105.96892791993699,60
469,104.21042437154854,164.64028545232958,279.1338195800781,631.0,0.8918918918918919,TRES-5__2026-09-01,False,60.01323998046149,66
470,64.47572167667302,182.52422319369572,250.28085327148438,583.0,0.8513513513513513,TRES-5__2026-09-01,False,71.1062341561607,63
473,566.9323908124794,259.78540358207,198.54840087890625,589.0,0.8513513513513513,TRES-5__2026-09-01,False,98.18775481326524,63
474,476.99009572110845,300.20998394521115,218.94183349609375,563.0,0.8513513513513513,TRES-5__2026-09-01,False,79.10736110488912,63
475,342.4757807546268,332.455808048184,207.48480224609375,545.0,0.8648648648648649,TRES-5__2026-09-01,False,81.05419759434865,64
478,125.0,455.4,166.90135192871094,542.0,0.8648648648648649,TRES-5__2026-09-01,False,159.45298032527995,64
481,192.0900040527312,127.82808530026169,266.46759033203125,618.0,0.8783783783783784,TRES-5__2026-09-01,False,86.31445018664866,65
485,516.7541099081037,25.30005104586166,194.39683532714844,543.0,0.7837837837837838,TRES-5__2026-09-01,False,64.31033697891091,58
488,414.4420544954078,135.18780086314783,185.81072998046875,549.0,0.7972972972972973,TRES-5__2026-09-01,False,87.74421359509165,59
491,212.44658811846423,234.5134125413993,224.24200439453125,583.0,0.8108108108108109,TRES-5__2026-09-01,False,94.79496529313491,60
492,415.22074437974766,322.6997075372404,174.66986083984375,538.0,0.8378378378378378,TRES-5__2026-09-01,False,105.09046426523699,62
493,70.51607960253936,354.50810996854017,196.82005310058594,581.0,0.8378378378378378,TRES-5__2026-09-01,False,103.9853369303764,62
494,311.4714547977882,405.45538269009063,192.75961303710938,543.0,0.8378378378378378,TRES-5__2026-09-01,False,101.72327089230988,62
504,527.7826321914956,116.33643507050995,169.96722412109375,549.0,0.7162162162162162,TRES-5__2026-09-01,False,163.52358585129025,53
505,544.9700476125438,127.67726790302886,192.09243774414062,545.0,0.7702702702702703,TRES-5__2026-09-01,False,116.6000344649539,57
508,119.90917323729144,158.43836751412434,237.0,574.0,0.7972972972972973,TRES-5__2026-09-01,False,86.09467916976838,59
510,472.4408890009901,212.4954565875617,151.35693359375,537.0,0.7432432432432432,TRES-5__2026-09-01,False,59.81623568266187,55
513,475.46647151672124,228.40891314412931,151.23171997070312,542.0,0.7567567567567568,TRES-5__2026-09-01,False,81.06269614935162,56
519,470.75641175873034,266.3380451300637,180.61849975585938,553.0,0.8243243243243243,TRES-5__2026-09-01,False,137.0565016975347,61
526,471.177121055128,316.37818744607006,228.99819946289062,586.0,0.8243243243243243,TRES-5__2026-09-01,False,102.76277011630887,61
527,412.99947143660177,333.22782895764215,149.4351806640625,558.0,0.7972972972972973,TRES-5__2026-09-01,False,112.86580071852734,59
528,424.5338207592051,336.4403691881822,172.46144104003906,573.0,0.8108108108108109,TRES-5__2026-09-01,False,118.51010195542298,60
529,583.0244492232283,336.4913451804328,176.7809295654297,535.0,0.8378378378378378,TRES-5__2026-09-01,False,77.91873094062848,59
534,495.44571563432436,356.43089918577664,179.7544708251953,540.0,0.8378378378378378,TRES-5__2026-09-01,False,71.37023151153598,62
535,122.38660178190743,365.44122489275026,155.89117431640625,549.0,0.7027027027027027,TRES-5__2026-09-01,False,110.4752195524783,52
537,230.19620988452942,384.34633839263904,208.9677276611328,564.0,0.8378378378378378,TRES-5__2026-09-01,False,68.95487668676942,62
538,121.5260099009486,392.4055679212619,151.5,537.0,0.7567567567567568,TRES-5__2026-09-01,False,111.00558231745744,56
539,48.457816015650394,408.49129119126536,176.01406860351562,588.0,0.7837837837837838,TRES-5__2026-09-01,False,97.5405622216209,58
540,497.50406352503336,410.44002090617454,248.94650268554688,548.0,0.8378378378378378,TRES-5__2026-09-01,False,125.15739921130906,62
543,302.9586776859504,432.21487603305786,184.80303955078125,538.0,0.8243243243243243,TRES-5__2026-09-01,False,94.18319592372482,61
545,137.5040282143344,442.42751454868375,191.05946350097656,544.0,0.8378378378378378,TRES-5__2026-09-01,False,77.62091305353752,62
546,361.0175438596491,443.43859649122805,199.3842315673828,539.0,0.8378378378378378,TRES-5__2026-09-01,False,121.55203151246106,62
550,13.483666370337815,472.45899000139843,156.1622314453125,537.0,0.7837837837837838,TRES-5__2026-09-01,False,65.88392495298741,56
553,100.36517977390524,482.4205098048505,198.0,541.0,0.8378378378378378,TRES-5__2026-09-01,False,81.46529340658643,55
564,479.52417398384745,325.45082317503415,146.6570587158203,565.0,0.7837837837837838,TRES-5__2026-09-01,False,86.47112345084943,58
570,238.48160682830277,484.4432765241931,165.0,527.0,0.7972972972972973,TRES-5__2026-09-01,False,86.81548166824675,47
606,148.2186108306374,339.55796476834087,185.52053833007812,564.0,0.7432432432432432,TRES-5__2026-09-01,False,93.0570897661139,55
613,512.4255125886517,373.47256802312427,142.87356567382812,527.0,0.7162162162162162,TRES-5__2026-09-01,False,108.47789288997076,53
656,446.9580297207795,285.4727420417903,202.1710968017578,551.0,0.7837837837837838,TRES-5__2026-09-01,False,81.15652963559101,58
659,505.42783195916473,312.4358313804381,147.06930541992188,534.0,0.7027027027027027,TRES-5__2026-09-01,False,118.15281659489698,52
668,52.55,399.54375,191.22747802734375,565.0,0.7837837837837838,TRES-5__2026-09-01,False,98.60197668210346,58
710,198.64119601328903,220.06312292358805,294.5,623.0,0.7027027027027027,TRES-5__2026-09-01,False,79.89605308351716,52
722,561.8454996107291,34.30765499106584,396.61248779296875,625.0,0.7162162162162162,TRES-5__2026-09-01,False,52.138146331747,53
80,606.5807839755624,57.520233698976185,3742.5274353027344,1269.0,1.0,TRES-5__2026-09-04,True,3205.624104513907,57
97,469.5995334610503,71.16639978334912,2959.5870666503906,3015.0,1.0,TRES-5__2026-09-04,False,50621.32606510504,57
100,282.72680412371136,72.02577319587628,6873.891662597656,2377.0,1.0,TRES-5__2026-09-04,True,354.86646630497273,57
113,323.1826923076923,77.01923076923077,1477.5572814941406,860.0,1.0,TRES-5__2026-09-04,False,6093.111439221827,57
125,543.0964197976574,86.01105815481286,528.9060363769531,601.0,1.0,TRES-5__2026-09-04,False,16234.732094247931,57
164,550.5034478046198,119.55871612939912,324.23545837402344,511.0,0.9824561403508771,TRES-5__2026-09-04,False,5554.873154327422,56
165,308.57632817753864,125.23133826496301,332.0,752.0,0.9824561403508771,TRES-5__2026-09-04,False,60052.1869009365,56
168,224.31400966183574,128.2415458937198,2791.0,1291.0,1.0,TRES-5__2026-09-04,False,1481.972859608284,57
186,500.0064304332995,137.9561943581253,4283.388427734375,1540.0,1.0,TRES-5__2026-09-04,True,393.88010022476806,57
193,470.54452809442614,139.73449476108183,134.31915283203125,467.0,0.8596491228070176,TRES-5__2026-09-04,False,9587.901051797828,49
199,583.5814487232108,143.69692058329912,1245.9585876464844,708.0,1.0,TRES-5__2026-09-04,False,3766.5872050107055,57
224,528.4951327569861,168.57392646211045,945.8360900878906,625.0,1.0,TRES-5__2026-09-04,False,2946.2896204279405,57
241,53.4102732157286,180.93439215084763,179.95928955078125,536.0,0.9649122807017544,TRES-5__2026-09-04,False,33921.7910920744,55
268,111.45709310973075,199.69861598697068,2594.590118408203,1190.0,1.0,TRES-5__2026-09-04,False,2082.096503134367,57
277,622.9137009552717,205.88339600584737,1058.5037231445312,609.0,1.0,TRES-5__2026-09-04,False,9150.18973016431,57
295,476.29766084400296,215.40525508054142,579.3142395019531,547.0,1.0,TRES-5__2026-09-04,False,2803.018244529848,57
315,313.7490774907749,228.01230012300124,147.98284912109375,609.0,0.9473684210526315,TRES-5__2026-09-04,False,56059.87426092001,54
333,571.490319390981,238.6766079077556,1213.6273803710938,658.0,1.0,TRES-5__2026-09-04,False,1523.3136056813141,57
334,164.93121693121694,242.2116402116402,1093.0,732.0,1.0,TRES-5__2026-09-04,False,2254.4003608873527,57
342,628.0486361475353,246.3058071830563,520.3908081054688,535.0,1.0,TRES-5__2026-09-04,False,10871.562716004972,57
356,290.98516347695175,255.13020828391276,131.36587524414062,1048.0,0.8771929824561403,TRES-5__2026-09-04,False,102235.05596401401,50
363,604.1332139542419,260.1456970079177,213.68701171875,616.0,0.9649122807017544,TRES-5__2026-09-04,False,64890.7754964396,55
381,232.47286188628965,275.53946095423504,150.0,459.0,0.9473684210526315,TRES-5__2026-09-04,False,22050.065460337035,54
385,396.4276928970273,277.52292414409237,3762.6168212890625,1227.0,1.0,TRES-5__2026-09-04,True,1428.8797151227739,57
403,187.47330447330447,289.6046176046176,245.07794189453125,541.0,0.9649122807017544,TRES-5__2026-09-04,False,40389.03187821775,55
413,99.68333333333334,292.4166666666667,1583.2637634277344,840.0,1.0,TRES-5__2026-09-04,False,4509.450508104804,57
424,627.351974989161,302.0064548904383,588.6393127441406,537.0,1.0,TRES-5__2026-09-04,False,9869.174109491381,57
447,530.4893561848423,317.3299017319045,158.73175048828125,576.0,0.9649122807017544,TRES-5__2026-09-04,False,53300.45433746493,55
463,378.72526287409005,329.84928552170396,345.2191162109375,1025.0,1.0,TRES-5__2026-09-04,False,95152.5763478761,57
479,455.01221193682073,342.3261453532224,178.52008056640625,457.0,0.9649122807017544,TRES-5__2026-09-04,False,16942.032209567136,55
483,130.06239358747334,347.7218542575412,3310.0,4095.0,1.0,TRES-5__2026-09-04,False,84560.59920375932,57
484,608.7584196161616,345.0578557835832,424.2920837402344,488.0,0.9824561403508771,TRES-5__2026-09-04,False,2743.1628704075165,56
490,53.842205390883564,349.163046678275,138.88726806640625,517.0,0.9649122807017544,TRES-5__2026-09-04,False,27924.808317658186,55
519,285.95013458780255,372.2996078622615,229.0,467.0,0.9824561403508771,TRES-5__2026-09-04,False,9564.034184836284,56
521,481.6212943388158,372.4399455552276,30389.56280517578,4095.0,1.0,TRES-5__2026-09-04,False,38.176107561176686,57
528,356.44545454545454,376.5272727272727,356.2085876464844,472.0,0.9824561403508771,TRES-5__2026-09-04,False,5437.922159073362,56
531,490.5385057263037,381.29044052086783,129.31222534179688,450.0,0.9473684210526315,TRES-5__2026-09-04,False,11688.08424735425,54
546,91.08143205698634,392.5226772295033,738.7824096679688,581.0,1.0,TRES-5__2026-09-04,False,10427.500032685879,57
551,377.5202488985484,394.4713097242944,234.42173767089844,464.0,0.9122807017543859,TRES-5__2026-09-04,False,4167.74018350906,52
586,524.9357017073653,416.1401012525524,242.18331909179688,4095.0,0.9649122807017544,TRES-5__2026-09-04,False,1246269.7735836725,55
588,498.0421188995295,414.4510770338445,1333.7242431640625,669.0,1.0,TRES-5__2026-09-04,False,2500.731798494194,57
609,519.7131186648842,430.91434916377517,199.37551879882812,470.0,0.9649122807017544,TRES-5__2026-09-04,False,9271.241793120244,55
615,331.559974248451,433.4288802218883,200.079833984375,459.0,0.9649122807017544,TRES-5__2026-09-04,False,7265.962431412127,55
623,363.9952153110048,437.2813397129187,1270.5915832519531,598.0,1.0,TRES-5__2026-09-04,False,12248.187465358054,57
626,269.776433967875,436.97649595671845,679.0,543.0,1.0,TRES-5__2026-09-04,False,2592.265853219169,57
635,117.86260932944606,445.4183673469388,3194.0,1035.0,1.0,TRES-5__2026-09-04,False,11996.999273752534,57
671,279.4850746268657,470.9365671641791,114.0,453.0,0.7894736842105263,TRES-5__2026-09-04,False,22392.096561960974,45
675,343.86181324819273,473.08917741398216,824.0,552.0,1.0,TRES-5__2026-09-04,False,3141.911443422559,57
678,557.3519261560135,478.46295684397484,141.80653381347656,493.0,0.9473684210526315,TRES-5__2026-09-04,False,34725.47790258515,54
681,474.7981461784141,480.1461543483627,236.9776611328125,457.0,0.9649122807017544,TRES-5__2026-09-04,False,5575.742706322679,55
686,218.9738543716615,485.4018836097835,8844.637969970703,2798.0,1.0,TRES-5__2026-09-04,True,14.25395925081862,56
689,236.53012048192772,485.4578313253012,249.0,459.0,0.9649122807017544,TRES-5__2026-09-04,False,66.48590415651108,54
740,116.40291843661926,28.69748419587246,150.69744873046875,475.0,0.8596491228070176,TRES-5__2026-09-04,False,63.89718269033397,40
741,212.7126530612245,28.90122448979592,1226.0,816.0,0.9824561403508771,TRES-5__2026-09-04,False,29.566139799028313,47
743,167.89154725077208,31.048937951786886,912.1899261474609,776.0,0.9824561403508771,TRES-5__2026-09-04,False,30.991143278985614,48
748,540.249616558527,37.88954086361295,150.60321044921875,475.0,0.8947368421052632,TRES-5__2026-09-04,False,79.53381629818637,51
749,323.9201668081077,39.94380990905664,1446.2585906982422,911.0,0.9824561403508771,TRES-5__2026-09-04,False,33.6152024220886,56
750,37.34763471640405,39.64274789895365,435.8169860839844,576.0,0.9649122807017544,TRES-5__2026-09-04,False,57.40245907953173,55
751,109.36873156342183,40.92035398230089,311.0,533.0,0.9824561403508771,TRES-5__2026-09-04,False,72.37729950755151,56
752,416.9927838919301,43.50838244213323,4802.649124145508,1839.0,0.9824561403508771,TRES-5__2026-09-04,True,15.762283023113946,56
754,172.9763779527559,44.32808398950131,360.40240478515625,558.0,0.9649122807017544,TRES-5__2026-09-04,False,58.85897872978286,55
755,268.9026666666667,45.17333333333333,704.5,581.0,0.9824561403508771,TRES-5__2026-09-04,False,45.61807893823304,56
756,320.68116210182336,44.46343456492816,537.0715179443359,584.0,0.9824561403508771,TRES-5__2026-09-04,False,99.43476562067298,56
757,371.3064915939145,44.92680794094095,1272.9879608154297,802.0,0.9824561403508771,TRES-5__2026-09-04,False,89.60209045474589,56
758,157.84093444641607,45.82977724434681,260.48606872558594,511.0,0.9473684210526315,TRES-5__2026-09-04,False,84.94603353320164,54
760,63.14188505060672,46.65807087966348,808.9181365966797,722.0,0.9824561403508771,TRES-5__2026-09-04,False,33.67123724564509,56
761,302.92964591188723,47.78126380474562,3274.631881713867,1536.0,0.9824561403508771,TRES-5__2026-09-04,False,25.014428814161164,56
762,308.9290617907111,46.80425377720084,387.013427734375,550.0,0.9649122807017544,TRES-5__2026-09-04,False,200.1312424329079,55
764,221.77215189873417,48.881856540084385,225.1265411376953,488.0,0.9473684210526315,TRES-5__2026-09-04,False,83.0601793561703,54
765,273.6590476190476,50.011428571428574,517.9863433837891,574.0,0.9824561403508771,TRES-5__2026-09-04,False,75.90296804580079,56
767,357.59445747473416,51.92419290927114,221.15171813964844,490.0,0.9473684210526315,TRES-5__2026-09-04,False,101.64746035333648,54
769,187.49477351916377,53.940766550522646,263.1261901855469,514.0,0.9649122807017544,TRES-5__2026-09-04,False,88.49656239930252,55
770,283.83653846153845,54.30769230769231,207.29600524902344,491.0,0.9473684210526315,TRES-5__2026-09-04,False,94.72082763451706,54
771,112.33477588871716,56.23802163833076,3212.6429901123047,1547.0,0.9824561403508771,TRES-5__2026-09-04,False,29.922836885514347,56
773,339.0357134492245,58.523784052418726,2719.7168579101562,1001.0,0.9824561403508771,TRES-5__2026-09-04,False,17.587085582690623,56
774,430.74912573843807,59.11366064069483,269.0387725830078,499.0,0.9824561403508771,TRES-5__2026-09-04,False,75.69668305944279,56
775,180.55789473684212,60.57368421052632,187.0,475.0,0.9298245614035088,TRES-5__2026-09-04,False,97.90853456368963,53
777,523.688621348633,67.21355594577867,337.2742004394531,513.0,0.9649122807017544,TRES-5__2026-09-04,False,59.85013508611693,55
778,222.475,68.64,198.0,487.0,0.9298245614035088,TRES-5__2026-09-04,False,71.30055130482374,53
779,277.9315789473684,70.73771929824561,1127.0,813.0,0.9824561403508771,TRES-5__2026-09-04,False,28.445723202727308,56
780,532.8914933329189,69.30763925319326,140.1597137451172,467.0,0.8421052631578947,TRES-5__2026-09-04,False,128.98490514591333,48
784,168.30670441023372,73.5504936828796,283.0,519.0,0.8947368421052632,TRES-5__2026-09-04,False,60.15664865661297,51
785,405.3194615038684,76.05161550106045,1454.1937255859375,807.0,0.9824561403508771,TRES-5__2026-09-04,False,18.949078709587788,56
786,515.8968112964366,75.54559116383113,163.6915283203125,478.0,0.9298245614035088,TRES-5__2026-09-04,False,102.07163837506948,53
787,148.12532626213417,78.21062727885426,2657.8181915283203,1286.0,0.9824561403508771,TRES-5__2026-09-04,False,33.52378463369006,56
788,536.164369760967,76.70817196136483,296.4475860595703,512.0,0.9473684210526315,TRES-5__2026-09-04,False,61.640162983687674,54
790,387.45248453028313,78.86482280142509,387.143798828125,518.0,0.9824561403508771,TRES-5__2026-09-04,False,56.18284508808464,56
791,498.1025580352566,78.24107219599384,114.2786865234375,464.0,0.7017543859649122,TRES-5__2026-09-04,False,192.7052616432245,40
792,553.3221509041401,77.56430647557654,131.32846069335938,465.0,0.8947368421052632,TRES-5__2026-09-04,False,114.61739703776645,51
793,69.57058823529412,78.33529411764705,162.0,474.0,0.8596491228070176,TRES-5__2026-09-04,False,100.02541095672119,49
794,304.10060989823376,79.37339916282602,620.15478515625,612.0,0.9824561403508771,TRES-5__2026-09-04,False,85.38534383332153,56
796,325.9922164098552,79.56265800154456,130.73248291015625,464.0,0.8421052631578947,TRES-5__2026-09-04,False,118.18159835022087,48
797,460.9933009991238,80.10221926437207,301.5126647949219,510.0,0.9649122807017544,TRES-5__2026-09-04,False,64.20319624788128,55
798,468.752083384622,80.24750731878254,283.5765686035156,504.0,0.9824561403508771,TRES-5__2026-09-04,False,90.28885628791642,56
800,177.73456790123456,80.94444444444444,163.5255126953125,479.0,0.9298245614035088,TRES-5__2026-09-04,False,83.65586487161343,53
803,581.6615151395943,84.24077785744738,266.398681640625,498.0,0.9649122807017544,TRES-5__2026-09-04,False,93.63118371893717,55
805,368.39908256880733,84.59174311926606,186.88079833984375,481.0,0.9473684210526315,TRES-5__2026-09-04,False,99.04424155091031,54
806,456.00903173102574,84.9762859105421,357.25860595703125,511.0,0.9473684210526315,TRES-5__2026-09-04,False,50.06891230892546,54
807,211.67846153846153,87.19538461538461,632.7442169189453,640.0,0.9824561403508771,TRES-5__2026-09-04,False,39.40192455301785,56
810,401.09724669306405,89.36187031249351,213.6776580810547,494.0,0.9473684210526315,TRES-5__2026-09-04,False,75.39858842240817,54
811,220.378616796048,91.77452364149612,2801.0,1265.0,0.9824561403508771,TRES-5__2026-09-04,False,18.881449405882503,56
812,441.89436626850136,91.62963244659326,876.7070922851562,692.0,0.9824561403508771,TRES-5__2026-09-04,False,30.041981900312543,56
813,592.6356723738071,90.8460623440165,272.9411163330078,491.0,0.9473684210526315,TRES-5__2026-09-04,False,77.32432849701691,54
814,111.78494027635284,93.88608082945873,6769.590072631836,1830.0,0.9824561403508771,TRES-5__2026-09-04,True,29.731275047805365,56
815,250.40425531914894,92.48226950354609,132.0,464.0,0.7719298245614035,TRES-5__2026-09-04,False,138.7299462960953,44
817,164.93232223263675,95.82811374268802,739.2259368896484,659.0,0.9824561403508771,TRES-5__2026-09-04,False,36.007712552840204,56
818,615.0028383939235,95.86587115664283,277.0946350097656,499.0,0.9473684210526315,TRES-5__2026-09-04,False,68.91073047507527,54
819,130.38246270209814,96.51083692148282,183.301025390625,475.0,0.9298245614035088,TRES-5__2026-09-04,False,73.12527008366533,53
820,430.4654656424979,98.6252813403688,974.0796813964844,665.0,0.9824561403508771,TRES-5__2026-09-04,False,26.54659657312944,56
821,628.1152444615158,98.03482498967828,302.7364807128906,506.0,0.9473684210526315,TRES-5__2026-09-04,False,56.05528141273912,52
822,585.8119558320561,101.17124631958093,840.6634826660156,645.0,0.9824561403508771,TRES-5__2026-09-04,False,52.292793746772,56
824,288.29213483146066,102.65870786516854,659.5,611.0,0.9824561403508771,TRES-5__2026-09-04,False,34.21202644587158,56
825,610.9204249850784,104.17193972345144,1298.5387420654297,744.0,0.9824561403508771,TRES-5__2026-09-04,False,45.98815793683065,56
826,57.421584796129125,105.88379250468137,1875.9165496826172,1050.0,0.9824561403508771,TRES-5__2026-09-04,False,26.8104231328516,56
828,202.57773851590105,106.14134275618375,554.5875854492188,606.0,0.9824561403508771,TRES-5__2026-09-04,False,50.39609424770135,56
830,238.7788279773157,106.38941398865785,664.2443084716797,691.0,0.9824561403508771,TRES-5__2026-09-04,False,152.10846103247036,56
834,33.2447842550344,111.65128812263522,494.5685577392578,598.0,0.9824561403508771,TRES-5__2026-09-04,False,43.57775402590564,56
835,278.90736040609136,112.2005076142132,777.4903259277344,650.0,0.9824561403508771,TRES-5__2026-09-04,False,38.77854472535805,56
837,122.06793142142642,114.78218824174543,15214.396697998047,4095.0,0.9824561403508771,TRES-5__2026-09-04,False,30.73215157684501,56
839,537.1340782368877,112.79555682560928,180.5081787109375,486.0,0.9473684210526315,TRES-5__2026-09-04,False,110.71556499901428,54
840,204.11301369863014,114.58561643835617,279.3465270996094,516.0,0.9649122807017544,TRES-5__2026-09-04,False,76.11418526150678,55
841,547.0907505985592,116.07354550237781,1266.18359375,703.0,0.9824561403508771,TRES-5__2026-09-04,False,130.487905884843,56
842,171.23955431754874,115.78969359331477,676.0,628.0,0.9824561403508771,TRES-5__2026-09-04,False,92.62926390624841,56
848,223.8783932214028,121.56048956535383,6387.79753112793,2526.0,0.9824561403508771,TRES-5__2026-09-04,True,15.672491794932391,56
849,170.4700176366843,121.65432098765432,2280.0,1105.0,0.9824561403508771,TRES-5__2026-09-04,False,30.48942773525103,56
850,304.824991295435,121.2963160511772,600.6505126953125,598.0,0.9824561403508771,TRES-5__2026-09-04,False,43.74315581352277,56
851,50.9084726000488,121.56697977578874,422.5,551.0,0.9824561403508771,TRES-5__2026-09-04,False,45.67424260564473,56
853,553.9610632819266,123.9430155323749,220.1311798095703,464.0,0.9473684210526315,TRES-5__2026-09-04,False,126.07773112469192,54
855,326.59784033590915,126.20158999965393,18521.429443359375,4095.0,0.9824561403508771,TRES-5__2026-09-04,False,23.554432177657706,56
856,472.89759530003175,123.8856210745756,628.5374450683594,592.0,0.9824561403508771,TRES-5__2026-09-04,False,67.02269747964739,56
857,617.777087946001,126.09335923759403,136.83828735351562,470.0,0.9122807017543859,TRES-5__2026-09-04,False,115.85820580663624,52
859,420.9683355143056,128.23228246662703,400.3471984863281,539.0,0.9824561403508771,TRES-5__2026-09-04,False,59.878974471432,56
861,334.3896379640215,130.1411963226062,160.0,470.0,0.9298245614035088,TRES-5__2026-09-04,False,56.502492330852704,53
862,476.7147143043108,129.49173186371317,229.30035400390625,513.0,0.9473684210526315,TRES-5__2026-09-04,False,241.01804369699184,54
863,527.5343247866844,130.49868273911596,423.813720703125,537.0,0.9824561403508771,TRES-5__2026-09-04,False,56.23937871271649,56
864,234.46336206896552,131.89439655172413,442.82264709472656,555.0,0.9824561403508771,TRES-5__2026-09-04,False,58.819865290030954,56
865,575.5337276351163,132.80158073871988,94.17991638183594,450.0,0.7017543859649122,TRES-5__2026-09-04,False,124.66596631685213,40
866,368.1662249481791,135.15426516620212,2199.5894775390625,1056.0,0.9824561403508771,TRES-5__2026-09-04,False,18.278985951441555,56
867,424.4865713179538,133.51327041549425,198.8263702392578,477.0,0.9473684210526315,TRES-5__2026-09-04,False,65.3966229454932,54
869,450.9991450217326,138.11907741667568,743.4185333251953,559.0,0.9824561403508771,TRES-5__2026-09-04,False,28.552399001741232,56
870,221.81726788882318,137.46363098758133,1680.8343658447266,947.0,0.9824561403508771,TRES-5__2026-09-04,False,23.415817969324493,56
872,77.20942408376963,139.81675392670158,334.0,529.0,0.9649122807017544,TRES-5__2026-09-04,False,44.76087938091453,55
874,603.3839664001622,140.42443019311867,970.2772216796875,638.0,0.9824561403508771,TRES-5__2026-09-04,False,50.95840358296367,56
876,109.53812819105802,140.31372724857567,288.5113220214844,535.0,0.9649122807017544,TRES-5__2026-09-04,False,59.64264006360859,55
878,504.94028769445504,146.50721590251183,4685.5826416015625,1470.0,0.9824561403508771,TRES-5__2026-09-04,True,17.922690484223764,56
879,514.4688621376557,144.40815050051336,116.2861328125,456.0,0.8245614035087719,TRES-5__2026-09-04,False,115.5109318542841,47
880,522.959487754611,144.8702045774834,304.93760681152344,505.0,0.9824561403508771,TRES-5__2026-09-04,False,56.82520908676504,56
881,593.4618581019855,145.52727632326707,1800.7086181640625,798.0,0.9824561403508771,TRES-5__2026-09-04,False,38.550710520657276,56
882,141.642089093702,146.63287250384025,639.7362060546875,557.0,0.9824561403508771,TRES-5__2026-09-04,False,34.67715106140082,56
883,621.894679230413,146.96933502740995,445.5015411376953,496.0,0.9473684210526315,TRES-5__2026-09-04,False,75.58285427495977,54
884,277.85067873303166,149.579185520362,424.4727325439453,549.0,0.9824561403508771,TRES-5__2026-09-04,False,57.63489586329603,56
885,516.9440668179136,150.76066617900594,857.8048095703125,635.0,0.9824561403508771,TRES-5__2026-09-04,False,39.995017553282466,56
887,619.526818841879,151.84020734701443,1535.6329040527344,725.0,0.9824561403508771,TRES-5__2026-09-04,False,43.64926368480742,56
888,179.27184466019418,151.76375404530745,296.52891540527344,608.0,0.9824561403508771,TRES-5__2026-09-04,False,186.45250750283427,56
889,463.712661756164,153.1373173260923,210.92843627929688,551.0,0.9298245614035088,TRES-5__2026-09-04,False,88.4371551132423,53
890,228.75696202531645,154.14430379746835,1972.544448852539,1018.0,0.9824561403508771,TRES-5__2026-09-04,False,22.60999561971567,56
891,555.0718097153912,153.52278005043758,185.44113159179688,595.0,0.9473684210526315,TRES-5__2026-09-04,False,181.05871923438386,54
892,625.0610296886781,153.86102229815418,372.7242736816406,503.0,0.9298245614035088,TRES-5__2026-09-04,False,66.84269441521587,53
893,119.07206090947969,155.24341314756558,293.28466796875,516.0,0.9649122807017544,TRES-5__2026-09-04,False,61.56362412795175,55
894,129.04487428663893,154.56109525613198,247.0,497.0,0.9298245614035088,TRES-5__2026-09-04,False,64.00011757549913,53
895,303.71267294633634,155.06792876522104,378.3025207519531,532.0,0.9649122807017544,TRES-5__2026-09-04,False,56.734753079377086,55
897,376.96471109338097,156.12063157817235,928.005615234375,760.0,0.9824561403508771,TRES-5__2026-09-04,False,30.80227167806128,56
898,418.9576019737305,155.64445683615537,421.7771759033203,535.0,0.9824561403508771,TRES-5__2026-09-04,False,57.94193237079935,56
900,261.8169642857143,157.06696428571428,171.0,457.0,0.8947368421052632,TRES-5__2026-09-04,False,99.4823499965971,51
902,363.1444588177512,156.69882205266333,230.669189453125,482.0,0.9473684210526315,TRES-5__2026-09-04,False,76.40341005192475,54
903,249.81006289308175,158.05283018867925,786.869873046875,654.0,0.9824561403508771,TRES-5__2026-09-04,False,34.165104822964935,56
905,555.7446784532777,159.43507317016258,677.1825714111328,606.0,0.9824561403508771,TRES-5__2026-09-04,False,40.92112107326161,56
907,382.54320489940613,162.33859032546573,1884.1683959960938,894.0,0.9824561403508771,TRES-5__2026-09-04,False,20.008436846645232,56
908,482.3241346320139,160.49194965571368,308.5365295410156,546.0,0.9649122807017544,TRES-5__2026-09-04,False,63.391476513034895,55
910,101.62519141798889,163.8429878238069,1656.1803283691406,971.0,0.9824561403508771,TRES-5__2026-09-04,False,22.08567150541483,56
912,336.12201561522994,162.50817279064725,469.2083435058594,547.0,0.9824561403508771,TRES-5__2026-09-04,False,51.52413027334481,56
914,388.72671113067577,164.61944241792196,602.0313110351562,578.0,0.9824561403508771,TRES-5__2026-09-04,False,60.45976091883751,56
917,559.1680757344899,164.81865106868,220.6796875,481.0,0.9473684210526315,TRES-5__2026-09-04,False,84.01488235158659,54
919,311.8466698681501,168.6203592317793,836.5727081298828,651.0,0.9824561403508771,TRES-5__2026-09-04,False,24.635995667052224,56
921,296.6273291925466,168.98136645962734,313.5,522.0,0.9824561403508771,TRES-5__2026-09-04,False,60.01594656687981,56
923,239.15216525034782,170.21484422056264,1168.8974151611328,771.0,0.9824561403508771,TRES-5__2026-09-04,False,24.416375254132443,56
924,223.58119957186793,172.19378530518517,406.1351623535156,545.0,0.9649122807017544,TRES-5__2026-09-04,False,74.33938714968762,55
925,79.22064056939502,173.15302491103202,264.62445068359375,515.0,0.9649122807017544,TRES-5__2026-09-04,False,66.87006893254802,55
927,143.3065015479876,173.93498452012383,301.0,521.0,0.9649122807017544,TRES-5__2026-09-04,False,60.36077266148941,55
928,317.1339563862928,173.61370716510905,302.7869873046875,502.0,0.9649122807017544,TRES-5__2026-09-04,False,62.73234520855285,55
929,591.7382268781271,174.37853884877237,442.31224060058594,661.0,0.9824561403508771,TRES-5__2026-09-04,False,63.05693927507613,56
931,124.0686296540318,179.2901815664392,1925.9383392333984,887.0,0.9824561403508771,TRES-5__2026-09-04,False,22.57013855691281,56
932,436.2846616894561,183.67948782981242,105989.48567199707,4095.0,0.9824561403508771,TRES-5__2026-09-04,False,60.73539455006723,56
933,489.6483960051157,179.52478302864125,1660.16259765625,819.0,0.9824561403508771,TRES-5__2026-09-04,False,17.209630891679826,56
938,163.03932584269663,182.91573033707866,169.8853302001953,472.0,0.9473684210526315,TRES-5__2026-09-04,False,95.9166304982352,54
939,485.3516203526662,182.46521761636592,152.12783813476562,471.0,0.9298245614035088,TRES-5__2026-09-04,False,133.56999444561896,53
940,496.4098086020575,184.65739422297716,2418.1748657226562,1007.0,0.9824561403508771,TRES-5__2026-09-04,False,18.29178684714362,56
941,184.36577181208054,185.08724832214764,583.5850219726562,602.0,0.9824561403508771,TRES-5__2026-09-04,False,45.90797776127106,56
942,192.3179723502304,184.2811059907834,222.73452758789062,498.0,0.9473684210526315,TRES-5__2026-09-04,False,68.0237087133171,54
945,552.8814261519053,186.6794760456544,285.73919677734375,488.0,0.9473684210526315,TRES-5__2026-09-04,False,61.53351467987324,54
946,626.1301617387788,186.91818992383202,429.91204833984375,518.0,0.9649122807017544,TRES-5__2026-09-04,False,63.51549164583571,54
947,370.4883678413943,187.61844243850229,125.65200805664062,637.0,0.9122807017543859,TRES-5__2026-09-04,False,114.549075212058,52
948,476.4576291488427,188.76774648586556,2252.254104614258,987.0,0.9824561403508771,TRES-5__2026-09-04,False,17.450683189826904,56
949,162.0,188.98870056497177,160.5436248779297,475.0,0.9473684210526315,TRES-5__2026-09-04,False,131.99717541387724,54
950,304.1388888888889,188.6888888888889,159.7266082763672,472.0,0.9473684210526315,TRES-5__2026-09-04,False,114.49226448607982,54
951,613.1823082030534,189.78513591683688,207.16091918945312,477.0,0.9473684210526315,TRES-5__2026-09-04,False,109.32524763418003,54
953,128.50033346407676,190.46641306085857,1451.5156555175781,840.0,0.9824561403508771,TRES-5__2026-09-04,False,27.098745509406466,56
954,138.62746858168762,191.06193895870737,1068.2652587890625,748.0,0.9824561403508771,TRES-5__2026-09-04,False,31.844417229066238,56
958,457.81107702229616,193.20132701092982,229.3502197265625,475.0,0.9298245614035088,TRES-5__2026-09-04,False,71.06575209975743,53
959,164.80676665504012,194.7317753749564,2840.3983001708984,1193.0,0.9824561403508771,TRES-5__2026-09-04,False,24.317454162603617,56
961,289.201791797005,195.73342749839048,2342.7242279052734,1073.0,0.9824561403508771,TRES-5__2026-09-04,False,16.35387523449962,56
963,521.1139780017687,197.7109859842278,258.4218444824219,492.0,0.9649122807017544,TRES-5__2026-09-04,False,65.08939251540326,55
964,380.41474147648574,199.4226510105551,125.61996459960938,455.0,0.8596491228070176,TRES-5__2026-09-04,False,111.39456216586568,49
965,568.9921403185383,201.124906490381,435.08197021484375,521.0,0.9824561403508771,TRES-5__2026-09-04,False,51.189827153664844,56
966,58.11289603821727,202.46975212756746,449.0551300048828,550.0,0.9824561403508771,TRES-5__2026-09-04,False,95.37420048419168,56
970,481.06810467654907,208.64453056354571,260.6719055175781,461.0,0.9473684210526315,TRES-5__2026-09-04,False,54.43687097406024,54
971,196.3014705882353,209.99159663865547,920.3055267333984,605.0,0.9824561403508771,TRES-5__2026-09-04,False,30.10889225164817,56
972,97.10752688172043,209.66129032258064,171.89492797851562,481.0,0.9473684210526315,TRES-5__2026-09-04,False,109.5231675977367,54
974,265.05925925925925,212.6240740740741,500.5,565.0,0.9824561403508771,TRES-5__2026-09-04,False,42.65038019008497,56
975,331.24791666666664,213.65347222222223,1408.2309875488281,767.0,0.9824561403508771,TRES-5__2026-09-04,False,21.805974311400146,56
976,122.81722349538659,214.49001645145978,242.5306396484375,493.0,0.9649122807017544,TRES-5__2026-09-04,False,57.65902899330946,55
978,30.656406896929816,215.42840236169235,147.96426391601562,487.0,0.8596491228070176,TRES-5__2026-09-04,False,133.08421878359408,49
979,56.20405007010791,216.0882949787932,835.7645111083984,698.0,0.9824561403508771,TRES-5__2026-09-04,False,29.489752234307453,56
980,230.54068892914424,216.39095308419226,165.0,467.0,0.9298245614035088,TRES-5__2026-09-04,False,74.23419624331918,53
981,611.4630926102792,218.2051476458872,532.4948272705078,528.0,0.9824561403508771,TRES-5__2026-09-04,False,51.63664228145407,56
982,164.98291925465838,217.86335403726707,583.5186309814453,547.0,0.9824561403508771,TRES-5__2026-09-04,False,45.80228886415051,56
983,394.5999526087971,218.10132314883964,305.67564392089844,501.0,0.9473684210526315,TRES-5__2026-09-04,False,58.01900763090616,54
984,328.47325933400606,219.72653884964683,961.0,662.0,0.9824561403508771,TRES-5__2026-09-04,False,25.142103547283135,56
985,153.85443909153474,220.92567102546457,2830.676300048828,1091.0,0.9824561403508771,TRES-5__2026-09-04,False,30.622127957559204,56
988,460.55565333554904,223.84249573488154,1547.185302734375,775.0,0.9824561403508771,TRES-5__2026-09-04,False,16.641626811734593,56
989,503.03727112730286,222.45175808915957,295.80149841308594,487.0,0.9473684210526315,TRES-5__2026-09-04,False,49.058530491142434,54
990,162.92951015531662,224.4372759856631,829.9660186767578,643.0,0.9824561403508771,TRES-5__2026-09-04,False,52.01181070110598,56
991,581.4885205221519,223.97252926436474,153.33482360839844,462.0,0.9473684210526315,TRES-5__2026-09-04,False,112.56410691795638,54
993,40.61207423176415,226.3097390909278,559.7816619873047,584.0,0.9824561403508771,TRES-5__2026-09-04,False,85.21393739555737,56
994,51.20896803902337,226.48551231612296,324.6565704345703,526.0,0.9824561403508771,TRES-5__2026-09-04,False,59.42806831249071,56
995,242.47689463955638,227.0554528650647,519.0,554.0,0.9824561403508771,TRES-5__2026-09-04,False,46.178831791426674,56
997,34.94490239923787,228.46513409772274,1057.1438598632812,767.0,0.9824561403508771,TRES-5__2026-09-04,False,42.5958088912894,56
998,487.7590973605972,227.45510584890783,155.95962524414062,470.0,0.9473684210526315,TRES-5__2026-09-04,False,46.79343197150539,54
999,185.6442166910688,230.13762811127378,634.4947662353516,578.0,0.9824561403508771,TRES-5__2026-09-04,False,40.180437375358935,56
1001,92.7741935483871,231.34408602150538,562.8783264160156,580.0,0.9824561403508771,TRES-5__2026-09-04,False,50.19823718720918,56
1002,152.3518675721562,232.02843803056027,2308.527542114258,1079.0,0.9824561403508771,TRES-5__2026-09-04,False,22.89728287678557,56
1004,583.1668516247311,232.1730946490182,237.96499633789062,461.0,0.9473684210526315,TRES-5__2026-09-04,False,63.55554258898215,54
1006,97.94160583941606,232.97810218978103,119.44587707519531,457.0,0.8421052631578947,TRES-5__2026-09-04,False,134.06385289765774,48
1008,222.23884064411305,232.71264470524756,241.70864868164062,495.0,0.9824561403508771,TRES-5__2026-09-04,False,85.22484953579982,56
1010,303.64925373134326,235.27238805970148,274.0,486.0,0.9649122807017544,TRES-5__2026-09-04,False,76.83185315535223,55
1011,449.35453042748026,234.74696758609798,318.7550354003906,506.0,0.9649122807017544,TRES-5__2026-09-04,False,59.103818450447775,55
1012,94.54676258992805,236.3453237410072,121.52108764648438,458.0,0.8421052631578947,TRES-5__2026-09-04,False,114.8154533368358,48
1014,207.52331647028032,238.78038213422934,258.0,494.0,0.9473684210526315,TRES-5__2026-09-04,False,83.31053959402583,54
1015,566.1223777309486,239.85171120556774,423.2962188720703,518.0,0.9824561403508771,TRES-5__2026-09-04,False,53.79696401892486,56
1018,367.13529474580486,243.51027719888353,894.9046020507812,628.0,0.9824561403508771,TRES-5__2026-09-04,False,25.298053603165513,56
1019,625.5923893730345,242.64830368701337,348.07598876953125,502.0,0.9649122807017544,TRES-5__2026-09-04,False,60.975198688049105,55
1020,215.752146352355,244.12820660863017,606.7233276367188,574.0,0.9824561403508771,TRES-5__2026-09-04,False,43.50439385069742,56
1021,267.09028806812734,243.45325031566952,342.99635314941406,509.0,0.9824561403508771,TRES-5__2026-09-04,False,51.019435505705154,56
1022,276.75517454587344,243.93107166290014,472.3830261230469,541.0,0.9824561403508771,TRES-5__2026-09-04,False,48.74382039212297,56
1023,453.38706860973656,244.21259048652541,159.70526123046875,459.0,0.9298245614035088,TRES-5__2026-09-04,False,115.84269962734706,53
1024,169.6013354266559,246.41245343528095,12327.249908447266,3646.0,0.9824561403508771,TRES-5__2026-09-04,True,16.014287295816384,56
1025,423.930656755629,244.94373278008675,136.82269287109375,443.0,0.9122807017543859,TRES-5__2026-09-04,False,86.28780141713553,52
1026,482.1757261157633,244.558504818234,277.8345642089844,492.0,0.9649122807017544,TRES-5__2026-09-04,False,68.90210379766046,55
1027,153.60506525105066,248.04224729042247,18670.671798706055,4095.0,0.9824561403508771,TRES-5__2026-09-04,False,24.539782772000894,56
1028,298.441952136521,246.8180776103981,157.67208862304688,449.0,0.9298245614035088,TRES-5__2026-09-04,False,100.01944170543491,53
1031,125.7707751874605,249.96047496775194,9338.0,2955.0,0.9824561403508771,TRES-5__2026-09-04,True,18.33840524498079,56
1032,478.4357643912211,249.48180191477533,98.80926513671875,456.0,0.7543859649122807,TRES-5__2026-09-04,False,149.53602469640788,43
1034,467.8300366083732,253.66107441074055,666.6781158447266,572.0,0.9824561403508771,TRES-5__2026-09-04,False,37.410649383089456,56
1035,371.2547332185886,254.6024096385542,614.4396514892578,565.0,0.9824561403508771,TRES-5__2026-09-04,False,37.92532515084703,56
1036,77.69849246231156,255.4070351758794,184.29055786132812,481.0,0.9298245614035088,TRES-5__2026-09-04,False,94.40191956400677,53
1037,310.19140625,256.48828125,963.4352111816406,535.0,0.9649122807017544,TRES-5__2026-09-04,False,100.07258384050003,55
1039,320.8714975845411,258.06425120772946,6085.5,1786.0,0.9824561403508771,TRES-5__2026-09-04,True,11.25519175497601,56
1040,504.4691551983476,256.61893032068826,715.3106536865234,575.0,0.9824561403508771,TRES-5__2026-09-04,False,38.60694855893337,56
1042,295.4001104148347,258.4229710782128,1277.1735076904297,807.0,0.9824561403508771,TRES-5__2026-09-04,False,25.010499515339145,56
1043,528.581719136505,257.97607732642666,944.9762878417969,617.0,0.9824561403508771,TRES-5__2026-09-04,False,36.931657810362175,56
1044,54.198149615887885,259.0082012278161,525.7749328613281,564.0,0.9824561403508771,TRES-5__2026-09-04,False,37.43992713696842,56
1045,92.23892100192678,259.1965317919075,508.0506591796875,569.0,0.9824561403508771,TRES-5__2026-09-04,False,37.808121356234956,56
1046,595.583924671453,258.4802881318186,305.8271026611328,494.0,0.9473684210526315,TRES-5__2026-09-04,False,67.19189678153633,54
1047,189.67119237439712,261.1754885104836,2365.075210571289,1027.0,0.9824561403508771,TRES-5__2026-09-04,False,21.49593137391676,56
1048,172.42802432432288,260.93644013739356,492.3882141113281,544.0,0.9824561403508771,TRES-5__2026-09-04,False,79.54745381114456,56
1049,158.80073800738006,261.5092250922509,248.29580688476562,485.0,0.9473684210526315,TRES-5__2026-09-04,False,94.89553485656522,54
1050,479.7736258520945,262.8173020152745,188.412841796875,496.0,0.9473684210526315,TRES-5__2026-09-04,False,108.71999257711319,54
1052,429.43027137603787,265.4740452307478,101.37557983398438,442.0,0.7543859649122807,TRES-5__2026-09-04,False,107.77400137991,43
1054,512.6738216831604,268.1240051945577,500.0531768798828,519.0,0.9824561403508771,TRES-5__2026-09-04,False,44.01785446459454,56
1055,603.6340425585548,270.3488846334813,5670.926132202148,1389.0,0.9824561403508771,TRES-5__2026-09-04,True,46.861198653971115,56
1056,163.75698720985315,270.6797726196116,2070.1272583007812,903.0,0.9824561403508771,TRES-5__2026-09-04,False,21.558623082624596,56
1057,45.658503103285256,270.78822719540295,834.8942108154297,662.0,0.9824561403508771,TRES-5__2026-09-04,False,35.53813008874166,56
1058,539.2608590159862,272.00173826391847,675.912841796875,562.0,0.9824561403508771,TRES-5__2026-09-04,False,42.569352267189295,56
1059,353.8787293573081,273.9742955233514,370.4761505126953,506.0,0.9824561403508771,TRES-5__2026-09-04,False,44.77128590318309,56
1063,366.20572458709273,276.41916741497647,132.527587890625,470.0,0.8771929824561403,TRES-5__2026-09-04,False,137.91692844846608,50
1067,631.6613268177572,280.2826412883468,1258.526138305664,641.0,0.9824561403508771,TRES-5__2026-09-04,False,197.56900871211724,49
1068,56.997403661253486,281.8830189662309,260.786865234375,499.0,0.9649122807017544,TRES-5__2026-09-04,False,54.52064124258864,55
1069,453.1134166589646,283.0221144488383,202.15426635742188,465.0,0.9473684210526315,TRES-5__2026-09-04,False,70.29603306050002,54
1070,128.1997548409067,288.2842167228331,22170.842239379883,4095.0,0.9824561403508771,TRES-5__2026-09-04,False,29.604782787603355,56
1071,612.9454859768801,285.0992983669092,552.3234100341797,531.0,0.9824561403508771,TRES-5__2026-09-04,False,46.51617328057685,56
1073,39.48537456067499,285.4777298411158,130.9350128173828,454.0,0.8771929824561403,TRES-5__2026-09-04,False,128.99060399170062,50
1076,537.5752744109652,287.02306386981286,356.9725646972656,497.0,0.9824561403508771,TRES-5__2026-09-04,False,51.401495627840404,56
1077,245.06935184940613,288.6013513136088,2161.5748291015625,954.0,0.9824561403508771,TRES-5__2026-09-04,False,12.604013813453872,56
1079,51.93461593883636,289.77995756888555,398.77642822265625,544.0,0.9649122807017544,TRES-5__2026-09-04,False,54.30861512596181,55
1081,401.4298723319225,292.8136100881035,8814.54621887207,2117.0,0.9824561403508771,TRES-5__2026-09-04,True,8.062682121958517,56
1082,491.7728647824294,290.9157640235737,238.0976104736328,473.0,0.9473684210526315,TRES-5__2026-09-04,False,65.00310538723305,54
1084,33.77551832675907,294.72424027241556,2182.2652435302734,996.0,0.9824561403508771,TRES-5__2026-09-04,False,20.486297491168067,56
1085,372.47133757961785,293.38216560509557,162.0,458.0,0.9298245614035088,TRES-5__2026-09-04,False,88.14568996735048,53
1086,77.34949880845303,295.3117329653461,154.05816650390625,460.0,0.8771929824561403,TRES-5__2026-09-04,False,125.64436932388642,50
1087,105.47991541130301,295.35240371035854,136.14761352539062,459.0,0.8947368421052632,TRES-5__2026-09-04,False,91.59358307514098,51
1088,426.11069079209665,296.55917699619613,881.1840515136719,612.0,0.9824561403508771,TRES-5__2026-09-04,False,28.814413511304775,56
1089,627.8138307742602,298.10407087764463,2958.7247009277344,907.0,0.9824561403508771,TRES-5__2026-09-04,False,31.266548252933074,54
1090,249.09194473364226,298.98278993627827,5201.198211669922,1691.0,0.9824561403508771,TRES-5__2026-09-04,True,12.611423818928403,56
1091,278.08437254848917,301.77769361863284,38052.210037231445,4095.0,0.9824561403508771,TRES-5__2026-09-04,False,54.363034576362494,56
1094,436.1065435639625,299.38896878205844,2115.883056640625,851.0,0.9824561403508771,TRES-5__2026-09-04,False,11.145512107170763,56
1097,487.8310120120537,302.6109212356875,156.0521240234375,521.0,0.9298245614035088,TRES-5__2026-09-04,False,98.05099876727118,53
1098,428.0955259905681,304.2495741096703,366.42022705078125,500.0,0.9649122807017544,TRES-5__2026-09-04,False,77.78454279655583,55
1099,336.5036482108447,304.49612044612974,137.1497802734375,446.0,0.9122807017543859,TRES-5__2026-09-04,False,99.89372364766582,52
1105,254.81502295867176,311.1191526716732,546.3419342041016,504.0,0.9824561403508771,TRES-5__2026-09-04,False,41.57199867983833,56
1106,467.6480756703224,310.373529816293,578.4626159667969,688.0,0.9824561403508771,TRES-5__2026-09-04,False,38.250838457336684,56
1107,365.9211976778342,312.5127497976722,732.4404144287109,637.0,0.9824561403508771,TRES-5__2026-09-04,False,39.503919806567744,56
1111,479.57055526420436,313.08764956402973,249.713134765625,528.0,0.9473684210526315,TRES-5__2026-09-04,False,80.37588817203296,54
1113,159.27414330218068,315.21183800623055,301.94561767578125,494.0,0.9649122807017544,TRES-5__2026-09-04,False,63.51955422605283,55
1114,599.4726285782405,314.511534096829,133.27615356445312,457.0,0.9298245614035088,TRES-5__2026-09-04,False,104.30256980794134,53
1115,370.5808021114385,316.4646484862221,391.1326446533203,504.0,0.9824561403508771,TRES-5__2026-09-04,False,58.068003533752716,56
1117,510.2291709575518,317.4671638203352,871.2242889404297,586.0,0.9824561403508771,TRES-5__2026-09-04,False,29.436322784728127,56
1118,550.942161922325,317.3039751630834,242.541748046875,474.0,0.9473684210526315,TRES-5__2026-09-04,False,79.9063849215533,54
1119,354.4864302242608,317.3979906293617,102.34260559082031,615.0,0.7368421052631579,TRES-5__2026-09-04,False,152.13058981615072,42
1120,424.97968651777194,320.9334743183328,192.92713928222656,589.0,0.9473684210526315,TRES-5__2026-09-04,False,209.52723207647583,54
1121,488.6517201668547,322.0461383289405,160.87181091308594,460.0,0.9473684210526315,TRES-5__2026-09-04,False,80.34479804572022,54
1123,189.3205535772245,323.58857637977354,661.5,569.0,0.9824561403508771,TRES-5__2026-09-04,False,34.58635454420517,56
1127,356.9906704101102,323.4141555205716,227.40908813476562,472.0,0.9473684210526315,TRES-5__2026-09-04,False,90.07269899211755,54
1129,248.92737979577674,325.21713404492033,262.5862731933594,619.0,0.9473684210526315,TRES-5__2026-09-04,False,101.06139481055654,54
1131,103.16184573002755,329.36570247933884,1414.1609649658203,786.0,0.9824561403508771,TRES-5__2026-09-04,False,29.402048541684294,56
1133,421.99344396937914,329.91063866290705,168.4706268310547,537.0,0.9473684210526315,TRES-5__2026-09-04,False,96.90994585755112,54
1135,263.26794063809746,331.2189211181598,665.5,573.0,0.9824561403508771,TRES-5__2026-09-04,False,39.197506981021704,56
1137,89.16919826601496,333.18542631339614,444.6421661376953,529.0,0.9824561403508771,TRES-5__2026-09-04,False,48.231720746629904,56
1138,592.1567347599098,333.3509899729471,203.05584716796875,458.0,0.9473684210526315,TRES-5__2026-09-04,False,59.03000719484441,54
1139,626.0995582108427,334.3330100612458,398.4098663330078,505.0,0.9824561403508771,TRES-5__2026-09-04,False,53.48488901284099,55
1140,356.71983364230965,334.51245277164867,182.6517791748047,532.0,0.9473684210526315,TRES-5__2026-09-04,False,104.14553473204575,54
1141,375.77070063694265,335.140127388535,124.43144226074219,450.0,0.9122807017543859,TRES-5__2026-09-04,False,97.09718085346044,52
1142,137.03937007874015,336.0236220472441,115.5,450.0,0.8421052631578947,TRES-5__2026-09-04,False,141.40618711932748,48
1143,498.4005652707936,337.59170442922937,639.61328125,507.0,0.9824561403508771,TRES-5__2026-09-04,False,57.19786019433821,56
1144,40.44905165622733,338.4844304286197,1483.9210357666016,691.0,0.9824561403508771,TRES-5__2026-09-04,False,23.15433952385039,56
1145,154.05333333333334,337.25333333333333,201.41281127929688,467.0,0.9473684210526315,TRES-5__2026-09-04,False,75.23525402664656,54
1148,161.2335692618807,340.49747219413547,948.0,640.0,0.9824561403508771,TRES-5__2026-09-04,False,36.12192845735949,56
1149,364.51967632656715,339.4243284029077,119.96516418457031,447.0,0.9122807017543859,TRES-5__2026-09-04,False,142.4700427626345,52
1151,536.0924034140711,340.30066215073185,435.0877685546875,832.0,0.9824561403508771,TRES-5__2026-09-04,False,49.37804232791764,56
1154,193.99297771437296,341.96266206019556,125.0,448.0,0.8596491228070176,TRES-5__2026-09-04,False,95.63393895928289,49
1155,41.92861530692646,343.02609955673046,140.02403259277344,462.0,0.8070175438596491,TRES-5__2026-09-04,False,99.70543180109995,46
1156,264.84779978875787,346.76020274687784,1555.5,756.0,0.9824561403508771,TRES-5__2026-09-04,False,18.400312905870642,56
1157,276.11796561805266,346.0750623031022,847.5,607.0,0.9824561403508771,TRES-5__2026-09-04,False,27.822208656772865,56
1158,95.47796288072084,346.9352068760126,284.0,491.0,0.9649122807017544,TRES-5__2026-09-04,False,79.92160157583368,55
1159,316.7195954502777,348.73708441150245,5390.5,1470.0,0.9824561403508771,TRES-5__2026-09-04,True,12.383814027253798,56
1160,392.15618342073964,346.57827966388203,106.95974731445312,445.0,0.8771929824561403,TRES-5__2026-09-04,False,139.29966730886343,50
1161,170.52255514742635,347.3734439947147,134.0,452.0,0.9473684210526315,TRES-5__2026-09-04,False,102.1816728224459,54
1163,248.30726582801208,350.73566169055044,12621.832580566406,2918.0,0.9824561403508771,TRES-5__2026-09-04,True,12.05905411426061,56
1165,217.77435897435896,349.9948717948718,133.42845153808594,448.0,0.9122807017543859,TRES-5__2026-09-04,False,83.74646241799125,52
1166,162.9242053789731,351.3447432762836,417.0,527.0,0.9824561403508771,TRES-5__2026-09-04,False,43.36722421351653,56
1168,282.8136994401185,351.693456599202,414.5320587158203,729.0,0.9824561403508771,TRES-5__2026-09-04,False,49.795237820345164,56
1170,80.14074889696441,352.5021248836009,213.2064208984375,468.0,0.9473684210526315,TRES-5__2026-09-04,False,72.18478231641804,54
1171,504.0932251372955,353.203078726703,206.1497802734375,469.0,0.9473684210526315,TRES-5__2026-09-04,False,67.59731653208387,54
1172,523.0501923935341,356.7261165566514,28982.435165405273,4095.0,0.9824561403508771,TRES-5__2026-09-04,False,20.321969540856653,56
1173,119.99064354176176,355.8528069374715,4389.833847045898,1345.0,0.9824561403508771,TRES-5__2026-09-04,True,17.739668749615134,56
1174,496.19737903163065,355.07908563773674,255.44483947753906,478.0,0.9473684210526315,TRES-5__2026-09-04,False,63.171081928703536,54
1175,614.8621877184,354.4457189050597,158.83534240722656,461.0,0.9473684210526315,TRES-5__2026-09-04,False,96.62492921543135,54
1177,194.8290719891341,359.2084419686213,186.0752410888672,490.0,0.9473684210526315,TRES-5__2026-09-04,False,108.81369603782746,54
1180,410.31809155305,362.0720587355078,1781.292724609375,718.0,0.9824561403508771,TRES-5__2026-09-04,False,21.043233997686457,56
1181,130.99019607843138,361.94117647058823,171.0,465.0,0.9298245614035088,TRES-5__2026-09-04,False,93.46221081609463,53
1182,261.21434930362693,363.0836824061245,2340.3919525146484,903.0,0.9824561403508771,TRES-5__2026-09-04,False,17.36807965201296,56
1183,89.68419789750394,364.45763434855667,406.4754180908203,520.0,0.9824561403508771,TRES-5__2026-09-04,False,58.124420406310485,56
1184,154.95844155844156,365.3012987012987,400.68406677246094,514.0,0.9824561403508771,TRES-5__2026-09-04,False,58.749333616605085,56
1185,552.638426146725,365.4480956939563,1668.273178100586,691.0,0.9824561403508771,TRES-5__2026-09-04,False,26.186176468756866,56
1186,595.6923370358917,368.2097805164465,3313.6237030029297,820.0,0.9824561403508771,TRES-5__2026-09-04,False,24.778601244101953,56
1187,220.28855721393035,368.5348258706468,380.0,505.0,0.9824561403508771,TRES-5__2026-09-04,False,50.55681872408361,56
1189,162.70508474576272,370.45762711864404,306.442626953125,489.0,0.9649122807017544,TRES-5__2026-09-04,False,63.586164915052635,55
1190,563.1310320391175,370.9336191243299,476.2041931152344,499.0,0.9649122807017544,TRES-5__2026-09-04,False,62.12068438366983,55
1191,517.9298204262809,371.4375306542567,155.43307495117188,456.0,0.9298245614035088,TRES-5__2026-09-04,False,94.96835556740544,53
1194,36.166881201219915,373.8720192787051,651.4570922851562,579.0,0.9824561403508771,TRES-5__2026-09-04,False,33.405696949940314,56
1195,189.00050437825115,373.9661495821124,318.5,488.0,0.9473684210526315,TRES-5__2026-09-04,False,80.20380513033052,54
1196,572.2775566108971,374.9131875071122,828.9038696289062,547.0,0.9824561403508771,TRES-5__2026-09-04,False,38.459251676629066,56
1197,69.56372715456189,375.22516024816605,135.685791015625,460.0,0.9473684210526315,TRES-5__2026-09-04,False,72.72291414552227,54
1198,150.09722222222223,375.4513888888889,439.5,522.0,0.9824561403508771,TRES-5__2026-09-04,False,46.52678179305775,56
1200,420.7345620607557,375.5080244040696,426.14002990722656,504.0,0.9824561403508771,TRES-5__2026-09-04,False,52.30715831837056,56
1202,164.91666666666666,375.58680555555554,300.3979187011719,489.0,0.9649122807017544,TRES-5__2026-09-04,False,65.26940651011266,55
1203,180.16336247369952,375.4746551961511,287.0,481.0,0.9649122807017544,TRES-5__2026-09-04,False,56.4750692533859,55
1204,562.6822767920291,376.4735003569286,377.68409729003906,495.0,0.9473684210526315,TRES-5__2026-09-04,False,49.771223595651584,54
1205,362.13502013699923,377.8463095439276,1036.834732055664,563.0,0.9824561403508771,TRES-5__2026-09-04,False,32.25699386883421,56
1207,321.72649645955465,377.7099439367388,502.0,511.0,0.9824561403508771,TRES-5__2026-09-04,False,46.38573312796878,56
1208,567.2694363314428,378.8104173909011,270.5164031982422,469.0,0.9473684210526315,TRES-5__2026-09-04,False,65.4534892773092,54
1210,192.88805157509066,383.6146097580671,1356.813720703125,712.0,0.9824561403508771,TRES-5__2026-09-04,False,27.721502731682993,56
1211,115.99029126213593,385.9906508450198,2745.69677734375,995.0,0.9824561403508771,TRES-5__2026-09-04,False,21.439975353453093,56
1212,165.44549125168237,385.5020188425303,725.0,568.0,0.9824561403508771,TRES-5__2026-09-04,False,34.08066734222136,56
1214,537.9994052364926,385.02343466488554,373.9613037109375,494.0,0.9649122807017544,TRES-5__2026-09-04,False,63.03164417186302,55
1216,409.2042681512176,385.5654417742791,103.97618103027344,443.0,0.8421052631578947,TRES-5__2026-09-04,False,117.80451758492948,48
1217,130.51190476190476,388.48214285714283,167.98080444335938,457.0,0.9298245614035088,TRES-5__2026-09-04,False,84.55017374885581,53
1219,70.19776505288779,392.5013755085324,1134.3390502929688,658.0,0.9824561403508771,TRES-5__2026-09-04,False,32.22121352769226,56
1220,273.62474159897397,393.2870925823749,798.4900817871094,581.0,0.9824561403508771,TRES-5__2026-09-04,False,31.51181343667024,56
1223,58.88907118427866,396.2679573494189,207.26153564453125,472.0,0.9473684210526315,TRES-5__2026-09-04,False,75.14858403692364,54
1224,105.47509578544062,396.4367816091954,252.50596618652344,479.0,0.9473684210526315,TRES-5__2026-09-04,False,74.3364157285558,54
1226,557.6047739029206,396.77879676437607,117.9940185546875,472.0,0.8596491228070176,TRES-5__2026-09-04,False,158.521201901987,49
1228,76.08083181878634,401.1038928551954,310.1937255859375,493.0,0.9824561403508771,TRES-5__2026-09-04,False,66.09343771771564,56
1229,573.5326577705436,402.9528758596153,1493.069839477539,640.0,0.9824561403508771,TRES-5__2026-09-04,False,28.16737815716576,56
1231,583.5948110195798,405.20805132755976,20770.921295166016,3485.0,0.9824561403508771,TRES-5__2026-09-04,True,23.623201425780124,56
1232,321.20674077712795,403.71628246098703,206.717529296875,488.0,0.9473684210526315,TRES-5__2026-09-04,False,101.64436136034185,54
1233,57.17213456998597,404.91741311087026,186.73004150390625,478.0,0.9473684210526315,TRES-5__2026-09-04,False,104.05195562220769,54
1234,396.1958195585927,404.80862645757605,746.1558685302734,545.0,0.9824561403508771,TRES-5__2026-09-04,False,33.90220180015633,56
1235,545.1815235420333,404.9129640349229,308.69895935058594,493.0,0.9473684210526315,TRES-5__2026-09-04,False,64.72094868163698,54
1236,437.9631408507314,405.871889529741,237.73855590820312,467.0,0.9473684210526315,TRES-5__2026-09-04,False,68.338070303388,54
1237,629.6531319516337,407.49187123069015,1557.3677368164062,578.0,0.9824561403508771,TRES-5__2026-09-04,False,42.19863392788637,52
1238,245.68575096277277,410.1145057766367,3894.0,1179.0,0.9824561403508771,TRES-5__2026-09-04,True,20.822839038462142,56
1239,600.3871514452264,409.98678762984815,865.4254913330078,859.0,0.9824561403508771,TRES-5__2026-09-04,False,38.788189659840526,56
1240,162.80645161290323,409.51612903225805,101.40390014648438,451.0,0.7543859649122807,TRES-5__2026-09-04,False,166.76155180147347,43
1241,526.2638104088727,410.7626681217165,469.1358947753906,496.0,0.9824561403508771,TRES-5__2026-09-04,False,51.78601772063653,56
1242,277.7942238267148,411.42960288808666,281.3675842285156,471.0,0.9649122807017544,TRES-5__2026-09-04,False,67.66330947645739,55
1244,169.00450518262886,413.06078902234617,238.0,464.0,0.9649122807017544,TRES-5__2026-09-04,False,89.93757406811727,55
1246,129.56302521008402,413.453781512605,113.0,448.0,0.7894736842105263,TRES-5__2026-09-04,False,98.9009103656022,45
1247,342.1352416148689,413.5375417748164,110.0,441.0,0.8947368421052632,TRES-5__2026-09-04,False,92.41854308859463,51
1250,555.4655833981079,418.95334792617984,593.9474182128906,518.0,0.9824561403508771,TRES-5__2026-09-04,False,47.2868422942483,56
1251,155.39596273291926,420.1467391304348,1298.832290649414,672.0,0.9824561403508771,TRES-5__2026-09-04,False,28.423944905622857,56
1255,520.5367037488484,422.5752608927202,576.8126068115234,519.0,0.9824561403508771,TRES-5__2026-09-04,False,43.401638810901765,56
1256,31.860176991150443,423.0619469026549,575.2660064697266,551.0,0.9824561403508771,TRES-5__2026-09-04,False,44.84426675415492,56
1257,324.0601265822785,422.67088607594934,276.6873779296875,504.0,0.9473684210526315,TRES-5__2026-09-04,False,57.36794942047656,54
1258,217.09998583770005,425.9812349525563,13984.0,2904.0,0.9824561403508771,TRES-5__2026-09-04,True,14.07617282689163,56
1259,89.68979123305111,429.15371422889865,2107.1840209960938,869.0,0.9824561403508771,TRES-5__2026-09-04,False,20.523383139083304,56
1260,629.7989227964688,431.8803404134113,469.612548828125,501.0,0.9649122807017544,TRES-5__2026-09-04,False,49.09262886671817,50
1261,83.85733687892619,432.85949201284427,380.6675262451172,498.0,0.9824561403508771,TRES-5__2026-09-04,False,49.726768684020975,56
1262,140.29885057471265,435.47701149425285,174.2898712158203,463.0,0.9473684210526315,TRES-5__2026-09-04,False,75.87354932506125,54
1263,388.1459295099254,437.9845148496027,1659.5045013427734,668.0,0.9824561403508771,TRES-5__2026-09-04,False,19.135948249641753,56
1265,489.28376766674586,440.4008379325428,3223.601333618164,912.0,0.9824561403508771,TRES-5__2026-09-04,False,21.50820456955336,56
1266,369.82050376678524,439.84157303245235,225.5338134765625,1019.0,0.9473684210526315,TRES-5__2026-09-04,False,112.04123783484124,54
1267,374.9924971437818,440.5605879298213,1301.596420288086,580.0,0.9824561403508771,TRES-5__2026-09-04,False,24.60768688522575,56
1268,524.9884820264277,439.79911763562353,293.3687744140625,505.0,0.9649122807017544,TRES-5__2026-09-04,False,66.44652788303144,55
1269,347.44934896210987,441.2053847418538,321.57826232910156,633.0,0.9473684210526315,TRES-5__2026-09-04,False,63.74521570325689,54
1272,187.59468139454793,442.343591625255,203.0,466.0,0.9473684210526315,TRES-5__2026-09-04,False,56.972494271083065,54
1273,231.4840425531915,442.81382978723406,165.0,459.0,0.9298245614035088,TRES-5__2026-09-04,False,85.7784226698507,53
1274,581.3607906780343,444.7890261929883,4735.616607666016,1031.0,0.9824561403508771,TRES-5__2026-09-04,True,28.977471226036947,56
1275,34.29840833171724,447.19797542777474,1262.6304016113281,652.0,0.9824561403508771,TRES-5__2026-09-04,False,27.177667189427403,56
1276,60.22068995658324,444.7823333664876,1106.201187133789,656.0,0.9824561403508771,TRES-5__2026-09-04,False,24.52776773194288,56
1277,504.2946943259806,443.80757393874313,443.7236633300781,497.0,0.9824561403508771,TRES-5__2026-09-04,False,62.53933764432652,56
1282,124.94189944134078,447.2413407821229,884.6215515136719,597.0,0.9824561403508771,TRES-5__2026-09-04,False,32.430220854914005,56
1285,603.8280900064872,447.6414800201049,168.0119171142578,459.0,0.9473684210526315,TRES-5__2026-09-04,False,133.56846400978608,54
1287,617.7786954422374,449.95984205787755,552.2807006835938,505.0,0.9824561403508771,TRES-5__2026-09-04,False,114.18858583280593,56
1288,496.74173768741247,452.71961864043965,13122.335556030273,2234.0,0.9824561403508771,TRES-5__2026-09-04,True,21.924459968453693,56
1290,136.92895946510657,454.9189302131216,2338.4187927246094,814.0,0.9824561403508771,TRES-5__2026-09-04,False,21.277149181886337,56
1291,218.57879656160458,455.0057306590258,678.8702087402344,546.0,0.9824561403508771,TRES-5__2026-09-04,False,32.6207292543321,56
1294,233.2852729145211,458.389289392379,906.6850891113281,566.0,0.9824561403508771,TRES-5__2026-09-04,False,20.35836545113139,56
1295,84.20906470192762,460.9483155164459,554.0765228271484,716.0,0.9824561403508771,TRES-5__2026-09-04,False,44.09651862293222,56
1296,221.06332453825857,462.3693931398417,364.0333251953125,486.0,0.9824561403508771,TRES-5__2026-09-04,False,78.50627777789894,56
1298,521.9537419290649,462.43032081064285,1436.2429809570312,617.0,0.9824561403508771,TRES-5__2026-09-04,False,35.66418085375884,56
1300,226.27894736842106,464.6276315789474,723.8339080810547,548.0,0.9824561403508771,TRES-5__2026-09-04,False,34.564601551431856,56
1301,575.4998547700362,464.6611728932868,874.14306640625,545.0,0.9824561403508771,TRES-5__2026-09-04,False,30.097085054746707,56
1302,603.5745316933799,465.63628712673244,5362.9188232421875,1154.0,0.9824561403508771,TRES-5__2026-09-04,True,32.3109104789541,56
1303,289.6169454346038,467.63010693720867,3606.5,963.0,0.9824561403508771,TRES-5__2026-09-04,True,16.475284054710073,56
1305,21.980346454103483,468.44988385676527,167.0518035888672,458.0,0.9473684210526315,TRES-5__2026-09-04,False,72.62909137567428,39
1306,157.14669926650367,470.38141809290954,408.73248291015625,497.0,0.9824561403508771,TRES-5__2026-09-04,False,67.68505284657665,56
1308,520.5729322010986,471.56018412386317,308.76434326171875,495.0,0.9649122807017544,TRES-5__2026-09-04,False,64.80374981013513,55
1310,402.4895343836449,472.59880191918757,142.42550659179688,452.0,0.9122807017543859,TRES-5__2026-09-04,False,97.8305942938929,52
1311,169.24114571411428,474.68526341151374,145.0,448.0,0.9298245614035088,TRES-5__2026-09-04,False,110.31441767219496,53
1313,432.6869447156243,475.83598199702385,1232.7369842529297,608.0,0.9824561403508771,TRES-5__2026-09-04,False,24.093161555870065,56
1315,133.80260586319218,477.34983713355047,1520.0,689.0,0.9824561403508771,TRES-5__2026-09-04,False,25.59843451018571,56
1316,207.8048780487805,476.3577235772358,99.0,456.0,0.8245614035087719,TRES-5__2026-09-04,False,432.7571233768323,47
1318,375.68933749436354,478.5396877529002,1861.2116241455078,724.0,0.9824561403508771,TRES-5__2026-09-04,False,19.192084668489166,55
1321,108.85915492957747,478.46478873239437,207.53353881835938,460.0,0.9473684210526315,TRES-5__2026-09-04,False,76.43098613833828,53
1322,247.21354166666666,480.6458333333333,185.02386474609375,453.0,0.9473684210526315,TRES-5__2026-09-04,False,76.2050861661517,52
1323,194.43423358086991,481.4009813327693,113.0,442.0,0.8596491228070176,TRES-5__2026-09-04,False,151.31805483676757,46
1325,268.43575418994413,484.3854748603352,490.4523010253906,501.0,0.9824561403508771,TRES-5__2026-09-04,False,39.176258218184785,48
1357,269.0799908706205,219.8125199568836,127.0,457.0,0.8421052631578947,TRES-5__2026-09-04,False,98.68558443550218,48
1370,167.44384011165872,101.29795338200611,153.0,470.0,0.8771929824561403,TRES-5__2026-09-04,False,102.0378072773577,50
1440,294.710199013941,81.93492138524026,340.6166687011719,524.0,0.8596491228070176,TRES-5__2026-09-04,False,99.40384660877473,49
1447,360.91883116883116,40.98863636363637,613.4211578369141,597.0,0.8070175438596491,TRES-5__2026-09-04,False,84.80000887994171,46
1512,191.03333333333333,121.6587962962963,2149.5979919433594,1025.0,0.7543859649122807,TRES-5__2026-09-04,False,67.43016184536756,43
