offset_dx,offset_dy,frame_index,cum_dx,cum_dy,session_id,field_motion_px
0.0,0.0,0,0.0,0.0,CoRoT-2__2026-08-09,58.91087997458561
16.47024633978483,-14.36705911219612,1,16.47024633978483,-14.36705911219612,CoRoT-2__2026-08-09,58.91087997458561
-3.1546542221620375,2.2518876417504954,2,13.315592117622792,-12.115171470445624,CoRoT-2__2026-08-09,58.91087997458561
-0.14340375192290417,-1.1670465806246122,3,13.172188365699888,-13.282218051070236,CoRoT-2__2026-08-09,58.91087997458561
-4.605221873184102,1.9740097431430772,4,8.566966492515785,-11.30820830792716,CoRoT-2__2026-08-09,58.91087997458561
-0.8189331705194066,-7.059282791745969,5,7.748033321996378,-18.367491099673128,CoRoT-2__2026-08-09,58.91087997458561
1.3819449385838016,-0.20320717782221598,6,9.129978260580181,-18.570698277495342,CoRoT-2__2026-08-09,58.91087997458561
-6.938230367965991,0.11853809520094165,7,2.19174789261419,-18.4521601822944,CoRoT-2__2026-08-09,58.91087997458561
2.973321634954676,-1.009693985156928,8,5.165069527568866,-19.461854167451328,CoRoT-2__2026-08-09,58.91087997458561
4.399148125067952,0.4647715075977014,9,9.564217652636817,-18.99708265985363,CoRoT-2__2026-08-09,58.91087997458561
4.539295145289889,-1.0543546443085061,10,14.103512797926705,-20.051437304162135,CoRoT-2__2026-08-09,58.91087997458561
-1.9623654185685022,0.44665269019271886,11,12.141147379358202,-19.604784613969418,CoRoT-2__2026-08-09,58.91087997458561
-0.6381785395742406,-1.6976050033737984,12,11.50296883978396,-21.302389617343216,CoRoT-2__2026-08-09,58.91087997458561
-0.6493725411426258,-0.04028072508697758,13,10.853596298641335,-21.342670342430193,CoRoT-2__2026-08-09,58.91087997458561
-2.319380966405858,2.199396910215297,14,8.534215332235478,-19.143273432214897,CoRoT-2__2026-08-09,58.91087997458561
0.17901929178397705,-10.701473395473895,15,8.713234624019455,-29.844746827688795,CoRoT-2__2026-08-09,58.91087997458561
-0.7198045304767968,3.883164216470215,16,7.993430093542658,-25.96158261121858,CoRoT-2__2026-08-09,58.91087997458561
0.10964200211692464,-0.558699228439345,17,8.103072095659583,-26.520281839657926,CoRoT-2__2026-08-09,58.91087997458561
3.5766538413488917,-1.2897280541676908,18,11.679725937008474,-27.810009893825615,CoRoT-2__2026-08-09,58.91087997458561
-6.430558523285928,-1.7265429863976336,19,5.249167413722546,-29.536552880223248,CoRoT-2__2026-08-09,58.91087997458561
5.01675691551581,-0.01652225005666976,20,10.265924329238356,-29.553075130279918,CoRoT-2__2026-08-09,58.91087997458561
-2.545542270861269,0.2909671702731353,21,7.720382058377087,-29.262107960006784,CoRoT-2__2026-08-09,58.91087997458561
-3.64219480646008,-1.9700662828648852,22,4.078187251917007,-31.232174242871668,CoRoT-2__2026-08-09,58.91087997458561
1.7323445500787793,2.575714741579238,23,5.810531801995786,-28.65645950129243,CoRoT-2__2026-08-09,58.91087997458561
0.8793952177748909,-0.6629097115384514,24,6.6899270197706775,-29.319369212830882,CoRoT-2__2026-08-09,58.91087997458561
-3.528841324518754,2.583324689380667,25,3.1610856952519235,-26.736044523450214,CoRoT-2__2026-08-09,58.91087997458561
2.8797881193517445,-2.359070391570778,26,6.040873814603668,-29.095114915020993,CoRoT-2__2026-08-09,58.91087997458561
-1.0372484183532287,-0.15069819270013102,27,5.003625396250439,-29.245813107721123,CoRoT-2__2026-08-09,58.91087997458561
-1.8015024981254437,-2.0221090507128747,28,3.2021228981249954,-31.267922158433997,CoRoT-2__2026-08-09,58.91087997458561
0.2808340452071203,1.4277321040861672,29,3.4829569433321157,-29.84019005434783,CoRoT-2__2026-08-09,58.91087997458561
0.5830686589463017,-2.2878990819650302,30,4.066025602278417,-32.12808913631286,CoRoT-2__2026-08-09,58.91087997458561
2.452298329658412,-6.431937636066233,31,6.518323931936829,-38.56002677237909,CoRoT-2__2026-08-09,58.91087997458561
1.6871987556181676,5.774364794619563,32,8.205522687554996,-32.785661977759524,CoRoT-2__2026-08-09,58.91087997458561
-4.418332986901016,-0.30533580146700506,33,3.78718970065398,-33.09099777922653,CoRoT-2__2026-08-09,58.91087997458561
2.2223990790495116,-2.190550989451257,34,6.009588779703492,-35.28154876867778,CoRoT-2__2026-08-09,58.91087997458561
-3.4254215268676083,-2.147645867606861,35,2.5841672528358837,-37.42919463628464,CoRoT-2__2026-08-09,58.91087997458561
1.4683624310408192,2.966289777954079,36,4.052529683876703,-34.46290485833056,CoRoT-2__2026-08-09,58.91087997458561
-0.902533165220943,0.17243174845682013,37,3.14999651865576,-34.29047310987374,CoRoT-2__2026-08-09,58.91087997458561
2.4922618171580413,-2.5061931802921102,38,5.642258335813802,-36.796666290165845,CoRoT-2__2026-08-09,58.91087997458561
4.509972388616744,1.0213958838414126,39,10.152230724430545,-35.77527040632443,CoRoT-2__2026-08-09,58.91087997458561
-2.0153091825403173,-1.565622387173601,40,8.136921541890228,-37.34089279349803,CoRoT-2__2026-08-09,58.91087997458561
-2.0987120682973446,2.2742865562409333,41,6.038209473592883,-35.0666062372571,CoRoT-2__2026-08-09,58.91087997458561
2.004170584339325,-2.725779391132575,42,8.042380057932208,-37.792385628389674,CoRoT-2__2026-08-09,58.91087997458561
-0.6021286549236768,-2.130634003850868,43,7.440251403008531,-39.92301963224054,CoRoT-2__2026-08-09,58.91087997458561
0.5760130588351999,2.8117344703754408,44,8.01626446184373,-37.1112851618651,CoRoT-2__2026-08-09,58.91087997458561
2.780750987634414,-4.086802758422784,45,10.797015449478145,-41.19808792028788,CoRoT-2__2026-08-09,58.91087997458561
0.3255450076328101,8.00445951194581,46,11.122560457110955,-33.19362840834207,CoRoT-2__2026-08-09,58.91087997458561
0.5345773780890253,-1.8651486729630715,47,11.65713783519998,-35.058777081305145,CoRoT-2__2026-08-09,58.91087997458561
0.23704209271863627,0.6577388121003639,48,11.894179927918618,-34.40103826920478,CoRoT-2__2026-08-09,58.91087997458561
-1.0765801674685263,1.9976611187001088,49,10.817599760450092,-32.403377150504674,CoRoT-2__2026-08-09,58.91087997458561
3.5890749195688634,-3.2345564324612126,50,14.406674680018956,-35.637933582965886,CoRoT-2__2026-08-09,58.91087997458561
1.9953017511892135,2.1854743161645827,51,16.40197643120817,-33.452459266801306,CoRoT-2__2026-08-09,58.91087997458561
-2.5621252139744644,-5.394984745871433,52,13.839851217233704,-38.84744401267274,CoRoT-2__2026-08-09,58.91087997458561
4.339124522334735,4.031610979026151,53,18.17897573956844,-34.815833033646584,CoRoT-2__2026-08-09,58.91087997458561
0.31812810201847297,-4.783653645774541,54,18.497103841586913,-39.599486679421126,CoRoT-2__2026-08-09,58.91087997458561
-3.856660751931912,0.817986490851909,55,14.640443089655001,-38.78150018856922,CoRoT-2__2026-08-09,58.91087997458561
5.791254446776736,2.033022101279832,56,20.431697536431738,-36.748478087289385,CoRoT-2__2026-08-09,58.91087997458561
-0.6381565695797548,6.137285060700608,57,19.79354096685198,-30.611193026588776,CoRoT-2__2026-08-09,58.91087997458561
3.463521689746496,-1.662157696946923,58,23.257062656598478,-32.2733507235357,CoRoT-2__2026-08-09,58.91087997458561
-2.354699511106177,-0.2879890782750122,59,20.902363145492302,-32.56133980181071,CoRoT-2__2026-08-09,58.91087997458561
0.00762808451868906,-3.4861012492635606,60,20.90999123001099,-36.04744105107427,CoRoT-2__2026-08-09,58.91087997458561
2.7672864677250835,0.1950498179665939,61,23.677277697736073,-35.85239123310768,CoRoT-2__2026-08-09,58.91087997458561
0.8690557203127591,1.486654960068725,62,24.54633341804883,-34.365736273038955,CoRoT-2__2026-08-09,58.91087997458561
1.4377662170324907,-3.1467274399058516,63,25.98409963508132,-37.51246371294481,CoRoT-2__2026-08-09,58.91087997458561
1.6888641859511446,4.2780402677843785,64,27.672963821032464,-33.23442344516043,CoRoT-2__2026-08-09,58.91087997458561
-1.650480362741018,3.8770091591318585,65,26.022483458291447,-29.357414286028572,CoRoT-2__2026-08-09,58.91087997458561
3.3458796920276153,-1.9798836653870628,66,29.368363150319063,-31.337297951415636,CoRoT-2__2026-08-09,58.91087997458561
2.9104514231570184,1.9484767731513977,67,32.27881457347608,-29.388821178264237,CoRoT-2__2026-08-09,58.91087997458561
1.7145181389589021,-4.882863394504394,68,33.993332712434984,-34.271684572768635,CoRoT-2__2026-08-09,58.91087997458561
1.5163506028736384,-0.37823665510670174,69,35.50968331530862,-34.64992122787534,CoRoT-2__2026-08-09,58.91087997458561
-1.0448370463777512,5.4174505129796,70,34.46484626893087,-29.23247071489574,CoRoT-2__2026-08-09,58.91087997458561
2.6170892615980335,0.6221519294939958,71,37.0819355305289,-28.610318785401745,CoRoT-2__2026-08-09,58.91087997458561
-1.3498644943109606,-2.8125934122560348,72,35.73207103621794,-31.42291219765778,CoRoT-2__2026-08-09,58.91087997458561
2.4546599876537853,-2.233984046127334,73,38.18673102387172,-33.65689624378511,CoRoT-2__2026-08-09,58.91087997458561
1.0731019054582231,-3.5393391892174995,74,39.259832929329946,-37.19623543300261,CoRoT-2__2026-08-09,58.91087997458561
4.336936619643425,11.2766112843154,75,43.59676954897337,-25.919624148687213,CoRoT-2__2026-08-09,58.91087997458561
0.21852370466089557,-1.4812315424084534,76,43.815293253634266,-27.400855691095664,CoRoT-2__2026-08-09,58.91087997458561
-1.8215935250349586,2.060183570561161,77,41.99369972859931,-25.340672120534503,CoRoT-2__2026-08-09,58.91087997458561
3.964994072193242,-0.4923632229792811,78,45.95869380079255,-25.833035343513785,CoRoT-2__2026-08-09,58.91087997458561
0.6083178561933945,1.9240598816867711,79,46.56701165698595,-23.908975461827016,CoRoT-2__2026-08-09,58.91087997458561
1.7680875551600763,-1.5870274415092176,80,48.33509921214603,-25.496002903336233,CoRoT-2__2026-08-09,58.91087997458561
-0.660069944345824,-2.0617403323715306,81,47.675029267800205,-27.557743235707765,CoRoT-2__2026-08-09,58.91087997458561
0.31468445762981284,2.9306367331663066,82,47.989713725430015,-24.62710650254146,CoRoT-2__2026-08-09,58.91087997458561
4.653840848123502,5.84862613168924,83,52.643554573553516,-18.77848037085222,CoRoT-2__2026-08-09,58.91087997458561
-1.3634748973048825,-2.818686220746681,84,51.28007967624863,-21.5971665915989,CoRoT-2__2026-08-09,58.91087997458561
3.8049701383639745,-0.8712984809205804,85,55.08504981461261,-22.46846507251948,CoRoT-2__2026-08-09,58.91087997458561
-1.7015071408655569,-2.445168764804615,86,53.38354267374705,-24.91363383732409,CoRoT-2__2026-08-09,58.91087997458561
0.0,0.0,0,0.0,0.0,CoRoT-2__2026-08-16,35.652190324628314
1.2430614516667058,-18.351822217840187,1,1.2430614516667058,-18.351822217840187,CoRoT-2__2026-08-16,35.652190324628314
-6.879234461208138,0.10800817968554965,2,-5.636173009541432,-18.24381403815464,CoRoT-2__2026-08-16,35.652190324628314
-4.330077336752224,1.3831030944714033,3,-9.966250346293656,-16.860710943683237,CoRoT-2__2026-08-16,35.652190324628314
0.6068265466875585,-1.170571779066932,4,-9.359423799606096,-18.03128272275017,CoRoT-2__2026-08-16,35.652190324628314
-4.863551359755649,0.3262998096570099,5,-14.222975159361745,-17.70498291309316,CoRoT-2__2026-08-16,35.652190324628314
1.7726691928285283,3.3292377010138132,6,-12.450305966533216,-14.375745212079348,CoRoT-2__2026-08-16,35.652190324628314
-4.383416562903299,-0.8617063965335814,7,-16.833722529436514,-15.237451608612929,CoRoT-2__2026-08-16,35.652190324628314
-0.010757352966054802,-6.1151834176360556,8,-16.84447988240257,-21.352635026248983,CoRoT-2__2026-08-16,35.652190324628314
-2.8727680364971047,0.7706769989093748,9,-19.717247918899673,-20.581958027339606,CoRoT-2__2026-08-16,35.652190324628314
-1.7222624850698265,-1.9148212955221398,10,-21.4395104039695,-22.496779322861745,CoRoT-2__2026-08-16,35.652190324628314
-0.03497463279401594,-0.7624225077359563,11,-21.474485036763515,-23.2592018305977,CoRoT-2__2026-08-16,35.652190324628314
1.9859166514757853,-1.4886702060295436,12,-19.488568385287728,-24.747872036627243,CoRoT-2__2026-08-16,35.652190324628314
-0.8892417554073642,4.1370975194981785,13,-20.377810140695093,-20.610774517129066,CoRoT-2__2026-08-16,35.652190324628314
5.19767243977996,-0.3531999241990968,14,-15.180137700915132,-20.963974441328162,CoRoT-2__2026-08-16,35.652190324628314
0.78103986861104,-1.5342516587487383,15,-14.399097832304092,-22.4982261000769,CoRoT-2__2026-08-16,35.652190324628314
-3.3472002241596264,0.9959796297939821,16,-17.74629805646372,-21.502246470282916,CoRoT-2__2026-08-16,35.652190324628314
-0.660281848106969,-1.126407946957269,17,-18.406579904570687,-22.628654417240185,CoRoT-2__2026-08-16,35.652190324628314
1.2336266369159674,-3.0464769718349904,18,-17.17295326765472,-25.675131389075176,CoRoT-2__2026-08-16,35.652190324628314
-0.5302325502826372,-4.236721068629703,19,-17.703185817937356,-29.911852457704878,CoRoT-2__2026-08-16,35.652190324628314
-1.562839027364514,2.322436077255861,20,-19.26602484530187,-27.589416380449016,CoRoT-2__2026-08-16,35.652190324628314
3.048252506419696,-0.5567206873762792,21,-16.217772338882174,-28.146137067825297,CoRoT-2__2026-08-16,35.652190324628314
-3.090424874452056,-1.306227185145425,22,-19.308197213334232,-29.45236425297072,CoRoT-2__2026-08-16,35.652190324628314
-0.5169496340115346,-1.8891967625083064,23,-19.825146847345767,-31.341561015479027,CoRoT-2__2026-08-16,35.652190324628314
-0.1408331542853117,1.1540241587099627,24,-19.965980001631078,-30.187536856769064,CoRoT-2__2026-08-16,35.652190324628314
-3.7376193225302505,-0.7898929199144256,25,-23.703599324161328,-30.97742977668349,CoRoT-2__2026-08-16,35.652190324628314
1.1168205462666965,0.9064982771193733,26,-22.58677877789463,-30.070931499564118,CoRoT-2__2026-08-16,35.652190324628314
-1.5520630597985359,-0.49054578658112596,27,-24.138841837693164,-30.561477286145244,CoRoT-2__2026-08-16,35.652190324628314
-1.111677767878385,-0.7394160457868841,28,-25.250519605571547,-31.30089333193213,CoRoT-2__2026-08-16,35.652190324628314
2.0097198152498175,-0.7325939303113542,29,-23.24079979032173,-32.03348726224348,CoRoT-2__2026-08-16,35.652190324628314
-5.682232883283658,-0.6444942967711144,30,-28.923032673605388,-32.6779815590146,CoRoT-2__2026-08-16,35.652190324628314
-0.8815230340330431,-0.8708521962597467,31,-29.804555707638432,-33.548833755274345,CoRoT-2__2026-08-16,35.652190324628314
5.029813942422379,-0.2969445042566592,32,-24.774741765216053,-33.845778259531,CoRoT-2__2026-08-16,35.652190324628314
-2.8751491889928125,-2.4720269194134654,33,-27.649890954208864,-36.31780517894447,CoRoT-2__2026-08-16,35.652190324628314
2.448809370837119,-0.15019120772312303,34,-25.201081583371746,-36.46799638666759,CoRoT-2__2026-08-16,35.652190324628314
-1.6269182664303135,1.1435045589269652,35,-26.827999849802058,-35.32449182774063,CoRoT-2__2026-08-16,35.652190324628314
0.250082450758419,-0.07361047805741003,36,-26.57791739904364,-35.39810230579804,CoRoT-2__2026-08-16,35.652190324628314
-0.3624919600140115,-0.3643513557108449,37,-26.94040935905765,-35.762453661508886,CoRoT-2__2026-08-16,35.652190324628314
-2.588698468228891,2.2341821535196758,38,-29.52910782728654,-33.52827150798921,CoRoT-2__2026-08-16,35.652190324628314
4.862882880517178,-1.8972564994730223,39,-24.66622494676936,-35.42552800746223,CoRoT-2__2026-08-16,35.652190324628314
-2.1337469672406164,-1.9289507502267154,40,-26.799971914009976,-37.35447875768895,CoRoT-2__2026-08-16,35.652190324628314
-1.9066549155532295,-0.7376082765951515,41,-28.706626829563206,-38.092087034284106,CoRoT-2__2026-08-16,35.652190324628314
3.0673982393291546,2.5367557327677623,42,-25.63922859023405,-35.55533130151635,CoRoT-2__2026-08-16,35.652190324628314
-0.7733289717946685,-2.2624543773070656,43,-26.41255756202872,-37.81778567882341,CoRoT-2__2026-08-16,35.652190324628314
0.3302688453250138,-0.5443480823870623,44,-26.082288716703705,-38.36213376121047,CoRoT-2__2026-08-16,35.652190324628314
-2.1502312441303992,0.3963632260242304,45,-28.232519960834104,-37.965770535186245,CoRoT-2__2026-08-16,35.652190324628314
3.6472105095108653,-0.19669212064908315,46,-24.585309451323237,-38.16246265583533,CoRoT-2__2026-08-16,35.652190324628314
2.574589513345373,-1.9509662941341122,47,-22.010719937977864,-40.11342894996944,CoRoT-2__2026-08-16,35.652190324628314
-2.650739258331019,-0.862965679342369,48,-24.661459196308883,-40.976394629311805,CoRoT-2__2026-08-16,35.652190324628314
-0.6684179911099712,4.083539963392559,49,-25.329877187418855,-36.892854665919245,CoRoT-2__2026-08-16,35.652190324628314
0.29140624861630493,0.48201736971781556,50,-25.03847093880255,-36.41083729620143,CoRoT-2__2026-08-16,35.652190324628314
1.9554406986052826,-1.6766276477471593,51,-23.083030240197267,-38.08746494394859,CoRoT-2__2026-08-16,35.652190324628314
-3.134792859191053,-0.6702250308542057,52,-26.21782309938832,-38.757689974802794,CoRoT-2__2026-08-16,35.652190324628314
0.6624232842339509,1.1628791108546332,53,-25.555399815154367,-37.59481086394816,CoRoT-2__2026-08-16,35.652190324628314
4.023067468257401,-1.2861600800873891,54,-21.532332346896965,-38.88097094403555,CoRoT-2__2026-08-16,35.652190324628314
-1.9344951326845607,-0.7705256127667122,55,-23.466827479581525,-39.651496556802265,CoRoT-2__2026-08-16,35.652190324628314
1.1404100546888347,-0.3595440427136265,56,-22.32641742489269,-40.011040599515894,CoRoT-2__2026-08-16,35.652190324628314
-1.2459990125995,-1.5200382110065156,57,-23.57241643749219,-41.53107881052241,CoRoT-2__2026-08-16,35.652190324628314
4.114151904668658,2.638829077354401,58,-19.458264532823534,-38.89224973316801,CoRoT-2__2026-08-16,35.652190324628314
-2.81595698821444,-2.26686448322365,59,-22.274221521037973,-41.15911421639166,CoRoT-2__2026-08-16,35.652190324628314
-0.5381662785700035,6.085668985251881,60,-22.812387799607976,-35.07344523113978,CoRoT-2__2026-08-16,35.652190324628314
5.266271237930503,-0.21683368440334497,61,-17.546116561677472,-35.29027891554313,CoRoT-2__2026-08-16,35.652190324628314
2.373703868661042,-2.065089370432984,62,-15.17241269301643,-37.35536828597611,CoRoT-2__2026-08-16,35.652190324628314
-3.32680818325182,-1.9418795987712283,63,-18.49922087626825,-39.29724788474734,CoRoT-2__2026-08-16,35.652190324628314
3.376878111366306,0.7929783066909688,64,-15.122342764901944,-38.50426957805637,CoRoT-2__2026-08-16,35.652190324628314
-3.552584462855777,-1.7822380454852087,65,-18.67492722775772,-40.28650762354158,CoRoT-2__2026-08-16,35.652190324628314
4.52542357617091,-1.3537676338080766,66,-14.14950365158681,-41.64027525734966,CoRoT-2__2026-08-16,35.652190324628314
-1.302546186060045,4.232833200893126,67,-15.452049837646856,-37.40744205645653,CoRoT-2__2026-08-16,35.652190324628314
5.851729530003423,-0.20648837194691033,68,-9.600320307643432,-37.61393042840344,CoRoT-2__2026-08-16,35.652190324628314
1.552603552726328,0.2431684287025579,69,-8.047716754917104,-37.37076199970088,CoRoT-2__2026-08-16,35.652190324628314
-2.6031487639256374,-0.9135173057484849,70,-10.650865518842743,-38.28427930544937,CoRoT-2__2026-08-16,35.652190324628314
2.8577527348348264,-1.2840637619874307,71,-7.793112784007916,-39.5683430674368,CoRoT-2__2026-08-16,35.652190324628314
-2.3863609091976055,-0.1439183572484595,72,-10.179473693205521,-39.71226142468526,CoRoT-2__2026-08-16,35.652190324628314
2.9141993390486753,3.266263120358554,73,-7.265274354156846,-36.44599830432671,CoRoT-2__2026-08-16,35.652190324628314
-1.6328543821630788,1.2278483443563792,74,-8.898128736319924,-35.218149959970326,CoRoT-2__2026-08-16,35.652190324628314
1.8731670692205697,-0.9420014106309137,75,-7.024961667099355,-36.16015137060124,CoRoT-2__2026-08-16,35.652190324628314
5.678733654724308,-1.5808539496367837,76,-1.3462280123750467,-37.741005320238024,CoRoT-2__2026-08-16,35.652190324628314
-2.3338703725924614,-2.790279840036941,77,-3.680098384967508,-40.53128516027496,CoRoT-2__2026-08-16,35.652190324628314
-0.2877060247539934,7.624095623271652,78,-3.9678044097215017,-32.90718953700331,CoRoT-2__2026-08-16,35.652190324628314
6.592793423757028,-2.4907470669043783,79,2.6249890140355263,-35.39793660390769,CoRoT-2__2026-08-16,35.652190324628314
0.6752677575055074,5.8301945584117805,80,3.300256771541034,-29.56774204549591,CoRoT-2__2026-08-16,35.652190324628314
-4.685995362642795,-2.3722193087114847,81,-1.3857385911017612,-31.939961354207394,CoRoT-2__2026-08-16,35.652190324628314
4.946870490938005,4.136371920590862,82,3.5611318998362433,-27.803589433616533,CoRoT-2__2026-08-16,35.652190324628314
3.6613728570309894,-2.4627318608599063,83,7.222504756867233,-30.26632129447644,CoRoT-2__2026-08-16,35.652190324628314
0.5270907999248227,-1.73949645830257,84,7.749595556792055,-32.00581775277901,CoRoT-2__2026-08-16,35.652190324628314
0.17081327872031726,-2.7554509067774005,85,7.920408835512372,-34.76126865955641,CoRoT-2__2026-08-16,35.652190324628314
0.0,0.0,0,0.0,0.0,CoRoT-2__2026-08-23,15.014763303102553
0.0,0.0,1,0.0,0.0,CoRoT-2__2026-08-23,15.014763303102553
0.0,0.0,2,0.0,0.0,CoRoT-2__2026-08-23,15.014763303102553
0.0,0.0,3,0.0,0.0,CoRoT-2__2026-08-23,15.014763303102553
0.0,0.0,4,0.0,0.0,CoRoT-2__2026-08-23,15.014763303102553
0.0,0.0,5,0.0,0.0,CoRoT-2__2026-08-23,15.014763303102553
0.0,0.0,6,0.0,0.0,CoRoT-2__2026-08-23,15.014763303102553
0.0,0.0,7,0.0,0.0,CoRoT-2__2026-08-23,15.014763303102553
0.0,0.0,8,0.0,0.0,CoRoT-2__2026-08-23,15.014763303102553
0.0,0.0,9,0.0,0.0,CoRoT-2__2026-08-23,15.014763303102553
0.0,0.0,10,0.0,0.0,CoRoT-2__2026-08-23,15.014763303102553
0.0,0.0,11,0.0,0.0,CoRoT-2__2026-08-23,15.014763303102553
0.0,0.0,12,0.0,0.0,CoRoT-2__2026-08-23,15.014763303102553
0.0,0.0,13,0.0,0.0,CoRoT-2__2026-08-23,15.014763303102553
0.0,0.0,14,0.0,0.0,CoRoT-2__2026-08-23,15.014763303102553
0.0,0.0,15,0.0,0.0,CoRoT-2__2026-08-23,15.014763303102553
0.0,0.0,16,0.0,0.0,CoRoT-2__2026-08-23,15.014763303102553
0.0,0.0,17,0.0,0.0,CoRoT-2__2026-08-23,15.014763303102553
0.0,0.0,18,0.0,0.0,CoRoT-2__2026-08-23,15.014763303102553
0.0,0.0,19,0.0,0.0,CoRoT-2__2026-08-23,15.014763303102553
0.0,0.0,20,0.0,0.0,CoRoT-2__2026-08-23,15.014763303102553
0.0,0.0,21,0.0,0.0,CoRoT-2__2026-08-23,15.014763303102553
0.0,0.0,22,0.0,0.0,CoRoT-2__2026-08-23,15.014763303102553
0.0,0.0,23,0.0,0.0,CoRoT-2__2026-08-23,15.014763303102553
0.0,0.0,24,0.0,0.0,CoRoT-2__2026-08-23,15.014763303102553
0.0,0.0,25,0.0,0.0,CoRoT-2__2026-08-23,15.014763303102553
0.0,0.0,26,0.0,0.0,CoRoT-2__2026-08-23,15.014763303102553
0.0,0.0,27,0.0,0.0,CoRoT-2__2026-08-23,15.014763303102553
0.0,0.0,28,0.0,0.0,CoRoT-2__2026-08-23,15.014763303102553
0.0,0.0,29,0.0,0.0,CoRoT-2__2026-08-23,15.014763303102553
0.0,0.0,30,0.0,0.0,CoRoT-2__2026-08-23,15.014763303102553
-26.851497702120923,6.9216805814247095,31,-26.851497702120923,6.9216805814247095,CoRoT-2__2026-08-23,15.014763303102553
0.0,0.0,32,-26.851497702120923,6.9216805814247095,CoRoT-2__2026-08-23,15.014763303102553
0.0,0.0,33,-26.851497702120923,6.9216805814247095,CoRoT-2__2026-08-23,15.014763303102553
0.0,0.0,34,-26.851497702120923,6.9216805814247095,CoRoT-2__2026-08-23,15.014763303102553
0.0,0.0,35,-26.851497702120923,6.9216805814247095,CoRoT-2__2026-08-23,15.014763303102553
0.0,0.0,36,-26.851497702120923,6.9216805814247095,CoRoT-2__2026-08-23,15.014763303102553
0.0,0.0,37,-26.851497702120923,6.9216805814247095,CoRoT-2__2026-08-23,15.014763303102553
0.0,0.0,38,-26.851497702120923,6.9216805814247095,CoRoT-2__2026-08-23,15.014763303102553
0.0,0.0,39,-26.851497702120923,6.9216805814247095,CoRoT-2__2026-08-23,15.014763303102553
0.0,0.0,40,-26.851497702120923,6.9216805814247095,CoRoT-2__2026-08-23,15.014763303102553
0.0,0.0,41,-26.851497702120923,6.9216805814247095,CoRoT-2__2026-08-23,15.014763303102553
0.0,0.0,42,-26.851497702120923,6.9216805814247095,CoRoT-2__2026-08-23,15.014763303102553
0.0,0.0,43,-26.851497702120923,6.9216805814247095,CoRoT-2__2026-08-23,15.014763303102553
0.0,0.0,44,-26.851497702120923,6.9216805814247095,CoRoT-2__2026-08-23,15.014763303102553
0.0,0.0,45,-26.851497702120923,6.9216805814247095,CoRoT-2__2026-08-23,15.014763303102553
0.0,0.0,46,-26.851497702120923,6.9216805814247095,CoRoT-2__2026-08-23,15.014763303102553
0.0,0.0,47,-26.851497702120923,6.9216805814247095,CoRoT-2__2026-08-23,15.014763303102553
0.0,0.0,48,-26.851497702120923,6.9216805814247095,CoRoT-2__2026-08-23,15.014763303102553
0.0,0.0,49,-26.851497702120923,6.9216805814247095,CoRoT-2__2026-08-23,15.014763303102553
0.0,0.0,50,-26.851497702120923,6.9216805814247095,CoRoT-2__2026-08-23,15.014763303102553
0.0,0.0,51,-26.851497702120923,6.9216805814247095,CoRoT-2__2026-08-23,15.014763303102553
0.0,0.0,52,-26.851497702120923,6.9216805814247095,CoRoT-2__2026-08-23,15.014763303102553
0.0,0.0,53,-26.851497702120923,6.9216805814247095,CoRoT-2__2026-08-23,15.014763303102553
0.0,0.0,54,-26.851497702120923,6.9216805814247095,CoRoT-2__2026-08-23,15.014763303102553
-2.419703522022219,2.039934525098621,55,-29.27120122414314,8.96161510652333,CoRoT-2__2026-08-23,15.014763303102553
2.0710699260939402,-6.803760807073149,56,-27.2001312980492,2.1578542994501815,CoRoT-2__2026-08-23,15.014763303102553
0.6840188585020236,3.234688587128273,57,-26.516112439547175,5.392542886578454,CoRoT-2__2026-08-23,15.014763303102553
2.0215935293692833,-1.2778724926263534,58,-24.49451891017789,4.1146703939521005,CoRoT-2__2026-08-23,15.014763303102553
0.6552925953525085,0.3012470751357737,59,-23.839226314825382,4.415917469087875,CoRoT-2__2026-08-23,15.014763303102553
1.5332755671310945,-2.269729380451309,60,-22.305950747694286,2.1461880886365656,CoRoT-2__2026-08-23,15.014763303102553
-3.384622546986829,0.986634663686507,61,-25.690573294681116,3.1328227523230727,CoRoT-2__2026-08-23,15.014763303102553
-1.2856289062330597,-1.1014275999643062,62,-26.976202200914177,2.0313951523587663,CoRoT-2__2026-08-23,15.014763303102553
6.532237494944283,0.3890070232270761,63,-20.443964705969893,2.4204021755858425,CoRoT-2__2026-08-23,15.014763303102553
1.1759792687822188,3.8904483908722547,64,-19.267985437187676,6.310850566458097,CoRoT-2__2026-08-23,15.014763303102553
-0.049154064736552046,-0.5541129638425071,65,-19.317139501924228,5.75673760261559,CoRoT-2__2026-08-23,15.014763303102553
2.4670392147819102,-1.5490022923075848,66,-16.850100287142318,4.207735310308005,CoRoT-2__2026-08-23,15.014763303102553
-1.1121707337402196,-0.7696556609853874,67,-17.96227102088254,3.438079649322617,CoRoT-2__2026-08-23,15.014763303102553
1.473521443852019,-0.0779934818413906,68,-16.48874957703052,3.3600861674812266,CoRoT-2__2026-08-23,15.014763303102553
-4.14485002394165,2.224895734399488,69,-20.633599600972172,5.584981901880715,CoRoT-2__2026-08-23,15.014763303102553
3.0250792505938966,-2.4372395576964996,70,-17.608520350378274,3.1477423441842154,CoRoT-2__2026-08-23,15.014763303102553
3.2657054122046167,-1.5119000525926491,71,-14.342814938173657,1.6358422915915662,CoRoT-2__2026-08-23,15.014763303102553
1.5102374778929128,5.350025189515268,72,-12.832577460280744,6.985867481106834,CoRoT-2__2026-08-23,15.014763303102553
1.0755485549381956,-0.11821381352354515,73,-11.757028905342548,6.867653667583289,CoRoT-2__2026-08-23,15.014763303102553
2.158005836640689,-1.7190898302482074,74,-9.59902306870186,5.1485638373350815,CoRoT-2__2026-08-23,15.014763303102553
2.300082076110746,1.0231785270638252,75,-7.298940992591113,6.171742364398907,CoRoT-2__2026-08-23,15.014763303102553
-3.1385457407683157,-1.9271892495244327,76,-10.437486733359428,4.244553114874474,CoRoT-2__2026-08-23,15.014763303102553
3.09106079240255,-1.2753239007200017,77,-7.346425940956879,2.9692292141544723,CoRoT-2__2026-08-23,15.014763303102553
4.606481330679597,2.868545708887813,78,-2.7399446102772815,5.837774923042286,CoRoT-2__2026-08-23,15.014763303102553
-0.9563514439229266,0.14833499783618184,79,-3.696296054200208,5.986109920878468,CoRoT-2__2026-08-23,15.014763303102553
0.0,0.0,80,-3.696296054200208,5.986109920878468,CoRoT-2__2026-08-23,15.014763303102553
0.0,0.0,81,-3.696296054200208,5.986109920878468,CoRoT-2__2026-08-23,15.014763303102553
0.0,0.0,82,-3.696296054200208,5.986109920878468,CoRoT-2__2026-08-23,15.014763303102553
5.35626971827355,4.855895418640894,83,1.659973664073342,10.84200533951936,CoRoT-2__2026-08-23,15.014763303102553
0.13878673473880518,4.064623322785885,84,1.7987603988121472,14.906628662305245,CoRoT-2__2026-08-23,15.014763303102553
0.0,0.0,85,1.7987603988121472,14.906628662305245,CoRoT-2__2026-08-23,15.014763303102553
0.0,0.0,0,0.0,0.0,CoRoT-2__2026-08-30,4.9055163607543655
0.0,0.0,1,0.0,0.0,CoRoT-2__2026-08-30,4.9055163607543655
0.0,0.0,2,0.0,0.0,CoRoT-2__2026-08-30,4.9055163607543655
0.0,0.0,3,0.0,0.0,CoRoT-2__2026-08-30,4.9055163607543655
0.0,0.0,4,0.0,0.0,CoRoT-2__2026-08-30,4.9055163607543655
0.0,0.0,5,0.0,0.0,CoRoT-2__2026-08-30,4.9055163607543655
0.0,0.0,6,0.0,0.0,CoRoT-2__2026-08-30,4.9055163607543655
0.0,0.0,7,0.0,0.0,CoRoT-2__2026-08-30,4.9055163607543655
0.0,0.0,8,0.0,0.0,CoRoT-2__2026-08-30,4.9055163607543655
0.0,0.0,9,0.0,0.0,CoRoT-2__2026-08-30,4.9055163607543655
0.0,0.0,10,0.0,0.0,CoRoT-2__2026-08-30,4.9055163607543655
0.0,0.0,11,0.0,0.0,CoRoT-2__2026-08-30,4.9055163607543655
0.0,0.0,12,0.0,0.0,CoRoT-2__2026-08-30,4.9055163607543655
0.0,0.0,13,0.0,0.0,CoRoT-2__2026-08-30,4.9055163607543655
0.0,0.0,14,0.0,0.0,CoRoT-2__2026-08-30,4.9055163607543655
0.0,0.0,15,0.0,0.0,CoRoT-2__2026-08-30,4.9055163607543655
0.0,0.0,16,0.0,0.0,CoRoT-2__2026-08-30,4.9055163607543655
0.0,0.0,17,0.0,0.0,CoRoT-2__2026-08-30,4.9055163607543655
0.0,0.0,18,0.0,0.0,CoRoT-2__2026-08-30,4.9055163607543655
0.0,0.0,19,0.0,0.0,CoRoT-2__2026-08-30,4.9055163607543655
0.0,0.0,20,0.0,0.0,CoRoT-2__2026-08-30,4.9055163607543655
0.0,0.0,21,0.0,0.0,CoRoT-2__2026-08-30,4.9055163607543655
0.0,0.0,22,0.0,0.0,CoRoT-2__2026-08-30,4.9055163607543655
0.0,0.0,23,0.0,0.0,CoRoT-2__2026-08-30,4.9055163607543655
0.0,0.0,24,0.0,0.0,CoRoT-2__2026-08-30,4.9055163607543655
0.0,0.0,25,0.0,0.0,CoRoT-2__2026-08-30,4.9055163607543655
0.0,0.0,26,0.0,0.0,CoRoT-2__2026-08-30,4.9055163607543655
0.0,0.0,27,0.0,0.0,CoRoT-2__2026-08-30,4.9055163607543655
0.0,0.0,28,0.0,0.0,CoRoT-2__2026-08-30,4.9055163607543655
0.0,0.0,29,0.0,0.0,CoRoT-2__2026-08-30,4.9055163607543655
0.0,0.0,30,0.0,0.0,CoRoT-2__2026-08-30,4.9055163607543655
0.0,0.0,31,0.0,0.0,CoRoT-2__2026-08-30,4.9055163607543655
0.0,0.0,32,0.0,0.0,CoRoT-2__2026-08-30,4.9055163607543655
0.0,0.0,33,0.0,0.0,CoRoT-2__2026-08-30,4.9055163607543655
0.0,0.0,34,0.0,0.0,CoRoT-2__2026-08-30,4.9055163607543655
0.0,0.0,35,0.0,0.0,CoRoT-2__2026-08-30,4.9055163607543655
0.0,0.0,36,0.0,0.0,CoRoT-2__2026-08-30,4.9055163607543655
0.0,0.0,37,0.0,0.0,CoRoT-2__2026-08-30,4.9055163607543655
0.0,0.0,38,0.0,0.0,CoRoT-2__2026-08-30,4.9055163607543655
0.0,0.0,39,0.0,0.0,CoRoT-2__2026-08-30,4.9055163607543655
0.0,0.0,40,0.0,0.0,CoRoT-2__2026-08-30,4.9055163607543655
0.0,0.0,41,0.0,0.0,CoRoT-2__2026-08-30,4.9055163607543655
-2.8058915957170485,-3.1884240315894723,42,-2.8058915957170485,-3.1884240315894723,CoRoT-2__2026-08-30,4.9055163607543655
-2.673463382057733,3.4680729666423673,43,-5.479354977774781,0.279648935052895,CoRoT-2__2026-08-30,4.9055163607543655
5.9947935693577215,-4.189582212000145,44,0.5154385915829405,-3.90993327694725,CoRoT-2__2026-08-30,4.9055163607543655
-3.550743842150689,1.0966683715112873,45,-3.0353052505677485,-2.813264905435963,CoRoT-2__2026-08-30,4.9055163607543655
0.1445314593931512,-0.7790726744830532,46,-2.890773791174597,-3.592337579919016,CoRoT-2__2026-08-30,4.9055163607543655
2.7110437271030317,-0.9711243310449286,47,-0.17973006407156555,-4.5634619109639445,CoRoT-2__2026-08-30,4.9055163607543655
-5.547454394746088,-0.6334035177160414,48,-5.7271844588176535,-5.196865428679986,CoRoT-2__2026-08-30,4.9055163607543655
-0.5350092800212829,-0.1856152522944661,49,-6.262193738838937,-5.382480680974452,CoRoT-2__2026-08-30,4.9055163607543655
0.7809205032551011,-0.6259284311339063,50,-5.481273235583836,-6.0084091121083585,CoRoT-2__2026-08-30,4.9055163607543655
3.185726096583383,1.3783798408085957,51,-2.295547139000453,-4.630029271299763,CoRoT-2__2026-08-30,4.9055163607543655
1.7971581219687274,1.006163251317902,52,-0.49838901703172556,-3.6238660199818606,CoRoT-2__2026-08-30,4.9055163607543655
-2.7571650615735868,-3.786539358413566,53,-3.2555540786053125,-7.410405378395426,CoRoT-2__2026-08-30,4.9055163607543655
-2.0047450079698503,1.892924124717489,54,-5.260299086575163,-5.517481253677937,CoRoT-2__2026-08-30,4.9055163607543655
3.736106017732867,0.15475655192700877,55,-1.5241930688422958,-5.3627247017509285,CoRoT-2__2026-08-30,4.9055163607543655
-2.344597501087081,-0.9291106419875682,56,-3.8687905699293768,-6.291835343738497,CoRoT-2__2026-08-30,4.9055163607543655
2.7679021137761963,-0.7506338481557244,57,-1.1008884561531804,-7.042469191894222,CoRoT-2__2026-08-30,4.9055163607543655
3.314904086679734,-0.9351254369310478,58,2.2140156305265535,-7.97759462882527,CoRoT-2__2026-08-30,4.9055163607543655
-4.214734422323504,6.696960904129334,59,-2.0007187917969507,-1.280633724695936,CoRoT-2__2026-08-30,4.9055163607543655
0.2640255981094631,-1.2075236568484045,60,-1.7366931936874876,-2.4881573815443403,CoRoT-2__2026-08-30,4.9055163607543655
-2.061815199556425,-0.2989651023860454,61,-3.7985083932439125,-2.7871224839303856,CoRoT-2__2026-08-30,4.9055163607543655
4.292577706799525,-2.0934498471627045,62,0.4940693135556127,-4.88057233109309,CoRoT-2__2026-08-30,4.9055163607543655
0.0,0.0,63,0.4940693135556127,-4.88057233109309,CoRoT-2__2026-08-30,4.9055163607543655
0.0,0.0,64,0.4940693135556127,-4.88057233109309,CoRoT-2__2026-08-30,4.9055163607543655
0.0,0.0,65,0.4940693135556127,-4.88057233109309,CoRoT-2__2026-08-30,4.9055163607543655
0.0,0.0,66,0.4940693135556127,-4.88057233109309,CoRoT-2__2026-08-30,4.9055163607543655
0.0,0.0,67,0.4940693135556127,-4.88057233109309,CoRoT-2__2026-08-30,4.9055163607543655
0.0,0.0,68,0.4940693135556127,-4.88057233109309,CoRoT-2__2026-08-30,4.9055163607543655
0.0,0.0,69,0.4940693135556127,-4.88057233109309,CoRoT-2__2026-08-30,4.9055163607543655
0.0,0.0,70,0.4940693135556127,-4.88057233109309,CoRoT-2__2026-08-30,4.9055163607543655
0.0,0.0,71,0.4940693135556127,-4.88057233109309,CoRoT-2__2026-08-30,4.9055163607543655
0.0,0.0,72,0.4940693135556127,-4.88057233109309,CoRoT-2__2026-08-30,4.9055163607543655
0.0,0.0,73,0.4940693135556127,-4.88057233109309,CoRoT-2__2026-08-30,4.9055163607543655
0.0,0.0,74,0.4940693135556127,-4.88057233109309,CoRoT-2__2026-08-30,4.9055163607543655
0.0,0.0,75,0.4940693135556127,-4.88057233109309,CoRoT-2__2026-08-30,4.9055163607543655
0.0,0.0,76,0.4940693135556127,-4.88057233109309,CoRoT-2__2026-08-30,4.9055163607543655
0.0,0.0,77,0.4940693135556127,-4.88057233109309,CoRoT-2__2026-08-30,4.9055163607543655
0.0,0.0,78,0.4940693135556127,-4.88057233109309,CoRoT-2__2026-08-30,4.9055163607543655
0.0,0.0,79,0.4940693135556127,-4.88057233109309,CoRoT-2__2026-08-30,4.9055163607543655
0.0,0.0,80,0.4940693135556127,-4.88057233109309,CoRoT-2__2026-08-30,4.9055163607543655
0.0,0.0,81,0.4940693135556127,-4.88057233109309,CoRoT-2__2026-08-30,4.9055163607543655
0.0,0.0,82,0.4940693135556127,-4.88057233109309,CoRoT-2__2026-08-30,4.9055163607543655
0.0,0.0,83,0.4940693135556127,-4.88057233109309,CoRoT-2__2026-08-30,4.9055163607543655
0.0,0.0,84,0.4940693135556127,-4.88057233109309,CoRoT-2__2026-08-30,4.9055163607543655
0.0,0.0,85,0.4940693135556127,-4.88057233109309,CoRoT-2__2026-08-30,4.9055163607543655
0.0,0.0,86,0.4940693135556127,-4.88057233109309,CoRoT-2__2026-08-30,4.9055163607543655
0.0,0.0,0,0.0,0.0,HATP-10__2026-09-05,68.72951515238782
-1.1431919078453314,-9.753473627125214,1,-1.1431919078453314,-9.753473627125214,HATP-10__2026-09-05,68.72951515238782
-26.530032756042978,1.5176925359176863,2,-27.67322466388831,-8.235781091207528,HATP-10__2026-09-05,68.72951515238782
22.73014312549853,9.378220623721926,3,-4.94308153838978,1.1424395325143983,HATP-10__2026-09-05,68.72951515238782
-19.237122583505343,-12.126426497971284,4,-24.180204121895123,-10.983986965456886,HATP-10__2026-09-05,68.72951515238782
23.27569852857003,2.5023333165995085,5,-0.9045055933250943,-8.481653648857378,HATP-10__2026-09-05,68.72951515238782
5.079383955528271,4.823545778920755,6,4.174878362203176,-3.6581078699366234,HATP-10__2026-09-05,68.72951515238782
4.591125434550673,-6.469968501406306,7,8.76600379675385,-10.12807637134293,HATP-10__2026-09-05,68.72951515238782
-16.415632679085075,-3.2763026317777526,8,-7.649628882331225,-13.404379003120683,HATP-10__2026-09-05,68.72951515238782
21.47855705152684,-0.34704541375334924,9,13.828928169195613,-13.751424416874032,HATP-10__2026-09-05,68.72951515238782
6.141917812785011,-3.568706736700094,10,19.970845981980624,-17.320131153574128,HATP-10__2026-09-05,68.72951515238782
-20.07470612959086,-0.8920033608975835,11,-0.10386014761023787,-18.21213451447171,HATP-10__2026-09-05,68.72951515238782
17.025664002305028,6.81535522721156,12,16.92180385469479,-11.39677928726015,HATP-10__2026-09-05,68.72951515238782
6.564381552024346,6.267176833408439,13,23.486185406719137,-5.129602453851711,HATP-10__2026-09-05,68.72951515238782
5.639720807311509,-10.818189060717263,14,29.125906214030646,-15.947791514568973,HATP-10__2026-09-05,68.72951515238782
4.2628795153331085,-1.1646139777063391,15,33.388785729363754,-17.11240549227531,HATP-10__2026-09-05,68.72951515238782
1.1210771661692642,-4.307512118025595,16,34.50986289553302,-21.419917610300907,HATP-10__2026-09-05,68.72951515238782
3.2257181526503533,0.2932743172800266,17,37.73558104818337,-21.12664329302088,HATP-10__2026-09-05,68.72951515238782
2.0306712034239283,1.251915004263822,18,39.7662522516073,-19.87472828875706,HATP-10__2026-09-05,68.72951515238782
4.6863987216999226,-10.086435005152179,19,44.45265097330722,-29.961163293909237,HATP-10__2026-09-05,68.72951515238782
-15.056189161685555,2.4609356405879055,20,29.396461811621666,-27.500227653321332,HATP-10__2026-09-05,68.72951515238782
0.2228722949664766,2.4217597001507025,21,29.61933410658814,-25.07846795317063,HATP-10__2026-09-05,68.72951515238782
-2.517104552445177,-0.4554711057876226,22,27.102229554142966,-25.533939058958254,HATP-10__2026-09-05,68.72951515238782
0.7995675407305107,-1.4521664166442043,23,27.901797094873476,-26.986105475602457,HATP-10__2026-09-05,68.72951515238782
-1.0947991860547712,-3.819394549856843,24,26.806997908818705,-30.8055000254593,HATP-10__2026-09-05,68.72951515238782
-0.3794960708283072,4.651083957946538,25,26.4275018379904,-26.154416067512763,HATP-10__2026-09-05,68.72951515238782
-1.6016522413266947,-3.1298029554239437,26,24.825849596663705,-29.284219022936707,HATP-10__2026-09-05,68.72951515238782
-1.0682249114444642,-0.05320857644788196,27,23.75762468521924,-29.33742759938459,HATP-10__2026-09-05,68.72951515238782
2.1756466603762314,7.835672691488721,28,25.93327134559547,-21.50175490789587,HATP-10__2026-09-05,68.72951515238782
0.9219491755282611,-6.614416305803821,29,26.855220521123734,-28.11617121369969,HATP-10__2026-09-05,68.72951515238782
-3.089722345465672,-6.048153424792608,30,23.76549817565806,-34.164324638492296,HATP-10__2026-09-05,68.72951515238782
0.8401607942958745,2.903365863920721,31,24.605658969953936,-31.260958774571574,HATP-10__2026-09-05,68.72951515238782
-4.261880913491479,-1.803313122263805,32,20.343778056462458,-33.06427189683538,HATP-10__2026-09-05,68.72951515238782
1.9064510290246925,-0.5540435012378796,33,22.25022908548715,-33.61831539807326,HATP-10__2026-09-05,68.72951515238782
-1.3877455140150594,0.1940216331164738,34,20.86248357147209,-33.424293764956786,HATP-10__2026-09-05,68.72951515238782
0.40302806949633335,1.5594678146131904,35,21.265511640968423,-31.864825950343597,HATP-10__2026-09-05,68.72951515238782
-0.39785458465680873,0.052568154115263194,36,20.867657056311614,-31.812257796228334,HATP-10__2026-09-05,68.72951515238782
-1.5702984983907398,-6.130888963019221,37,19.297358557920873,-37.943146759247554,HATP-10__2026-09-05,68.72951515238782
0.5340095389908521,0.8894922547296861,38,19.831368096911724,-37.053654504517866,HATP-10__2026-09-05,68.72951515238782
-0.5145834945700634,0.3602570655085288,39,19.31678460234166,-36.69339743900934,HATP-10__2026-09-05,68.72951515238782
-1.5757037222899979,1.7459805144385399,40,17.741080880051662,-34.947416924570796,HATP-10__2026-09-05,68.72951515238782
-0.7296232064539008,0.6469640529807501,41,17.01145767359776,-34.300452871590046,HATP-10__2026-09-05,68.72951515238782
-0.7697857597033284,1.901321982563969,42,16.241671913894432,-32.399130889026075,HATP-10__2026-09-05,68.72951515238782
0.3420050515511472,-0.8844622086337084,43,16.58367696544558,-33.28359309765978,HATP-10__2026-09-05,68.72951515238782
0.19734789298733318,-0.6427957721695889,44,16.781024858432914,-33.926388869829374,HATP-10__2026-09-05,68.72951515238782
-0.5455997601168789,-6.126334218332362,45,16.235425098316036,-40.052723088161734,HATP-10__2026-09-05,68.72951515238782
3.9451068215455973,-0.5105125168812349,46,20.180531919861632,-40.56323560504297,HATP-10__2026-09-05,68.72951515238782
-4.915876729169908,2.1360951617879027,47,15.264655190691723,-38.42714044325507,HATP-10__2026-09-05,68.72951515238782
-0.06419944663300027,-0.8117419166880784,48,15.200455744058722,-39.23888235994315,HATP-10__2026-09-05,68.72951515238782
-1.8682519616214575,-0.17260066399546495,49,13.332203782437265,-39.411483023938615,HATP-10__2026-09-05,68.72951515238782
3.592334052057231,1.0996834895971284,50,16.924537834494497,-38.31179953434149,HATP-10__2026-09-05,68.72951515238782
-3.576007534146972,1.609921700508779,51,13.348530300347525,-36.70187783383271,HATP-10__2026-09-05,68.72951515238782
-0.19944470800571512,-0.152348675155048,52,13.149085592341809,-36.85422650898776,HATP-10__2026-09-05,68.72951515238782
-2.2845257162688797,-2.793835319092653,53,10.86455987607293,-39.64806182808041,HATP-10__2026-09-05,68.72951515238782
3.4471413670819286,-1.8093621280163956,54,14.311701243154857,-41.457423956096804,HATP-10__2026-09-05,68.72951515238782
0.41774347833838327,-6.08308978149134,55,14.729444721493241,-47.54051373758814,HATP-10__2026-09-05,68.72951515238782
-1.9575300326018408,2.1904369168092246,56,12.7719146888914,-45.350076820778916,HATP-10__2026-09-05,68.72951515238782
-1.6854737530749886,-1.3515543983128693,57,11.08644093581641,-46.70163121909179,HATP-10__2026-09-05,68.72951515238782
-1.1150991151873224,0.16011851487143466,58,9.971341820629089,-46.54151270422035,HATP-10__2026-09-05,68.72951515238782
2.1952185191461377,0.9173359142466293,59,12.166560339775227,-45.624176789973724,HATP-10__2026-09-05,68.72951515238782
-1.993081455283391,0.19456359093043088,60,10.173478884491836,-45.429613199043295,HATP-10__2026-09-05,68.72951515238782
0.9034927082450046,0.9218712465422574,61,11.07697159273684,-44.507741952501036,HATP-10__2026-09-05,68.72951515238782
-0.39417488444613247,1.0517756672618952,62,10.682796708290708,-43.45596628523914,HATP-10__2026-09-05,68.72951515238782
-1.1494929698611975,0.2663372359204481,63,9.53330373842951,-43.1896290493187,HATP-10__2026-09-05,68.72951515238782
4.716067318597931,-2.8971763652065876,64,14.24937105702744,-46.08680541452529,HATP-10__2026-09-05,68.72951515238782
-3.2824084060514878,-1.8331693354829377,65,10.966962650975953,-47.91997475000822,HATP-10__2026-09-05,68.72951515238782
0.6128729189917355,1.3768964956213525,66,11.579835569967688,-46.54307825438687,HATP-10__2026-09-05,68.72951515238782
-2.436114346005035,-5.435223543758353,67,9.143721223962654,-51.978301798145225,HATP-10__2026-09-05,68.72951515238782
0.41106079487275987,2.268962301771933,68,9.554782018835414,-49.70933949637329,HATP-10__2026-09-05,68.72951515238782
-4.804295715347171,-0.10487797855874341,69,4.750486303488244,-49.81421747493203,HATP-10__2026-09-05,68.72951515238782
0.5183391054873429,0.5075704592583495,70,5.268825408975586,-49.30664701567368,HATP-10__2026-09-05,68.72951515238782
2.9231890115175183,-0.3238339469563475,71,8.192014420493106,-49.63048096263003,HATP-10__2026-09-05,68.72951515238782
-0.3701362030223473,-1.9832076019920641,72,7.821878217470759,-51.613688564622095,HATP-10__2026-09-05,68.72951515238782
-2.063965353623484,1.1529806102514741,73,5.757912863847275,-50.46070795437062,HATP-10__2026-09-05,68.72951515238782
2.144729179241949,0.7919151388683048,74,7.902642043089224,-49.668792815502314,HATP-10__2026-09-05,68.72951515238782
-2.512177409791396,-8.35117464123525,75,5.390464633297828,-58.01996745673756,HATP-10__2026-09-05,68.72951515238782
3.622307875333062,0.6998996568124741,76,9.01277250863089,-57.320067799925084,HATP-10__2026-09-05,68.72951515238782
-0.5982438568575327,0.10394685144649964,77,8.414528651773358,-57.21612094847858,HATP-10__2026-09-05,68.72951515238782
-1.5237290779057955,1.4936871987178761,78,6.890799573867563,-55.722433749760704,HATP-10__2026-09-05,68.72951515238782
2.629612997566558,-1.9867714146653201,79,9.520412571434122,-57.709205164426024,HATP-10__2026-09-05,68.72951515238782
2.5070314383308934,1.2517747658966507,80,12.027444009765015,-56.457430398529375,HATP-10__2026-09-05,68.72951515238782
-0.03919054688156484,-1.499548508037916,81,11.98825346288345,-57.956978906567294,HATP-10__2026-09-05,68.72951515238782
3.550239888899519,2.354068172034798,82,15.538493351782968,-55.60291073453249,HATP-10__2026-09-05,68.72951515238782
-1.8667429657640973,-0.08522163436235136,83,13.671750386018871,-55.68813236889484,HATP-10__2026-09-05,68.72951515238782
2.294521575259627,-6.7471376369327745,84,15.966271961278498,-62.43527000582762,HATP-10__2026-09-05,68.72951515238782
-1.128845410881021,0.006347516242290953,85,14.837426550397476,-62.428922489585325,HATP-10__2026-09-05,68.72951515238782
0.048177669951935426,0.25852459110619536,86,14.88560422034941,-62.17039789847913,HATP-10__2026-09-05,68.72951515238782
1.2895225427462242,0.32709425804174896,87,16.175126763095633,-61.843303640437384,HATP-10__2026-09-05,68.72951515238782
-0.012702491273331012,1.1610627715588813,88,16.162424271822303,-60.6822408688785,HATP-10__2026-09-05,68.72951515238782
-1.1352951395995168,-1.9147750345458852,89,15.027129132222786,-62.597015903424385,HATP-10__2026-09-05,68.72951515238782
1.823083642329147,1.5342471311251238,90,16.850212774551935,-61.062768772299265,HATP-10__2026-09-05,68.72951515238782
-25.411799270967823,-3.0501465820347917,91,-8.561586496415888,-64.11291535433406,HATP-10__2026-09-05,68.72951515238782
0.7225818252542593,-4.16809414939115,92,-7.839004671161629,-68.28100950372522,HATP-10__2026-09-05,68.72951515238782
0.0,0.0,0,0.0,0.0,Qatar-1__2026-08-18,68.1749507566832
0.5058311625039731,-8.67414149203929,1,0.5058311625039731,-8.67414149203929,Qatar-1__2026-08-18,68.1749507566832
1.978856648422544,3.2943354330422983,2,2.484687810926517,-5.379806058996992,Qatar-1__2026-08-18,68.1749507566832
1.1433370858099967,2.732130848169339,3,3.628024896736514,-2.6476752108276527,Qatar-1__2026-08-18,68.1749507566832
3.345565245867995,-0.8841739448677456,4,6.973590142604509,-3.531849155695398,Qatar-1__2026-08-18,68.1749507566832
1.7681088827267473,-0.5347278574392236,5,8.741699025331256,-4.066577013134622,Qatar-1__2026-08-18,68.1749507566832
0.15732323075682275,-0.34787503570282025,6,8.89902225608808,-4.414452048837442,Qatar-1__2026-08-18,68.1749507566832
2.489499794444811,-2.575511266365545,7,11.38852205053289,-6.989963315202987,Qatar-1__2026-08-18,68.1749507566832
0.8082466980710694,-2.4197327302253426,8,12.19676874860396,-9.40969604542833,Qatar-1__2026-08-18,68.1749507566832
1.3490631797996189,4.868001934030362,9,13.54583192840358,-4.541694111397968,Qatar-1__2026-08-18,68.1749507566832
1.511566372348763,-0.6334153652652698,10,15.057398300752343,-5.175109476663238,Qatar-1__2026-08-18,68.1749507566832
0.42353122142599275,-1.7312035813196864,11,15.480929522178336,-6.906313057982924,Qatar-1__2026-08-18,68.1749507566832
2.37296839638866,1.3035819527289858,12,17.853897918566997,-5.602731105253938,Qatar-1__2026-08-18,68.1749507566832
1.2702950315503958,-1.192267750352607,13,19.124192950117394,-6.794998855606545,Qatar-1__2026-08-18,68.1749507566832
0.3809688058530961,-2.956585266748414,14,19.50516175597049,-9.75158412235496,Qatar-1__2026-08-18,68.1749507566832
0.3654203691609274,5.256604925622991,15,19.870582125131417,-4.494979196731968,Qatar-1__2026-08-18,68.1749507566832
2.4586401926108334,-0.16615618060408116,16,22.32922231774225,-4.661135377336049,Qatar-1__2026-08-18,68.1749507566832
0.9916632278508751,-1.3165825544873067,17,23.320885545593125,-5.977717931823356,Qatar-1__2026-08-18,68.1749507566832
2.234996025089929,-2.250011123157486,18,25.555881570683056,-8.227729054980843,Qatar-1__2026-08-18,68.1749507566832
0.46072324179049984,-1.9566334742986102,19,26.016604812473556,-10.184362529279454,Qatar-1__2026-08-18,68.1749507566832
0.23341368860600514,5.334368087725813,20,26.250018501079563,-4.849994441553641,Qatar-1__2026-08-18,68.1749507566832
3.8908306147523293,-1.9259771066976232,21,30.14084911583189,-6.775971548251265,Qatar-1__2026-08-18,68.1749507566832
0.06881706896738272,-1.2854066761148775,22,30.209666184799275,-8.061378224366143,Qatar-1__2026-08-18,68.1749507566832
-1.159655671990603,-0.8979873920798513,23,29.050010512808672,-8.959365616445995,Qatar-1__2026-08-18,68.1749507566832
2.342094616861403,-0.6156046271808229,24,31.392105129670075,-9.574970243626817,Qatar-1__2026-08-18,68.1749507566832
2.2767019048639203,3.49780715253792,25,33.668807034534,-6.077163091088897,Qatar-1__2026-08-18,68.1749507566832
0.8218325996717941,-0.845126334286907,26,34.49063963420579,-6.922289425375804,Qatar-1__2026-08-18,68.1749507566832
-0.6443006999990213,2.8194296164843986,27,33.84633893420677,-4.102859808891406,Qatar-1__2026-08-18,68.1749507566832
0.8882214895714435,-4.100310466771388,28,34.73456042377821,-8.203170275662794,Qatar-1__2026-08-18,68.1749507566832
4.307309420104917,4.377449075648609,29,39.04186984388313,-3.8257212000141854,Qatar-1__2026-08-18,68.1749507566832
0.33394449362321016,3.376306433748176,30,39.375814337506334,-0.4494147662660093,Qatar-1__2026-08-18,68.1749507566832
0.4005450569877033,-0.8998143119178204,31,39.77635939449404,-1.3492290781838296,Qatar-1__2026-08-18,68.1749507566832
3.184264428316716,0.6047058584994633,32,42.96062382281075,-0.7445232196843663,Qatar-1__2026-08-18,68.1749507566832
0.5251513414364758,-0.8831374515848232,33,43.48577516424723,-1.6276606712691895,Qatar-1__2026-08-18,68.1749507566832
2.207619623121841,-3.8943975866606477,34,45.69339478736907,-5.522058257929837,Qatar-1__2026-08-18,68.1749507566832
0.11935139580159383,2.1481534858138116,35,45.81274618317067,-3.3739047721160254,Qatar-1__2026-08-18,68.1749507566832
2.332385928526921,6.13321486105019,36,48.145132111697585,2.7593100889341646,Qatar-1__2026-08-18,68.1749507566832
4.140149863321782,-2.9744675736498416,37,52.285281975019366,-0.21515748471567697,Qatar-1__2026-08-18,68.1749507566832
0.8742725366384386,-2.187909060290085,38,53.1595545116578,-2.403066545005762,Qatar-1__2026-08-18,68.1749507566832
0.16989124082279575,-0.5298002190788436,39,53.329445752480595,-2.932866764084605,Qatar-1__2026-08-18,68.1749507566832
2.1495622131474192,3.4997310322644104,40,55.479007965628014,0.5668642681798053,Qatar-1__2026-08-18,68.1749507566832
1.6669931919096315,-0.8085515345275835,41,57.14600115753765,-0.24168726634777826,Qatar-1__2026-08-18,68.1749507566832
1.2403094978960074,-1.46801600635064,42,58.386310655433654,-1.7097032726984183,Qatar-1__2026-08-18,68.1749507566832
0.49448507917660994,6.278145057189345,43,58.88079573461027,4.568441784490927,Qatar-1__2026-08-18,68.1749507566832
1.74593336227972,-2.165119966633539,44,60.62672909688999,2.4033218178573885,Qatar-1__2026-08-18,68.1749507566832
2.1520260703827265,-1.2977279011733742,45,62.77875516727271,1.1055939166840143,Qatar-1__2026-08-18,68.1749507566832
1.633273133485879,-2.729543971705078,46,64.41202830075859,-1.6239500550210635,Qatar-1__2026-08-18,68.1749507566832
0.505144302187992,6.308313725203272,47,64.91717260294658,4.684363670182208,Qatar-1__2026-08-18,68.1749507566832
0.43262315723615974,0.3937476131555619,48,65.34979576018274,5.07811128333777,Qatar-1__2026-08-18,68.1749507566832
1.46627130306254,-6.1154004143002645,49,66.81606706324528,-1.0372891309624945,Qatar-1__2026-08-18,68.1749507566832
2.4511375440897174,7.944804162255425,50,69.267204607335,6.90751503129293,Qatar-1__2026-08-18,68.1749507566832
-0.26845137434262206,-1.3067130438446537,51,68.99875323299239,5.600801987448277,Qatar-1__2026-08-18,68.1749507566832
1.8942537182552348,-1.520520691350551,52,70.89300695124761,4.080281296097725,Qatar-1__2026-08-18,68.1749507566832
2.3955192623708106,3.65580793723188,53,73.28852621361843,7.736089233329605,Qatar-1__2026-08-18,68.1749507566832
1.9003450514250328,-2.0537966136912655,54,75.18887126504346,5.682292619638339,Qatar-1__2026-08-18,68.1749507566832
0.5182590647824742,-0.11074054644270179,55,75.70713032982593,5.571552073195638,Qatar-1__2026-08-18,68.1749507566832
2.340277708751826,3.95024167452978,56,78.04740803857776,9.521793747725418,Qatar-1__2026-08-18,68.1749507566832
1.4816859040805634,-2.0333154318775812,57,79.52909394265832,7.488478315847837,Qatar-1__2026-08-18,68.1749507566832
0.17733537517916684,-1.2195858694835637,58,79.70642931783749,6.268892446364274,Qatar-1__2026-08-18,68.1749507566832
0.1967277100629096,6.76063687136734,59,79.9031570279004,13.029529317731614,Qatar-1__2026-08-18,68.1749507566832
0.9141256422684277,5.002028288230247,60,80.81728267016884,18.03155760596186,Qatar-1__2026-08-18,68.1749507566832
2.767983216533755,-1.7408321225550611,61,83.58526588670259,16.2907254834068,Qatar-1__2026-08-18,68.1749507566832
-0.2048372690548767,2.1496197951329563,62,83.38042861764771,18.440345278539755,Qatar-1__2026-08-18,68.1749507566832
1.3421833613452598,-2.386398358526272,63,84.72261197899297,16.053946920013484,Qatar-1__2026-08-18,68.1749507566832
1.7342108168670576,-1.8656131359090793,64,86.45682279586003,14.188333784104405,Qatar-1__2026-08-18,68.1749507566832
0.5970428778430755,2.6689207990986783,65,87.05386567370311,16.857254583203083,Qatar-1__2026-08-18,68.1749507566832
1.4813270450086495,-0.46352318170819484,66,88.53519271871177,16.39373140149489,Qatar-1__2026-08-18,68.1749507566832
-1.3202886622473522,8.952534372780022,67,87.21490405646442,25.34626577427491,Qatar-1__2026-08-18,68.1749507566832
2.2532936787812434,-4.346018260276945,68,89.46819773524567,21.000247513997966,Qatar-1__2026-08-18,68.1749507566832
2.4639365102858264,-1.4019349118617128,69,91.9321342455315,19.598312602136254,Qatar-1__2026-08-18,68.1749507566832
0.18150300343158124,4.400322864474223,70,92.11363724896309,23.998635466610477,Qatar-1__2026-08-18,68.1749507566832
-25.437983249170436,-15.355301614522304,71,66.67565399979264,8.643333852088173,Qatar-1__2026-08-18,68.1749507566832
0.6080436358459197,2.344292968665536,72,67.28369763563856,10.987626820753709,Qatar-1__2026-08-18,68.1749507566832
0.0,0.0,73,67.28369763563856,10.987626820753709,Qatar-1__2026-08-18,68.1749507566832
0.0,0.0,74,67.28369763563856,10.987626820753709,Qatar-1__2026-08-18,68.1749507566832
0.0,0.0,0,0.0,0.0,Qatar-1__2026-08-21,35.660590823210995
-7.527556619411761,12.709252646861087,1,-7.527556619411761,12.709252646861087,Qatar-1__2026-08-21,35.660590823210995
-1.9464490425514644,0.3336363254381579,2,-9.474005661963226,13.042888972299245,Qatar-1__2026-08-21,35.660590823210995
-0.6825723493831236,-0.3991365692325996,3,-10.15657801134635,12.643752403066646,Qatar-1__2026-08-21,35.660590823210995
-0.4138431711948648,2.1977855508927786,4,-10.570421182541214,14.841537953959424,Qatar-1__2026-08-21,35.660590823210995
-2.471471726811136,-0.5432969710146601,5,-13.041892909352349,14.298240982944764,Qatar-1__2026-08-21,35.660590823210995
-0.8735171362458218,3.6751677862946965,6,-13.91541004559817,17.97340876923946,Qatar-1__2026-08-21,35.660590823210995
-0.047047351853036316,-9.791860769990311,7,-13.962457397451207,8.181547999249148,Qatar-1__2026-08-21,35.660590823210995
-0.6104487572948557,-2.2059441886577287,8,-14.572906154746063,5.975603810591419,Qatar-1__2026-08-21,35.660590823210995
1.3344942247710674,6.896458378575049,9,-13.238411929974996,12.872062189166467,Qatar-1__2026-08-21,35.660590823210995
1.0956936035225946,-1.0842245669049695,10,-12.142718326452401,11.787837622261497,Qatar-1__2026-08-21,35.660590823210995
-5.23589235105849,2.911877301474612,11,-17.378610677510892,14.69971492373611,Qatar-1__2026-08-21,35.660590823210995
1.1000601764248186,-1.6512479784333105,12,-16.278550501086073,13.048466945302799,Qatar-1__2026-08-21,35.660590823210995
-0.5040344419937047,-4.66477746263459,13,-16.78258494307978,8.38368948266821,Qatar-1__2026-08-21,35.660590823210995
0.9389324335473338,-5.237836204630822,14,-15.843652509532445,3.1458532780373876,Qatar-1__2026-08-21,35.660590823210995
1.0072138829459514,-2.431434204841903,15,-14.836438626586494,0.7144190731954847,Qatar-1__2026-08-21,35.660590823210995
-0.8659899260658395,0.7761321762395791,16,-15.702428552652334,1.4905512494350637,Qatar-1__2026-08-21,35.660590823210995
1.058750353671208,5.131310531629907,17,-14.643678198981126,6.621861781064971,Qatar-1__2026-08-21,35.660590823210995
0.6157160274398689,-0.5735562232779775,18,-14.027962171541258,6.0483055577869935,Qatar-1__2026-08-21,35.660590823210995
-1.598828923747644,2.7240656400099654,19,-15.626791095288903,8.772371197796959,Qatar-1__2026-08-21,35.660590823210995
1.0453461462443483,-1.4486033286779376,20,-14.581444949044554,7.323767869119021,Qatar-1__2026-08-21,35.660590823210995
2.005427918456579,-6.050664146114319,21,-12.576017030587975,1.2731037230047022,Qatar-1__2026-08-21,35.660590823210995
0.7659005108547637,1.1313892070398688,22,-11.810116519733212,2.404492930044571,Qatar-1__2026-08-21,35.660590823210995
0.9905966762458562,-6.024635515763604,23,-10.819519843487356,-3.6201425857190332,Qatar-1__2026-08-21,35.660590823210995
-0.553220673314575,4.39154981247431,24,-11.372740516801931,0.7714072267552772,Qatar-1__2026-08-21,35.660590823210995
2.3120954084260044,-1.9569494815596329,25,-9.060645108375926,-1.1855422548043557,Qatar-1__2026-08-21,35.660590823210995
2.160667519485153,-0.9872230131358903,26,-6.899977588890773,-2.172765267940246,Qatar-1__2026-08-21,35.660590823210995
-1.8992596418642154,0.7582901665304868,27,-8.799237230754988,-1.4144751014097592,Qatar-1__2026-08-21,35.660590823210995
1.9401049033936655,1.5702070330820317,28,-6.859132327361323,0.1557319316722725,Qatar-1__2026-08-21,35.660590823210995
-0.6064114023048195,-0.7072942297357199,29,-7.465543729666142,-0.5515622980634474,Qatar-1__2026-08-21,35.660590823210995
2.1466709473741417,-0.5963480054759237,30,-5.318872782292001,-1.147910303539371,Qatar-1__2026-08-21,35.660590823210995
1.0464188634330316,0.5191638156743708,31,-4.272453918858969,-0.6287464878650002,Qatar-1__2026-08-21,35.660590823210995
-1.1344141525473188,-1.0558226212546624,32,-5.406868071406288,-1.6845691091196626,Qatar-1__2026-08-21,35.660590823210995
0.8612335176712737,-0.10144384896740567,33,-4.545634553735015,-1.7860129580870683,Qatar-1__2026-08-21,35.660590823210995
1.1754262323652336,2.096344322739977,34,-3.3702083213697813,0.3103313646529089,Qatar-1__2026-08-21,35.660590823210995
0.21795876241574155,-0.7883909206553643,35,-3.15224955895404,-0.4780595560024554,Qatar-1__2026-08-21,35.660590823210995
-0.994980781294862,0.46320936012247393,36,-4.1472303402489015,-0.014850195879981487,Qatar-1__2026-08-21,35.660590823210995
0.2403436702082904,-0.17021866446832337,37,-3.906886670040611,-0.18506886034830486,Qatar-1__2026-08-21,35.660590823210995
1.531143256563045,-0.7789271525908913,38,-2.375743413477566,-0.9639960129391961,Qatar-1__2026-08-21,35.660590823210995
1.0616529942651385,0.19589197221389018,39,-1.3140904192124274,-0.7681040407253059,Qatar-1__2026-08-21,35.660590823210995
0.2888477971622554,-6.696121742975372,40,-1.025242622050172,-7.464225783700678,Qatar-1__2026-08-21,35.660590823210995
0.6067992830096511,-1.2603612765841141,41,-0.4184433390405209,-8.724587060284792,Qatar-1__2026-08-21,35.660590823210995
1.9433450232749019,-0.11913589300918183,42,1.524901684234381,-8.843722953293973,Qatar-1__2026-08-21,35.660590823210995
2.2858806439560415,1.0528158600004511,43,3.8107823281904225,-7.790907093293522,Qatar-1__2026-08-21,35.660590823210995
-0.6222506428471892,-0.45465718957196216,44,3.188531685343233,-8.245564282865484,Qatar-1__2026-08-21,35.660590823210995
0.7754368837806362,-0.050111149209880336,45,3.9639685691238693,-8.295675432075365,Qatar-1__2026-08-21,35.660590823210995
-0.19016004746031917,0.3124272945526466,46,3.77380852166355,-7.983248137522718,Qatar-1__2026-08-21,35.660590823210995
0.5788858687844749,-0.92901803453921,47,4.352694390448025,-8.912266172061928,Qatar-1__2026-08-21,35.660590823210995
3.245548589862478,1.2362687989428327,48,7.598242980310502,-7.675997373119095,Qatar-1__2026-08-21,35.660590823210995
-0.2383113200521035,5.443392283171929,49,7.359931660258399,-2.2326050899471666,Qatar-1__2026-08-21,35.660590823210995
0.8973825493907782,-1.276766091750691,50,8.257314209649177,-3.5093711816978574,Qatar-1__2026-08-21,35.660590823210995
1.8780382160945044,1.116186527799895,51,10.135352425743681,-2.393184653897962,Qatar-1__2026-08-21,35.660590823210995
0.19727915779081023,-1.541116647170656,52,10.332631583534491,-3.9343013010686185,Qatar-1__2026-08-21,35.660590823210995
1.3525479452335212,2.5529528803525228,53,11.685179528768012,-1.3813484207160958,Qatar-1__2026-08-21,35.660590823210995
-0.41215558508620026,-1.8062927520177936,54,11.273023943681812,-3.1876411727338896,Qatar-1__2026-08-21,35.660590823210995
0.8393250542080753,-4.375951483201818,55,12.112348997889887,-7.563592655935707,Qatar-1__2026-08-21,35.660590823210995
2.181901028516713,-0.9484688102078453,56,14.2942500264066,-8.512061466143553,Qatar-1__2026-08-21,35.660590823210995
1.0704852996434913,0.2890387267022519,57,15.364735326050091,-8.223022739441301,Qatar-1__2026-08-21,35.660590823210995
1.3267189612609103,0.20916099140269714,58,16.691454287311,-8.013861748038604,Qatar-1__2026-08-21,35.660590823210995
-0.024344729704332158,0.9554905606377061,59,16.66710955760667,-7.058371187400898,Qatar-1__2026-08-21,35.660590823210995
3.1164485837304587,0.2795497796724881,60,19.783558141337128,-6.77882140772841,Qatar-1__2026-08-21,35.660590823210995
-0.02069336602548743,0.2842752551027341,61,19.76286477531164,-6.494546152625675,Qatar-1__2026-08-21,35.660590823210995
-0.2417840687935374,-1.9038095713261203,62,19.521080706518102,-8.398355723951795,Qatar-1__2026-08-21,35.660590823210995
2.73222614254106,-2.5176190667734835,63,22.25330684905916,-10.91597479072528,Qatar-1__2026-08-21,35.660590823210995
2.419571149079934,-0.9584169808241841,64,24.672877998139096,-11.874391771549464,Qatar-1__2026-08-21,35.660590823210995
0.541337732121276,0.48317642965616775,65,25.21421573026037,-11.391215341893297,Qatar-1__2026-08-21,35.660590823210995
0.9539441277286385,5.342497853381918,66,26.16815985798901,-6.048717488511379,Qatar-1__2026-08-21,35.660590823210995
0.2027417011202458,-2.8999021668284737,67,26.370901559109257,-8.948619655339852,Qatar-1__2026-08-21,35.660590823210995
1.7528130758805682,3.5346817406435234,68,28.123714634989824,-5.413937914696329,Qatar-1__2026-08-21,35.660590823210995
1.5544299247631512,-2.535282811764425,69,29.678144559752976,-7.949220726460754,Qatar-1__2026-08-21,35.660590823210995
1.6476656815283603,2.024253950940648,70,31.325810241281335,-5.924966775520106,Qatar-1__2026-08-21,35.660590823210995
-0.3040960300950721,0.5591005345588503,71,31.021714211186264,-5.365866240961256,Qatar-1__2026-08-21,35.660590823210995
1.5600910968344357,-0.5570787361935455,72,32.5818053080207,-5.922944977154802,Qatar-1__2026-08-21,35.660590823210995
1.9810984893677086,-2.8567713595473396,73,34.56290379738841,-8.77971633670214,Qatar-1__2026-08-21,35.660590823210995
0.0,0.0,0,0.0,0.0,Qatar-1__2026-08-28,65.22008016523579
0.0,0.0,1,0.0,0.0,Qatar-1__2026-08-28,65.22008016523579
0.0,0.0,2,0.0,0.0,Qatar-1__2026-08-28,65.22008016523579
0.0,0.0,3,0.0,0.0,Qatar-1__2026-08-28,65.22008016523579
0.0,0.0,4,0.0,0.0,Qatar-1__2026-08-28,65.22008016523579
0.0,0.0,5,0.0,0.0,Qatar-1__2026-08-28,65.22008016523579
0.0,0.0,6,0.0,0.0,Qatar-1__2026-08-28,65.22008016523579
0.0,0.0,7,0.0,0.0,Qatar-1__2026-08-28,65.22008016523579
0.0,0.0,8,0.0,0.0,Qatar-1__2026-08-28,65.22008016523579
1.5505203904635039,3.858666323715724,9,1.5505203904635039,3.858666323715724,Qatar-1__2026-08-28,65.22008016523579
-0.33410760195265254,1.1473136839640574,10,1.2164127885108513,5.005980007679781,Qatar-1__2026-08-28,65.22008016523579
2.095994982438915,-0.6434275228569959,11,3.312407770949766,4.3625524848227855,Qatar-1__2026-08-28,65.22008016523579
-0.07313005473604998,-3.190677272844397,12,3.2392777162137163,1.1718752119783886,Qatar-1__2026-08-28,65.22008016523579
2.57967353113753,-0.66924260034423,13,5.818951247351246,0.5026326116341586,Qatar-1__2026-08-28,65.22008016523579
0.0,0.0,14,5.818951247351246,0.5026326116341586,Qatar-1__2026-08-28,65.22008016523579
0.0,0.0,15,5.818951247351246,0.5026326116341586,Qatar-1__2026-08-28,65.22008016523579
0.0,0.0,16,5.818951247351246,0.5026326116341586,Qatar-1__2026-08-28,65.22008016523579
0.0,0.0,17,5.818951247351246,0.5026326116341586,Qatar-1__2026-08-28,65.22008016523579
0.0,0.0,18,5.818951247351246,0.5026326116341586,Qatar-1__2026-08-28,65.22008016523579
0.0,0.0,19,5.818951247351246,0.5026326116341586,Qatar-1__2026-08-28,65.22008016523579
0.0,0.0,20,5.818951247351246,0.5026326116341586,Qatar-1__2026-08-28,65.22008016523579
0.0,0.0,21,5.818951247351246,0.5026326116341586,Qatar-1__2026-08-28,65.22008016523579
0.0,0.0,22,5.818951247351246,0.5026326116341586,Qatar-1__2026-08-28,65.22008016523579
0.0,0.0,23,5.818951247351246,0.5026326116341586,Qatar-1__2026-08-28,65.22008016523579
0.0,0.0,24,5.818951247351246,0.5026326116341586,Qatar-1__2026-08-28,65.22008016523579
3.057968876787539,-0.5426171075561188,25,8.876920124138785,-0.039984495921960184,Qatar-1__2026-08-28,65.22008016523579
-0.24265447049045458,5.0135394460102995,26,8.63426565364833,4.97355495008834,Qatar-1__2026-08-28,65.22008016523579
1.8787756876931256,-3.8387590973946817,27,10.513041341341456,1.134795852693658,Qatar-1__2026-08-28,65.22008016523579
2.3443283672268733,-3.358888254708672,28,12.85736970856833,-2.224092402015014,Qatar-1__2026-08-28,65.22008016523579
0.28517941505466526,-2.0988601451690783,29,13.142549123622995,-4.322952547184093,Qatar-1__2026-08-28,65.22008016523579
0.0,0.0,30,13.142549123622995,-4.322952547184093,Qatar-1__2026-08-28,65.22008016523579
0.0,0.0,31,13.142549123622995,-4.322952547184093,Qatar-1__2026-08-28,65.22008016523579
0.0,0.0,32,13.142549123622995,-4.322952547184093,Qatar-1__2026-08-28,65.22008016523579
0.0,0.0,33,13.142549123622995,-4.322952547184093,Qatar-1__2026-08-28,65.22008016523579
0.0,0.0,34,13.142549123622995,-4.322952547184093,Qatar-1__2026-08-28,65.22008016523579
0.0,0.0,35,13.142549123622995,-4.322952547184093,Qatar-1__2026-08-28,65.22008016523579
0.0,0.0,36,13.142549123622995,-4.322952547184093,Qatar-1__2026-08-28,65.22008016523579
2.130144534454066,-0.6203206453799339,37,15.272693658077062,-4.9432731925640265,Qatar-1__2026-08-28,65.22008016523579
0.33130864307279967,-2.6178232034655418,38,15.604002301149862,-7.561096396029568,Qatar-1__2026-08-28,65.22008016523579
0.0,0.0,39,15.604002301149862,-7.561096396029568,Qatar-1__2026-08-28,65.22008016523579
0.0,0.0,40,15.604002301149862,-7.561096396029568,Qatar-1__2026-08-28,65.22008016523579
0.0,0.0,41,15.604002301149862,-7.561096396029568,Qatar-1__2026-08-28,65.22008016523579
6.202494698898723,0.535023207509633,42,21.806497000048584,-7.026073188519935,Qatar-1__2026-08-28,65.22008016523579
-0.062192087471616496,2.1058764064725457,43,21.74430491257697,-4.920196782047389,Qatar-1__2026-08-28,65.22008016523579
2.8588853703259405,4.796679175520362,44,24.603190282902908,-0.12351760652702737,Qatar-1__2026-08-28,65.22008016523579
0.570361691206381,-1.6263112084674005,45,25.173551974109287,-1.7498288149944279,Qatar-1__2026-08-28,65.22008016523579
2.337585343232728,0.11957047595709192,46,27.511137317342016,-1.630258339037336,Qatar-1__2026-08-28,65.22008016523579
0.0,0.0,47,27.511137317342016,-1.630258339037336,Qatar-1__2026-08-28,65.22008016523579
1.280059811588392,0.85341922900945,48,28.791197128930406,-0.776839110027886,Qatar-1__2026-08-28,65.22008016523579
2.1278996000799797,-1.3318391299728167,49,30.919096729010384,-2.1086782400007027,Qatar-1__2026-08-28,65.22008016523579
3.2253502238871166,-0.19315203438591397,50,34.1444469528975,-2.301830274386617,Qatar-1__2026-08-28,65.22008016523579
1.461709258501469,3.237099993290018,51,35.606156211398975,0.9352697189034012,Qatar-1__2026-08-28,65.22008016523579
2.394852536871637,2.8206113642676263,52,38.001008748270614,3.7558810831710274,Qatar-1__2026-08-28,65.22008016523579
0.08643814015343236,-2.071420306696552,53,38.08744688842405,1.6844607764744755,Qatar-1__2026-08-28,65.22008016523579
1.789414384713581,-3.118767833143085,54,39.87686127313763,-1.4343070566686094,Qatar-1__2026-08-28,65.22008016523579
2.0781979434319338,9.853818133352785,55,41.95505921656956,8.419511076684175,Qatar-1__2026-08-28,65.22008016523579
-0.2612688966478247,-7.306637015580423,56,41.69379031992173,1.1128740611037529,Qatar-1__2026-08-28,65.22008016523579
2.2414002171903418,1.6241143635591908,57,43.93519053711207,2.7369884246629437,Qatar-1__2026-08-28,65.22008016523579
3.713748652303092,4.048828293215187,58,47.64893918941516,6.785816717878131,Qatar-1__2026-08-28,65.22008016523579
0.4486157977732405,-2.00452808082475,59,48.0975549871884,4.781288637053381,Qatar-1__2026-08-28,65.22008016523579
0.0,0.0,60,48.0975549871884,4.781288637053381,Qatar-1__2026-08-28,65.22008016523579
1.732790862907126,4.693885355189093,61,49.830345850095526,9.475173992242475,Qatar-1__2026-08-28,65.22008016523579
0.0,0.0,62,49.830345850095526,9.475173992242475,Qatar-1__2026-08-28,65.22008016523579
0.0,0.0,63,49.830345850095526,9.475173992242475,Qatar-1__2026-08-28,65.22008016523579
3.547028592609884,2.6695478307845946,64,53.37737444270541,12.14472182302707,Qatar-1__2026-08-28,65.22008016523579
2.609643833371772,-4.596587587999224,65,55.98701827607718,7.548134235027845,Qatar-1__2026-08-28,65.22008016523579
1.366311723055602,1.3220944289592305,66,57.35332999913278,8.870228663987076,Qatar-1__2026-08-28,65.22008016523579
0.0,0.0,67,57.35332999913278,8.870228663987076,Qatar-1__2026-08-28,65.22008016523579
3.6934865408420965,1.95455160854263,68,61.04681653997488,10.824780272529706,Qatar-1__2026-08-28,65.22008016523579
0.0,0.0,69,61.04681653997488,10.824780272529706,Qatar-1__2026-08-28,65.22008016523579
2.784866466852951,2.5608501300934723,70,63.83168300682783,13.385630402623178,Qatar-1__2026-08-28,65.22008016523579
0.0,0.0,71,63.83168300682783,13.385630402623178,Qatar-1__2026-08-28,65.22008016523579
0.0,0.0,72,63.83168300682783,13.385630402623178,Qatar-1__2026-08-28,65.22008016523579
0.0,0.0,0,0.0,0.0,TRES-1__2026-08-06,0.0
0.0,0.0,1,0.0,0.0,TRES-1__2026-08-06,0.0
0.0,0.0,2,0.0,0.0,TRES-1__2026-08-06,0.0
0.0,0.0,3,0.0,0.0,TRES-1__2026-08-06,0.0
0.0,0.0,4,0.0,0.0,TRES-1__2026-08-06,0.0
0.0,0.0,5,0.0,0.0,TRES-1__2026-08-06,0.0
0.0,0.0,6,0.0,0.0,TRES-1__2026-08-06,0.0
0.0,0.0,7,0.0,0.0,TRES-1__2026-08-06,0.0
0.0,0.0,8,0.0,0.0,TRES-1__2026-08-06,0.0
0.0,0.0,9,0.0,0.0,TRES-1__2026-08-06,0.0
0.0,0.0,10,0.0,0.0,TRES-1__2026-08-06,0.0
0.0,0.0,11,0.0,0.0,TRES-1__2026-08-06,0.0
0.0,0.0,12,0.0,0.0,TRES-1__2026-08-06,0.0
0.0,0.0,13,0.0,0.0,TRES-1__2026-08-06,0.0
0.0,0.0,14,0.0,0.0,TRES-1__2026-08-06,0.0
0.0,0.0,15,0.0,0.0,TRES-1__2026-08-06,0.0
0.0,0.0,16,0.0,0.0,TRES-1__2026-08-06,0.0
0.0,0.0,17,0.0,0.0,TRES-1__2026-08-06,0.0
0.0,0.0,18,0.0,0.0,TRES-1__2026-08-06,0.0
0.0,0.0,19,0.0,0.0,TRES-1__2026-08-06,0.0
0.0,0.0,20,0.0,0.0,TRES-1__2026-08-06,0.0
0.0,0.0,21,0.0,0.0,TRES-1__2026-08-06,0.0
0.0,0.0,22,0.0,0.0,TRES-1__2026-08-06,0.0
0.0,0.0,23,0.0,0.0,TRES-1__2026-08-06,0.0
0.0,0.0,24,0.0,0.0,TRES-1__2026-08-06,0.0
0.0,0.0,25,0.0,0.0,TRES-1__2026-08-06,0.0
0.0,0.0,26,0.0,0.0,TRES-1__2026-08-06,0.0
0.0,0.0,27,0.0,0.0,TRES-1__2026-08-06,0.0
0.0,0.0,28,0.0,0.0,TRES-1__2026-08-06,0.0
0.0,0.0,29,0.0,0.0,TRES-1__2026-08-06,0.0
0.0,0.0,30,0.0,0.0,TRES-1__2026-08-06,0.0
0.0,0.0,31,0.0,0.0,TRES-1__2026-08-06,0.0
0.0,0.0,32,0.0,0.0,TRES-1__2026-08-06,0.0
0.0,0.0,33,0.0,0.0,TRES-1__2026-08-06,0.0
0.0,0.0,34,0.0,0.0,TRES-1__2026-08-06,0.0
0.0,0.0,35,0.0,0.0,TRES-1__2026-08-06,0.0
0.0,0.0,36,0.0,0.0,TRES-1__2026-08-06,0.0
0.0,0.0,37,0.0,0.0,TRES-1__2026-08-06,0.0
0.0,0.0,38,0.0,0.0,TRES-1__2026-08-06,0.0
0.0,0.0,39,0.0,0.0,TRES-1__2026-08-06,0.0
0.0,0.0,40,0.0,0.0,TRES-1__2026-08-06,0.0
0.0,0.0,41,0.0,0.0,TRES-1__2026-08-06,0.0
0.0,0.0,42,0.0,0.0,TRES-1__2026-08-06,0.0
0.0,0.0,43,0.0,0.0,TRES-1__2026-08-06,0.0
0.0,0.0,44,0.0,0.0,TRES-1__2026-08-06,0.0
0.0,0.0,45,0.0,0.0,TRES-1__2026-08-06,0.0
0.0,0.0,46,0.0,0.0,TRES-1__2026-08-06,0.0
0.0,0.0,47,0.0,0.0,TRES-1__2026-08-06,0.0
0.0,0.0,48,0.0,0.0,TRES-1__2026-08-06,0.0
0.0,0.0,49,0.0,0.0,TRES-1__2026-08-06,0.0
0.0,0.0,50,0.0,0.0,TRES-1__2026-08-06,0.0
0.0,0.0,51,0.0,0.0,TRES-1__2026-08-06,0.0
0.0,0.0,52,0.0,0.0,TRES-1__2026-08-06,0.0
0.0,0.0,53,0.0,0.0,TRES-1__2026-08-06,0.0
0.0,0.0,54,0.0,0.0,TRES-1__2026-08-06,0.0
0.0,0.0,55,0.0,0.0,TRES-1__2026-08-06,0.0
0.0,0.0,56,0.0,0.0,TRES-1__2026-08-06,0.0
0.0,0.0,57,0.0,0.0,TRES-1__2026-08-06,0.0
0.0,0.0,58,0.0,0.0,TRES-1__2026-08-06,0.0
0.0,0.0,59,0.0,0.0,TRES-1__2026-08-06,0.0
0.0,0.0,60,0.0,0.0,TRES-1__2026-08-06,0.0
0.0,0.0,61,0.0,0.0,TRES-1__2026-08-06,0.0
0.0,0.0,62,0.0,0.0,TRES-1__2026-08-06,0.0
0.0,0.0,63,0.0,0.0,TRES-1__2026-08-06,0.0
0.0,0.0,64,0.0,0.0,TRES-1__2026-08-06,0.0
0.0,0.0,65,0.0,0.0,TRES-1__2026-08-06,0.0
0.0,0.0,66,0.0,0.0,TRES-1__2026-08-06,0.0
0.0,0.0,67,0.0,0.0,TRES-1__2026-08-06,0.0
0.0,0.0,68,0.0,0.0,TRES-1__2026-08-06,0.0
0.0,0.0,69,0.0,0.0,TRES-1__2026-08-06,0.0
0.0,0.0,70,0.0,0.0,TRES-1__2026-08-06,0.0
0.0,0.0,71,0.0,0.0,TRES-1__2026-08-06,0.0
0.0,0.0,72,0.0,0.0,TRES-1__2026-08-06,0.0
0.0,0.0,73,0.0,0.0,TRES-1__2026-08-06,0.0
0.0,0.0,74,0.0,0.0,TRES-1__2026-08-06,0.0
0.0,0.0,75,0.0,0.0,TRES-1__2026-08-06,0.0
0.0,0.0,76,0.0,0.0,TRES-1__2026-08-06,0.0
0.0,0.0,77,0.0,0.0,TRES-1__2026-08-06,0.0
0.0,0.0,78,0.0,0.0,TRES-1__2026-08-06,0.0
0.0,0.0,79,0.0,0.0,TRES-1__2026-08-06,0.0
0.0,0.0,80,0.0,0.0,TRES-1__2026-08-06,0.0
0.0,0.0,81,0.0,0.0,TRES-1__2026-08-06,0.0
0.0,0.0,82,0.0,0.0,TRES-1__2026-08-06,0.0
0.0,0.0,83,0.0,0.0,TRES-1__2026-08-06,0.0
0.0,0.0,84,0.0,0.0,TRES-1__2026-08-06,0.0
0.0,0.0,85,0.0,0.0,TRES-1__2026-08-06,0.0
0.0,0.0,86,0.0,0.0,TRES-1__2026-08-06,0.0
0.0,0.0,87,0.0,0.0,TRES-1__2026-08-06,0.0
0.0,0.0,88,0.0,0.0,TRES-1__2026-08-06,0.0
0.0,0.0,89,0.0,0.0,TRES-1__2026-08-06,0.0
0.0,0.0,90,0.0,0.0,TRES-1__2026-08-06,0.0
0.0,0.0,0,0.0,0.0,TRES-3__2026-08-10,126.38375483339561
0.0,0.0,1,0.0,0.0,TRES-3__2026-08-10,126.38375483339561
0.0,0.0,2,0.0,0.0,TRES-3__2026-08-10,126.38375483339561
0.0,0.0,3,0.0,0.0,TRES-3__2026-08-10,126.38375483339561
0.0,0.0,4,0.0,0.0,TRES-3__2026-08-10,126.38375483339561
0.0,0.0,5,0.0,0.0,TRES-3__2026-08-10,126.38375483339561
0.0,0.0,6,0.0,0.0,TRES-3__2026-08-10,126.38375483339561
0.0,0.0,7,0.0,0.0,TRES-3__2026-08-10,126.38375483339561
0.0,0.0,8,0.0,0.0,TRES-3__2026-08-10,126.38375483339561
0.0,0.0,9,0.0,0.0,TRES-3__2026-08-10,126.38375483339561
0.0,0.0,10,0.0,0.0,TRES-3__2026-08-10,126.38375483339561
0.0,0.0,11,0.0,0.0,TRES-3__2026-08-10,126.38375483339561
0.0,0.0,12,0.0,0.0,TRES-3__2026-08-10,126.38375483339561
0.0,0.0,13,0.0,0.0,TRES-3__2026-08-10,126.38375483339561
0.0,0.0,14,0.0,0.0,TRES-3__2026-08-10,126.38375483339561
0.0,0.0,15,0.0,0.0,TRES-3__2026-08-10,126.38375483339561
0.0,0.0,16,0.0,0.0,TRES-3__2026-08-10,126.38375483339561
0.0,0.0,17,0.0,0.0,TRES-3__2026-08-10,126.38375483339561
0.0,0.0,18,0.0,0.0,TRES-3__2026-08-10,126.38375483339561
0.0,0.0,19,0.0,0.0,TRES-3__2026-08-10,126.38375483339561
0.06788854822047793,-1.5418486142684018,20,0.06788854822047793,-1.5418486142684018,TRES-3__2026-08-10,126.38375483339561
4.895300330862765,-0.8808173738557968,21,4.963188879083243,-2.4226659881241988,TRES-3__2026-08-10,126.38375483339561
-0.4588486037648032,2.8018304430371233,22,4.50434027531844,0.3791644549129245,TRES-3__2026-08-10,126.38375483339561
4.456317492796878,-0.5541095264060326,23,8.960657768115318,-0.17494507149310812,TRES-3__2026-08-10,126.38375483339561
-1.206625577197996,-1.257158923433709,24,7.754032190917322,-1.432103994926817,TRES-3__2026-08-10,126.38375483339561
3.3776074525600164,-1.6225809858212652,25,11.131639643477339,-3.0546849807480823,TRES-3__2026-08-10,126.38375483339561
-0.2495848363210231,-2.2398992807136855,26,10.882054807156315,-5.294584261461768,TRES-3__2026-08-10,126.38375483339561
0.5167162649584311,2.0938761262899406,27,11.398771072114746,-3.2007081351718276,TRES-3__2026-08-10,126.38375483339561
4.484864275062182,3.7980590880747296,28,15.883635347176927,0.597350952902902,TRES-3__2026-08-10,126.38375483339561
2.9457925726642555,-2.2424807976368744,29,18.829427919841184,-1.6451298447339724,TRES-3__2026-08-10,126.38375483339561
-0.5367167456191076,-0.9291340206030446,30,18.292711174222077,-2.574263865337017,TRES-3__2026-08-10,126.38375483339561
0.2786233006234422,-2.5455266690605693,31,18.57133447484552,-5.119790534397586,TRES-3__2026-08-10,126.38375483339561
0.5812150244975898,0.7954641563423615,32,19.15254949934311,-4.324326378055225,TRES-3__2026-08-10,126.38375483339561
4.421190176614391,4.561129456828325,33,23.5737396759575,0.23680307877310014,TRES-3__2026-08-10,126.38375483339561
-1.6706318084992082,2.3509250929452996,34,21.903107867458292,2.5877281717183998,TRES-3__2026-08-10,126.38375483339561
1.8170952273834957,-0.09959929428719731,35,23.72020309484179,2.4881288774312025,TRES-3__2026-08-10,126.38375483339561
3.368043688839651,-2.5411219331830694,36,27.08824678368144,-0.05299305575186697,TRES-3__2026-08-10,126.38375483339561
0.14014362307293055,4.707507751146946,37,27.22839040675437,4.654514695395079,TRES-3__2026-08-10,126.38375483339561
1.6945894563776245,-3.753730524652566,38,28.922979863131996,0.9007841707425133,TRES-3__2026-08-10,126.38375483339561
2.0685106357215806,0.2555461967102898,39,30.991490498853576,1.156330367452803,TRES-3__2026-08-10,126.38375483339561
-0.6256508365198219,-2.2909198210917143,40,30.365839662333755,-1.1345894536389114,TRES-3__2026-08-10,126.38375483339561
2.1957963157958207,4.002951794961675,41,32.56163597812957,2.8683623413227632,TRES-3__2026-08-10,126.38375483339561
0.4490163706671401,2.0574550976459016,42,33.01065234879671,4.925817438968664,TRES-3__2026-08-10,126.38375483339561
2.938161694880045,-1.6141320948642488,43,35.948814043676755,3.311685344104416,TRES-3__2026-08-10,126.38375483339561
5.312775597745589,-4.0658315768036335,44,41.26158964142235,-0.7541462326992177,TRES-3__2026-08-10,126.38375483339561
1.5275440137906129,8.800253899820882,45,42.78913365521296,8.046107667121664,TRES-3__2026-08-10,126.38375483339561
2.351828318879237,-2.905254764306162,46,45.14096197409219,5.140852902815501,TRES-3__2026-08-10,126.38375483339561
4.087069845698963,0.5431749120982055,47,49.228031819791155,5.684027814913707,TRES-3__2026-08-10,126.38375483339561
-0.35112782994389385,-2.4986473683374415,48,48.876903989847264,3.185380446576265,TRES-3__2026-08-10,126.38375483339561
-0.23782501047421023,4.073842747173971,49,48.63907897937305,7.259223193750236,TRES-3__2026-08-10,126.38375483339561
2.1525839209404194,-1.5631020427127797,50,50.791662900313476,5.696121151037456,TRES-3__2026-08-10,126.38375483339561
3.9022855016355646,-0.9929077539111365,51,54.693948401949044,4.703213397126319,TRES-3__2026-08-10,126.38375483339561
3.9113936823291735,4.088409262353915,52,58.60534208427822,8.791622659480234,TRES-3__2026-08-10,126.38375483339561
-1.067945130752016,3.7672526847041614,53,57.537396953526205,12.558875344184395,TRES-3__2026-08-10,126.38375483339561
3.485031854096762,-1.8420004072270362,54,61.022428807622966,10.716874936957359,TRES-3__2026-08-10,126.38375483339561
1.123324678754331,3.401086492750133,55,62.145753486377295,14.117961429707492,TRES-3__2026-08-10,126.38375483339561
0.47764702231494965,-1.5336813204233928,56,62.62340050869224,12.5842801092841,TRES-3__2026-08-10,126.38375483339561
1.1261428628440717,-1.2252026694236953,57,63.74954337153631,11.359077439860405,TRES-3__2026-08-10,126.38375483339561
0.46877627485027556,4.217336570972783,58,64.21831964638659,15.576414010833188,TRES-3__2026-08-10,126.38375483339561
16.317838201406968,20.59125805179338,59,80.53615784779356,36.167672062626565,TRES-3__2026-08-10,126.38375483339561
8.289074307033285,4.083812891477137,60,88.82523215482685,40.2514849541037,TRES-3__2026-08-10,126.38375483339561
6.836081977415395,-23.389127864487914,61,95.66131413224224,16.862357089615788,TRES-3__2026-08-10,126.38375483339561
1.2972884358614325,24.31453137717,62,96.95860256810367,41.17688846678578,TRES-3__2026-08-10,126.38375483339561
4.320408439084978,-0.009339976029658185,63,101.27901100718864,41.167548490756126,TRES-3__2026-08-10,126.38375483339561
0.4172643567841439,-4.037833550035977,64,101.69627536397279,37.12971494072015,TRES-3__2026-08-10,126.38375483339561
4.0547046951525925,4.29276649003265,65,105.75098005912538,41.422481430752796,TRES-3__2026-08-10,126.38375483339561
3.7949314178935354,-22.47509487728662,66,109.54591147701892,18.947386553466178,TRES-3__2026-08-10,126.38375483339561
1.277610401111087,21.22055277670079,67,110.82352187813001,40.167939330166966,TRES-3__2026-08-10,126.38375483339561
2.3769107587581515,-16.777419658824833,68,113.20043263688817,23.390519671342133,TRES-3__2026-08-10,126.38375483339561
5.524688997664498,19.936134695785295,69,118.72512163455266,43.32665436712743,TRES-3__2026-08-10,126.38375483339561
0.0,0.0,0,0.0,0.0,TRES-3__2026-08-14,22.105327490260777
-2.9795102929233854,-2.5108288739711155,1,-2.9795102929233854,-2.5108288739711155,TRES-3__2026-08-14,22.105327490260777
0.8099332546180592,-1.9506861620423983,2,-2.1695770383053263,-4.461515036013514,TRES-3__2026-08-14,22.105327490260777
-0.042755823041220525,1.3623225804925974,3,-2.212332861346547,-3.099192455520917,TRES-3__2026-08-14,22.105327490260777
-0.9549329140979711,1.0700509315090387,4,-3.167265775444518,-2.0291415240118784,TRES-3__2026-08-14,22.105327490260777
2.134647431918731,-0.7330257911791174,5,-1.0326183435257867,-2.762167315190996,TRES-3__2026-08-14,22.105327490260777
-0.3371861535805948,-1.5278388536648704,6,-1.3698044971063816,-4.290006168855866,TRES-3__2026-08-14,22.105327490260777
-1.0276719810332915,-0.25237384694234266,7,-2.397476478139673,-4.542380015798209,TRES-3__2026-08-14,22.105327490260777
1.2007291967572036,-0.2822686205547836,8,-1.1967472813824693,-4.824648636352992,TRES-3__2026-08-14,22.105327490260777
-0.25459446248091,0.02458242708726652,9,-1.4513417438633793,-4.800066209265726,TRES-3__2026-08-14,22.105327490260777
-2.143729482419393,-0.8710695880559629,10,-3.595071226282772,-5.671135797321689,TRES-3__2026-08-14,22.105327490260777
0.39970211391047716,-0.5288988102639318,11,-3.195369112372295,-6.200034607585621,TRES-3__2026-08-14,22.105327490260777
1.0703206179239815,-0.40752664944497785,12,-2.1250484944483135,-6.607561257030599,TRES-3__2026-08-14,22.105327490260777
2.1051807290913236,0.8406301870045636,13,-0.019867765356989864,-5.766931070026035,TRES-3__2026-08-14,22.105327490260777
-0.3431740103210458,-0.6474313190184552,14,-0.36304177567803564,-6.4143623890444905,TRES-3__2026-08-14,22.105327490260777
-0.8315142623981397,0.607956430305799,15,-1.1945560380761755,-5.806405958738692,TRES-3__2026-08-14,22.105327490260777
-0.37871623236222357,-3.029808344084211,16,-1.573272270438399,-8.836214302822903,TRES-3__2026-08-14,22.105327490260777
0.4429018967824912,0.9029280769329692,17,-1.1303703736559079,-7.933286225889933,TRES-3__2026-08-14,22.105327490260777
-6.573278748740783,-2.5285115001960574,18,-7.703649122396691,-10.46179772608599,TRES-3__2026-08-14,22.105327490260777
1.1971497546562668,0.7905865303357764,19,-6.506499367740425,-9.671211195750214,TRES-3__2026-08-14,22.105327490260777
-0.17636104190270785,0.3273716448795999,20,-6.6828604096431325,-9.343839550870614,TRES-3__2026-08-14,22.105327490260777
3.10936473774248,-0.8079495577933158,21,-3.5734956719006528,-10.15178910866393,TRES-3__2026-08-14,22.105327490260777
-0.23808959650409223,-1.2421340042006082,22,-3.811585268404745,-11.393923112864538,TRES-3__2026-08-14,22.105327490260777
0.7222316014550201,-0.41284870281818925,23,-3.089353666949725,-11.806771815682728,TRES-3__2026-08-14,22.105327490260777
-0.08204097166474886,-0.6590123093916466,24,-3.1713946386144736,-12.465784125074375,TRES-3__2026-08-14,22.105327490260777
0.24874223092981373,0.00804481061921234,25,-2.9226524076846596,-12.457739314455162,TRES-3__2026-08-14,22.105327490260777
1.2429918326962281,-2.4627334607719824,26,-1.6796605749884315,-14.920472775227145,TRES-3__2026-08-14,22.105327490260777
-1.6970771318895095,-0.034594253438241886,27,-3.376737706877941,-14.955067028665386,TRES-3__2026-08-14,22.105327490260777
0.7885658688361635,-1.9664167654480293,28,-2.5881718380417773,-16.921483794113417,TRES-3__2026-08-14,22.105327490260777
2.190711831070844,0.6517760076004434,29,-0.3974600069709333,-16.269707786512974,TRES-3__2026-08-14,22.105327490260777
-0.8946307778637161,0.06400728656263138,30,-1.2920907848346495,-16.205700499950343,TRES-3__2026-08-14,22.105327490260777
0.8046615508770742,-1.0233493052756957,31,-0.4874292339575752,-17.229049805226037,TRES-3__2026-08-14,22.105327490260777
2.865836235716946,-0.7793175462351223,32,2.3784070017593706,-18.00836735146116,TRES-3__2026-08-14,22.105327490260777
-2.9571764698174445,-1.4987499470041008,33,-0.5787694680580739,-19.50711729846526,TRES-3__2026-08-14,22.105327490260777
0.7241117208459084,-1.7857624130795227,34,0.14534225278783441,-21.292879711544785,TRES-3__2026-08-14,22.105327490260777
3.2143453843947754,6.228722554158808,35,3.35968763718261,-15.064157157385978,TRES-3__2026-08-14,22.105327490260777
1.8274937847982062,-1.5750473831438305,36,5.187181421980816,-16.639204540529807,TRES-3__2026-08-14,22.105327490260777
-0.003411529075933659,-1.4799130480664764,37,5.183769892904882,-18.119117588596282,TRES-3__2026-08-14,22.105327490260777
1.4870932897179319,-0.8296468894527629,38,6.670863182622814,-18.948764478049046,TRES-3__2026-08-14,22.105327490260777
-0.7992954907320381,-0.1269737250252361,39,5.871567691890776,-19.075738203074284,TRES-3__2026-08-14,22.105327490260777
0.9535880606797367,-1.545630338185702,40,6.825155752570513,-20.621368541259987,TRES-3__2026-08-14,22.105327490260777
-3.1118933575377263,-0.8570404584253505,41,3.7132623950327868,-21.478408999685335,TRES-3__2026-08-14,22.105327490260777
3.0129298955078214,2.2042651978504058,42,6.726192290540608,-19.27414380183493,TRES-3__2026-08-14,22.105327490260777
3.788208975132564,-3.587305544225442,43,10.514401265673172,-22.861449346060372,TRES-3__2026-08-14,22.105327490260777
-0.36216020250057934,9.720200350267604,44,10.152241063172593,-13.141248995792768,TRES-3__2026-08-14,22.105327490260777
0.0,0.0,45,10.152241063172593,-13.141248995792768,TRES-3__2026-08-14,22.105327490260777
0.0,0.0,46,10.152241063172593,-13.141248995792768,TRES-3__2026-08-14,22.105327490260777
2.0784082930954106,-1.70590523307558,47,12.230649356268003,-14.847154228868348,TRES-3__2026-08-14,22.105327490260777
2.281405430266133,-2.6431739295746945,48,14.512054786534136,-17.49032815844304,TRES-3__2026-08-14,22.105327490260777
2.0536416117707983,-1.7408633672993588,49,16.565696398304937,-19.2311915257424,TRES-3__2026-08-14,22.105327490260777
-3.088961314487375,1.709116450789672,50,13.476735083817562,-17.522075074952728,TRES-3__2026-08-14,22.105327490260777
0.0,0.0,0,0.0,0.0,TRES-3__2026-08-27,101.90226139976313
-2.920681573733345,-25.41694696543214,1,-2.920681573733345,-25.41694696543214,TRES-3__2026-08-27,101.90226139976313
0.7351292308928543,-2.880019213839277,2,-2.1855523428404906,-28.296966179271415,TRES-3__2026-08-27,101.90226139976313
1.8660329270636566,-0.4028502670698944,3,-0.31951941577683396,-28.69981644634131,TRES-3__2026-08-27,101.90226139976313
2.3951837716514133,2.520603543939448,4,2.0756643558745793,-26.17921290240186,TRES-3__2026-08-27,101.90226139976313
-1.5973228475676178,-0.21844500723381358,5,0.47834150830696154,-26.397657909635676,TRES-3__2026-08-27,101.90226139976313
-0.1142244968586121,-0.7785906872660847,6,0.3641170114483494,-27.17624859690176,TRES-3__2026-08-27,101.90226139976313
2.911868148733268,-2.417459969685953,7,3.2759851601816177,-29.593708566587715,TRES-3__2026-08-27,101.90226139976313
-0.5176480927935166,-1.7691144415394453,8,2.758337067388101,-31.36282300812716,TRES-3__2026-08-27,101.90226139976313
-0.5480080794213755,4.411575103955272,9,2.2103289879667254,-26.95124790417189,TRES-3__2026-08-27,101.90226139976313
2.307552843442754,0.044879384271753926,10,4.517881831409479,-26.906368519900134,TRES-3__2026-08-27,101.90226139976313
3.9246726299653862,0.19984480464009752,11,8.442554461374865,-26.706523715260037,TRES-3__2026-08-27,101.90226139976313
2.0568543139069906,-1.4360981117259697,12,10.499408775281855,-28.142621826986005,TRES-3__2026-08-27,101.90226139976313
-1.7944549964253538,-1.42230845512806,13,8.704953778856503,-29.564930282114066,TRES-3__2026-08-27,101.90226139976313
3.4335542235381964,4.033554613493603,14,12.1385080023947,-25.531375668620463,TRES-3__2026-08-27,101.90226139976313
1.8789412056239245,3.640143267144333,15,14.017449208018624,-21.89123240147613,TRES-3__2026-08-27,101.90226139976313
-1.8573095012584004,-2.113462705470009,16,12.160139706760223,-24.00469510694614,TRES-3__2026-08-27,101.90226139976313
0.8997843625236346,-0.7279291818618805,17,13.059924069283857,-24.732624288808022,TRES-3__2026-08-27,101.90226139976313
4.881831523180311,-2.833707359087683,18,17.94175559246417,-27.566331647895705,TRES-3__2026-08-27,101.90226139976313
-0.14421485712424217,3.927006400877895,19,17.797540735339926,-23.63932524701781,TRES-3__2026-08-27,101.90226139976313
2.285541040975006,-1.8419193702733967,20,20.08308177631493,-25.481244617291203,TRES-3__2026-08-27,101.90226139976313
-1.5875337646051102,-1.0461291806404525,21,18.495548011709822,-26.527373797931656,TRES-3__2026-08-27,101.90226139976313
3.4283833773528465,1.4480295622710477,22,21.92393138906267,-25.079344235660606,TRES-3__2026-08-27,101.90226139976313
3.5855014773186102,-5.867007285594942,23,25.50943286638128,-30.946351521255547,TRES-3__2026-08-27,101.90226139976313
-1.6691784853266745,7.099487823931346,24,23.840254381054606,-23.846863697324203,TRES-3__2026-08-27,101.90226139976313
3.051682474359442,-1.6466589951358883,25,26.89193685541405,-25.49352269246009,TRES-3__2026-08-27,101.90226139976313
2.9168786029786733,-1.1961290424997788,26,29.808815458392722,-26.689651734959867,TRES-3__2026-08-27,101.90226139976313
1.3795775826839363,-1.0929789825971503,27,31.188393041076658,-27.782630717557016,TRES-3__2026-08-27,101.90226139976313
1.6058619397112945,2.7211348193137046,28,32.794254980787954,-25.06149589824331,TRES-3__2026-08-27,101.90226139976313
-0.1159535539525513,-0.9025515509257905,29,32.678301426835404,-25.9640474491691,TRES-3__2026-08-27,101.90226139976313
0.3262492845407742,-3.035934284452795,30,33.004550711376176,-28.999981733621894,TRES-3__2026-08-27,101.90226139976313
6.591706945930699,2.4975419457980235,31,39.59625765730688,-26.50243978782387,TRES-3__2026-08-27,101.90226139976313
-0.40528314726984066,3.833156342415068,32,39.19097451003704,-22.6692834454088,TRES-3__2026-08-27,101.90226139976313
4.434342792645467,-2.2361900082225876,33,43.625317302682504,-24.905473453631387,TRES-3__2026-08-27,101.90226139976313
3.0586418809345735,1.0729454238129743,34,46.68395918361708,-23.832528029818413,TRES-3__2026-08-27,101.90226139976313
-0.6176318057529507,2.468899148294758,35,46.06632737786413,-21.363628881523653,TRES-3__2026-08-27,101.90226139976313
4.186873661487954,-1.0165486175485192,36,50.25320103935208,-22.380177499072172,TRES-3__2026-08-27,101.90226139976313
2.0288425539172423,0.5976718094664819,37,52.28204359326932,-21.78250568960569,TRES-3__2026-08-27,101.90226139976313
1.2465204151596665,-1.9964389142615855,38,53.52856400842899,-23.778944603867274,TRES-3__2026-08-27,101.90226139976313
0.24592576674470876,5.083774539675709,39,53.7744897751737,-18.695170064191565,TRES-3__2026-08-27,101.90226139976313
3.429080127217599,4.49230978378744,40,57.203569902391294,-14.202860280404124,TRES-3__2026-08-27,101.90226139976313
2.201538631675001,-1.877779691359187,41,59.405108534066294,-16.08063997176331,TRES-3__2026-08-27,101.90226139976313
0.8030529213217057,0.4196339356426063,42,60.208161455388,-15.661006036120705,TRES-3__2026-08-27,101.90226139976313
1.2001317058400787,1.596812483389165,43,61.40829316122808,-14.06419355273154,TRES-3__2026-08-27,101.90226139976313
1.4070644512213246,-1.6705227690506055,44,62.815357612449404,-15.734716321782145,TRES-3__2026-08-27,101.90226139976313
2.4378945038009445,6.934347921948018,45,65.25325211625035,-8.800368399834127,TRES-3__2026-08-27,101.90226139976313
1.0992270566118179,-3.583980405163021,46,66.35247917286218,-12.384348804997149,TRES-3__2026-08-27,101.90226139976313
2.4681835810929442,-1.6129339400410168,47,68.82066275395512,-13.997282745038166,TRES-3__2026-08-27,101.90226139976313
0.776734523073847,3.6445707697109944,48,69.59739727702896,-10.352711975327171,TRES-3__2026-08-27,101.90226139976313
6.2893753637317475,-2.194981721499629,49,75.88677264076071,-12.5476936968268,TRES-3__2026-08-27,101.90226139976313
1.7861135103579733,-2.435062218695389,50,77.67288615111869,-14.982755915522189,TRES-3__2026-08-27,101.90226139976313
-3.2532463442475854,8.645025417449453,51,74.4196398068711,-6.337730498072736,TRES-3__2026-08-27,101.90226139976313
5.9026143063551695,-1.9871453684850424,52,80.32225411322628,-8.324875866557779,TRES-3__2026-08-27,101.90226139976313
0.7286597545543659,-2.3407817460407445,53,81.05091386778065,-10.665657612598523,TRES-3__2026-08-27,101.90226139976313
-0.08895063498798154,6.076906266767937,54,80.96196323279267,-4.588751345830586,TRES-3__2026-08-27,101.90226139976313
2.48386730251097,-2.0320859317192363,55,83.44583053530364,-6.620837277549822,TRES-3__2026-08-27,101.90226139976313
2.506989608779701,-3.511916557876875,56,85.95282014408335,-10.132753835426698,TRES-3__2026-08-27,101.90226139976313
2.3257617904023404,4.059100850791368,57,88.27858193448569,-6.07365298463533,TRES-3__2026-08-27,101.90226139976313
-0.5770538118764256,1.3292646140693853,58,87.70152812260926,-4.744388370565945,TRES-3__2026-08-27,101.90226139976313
3.8991887079862293,3.939244977764797,59,91.60071683059549,-0.8051433928011478,TRES-3__2026-08-27,101.90226139976313
2.266432447330353,-3.895645090716191,60,93.86714927792585,-4.700788483517339,TRES-3__2026-08-27,101.90226139976313
0.637464865105962,-3.666064000815919,61,94.50461414303182,-8.366852484333258,TRES-3__2026-08-27,101.90226139976313
1.107925695581629,8.222165742651223,62,95.61253983861344,-0.144686741682035,TRES-3__2026-08-27,101.90226139976313
0.1563919434074359,-3.4645975092859373,63,95.76893178202089,-3.6092842509679723,TRES-3__2026-08-27,101.90226139976313
5.784098394165938,-1.8971996854252244,64,101.55303017618682,-5.506483936393197,TRES-3__2026-08-27,101.90226139976313
-1.3150661588056847,3.26238109808805,65,100.23796401738115,-2.244102838305147,TRES-3__2026-08-27,101.90226139976313
-0.03708391715619183,0.9304493285709795,66,100.20088010022495,-1.3136535097341673,TRES-3__2026-08-27,101.90226139976313
1.452612800251441,-0.06290771058765758,67,101.6534929004764,-1.376561220321825,TRES-3__2026-08-27,101.90226139976313
1.553528180061766,-4.106318273516449,68,103.20702108053815,-5.482879493838274,TRES-3__2026-08-27,101.90226139976313
-1.3212610178446877,3.649092474331095,69,101.88576006269346,-1.833787019507179,TRES-3__2026-08-27,101.90226139976313
0.0,0.0,0,0.0,0.0,TRES-3__2026-08-31,87.9949220625964
23.53227252543972,2.4428604827416507,1,23.53227252543972,2.4428604827416507,TRES-3__2026-08-31,87.9949220625964
1.1396098317941292,-0.41120124022980015,2,24.671882357233848,2.0316592425118505,TRES-3__2026-08-31,87.9949220625964
-4.7193342912888605,2.2272781334380025,3,19.95254806594499,4.258937375949853,TRES-3__2026-08-31,87.9949220625964
2.1234728774891622,0.03841745702558764,4,22.076020943434152,4.297354832975441,TRES-3__2026-08-31,87.9949220625964
0.48491728792018574,-1.7134312070546383,5,22.56093823135434,2.5839236259208027,TRES-3__2026-08-31,87.9949220625964
-0.27323310438006215,-1.3291758539245893,6,22.287705126974277,1.2547477719962135,TRES-3__2026-08-31,87.9949220625964
-1.0450642470078715,-0.20249930579016862,7,21.242640879966405,1.052248466206045,TRES-3__2026-08-31,87.9949220625964
-4.433873968680338,0.6276270743199142,8,16.808766911286067,1.679875540525959,TRES-3__2026-08-31,87.9949220625964
0.6809525468175066,0.6532816037415468,9,17.489719458103576,2.333157144267506,TRES-3__2026-08-31,87.9949220625964
0.6946376829559956,-1.0601367169302942,10,18.18435714105957,1.2730204273372117,TRES-3__2026-08-31,87.9949220625964
3.5949927088905573,-1.320136786629453,11,21.77934984995013,-0.04711635929224145,TRES-3__2026-08-31,87.9949220625964
-3.6973931393188932,0.2814464570435868,12,18.081956710631236,0.23433009775134533,TRES-3__2026-08-31,87.9949220625964
2.180937328821914,-1.0564450061839779,13,20.26289403945315,-0.8221149084326325,TRES-3__2026-08-31,87.9949220625964
-0.43665297106474554,1.172142659228875,14,19.826241068388406,0.3500277507962426,TRES-3__2026-08-31,87.9949220625964
0.0,0.0,15,19.826241068388406,0.3500277507962426,TRES-3__2026-08-31,87.9949220625964
-2.864053173938653,-2.4114195739998454,16,16.96218789444975,-2.0613918232036026,TRES-3__2026-08-31,87.9949220625964
1.7724828592968354,-0.6105700746285141,17,18.734670753746588,-2.6719618978321167,TRES-3__2026-08-31,87.9949220625964
3.288144340459357,-1.4671838174898317,18,22.022815094205946,-4.139145715321948,TRES-3__2026-08-31,87.9949220625964
0.10142281914172697,-0.2511066623703876,19,22.124237913347674,-4.390252377692336,TRES-3__2026-08-31,87.9949220625964
0.07169246450218372,0.6782256462498804,20,22.19593037784986,-3.7120267314424558,TRES-3__2026-08-31,87.9949220625964
-0.5270250773320557,-0.11203366378352754,21,21.668905300517803,-3.8240603952259833,TRES-3__2026-08-31,87.9949220625964
1.116517020531978,5.354413963936389,22,22.785422321049783,1.5303535687104053,TRES-3__2026-08-31,87.9949220625964
1.1221683993993214,-2.5894022321952406,23,23.907590720449104,-1.0590486634848353,TRES-3__2026-08-31,87.9949220625964
0.4106432243027863,0.17890582310872258,24,24.31823394475189,-0.8801428403761127,TRES-3__2026-08-31,87.9949220625964
2.8325377515705505,-0.6810997330720235,25,27.15077169632244,-1.561242573448136,TRES-3__2026-08-31,87.9949220625964
-0.04483002086009041,-1.5754845677878224,26,27.10594167546235,-3.1367271412359585,TRES-3__2026-08-31,87.9949220625964
0.24851373191583348,0.25589324919994433,27,27.354455407378182,-2.8808338920360144,TRES-3__2026-08-31,87.9949220625964
0.42673953132326586,-2.961572068720599,28,27.78119493870145,-5.842405960756613,TRES-3__2026-08-31,87.9949220625964
2.80362770747299,3.7458019040356407,29,30.58482264617444,-2.0966040567209725,TRES-3__2026-08-31,87.9949220625964
0.43787304709553554,-1.1673193713082575,30,31.022695693269977,-3.26392342802923,TRES-3__2026-08-31,87.9949220625964
0.4721763516636557,2.8767932437419512,31,31.494872044933633,-0.38713018428727874,TRES-3__2026-08-31,87.9949220625964
-1.3264515303970992,2.6482529837401776,32,30.168420514536535,2.261122799452899,TRES-3__2026-08-31,87.9949220625964
4.719129363277915,-1.23895677930755,33,34.88754987781445,1.0221660201453489,TRES-3__2026-08-31,87.9949220625964
0.21376294176907948,3.0819078564718585,34,35.10131281958353,4.104073876617207,TRES-3__2026-08-31,87.9949220625964
2.394775204961044,-2.185331150788221,35,37.49608802454457,1.9187427258289858,TRES-3__2026-08-31,87.9949220625964
-0.20602347312486982,-3.9052801833701554,36,37.2900645514197,-1.9865374575411696,TRES-3__2026-08-31,87.9949220625964
1.0132680490615213,0.6460339238415647,37,38.30333260048122,-1.340503533699605,TRES-3__2026-08-31,87.9949220625964
3.0306570200390284,3.3765687505936004,38,41.33398962052025,2.0360652168939954,TRES-3__2026-08-31,87.9949220625964
-1.8652850056041042,-1.3189020619978842,39,39.46870461491614,0.7171631548961113,TRES-3__2026-08-31,87.9949220625964
4.040330456908899,-2.811149816762428,40,43.50903507182504,-2.0939866618663165,TRES-3__2026-08-31,87.9949220625964
4.600586159425939,-0.38967376589563063,41,48.109621231250976,-2.483660427761947,TRES-3__2026-08-31,87.9949220625964
-0.11311329182263487,-2.0679137075185796,42,47.99650793942834,-4.551574135280527,TRES-3__2026-08-31,87.9949220625964
-1.9566791082267756,6.220943510472454,43,46.03982883120157,1.669369375191927,TRES-3__2026-08-31,87.9949220625964
2.13006910257533,-0.15032684322286044,44,48.169897933776895,1.5190425319690666,TRES-3__2026-08-31,87.9949220625964
1.8598091428815648,-0.7954104303937103,45,50.02970707665846,0.7236321015753563,TRES-3__2026-08-31,87.9949220625964
3.541024878409033,-0.8921901571655545,46,53.570731955067494,-0.1685580555901982,TRES-3__2026-08-31,87.9949220625964
-1.8055022534611433,-1.2792784708218956,47,51.76522970160635,-1.4478365264120938,TRES-3__2026-08-31,87.9949220625964
4.136151363695483,7.515907077516949,48,55.901381065301834,6.068070551104855,TRES-3__2026-08-31,87.9949220625964
3.628054342129536,-0.5069501821450995,49,59.52943540743137,5.561120368959755,TRES-3__2026-08-31,87.9949220625964
-1.9412086533271589,-2.7253801487569294,50,57.58822675410421,2.8357402202028257,TRES-3__2026-08-31,87.9949220625964
3.4214834073451144,-0.8976397758644963,51,61.00971016144933,1.9381004443383294,TRES-3__2026-08-31,87.9949220625964
-1.2044217463455187,1.0895990104784654,52,59.80528841510381,3.027699454816795,TRES-3__2026-08-31,87.9949220625964
-0.39289223811255747,5.21876435351339,53,59.41239617699125,8.246463808330185,TRES-3__2026-08-31,87.9949220625964
1.9788521941953097,-2.747453982693474,54,61.39124837118656,5.499009825636712,TRES-3__2026-08-31,87.9949220625964
1.8060971569135396,-1.7580440445748238,55,63.1973455281001,3.740965781061888,TRES-3__2026-08-31,87.9949220625964
0.7162105400549801,-1.9629520705384997,56,63.91355606815508,1.7780137105233884,TRES-3__2026-08-31,87.9949220625964
1.9682634891777269,6.969978546838611,57,65.8818195573328,8.747992257362,TRES-3__2026-08-31,87.9949220625964
1.7239504591070194,-2.588200180026316,58,67.60577001643982,6.159792077335684,TRES-3__2026-08-31,87.9949220625964
1.1091405722663745,2.25829795894653,59,68.71491058870619,8.418090036282214,TRES-3__2026-08-31,87.9949220625964
0.908268841673111,-1.7856479879857967,60,69.6231794303793,6.632442048296417,TRES-3__2026-08-31,87.9949220625964
-0.3836188716455081,-0.050909638474755825,61,69.23956055873379,6.581532409821661,TRES-3__2026-08-31,87.9949220625964
3.29842931795051,2.5163355021072262,62,72.53798987668429,9.097867911928887,TRES-3__2026-08-31,87.9949220625964
0.20042518664779865,-1.5588940230959094,63,72.7384150633321,7.538973888832977,TRES-3__2026-08-31,87.9949220625964
7.248703687423714,-0.7104037759227824,64,79.98711875075581,6.828570112910195,TRES-3__2026-08-31,87.9949220625964
0.6552166053515792,4.928429249486658,65,80.6423353561074,11.756999362396854,TRES-3__2026-08-31,87.9949220625964
0.6117045188257699,-0.24157032725377534,66,81.25403987493317,11.515429035143079,TRES-3__2026-08-31,87.9949220625964
4.921103989650319,-2.261414502247447,67,86.17514386458349,9.254014532895631,TRES-3__2026-08-31,87.9949220625964
1.336570306059217,-2.814145729617819,68,87.5117141706427,6.439868803277813,TRES-3__2026-08-31,87.9949220625964
-0.9362473199796705,9.301632027080169,69,86.57546685066303,15.741500830357982,TRES-3__2026-08-31,87.9949220625964
0.0,0.0,0,0.0,0.0,TRES-5__2026-08-17,87.19140990383468
-8.449177427666136,18.422466726283698,1,-8.449177427666136,18.422466726283698,TRES-5__2026-08-17,87.19140990383468
14.186184680397469,-18.395897530448085,2,5.737007252731333,0.026569195835612902,TRES-5__2026-08-17,87.19140990383468
-11.328639979281782,13.39326527955698,3,-5.591632726550449,13.419834475392593,TRES-5__2026-08-17,87.19140990383468
16.190626391720322,8.245728045801636,4,10.598993665169873,21.66556252119423,TRES-5__2026-08-17,87.19140990383468
1.6317620634718788,-18.16236421556047,5,12.230755728641752,3.5031983056337594,TRES-5__2026-08-17,87.19140990383468
1.210880957566752,-1.2374281822085962,6,13.441636686208504,2.2657701234251633,TRES-5__2026-08-17,87.19140990383468
1.8514800712758333,0.5659646721698826,7,15.293116757484338,2.831734795595046,TRES-5__2026-08-17,87.19140990383468
0.9537243273179891,-4.285143817802895,8,16.246841084802327,-1.4534090222078495,TRES-5__2026-08-17,87.19140990383468
0.07895710954336277,-0.019601368222208867,9,16.32579819434569,-1.4730103904300584,TRES-5__2026-08-17,87.19140990383468
1.832597806679961,4.9906018827642145,10,18.15839600102565,3.517591492334156,TRES-5__2026-08-17,87.19140990383468
1.388777630662264,0.9478046173943542,11,19.547173631687915,4.46539610972851,TRES-5__2026-08-17,87.19140990383468
-0.49381647965819475,-0.6240856542515326,12,19.05335715202972,3.8413104554769775,TRES-5__2026-08-17,87.19140990383468
1.1630958146227446,-2.2818217981641014,13,20.21645296665246,1.5594886573128761,TRES-5__2026-08-17,87.19140990383468
1.3165413340409604,-1.2894369948349216,14,21.53299430069342,0.27005166247795453,TRES-5__2026-08-17,87.19140990383468
1.6401302233261643,8.669328713503862,15,23.173124524019585,8.939380375981816,TRES-5__2026-08-17,87.19140990383468
1.5410734221624185,-3.128906433895308,16,24.714197946182004,5.810473942086508,TRES-5__2026-08-17,87.19140990383468
-0.9113495705401182,-0.946901961806069,17,23.802848375641886,4.863571980280439,TRES-5__2026-08-17,87.19140990383468
3.1243550478705004,-2.207931603965557,18,26.92720342351239,2.6556403763148824,TRES-5__2026-08-17,87.19140990383468
2.8784601051457446,4.880119344002326,19,29.805663528658133,7.535759720317208,TRES-5__2026-08-17,87.19140990383468
0.7448134496442411,-4.032357876654921,20,30.550476978302374,3.503401843662287,TRES-5__2026-08-17,87.19140990383468
2.3007285636796944,-1.0735277450300942,21,32.85120554198207,2.429874098632193,TRES-5__2026-08-17,87.19140990383468
0.16637337522111606,-1.9172137442845198,22,33.01757891720318,0.5126603543476731,TRES-5__2026-08-17,87.19140990383468
3.050623790083308,6.755108476241291,23,36.06820270728649,7.267768830588964,TRES-5__2026-08-17,87.19140990383468
3.2556504112710782,-2.4000126287510994,24,39.323853118557565,4.867756201837865,TRES-5__2026-08-17,87.19140990383468
-0.3105013748820993,0.9229246869199172,25,39.013351743675464,5.790680888757782,TRES-5__2026-08-17,87.19140990383468
0.85990202824599,4.489110789837823,26,39.873253771921455,10.279791678595604,TRES-5__2026-08-17,87.19140990383468
2.9476534194898463,-3.7583010838859368,27,42.8209071914113,6.521490594709667,TRES-5__2026-08-17,87.19140990383468
1.4196073278418186,0.4037034018906156,28,44.24051451925312,6.925193996600283,TRES-5__2026-08-17,87.19140990383468
-0.43713504661893343,-3.9345184460246068,29,43.803379472634184,2.9906755505756766,TRES-5__2026-08-17,87.19140990383468
2.8219593887274046,3.5782190051959373,30,46.62533886136159,6.568894555771614,TRES-5__2026-08-17,87.19140990383468
0.30312658989891095,1.1500055025171865,31,46.9284654512605,7.7189000582888,TRES-5__2026-08-17,87.19140990383468
2.8854217757566194,-1.703102808079649,32,49.81388722701712,6.015797250209151,TRES-5__2026-08-17,87.19140990383468
1.066721730784631,7.470996068094266,33,50.88060895780175,13.486793318303416,TRES-5__2026-08-17,87.19140990383468
0.21543847986227954,-4.6807128433839935,34,51.096047437664026,8.806080474919423,TRES-5__2026-08-17,87.19140990383468
3.729803603244609,-2.2525357682912173,35,54.82585104090864,6.553544706628205,TRES-5__2026-08-17,87.19140990383468
-0.30736523119249687,-3.433922693814469,36,54.51848580971614,3.1196220128137364,TRES-5__2026-08-17,87.19140990383468
2.0761300800979874,9.74608412356239,37,56.59461588981413,12.865706136376126,TRES-5__2026-08-17,87.19140990383468
1.6316109264617866,-2.1645108717968133,38,58.22622681627592,10.701195264579312,TRES-5__2026-08-17,87.19140990383468
0.25632756895616843,-2.2625205277611515,39,58.482554385232085,8.438674736818161,TRES-5__2026-08-17,87.19140990383468
4.649854223407361,5.7705443970150325,40,63.132408608639444,14.209219133833194,TRES-5__2026-08-17,87.19140990383468
-1.4138749936868775,-2.983852841588826,41,61.71853361495257,11.225366292244368,TRES-5__2026-08-17,87.19140990383468
2.3034731476431274,-1.737914729496246,42,64.0220067625957,9.487451562748122,TRES-5__2026-08-17,87.19140990383468
1.5363479220153395,4.217480758311506,43,65.55835468461103,13.704932321059628,TRES-5__2026-08-17,87.19140990383468
1.3717850477312794,0.5489393793219125,44,66.93013973234231,14.253871700381541,TRES-5__2026-08-17,87.19140990383468
0.21461796304758884,-2.8016436164407064,45,67.1447576953899,11.452228083940835,TRES-5__2026-08-17,87.19140990383468
1.6169566704959843,4.471090226328226,46,68.76171436588588,15.92331831026906,TRES-5__2026-08-17,87.19140990383468
-0.30268334010222525,0.0002580578118975168,47,68.45903102578366,15.923576368080958,TRES-5__2026-08-17,87.19140990383468
1.8953871882518674,1.5972605090551701,48,70.35441821403553,17.52083687713613,TRES-5__2026-08-17,87.19140990383468
-2.1716629685215785,-0.4715322651521454,49,68.18275524551396,17.049304611983985,TRES-5__2026-08-17,87.19140990383468
4.106294847294691,-3.8758624030485254,50,72.28905009280865,13.173442208935459,TRES-5__2026-08-17,87.19140990383468
1.0829110407453546,5.927593761268781,51,73.37196113355401,19.10103597020424,TRES-5__2026-08-17,87.19140990383468
-0.7532174396202072,-1.6443814411178022,52,72.61874369393381,17.45665452908644,TRES-5__2026-08-17,87.19140990383468
2.3436857730349208,-2.541692637355065,53,74.96242946696873,14.914961891731373,TRES-5__2026-08-17,87.19140990383468
8.638679113146228,-16.708990764591444,54,83.60110858011495,-1.7940288728600713,TRES-5__2026-08-17,87.19140990383468
3.52415487166345,-1.6016197362757625,55,87.12526345177841,-3.3956486091358338,TRES-5__2026-08-17,87.19140990383468
0.0,0.0,56,87.12526345177841,-3.3956486091358338,TRES-5__2026-08-17,87.19140990383468
0.0,0.0,57,87.12526345177841,-3.3956486091358338,TRES-5__2026-08-17,87.19140990383468
0.0,0.0,58,87.12526345177841,-3.3956486091358338,TRES-5__2026-08-17,87.19140990383468
0.0,0.0,59,87.12526345177841,-3.3956486091358338,TRES-5__2026-08-17,87.19140990383468
0.0,0.0,60,87.12526345177841,-3.3956486091358338,TRES-5__2026-08-17,87.19140990383468
0.0,0.0,61,87.12526345177841,-3.3956486091358338,TRES-5__2026-08-17,87.19140990383468
0.0,0.0,62,87.12526345177841,-3.3956486091358338,TRES-5__2026-08-17,87.19140990383468
0.0,0.0,63,87.12526345177841,-3.3956486091358338,TRES-5__2026-08-17,87.19140990383468
0.0,0.0,64,87.12526345177841,-3.3956486091358338,TRES-5__2026-08-17,87.19140990383468
0.0,0.0,65,87.12526345177841,-3.3956486091358338,TRES-5__2026-08-17,87.19140990383468
0.0,0.0,66,87.12526345177841,-3.3956486091358338,TRES-5__2026-08-17,87.19140990383468
0.0,0.0,67,87.12526345177841,-3.3956486091358338,TRES-5__2026-08-17,87.19140990383468
0.0,0.0,68,87.12526345177841,-3.3956486091358338,TRES-5__2026-08-17,87.19140990383468
0.0,0.0,69,87.12526345177841,-3.3956486091358338,TRES-5__2026-08-17,87.19140990383468
0.0,0.0,70,87.12526345177841,-3.3956486091358338,TRES-5__2026-08-17,87.19140990383468
0.0,0.0,71,87.12526345177841,-3.3956486091358338,TRES-5__2026-08-17,87.19140990383468
0.0,0.0,72,87.12526345177841,-3.3956486091358338,TRES-5__2026-08-17,87.19140990383468
0.0,0.0,73,87.12526345177841,-3.3956486091358338,TRES-5__2026-08-17,87.19140990383468
0.0,0.0,0,0.0,0.0,TRES-5__2026-08-20,102.81926087011318
0.0,0.0,1,0.0,0.0,TRES-5__2026-08-20,102.81926087011318
0.0,0.0,2,0.0,0.0,TRES-5__2026-08-20,102.81926087011318
0.0,0.0,3,0.0,0.0,TRES-5__2026-08-20,102.81926087011318
1.8456889567599222,0.5817746323210787,4,1.8456889567599222,0.5817746323210787,TRES-5__2026-08-20,102.81926087011318
1.2558049795894617,-0.43161516566370994,5,3.101493936349384,0.1501594666573688,TRES-5__2026-08-20,102.81926087011318
0.8876509083996369,-1.4616485963264332,6,3.9891448447490205,-1.3114891296690643,TRES-5__2026-08-20,102.81926087011318
2.389536399323757,6.59071282337648,7,6.378681244072777,5.279223693707415,TRES-5__2026-08-20,102.81926087011318
1.4693922193125664,0.006352830389035147,8,7.848073463385344,5.2855765240964505,TRES-5__2026-08-20,102.81926087011318
2.282069728731267,-3.128459177656286,9,10.130143192116611,2.1571173464401645,TRES-5__2026-08-20,102.81926087011318
-0.8806047953614423,-0.22201566022322108,10,9.249538396755169,1.9351016862169435,TRES-5__2026-08-20,102.81926087011318
0.23741796954550828,0.1924817725196856,11,9.486956366300676,2.127583458736629,TRES-5__2026-08-20,102.81926087011318
2.054281238804829,0.7566005293977546,12,11.541237605105504,2.884183988134384,TRES-5__2026-08-20,102.81926087011318
-1.6007978404503282,5.108417061537961,13,9.940439764655176,7.992601049672345,TRES-5__2026-08-20,102.81926087011318
2.6577375031154102,-1.379395125865403,14,12.598177267770586,6.613205923806942,TRES-5__2026-08-20,102.81926087011318
0.5862783129792999,-1.2093151328279925,15,13.184455580749885,5.4038907909789495,TRES-5__2026-08-20,102.81926087011318
3.3461294770627528,-1.5744634337495307,16,16.530585057812637,3.829427357229419,TRES-5__2026-08-20,102.81926087011318
2.22860052953729,-1.6959614952843427,17,18.759185587349926,2.1334658619450764,TRES-5__2026-08-20,102.81926087011318
-1.4440307561967394,6.001095169679736,18,17.315154831153187,8.134561031624813,TRES-5__2026-08-20,102.81926087011318
2.0979322823064916,-1.637679886990623,19,19.413087113459678,6.496881144634189,TRES-5__2026-08-20,102.81926087011318
1.9834561116285419,-1.1146810039323194,20,21.39654322508822,5.38220014070187,TRES-5__2026-08-20,102.81926087011318
-1.009382482835653,-3.105607802598965,21,20.387160742252565,2.2765923381029047,TRES-5__2026-08-20,102.81926087011318
2.1674527416725753,2.2509825853734307,22,22.55461348392514,4.527574923476335,TRES-5__2026-08-20,102.81926087011318
1.7733263734022735,4.056061670437098,23,24.327939857327415,8.583636593913432,TRES-5__2026-08-20,102.81926087011318
0.6522867614651491,-1.7206183640486197,24,24.980226618792564,6.863018229864813,TRES-5__2026-08-20,102.81926087011318
3.256755363416388,-0.2255853509568131,25,28.236981982208953,6.637432878907999,TRES-5__2026-08-20,102.81926087011318
-1.0706798652953067,-1.7829217375373148,26,27.166302116913645,4.8545111413706845,TRES-5__2026-08-20,102.81926087011318
0.0,0.0,27,27.166302116913645,4.8545111413706845,TRES-5__2026-08-20,102.81926087011318
4.643300926849055,3.108605400759265,28,31.8096030437627,7.963116542129949,TRES-5__2026-08-20,102.81926087011318
-0.7313169824155358,-0.5905862660940979,29,31.078286061347164,7.372530276035851,TRES-5__2026-08-20,102.81926087011318
1.4449046314920198,-2.41293439360219,30,32.52319069283919,4.9595958824336615,TRES-5__2026-08-20,102.81926087011318
0.14565622746586904,2.9221198777951294,31,32.66884692030506,7.881715760228791,TRES-5__2026-08-20,102.81926087011318
0.0,0.0,32,32.66884692030506,7.881715760228791,TRES-5__2026-08-20,102.81926087011318
5.4501789948276365,-5.600335142041256,33,38.119025915132696,2.2813806181875345,TRES-5__2026-08-20,102.81926087011318
-0.5243430880304819,5.4341414667498045,34,37.59468282710221,7.715522084937339,TRES-5__2026-08-20,102.81926087011318
2.1721982219851914,-0.214677002993828,35,39.7668810490874,7.500845081943511,TRES-5__2026-08-20,102.81926087011318
2.9676612591498204,-1.7641104516595019,36,42.73454230823722,5.736734630284008,TRES-5__2026-08-20,102.81926087011318
0.34245010487811606,-2.6962516421430114,37,43.07699241311534,3.040482988140997,TRES-5__2026-08-20,102.81926087011318
-0.21378643116001197,7.189173807029053,38,42.86320598195533,10.22965679517005,TRES-5__2026-08-20,102.81926087011318
3.4002741923878035,-3.040854304201053,39,46.26348017434314,7.188802490968996,TRES-5__2026-08-20,102.81926087011318
0.5416281333582862,2.662605043826648,40,46.805108307701424,9.851407534795644,TRES-5__2026-08-20,102.81926087011318
2.5333731970765263,-8.450944858339398,41,49.33848150477795,1.4004626764562467,TRES-5__2026-08-20,102.81926087011318
0.8333698266764524,8.724754311641933,42,50.171851331454405,10.12521698809818,TRES-5__2026-08-20,102.81926087011318
0.33479227063402817,1.4687367794702793,43,50.50664360208843,11.593953767568458,TRES-5__2026-08-20,102.81926087011318
3.8979912011872444,-2.4294740050999084,44,54.40463480327568,9.164479762468549,TRES-5__2026-08-20,102.81926087011318
-0.7804261599070235,2.736909654592377,45,53.624208643368654,11.901389417060926,TRES-5__2026-08-20,102.81926087011318
1.3139639832765686,-3.0807105507210863,46,54.93817262664522,8.82067886633984,TRES-5__2026-08-20,102.81926087011318
0.7677869205216333,-4.961644916306654,47,55.705959547166856,3.8590339500331856,TRES-5__2026-08-20,102.81926087011318
0.6961888223324422,5.448640249467263,48,56.4021483694993,9.307674199500449,TRES-5__2026-08-20,102.81926087011318
3.7650832921868145,2.207740778006463,49,60.16723166168612,11.51541497750691,TRES-5__2026-08-20,102.81926087011318
0.9726020988472172,0.21385751260181837,50,61.139833760533335,11.729272490108729,TRES-5__2026-08-20,102.81926087011318
-0.0539802216571168,3.833246747343736,51,61.08585353887622,15.562519237452465,TRES-5__2026-08-20,102.81926087011318
4.5516802828879435,-1.137191528119931,52,65.63753382176417,14.425327709332533,TRES-5__2026-08-20,102.81926087011318
0.7638520148420751,-5.407912081265355,53,66.40138583660624,9.017415628067178,TRES-5__2026-08-20,102.81926087011318
-0.09235039147792813,1.7416294368113956,54,66.30903544512832,10.759045064878574,TRES-5__2026-08-20,102.81926087011318
2.043836480408258,3.781049124765971,55,68.35287192553658,14.540094189644545,TRES-5__2026-08-20,102.81926087011318
2.8988034071697246,1.895032890785841,56,71.2516753327063,16.435127080430387,TRES-5__2026-08-20,102.81926087011318
0.8611832003832254,-2.0655573065228086,57,72.11285853308952,14.369569773907578,TRES-5__2026-08-20,102.81926087011318
0.37184839997540514,4.293310370818944,58,72.48470693306493,18.662880144726522,TRES-5__2026-08-20,102.81926087011318
-0.45910021408412505,-0.5348588923341144,59,72.0256067189808,18.128021252392408,TRES-5__2026-08-20,102.81926087011318
1.7887668760641227,0.9669689564094772,60,73.81437359504491,19.094990208801885,TRES-5__2026-08-20,102.81926087011318
1.2863024571428148,-0.6226518391789435,61,75.10067605218772,18.472338369622943,TRES-5__2026-08-20,102.81926087011318
-0.9430086896472252,-3.540103790486226,62,74.1576673625405,14.932234579136717,TRES-5__2026-08-20,102.81926087011318
3.712212268903015,5.670151918472135,63,77.86987963144351,20.60238649760885,TRES-5__2026-08-20,102.81926087011318
0.6463094452470295,-0.5930131474097454,64,78.51618907669054,20.009373350199105,TRES-5__2026-08-20,102.81926087011318
1.5730992597082898,-0.8748677259562018,65,80.08928833639882,19.134505624242905,TRES-5__2026-08-20,102.81926087011318
1.4798212572494527,3.6677996515534623,66,81.56910959364828,22.802305275796368,TRES-5__2026-08-20,102.81926087011318
-0.1499993458932383,-3.9628862770209285,67,81.41911024775504,18.83941899877544,TRES-5__2026-08-20,102.81926087011318
1.713876812186612,0.2792517440874663,68,83.13298705994166,19.118670742862907,TRES-5__2026-08-20,102.81926087011318
-0.1854941868291657,5.320790730458247,69,82.9474928731125,24.439461473321153,TRES-5__2026-08-20,102.81926087011318
0.6845916766998408,-2.242012723574165,70,83.63208454981233,22.19744874974699,TRES-5__2026-08-20,102.81926087011318
-8.1099824675602,24.430138284446816,71,75.52210208225213,46.62758703419381,TRES-5__2026-08-20,102.81926087011318
7.978397178060004,13.367971377700307,72,83.50049926031214,59.995558411894116,TRES-5__2026-08-20,102.81926087011318
0.0,0.0,73,83.50049926031214,59.995558411894116,TRES-5__2026-08-20,102.81926087011318
0.0,0.0,0,0.0,0.0,TRES-5__2026-08-26,105.28474816793796
3.4144491375677344,-18.473948274506576,1,3.4144491375677344,-18.473948274506576,TRES-5__2026-08-26,105.28474816793796
0.7799947606503816,-0.7301524855709726,2,4.1944438982181165,-19.204100760077548,TRES-5__2026-08-26,105.28474816793796
-1.0635745370606586,-1.0171675115925656,3,3.130869361157458,-20.221268271670112,TRES-5__2026-08-26,105.28474816793796
1.2547453580640566,-0.4085042424549415,4,4.385614719221515,-20.629772514125055,TRES-5__2026-08-26,105.28474816793796
4.0634526078086886,-0.5367417587292985,5,8.449067327030203,-21.166514272854354,TRES-5__2026-08-26,105.28474816793796
-0.43730731178650567,3.478323070920463,6,8.011760015243697,-17.68819120193389,TRES-5__2026-08-26,105.28474816793796
0.7079862819348394,-4.756651102420191,7,8.719746297178537,-22.444842304354083,TRES-5__2026-08-26,105.28474816793796
0.6813940739388564,2.556295493895853,8,9.401140371117393,-19.88854681045823,TRES-5__2026-08-26,105.28474816793796
1.188108760850924,-1.1750063448019026,9,10.589249131968316,-21.063553155260134,TRES-5__2026-08-26,105.28474816793796
3.114440085530647,-1.8907414830143492,10,13.703689217498964,-22.954294638274483,TRES-5__2026-08-26,105.28474816793796
-1.845804937907259,-0.9925817037867061,11,11.857884279591705,-23.946876342061188,TRES-5__2026-08-26,105.28474816793796
1.6468834367763612,0.6810050746553981,12,13.504767716368066,-23.26587126740579,TRES-5__2026-08-26,105.28474816793796
3.430821986467867,-0.793586897479365,13,16.935589702835934,-24.059458164885154,TRES-5__2026-08-26,105.28474816793796
-0.7306535639171514,-0.5660966815201441,14,16.204936138918782,-24.625554846405297,TRES-5__2026-08-26,105.28474816793796
1.6534525134754336,-0.8111724242381488,15,17.858388652394215,-25.436727270643445,TRES-5__2026-08-26,105.28474816793796
0.0507710443318209,-1.8095828179526474,16,17.909159696726036,-27.246310088596093,TRES-5__2026-08-26,105.28474816793796
0.5174714864174622,-2.154595361150389,17,18.4266311831435,-29.40090544974648,TRES-5__2026-08-26,105.28474816793796
3.226459125015254,0.06844232852894437,18,21.653090308158752,-29.332463121217536,TRES-5__2026-08-26,105.28474816793796
-0.10193921471276889,6.3890378066517535,19,21.551151093445984,-22.943425314565783,TRES-5__2026-08-26,105.28474816793796
2.2157708960918128,-1.6241937620800713,20,23.766921989537796,-24.567619076645855,TRES-5__2026-08-26,105.28474816793796
3.182625176132665,-0.4012597279460172,21,26.94954716567046,-24.96887880459187,TRES-5__2026-08-26,105.28474816793796
-0.2572005969927733,-1.0999170126506403,22,26.692346568677685,-26.06879581724251,TRES-5__2026-08-26,105.28474816793796
0.7208299530701631,-1.2137004345765388,23,27.413176521747847,-27.282496251819047,TRES-5__2026-08-26,105.28474816793796
1.2183513527117316,-0.9977551244512062,24,28.63152787445958,-28.280251376270254,TRES-5__2026-08-26,105.28474816793796
2.804873953612393,2.5959601444361247,25,31.436401828071972,-25.68429123183413,TRES-5__2026-08-26,105.28474816793796
0.45492030384374565,-4.122308565980562,26,31.891322131915718,-29.80659979781469,TRES-5__2026-08-26,105.28474816793796
0.44603506460318015,3.108776016260779,27,32.3373571965189,-26.69782378155391,TRES-5__2026-08-26,105.28474816793796
2.4655611351316944,6.644369936310469,28,34.802918331650595,-20.053453845243443,TRES-5__2026-08-26,105.28474816793796
1.6345743205622552,-1.183462934465715,29,36.43749265221285,-21.23691677970916,TRES-5__2026-08-26,105.28474816793796
0.9454788188437094,-4.229318709256124,30,37.382971471056564,-25.46623548896528,TRES-5__2026-08-26,105.28474816793796
0.8712661199711572,1.6940122041592862,31,38.254237591027724,-23.772223284805996,TRES-5__2026-08-26,105.28474816793796
1.7428140668857728,-1.861993889279756,32,39.997051657913495,-25.63421717408575,TRES-5__2026-08-26,105.28474816793796
3.0698488638250394,-0.1776624790408159,33,43.06690052173853,-25.811879653126567,TRES-5__2026-08-26,105.28474816793796
-0.26486522916840427,-0.8786871741984547,34,42.802035292570125,-26.69056682732502,TRES-5__2026-08-26,105.28474816793796
1.7471614520730319,2.848890313550919,35,44.549196744643154,-23.841676513774104,TRES-5__2026-08-26,105.28474816793796
0.5193708017981048,-1.797195479600397,36,45.06856754644126,-25.6388719933745,TRES-5__2026-08-26,105.28474816793796
0.6789854369108228,-0.2289258110473105,37,45.74755298335208,-25.867797804421812,TRES-5__2026-08-26,105.28474816793796
3.7507832798939194,-0.27563920934062974,38,49.498336263245996,-26.14343701376244,TRES-5__2026-08-26,105.28474816793796
3.37834477264239,-3.727395562510211,39,52.87668103588839,-29.87083257627265,TRES-5__2026-08-26,105.28474816793796
-1.2638918411672244,6.178036233475228,40,51.61278919472117,-23.692796342797422,TRES-5__2026-08-26,105.28474816793796
1.9761992975711358,-2.5818434206902077,41,53.5889884922923,-26.27463976348763,TRES-5__2026-08-26,105.28474816793796
1.0708555660186503,0.7088096029024784,42,54.65984405831095,-25.565830160585154,TRES-5__2026-08-26,105.28474816793796
2.4084471463041313,-2.9661121755462188,43,57.068291204615086,-28.531942336131372,TRES-5__2026-08-26,105.28474816793796
-0.6645926363762824,-0.8914321751012267,44,56.4036985682388,-29.4233745112326,TRES-5__2026-08-26,105.28474816793796
2.873809046746423,-0.5330049614405942,45,59.277507614985225,-29.95637947267319,TRES-5__2026-08-26,105.28474816793796
1.4945317487549312,6.0396113068655595,46,60.772039363740156,-23.916768165807632,TRES-5__2026-08-26,105.28474816793796
2.7865506085319627,-2.3386894130764673,47,63.55858997227212,-26.255457578884098,TRES-5__2026-08-26,105.28474816793796
0.024689341401296038,-0.8569879630009497,48,63.583279313673415,-27.112445541885048,TRES-5__2026-08-26,105.28474816793796
0.2607313495258688,-1.4233491183003684,49,63.844010663199285,-28.535794660185417,TRES-5__2026-08-26,105.28474816793796
2.611083263301722,6.453469819320664,50,66.45509392650101,-22.082324840864754,TRES-5__2026-08-26,105.28474816793796
2.1965406289713774,-1.030389941237454,51,68.65163455547238,-23.11271478210221,TRES-5__2026-08-26,105.28474816793796
-0.7190514464979406,1.548443160794838,52,67.93258310897444,-21.56427162130737,TRES-5__2026-08-26,105.28474816793796
2.6997886112422824,-0.9273931157392389,53,70.63237172021672,-22.49166473704661,TRES-5__2026-08-26,105.28474816793796
1.1300991394378739,-2.438146040652684,54,71.7624708596546,-24.92981077769929,TRES-5__2026-08-26,105.28474816793796
3.936870546276877,4.744287967218512,55,75.69934140593148,-20.18552281048078,TRES-5__2026-08-26,105.28474816793796
-0.4252899988794836,-1.3483709903193821,56,75.274051407052,-21.53389380080016,TRES-5__2026-08-26,105.28474816793796
1.0796553921188548,-0.7658182009266966,57,76.35370679917085,-22.299712001726856,TRES-5__2026-08-26,105.28474816793796
1.9704516045315879,3.4153762276326503,58,78.32415840370244,-18.884335774094207,TRES-5__2026-08-26,105.28474816793796
0.07613723006644796,-2.175409615952644,59,78.40029563376889,-21.059745390046853,TRES-5__2026-08-26,105.28474816793796
3.2918464724199845,-0.6780579782595377,60,81.69214210618888,-21.73780336830639,TRES-5__2026-08-26,105.28474816793796
3.3070335545917438,-2.4893184850962653,61,84.99917566078062,-24.227121853402657,TRES-5__2026-08-26,105.28474816793796
2.434196030860213,4.833648755601563,62,87.43337169164083,-19.393473097801095,TRES-5__2026-08-26,105.28474816793796
2.6494852967465197,-1.0892904428579413,63,90.08285698838735,-20.482763540659036,TRES-5__2026-08-26,105.28474816793796
0.18536070304409627,-2.163505352603689,64,90.26821769143145,-22.646268893262725,TRES-5__2026-08-26,105.28474816793796
0.6717279644096242,-2.0943681709928486,65,90.93994565584107,-24.740637064255573,TRES-5__2026-08-26,105.28474816793796
3.3252707648776876,4.216568794632755,66,94.26521642071876,-20.524068269622816,TRES-5__2026-08-26,105.28474816793796
-0.39156019289343763,-2.038757844857662,67,93.87365622782532,-22.56282611448048,TRES-5__2026-08-26,105.28474816793796
1.4075841990833862,1.5398116762375076,68,95.28124042690871,-21.02301443824297,TRES-5__2026-08-26,105.28474816793796
2.2339002866447877,5.295495149421506,69,97.51514071355349,-15.727519288821465,TRES-5__2026-08-26,105.28474816793796
2.6318233859848323,-3.066484011445794,70,100.14696409953832,-18.79400330026726,TRES-5__2026-08-26,105.28474816793796
1.8503355970832718,-3.4098414430819557,71,101.9972996966216,-22.203844743349215,TRES-5__2026-08-26,105.28474816793796
0.10446392672151247,6.205698338938196,72,102.1017636233431,-15.99814640441102,TRES-5__2026-08-26,105.28474816793796
1.7232701911663333,-1.4729883670366823,73,103.82503381450944,-17.4711347714477,TRES-5__2026-08-26,105.28474816793796
0.0,0.0,0,0.0,0.0,TRES-5__2026-08-29,81.2270256662716
-16.378528846763082,-15.51322753348827,1,-16.378528846763082,-15.51322753348827,TRES-5__2026-08-29,81.2270256662716
8.639633197277417,-14.661580575765297,2,-7.738895649485665,-30.17480810925357,TRES-5__2026-08-29,81.2270256662716
1.0885524946124026,7.732617337054199,3,-6.650343154873262,-22.442190772199368,TRES-5__2026-08-29,81.2270256662716
2.532701501133381,-26.407426130566137,4,-4.117641653739881,-48.849616902765504,TRES-5__2026-08-29,81.2270256662716
0.42102561365156455,2.337720137559265,5,-3.6966160400883163,-46.51189676520624,TRES-5__2026-08-29,81.2270256662716
0.6559126110852934,-0.23060272151794167,6,-3.040703429003023,-46.74249948672418,TRES-5__2026-08-29,81.2270256662716
-0.6954286167111242,0.25239694914764316,7,-3.736132045714147,-46.49010253757653,TRES-5__2026-08-29,81.2270256662716
2.7928140070685163,-0.5971921556361024,8,-0.9433180386456308,-47.087294693212634,TRES-5__2026-08-29,81.2270256662716
-1.8890474341897763,0.9635520383600374,9,-2.832365472835407,-46.1237426548526,TRES-5__2026-08-29,81.2270256662716
2.562921576914309,-1.7647781984005306,10,-0.2694438959210981,-47.88852085325313,TRES-5__2026-08-29,81.2270256662716
0.3196898872718856,-0.17258181840928682,11,0.0502459913507875,-48.06110267166241,TRES-5__2026-08-29,81.2270256662716
1.457700743082846,-1.5723761335847417,12,1.5079467344336335,-49.63347880524715,TRES-5__2026-08-29,81.2270256662716
-1.4728984073741966,1.2586352529939178,13,0.035048327059436835,-48.37484355225323,TRES-5__2026-08-29,81.2270256662716
-0.4776527450682597,-1.1315280335763982,14,-0.4426044180088229,-49.50637158582963,TRES-5__2026-08-29,81.2270256662716
-1.1427838274936188,0.6475159067923795,15,-1.5853882455024417,-48.858855679037255,TRES-5__2026-08-29,81.2270256662716
1.940861961037529,-0.4242608276081544,16,0.35547371553508733,-49.283116506645406,TRES-5__2026-08-29,81.2270256662716
-0.48727446576600353,-1.0586224202147785,17,-0.1318007502309162,-50.34173892686019,TRES-5__2026-08-29,81.2270256662716
0.7651936179971954,-0.5857758611710666,18,0.6333928677662792,-50.92751478803125,TRES-5__2026-08-29,81.2270256662716
0.863205881293946,-0.12051645618121881,19,1.4965987490602253,-51.048031244212474,TRES-5__2026-08-29,81.2270256662716
2.2138682274305506,-1.384058244505941,20,3.7104669764907756,-52.43208948871842,TRES-5__2026-08-29,81.2270256662716
-2.1167129680356487,1.0339882981900599,21,1.593754008455127,-51.39810119052836,TRES-5__2026-08-29,81.2270256662716
0.7051920508618265,-1.3069983049031444,22,2.2989460593169535,-52.705099495431504,TRES-5__2026-08-29,81.2270256662716
1.8376832000238978,1.7653927814248942,23,4.136629259340851,-50.93970671400661,TRES-5__2026-08-29,81.2270256662716
1.18578808084904,0.14501321049197177,24,5.322417340189891,-50.79469350351464,TRES-5__2026-08-29,81.2270256662716
-0.07676879442511043,-3.611684488405097,25,5.245648545764781,-54.40637799191973,TRES-5__2026-08-29,81.2270256662716
1.0608955137933476,-2.151766318229403,26,6.306544059558129,-56.55814431014914,TRES-5__2026-08-29,81.2270256662716
0.6511967785846862,0.07627935117008161,27,6.957740838142815,-56.48186495897906,TRES-5__2026-08-29,81.2270256662716
2.811513768615854,0.4458774833168699,28,9.769254606758668,-56.03598747566219,TRES-5__2026-08-29,81.2270256662716
-0.026927755508255068,-0.049844916544236645,29,9.742326851250413,-56.08583239220643,TRES-5__2026-08-29,81.2270256662716
-0.18250993811758623,-0.17854584529501988,30,9.559816913132826,-56.26437823750145,TRES-5__2026-08-29,81.2270256662716
2.613872154592107,-2.257402791901837,31,12.173689067724933,-58.521781029403286,TRES-5__2026-08-29,81.2270256662716
0.14582155616488568,5.941335949612273,32,12.319510623889819,-52.58044507979101,TRES-5__2026-08-29,81.2270256662716
1.5527662938830429,-1.7042850747218328,33,13.872276917772862,-54.28473015451284,TRES-5__2026-08-29,81.2270256662716
-0.5280102059438323,-2.023792845117848,34,13.344266711829029,-56.30852299963069,TRES-5__2026-08-29,81.2270256662716
2.097948009108328,1.1789032958087213,35,15.442214720937358,-55.129619703821966,TRES-5__2026-08-29,81.2270256662716
2.421956299791332,-2.2301754532354923,36,17.86417102072869,-57.359795157057455,TRES-5__2026-08-29,81.2270256662716
-1.5154836457579164,-0.12438457519458161,37,16.348687374970773,-57.48417973225204,TRES-5__2026-08-29,81.2270256662716
2.5502672856813597,-0.6165589143627931,38,18.898954660652134,-58.10073864661483,TRES-5__2026-08-29,81.2270256662716
1.98469119088427,-0.941392313183458,39,20.883645851536404,-59.042130959798286,TRES-5__2026-08-29,81.2270256662716
-0.6433799140096187,-1.3364158339168362,40,20.240265937526786,-60.378546793715124,TRES-5__2026-08-29,81.2270256662716
1.9469910172196712,6.1714558752969175,41,22.187256954746456,-54.2070909184182,TRES-5__2026-08-29,81.2270256662716
-0.18864219611712127,-0.3766292248557577,42,21.998614758629333,-54.58372014327396,TRES-5__2026-08-29,81.2270256662716
1.4412374235764749,-1.1544756333021557,43,23.439852182205808,-55.73819577657611,TRES-5__2026-08-29,81.2270256662716
3.1199217040573424,1.9840008327643648,44,26.55977388626315,-53.75419494381175,TRES-5__2026-08-29,81.2270256662716
0.8799631089357617,-0.6589547592351664,45,27.439736995198913,-54.41314970304691,TRES-5__2026-08-29,81.2270256662716
-0.5718894834280067,-5.110316763709093,46,26.867847511770908,-59.523466466756005,TRES-5__2026-08-29,81.2270256662716
0.5758918666965956,2.168648089856233,47,27.4437393784675,-57.35481837689977,TRES-5__2026-08-29,81.2270256662716
3.528140142181242,2.4282854286278375,48,30.971879520648745,-54.926532948271934,TRES-5__2026-08-29,81.2270256662716
0.7343402772491113,2.243375944657788,49,31.706219797897855,-52.68315700361415,TRES-5__2026-08-29,81.2270256662716
0.8956907984919398,-2.1824863298111157,50,32.60191059638979,-54.86564333342526,TRES-5__2026-08-29,81.2270256662716
1.6291484940489802,-1.0368522433507736,51,34.23105909043878,-55.90249557677603,TRES-5__2026-08-29,81.2270256662716
2.9225331292497425,-0.22052518961695491,52,37.15359221968852,-56.12302076639299,TRES-5__2026-08-29,81.2270256662716
-0.437896394631813,-1.8595215595286494,53,36.715695825056706,-57.98254232592164,TRES-5__2026-08-29,81.2270256662716
-0.5998169568867645,5.79284813149516,54,36.11587886816994,-52.18969419442648,TRES-5__2026-08-29,81.2270256662716
3.545246235222722,-0.6206011909522957,55,39.66112510339266,-52.81029538537877,TRES-5__2026-08-29,81.2270256662716
0.728169248392702,-1.4298795182384916,56,40.38929435178537,-54.240174903617266,TRES-5__2026-08-29,81.2270256662716
1.8930696931020066,-0.4804685331346725,57,42.28236404488737,-54.72064343675194,TRES-5__2026-08-29,81.2270256662716
0.4930879554771507,-3.237607239862467,58,42.775452000364524,-57.95825067661441,TRES-5__2026-08-29,81.2270256662716
1.438307555223143,5.585518519892054,59,44.213759555587664,-52.37273215672236,TRES-5__2026-08-29,81.2270256662716
3.9578137814017813,-1.5750613425252589,60,48.17157333698945,-53.94779349924762,TRES-5__2026-08-29,81.2270256662716
0.6904669854508786,3.1531180567189887,61,48.86204032244032,-50.79467544252863,TRES-5__2026-08-29,81.2270256662716
-0.9759715418405094,-2.1826704845474714,62,47.886068780599814,-52.9773459270761,TRES-5__2026-08-29,81.2270256662716
0.6140546114568579,6.661213681082591,63,48.50012339205667,-46.31613224599351,TRES-5__2026-08-29,81.2270256662716
3.620718300355606,-2.547181900640049,64,52.12084169241228,-48.863314146633556,TRES-5__2026-08-29,81.2270256662716
0.34430729638170676,-1.9104014208307016,65,52.465148988793985,-50.77371556746426,TRES-5__2026-08-29,81.2270256662716
1.2853742466328872,-0.5180280781973442,66,53.75052323542687,-51.291743645661604,TRES-5__2026-08-29,81.2270256662716
-0.13600238512475904,-3.2240983625497317,67,53.61452085030211,-54.51584200821134,TRES-5__2026-08-29,81.2270256662716
4.411081509846264,6.958972163708911,68,58.02560236014837,-47.55686984450243,TRES-5__2026-08-29,81.2270256662716
0.6397989772580155,0.9790831166608237,69,58.66540133740639,-46.577786727841605,TRES-5__2026-08-29,81.2270256662716
-0.38414354924260924,-0.8973710915087307,70,58.28125778816378,-47.475157819350336,TRES-5__2026-08-29,81.2270256662716
2.686137197666253,1.8361469663204484,71,60.96739498583003,-45.63901085302989,TRES-5__2026-08-29,81.2270256662716
1.806948746049525,-1.869881740256335,72,62.77434373187956,-47.50889259328622,TRES-5__2026-08-29,81.2270256662716
1.217138784688787,-2.520297525292286,73,63.99148251656835,-50.029190118578505,TRES-5__2026-08-29,81.2270256662716
0.0,0.0,0,0.0,0.0,TRES-5__2026-09-01,61.59323534624093
1.0178582197042485,-13.410355772205186,1,1.0178582197042485,-13.410355772205186,TRES-5__2026-09-01,61.59323534624093
1.2635133770777869,1.0163817028536732,2,2.2813715967820354,-12.393974069351513,TRES-5__2026-09-01,61.59323534624093
3.0786229158204157,3.8037918983635715,3,5.3599945126024515,-8.59018217098794,TRES-5__2026-09-01,61.59323534624093
1.9495764859678508,-11.328378754264707,4,7.309570998570303,-19.91856092525265,TRES-5__2026-09-01,61.59323534624093
1.084817749988206,1.7517245914974802,5,8.394388748558509,-18.166836333755167,TRES-5__2026-09-01,61.59323534624093
-0.017212250400204653,-0.31096409099787437,6,8.377176498158304,-18.477800424753042,TRES-5__2026-09-01,61.59323534624093
-0.20963637244811048,0.25946973426411485,7,8.167540125710193,-18.218330690488926,TRES-5__2026-09-01,61.59323534624093
-0.14069547127460144,-0.03887644589288557,8,8.026844654435592,-18.257207136381812,TRES-5__2026-09-01,61.59323534624093
2.692303639386512,0.5404304340706868,9,10.719148293822105,-17.716776702311126,TRES-5__2026-09-01,61.59323534624093
-0.19661498641868266,-0.7923008899909015,10,10.522533307403423,-18.509077592302027,TRES-5__2026-09-01,61.59323534624093
-1.1970846779636355,1.24626238974048,11,9.325448629439787,-17.262815202561548,TRES-5__2026-09-01,61.59323534624093
1.1550001527110232,-0.6307655230534884,12,10.48044878215081,-17.893580725615035,TRES-5__2026-09-01,61.59323534624093
-0.3275353171744615,0.7144595750025928,13,10.152913464976349,-17.179121150612442,TRES-5__2026-09-01,61.59323534624093
0.9128549443380637,-2.4829893336295075,14,11.065768409314412,-19.66211048424195,TRES-5__2026-09-01,61.59323534624093
-0.3537638238913797,0.9456794645798736,15,10.712004585423033,-18.716431019662075,TRES-5__2026-09-01,61.59323534624093
-0.5217992094381315,-0.0505827523600379,16,10.1902053759849,-18.767013772022114,TRES-5__2026-09-01,61.59323534624093
1.3190867689237733,1.634173380002245,17,11.509292144908674,-17.13284039201987,TRES-5__2026-09-01,61.59323534624093
-0.20144014870697247,-0.3265422623174761,18,11.307851996201702,-17.459382654337347,TRES-5__2026-09-01,61.59323534624093
-0.8291052529944383,0.6608856585105283,19,10.478746743207264,-16.798496995826817,TRES-5__2026-09-01,61.59323534624093
2.565887334667135,-1.1649299338090617,20,13.044634077874399,-17.96342692963588,TRES-5__2026-09-01,61.59323534624093
-0.6052683423893384,-2.771643797594245,21,12.43936573548506,-20.735070727230124,TRES-5__2026-09-01,61.59323534624093
1.9423787076475771,-0.28342282020220505,22,14.381744443132638,-21.01849354743233,TRES-5__2026-09-01,61.59323534624093
-1.8106992454522555,1.1407337382846396,23,12.571045197680382,-19.87775980914769,TRES-5__2026-09-01,61.59323534624093
0.8096455101209935,1.885738617070594,24,13.380690707801376,-17.992021192077097,TRES-5__2026-09-01,61.59323534624093
3.6131259899570525,-3.0614614747280253,25,16.99381669775843,-21.053482666805124,TRES-5__2026-09-01,61.59323534624093
-1.8255315653283526,0.7296847582455528,26,15.168285132430077,-20.32379790855957,TRES-5__2026-09-01,61.59323534624093
0.2256528977063224,-2.7894087384584005,27,15.393938030136399,-23.11320664701797,TRES-5__2026-09-01,61.59323534624093
-0.3126122689348559,4.2276131014924925,28,15.081325761201542,-18.88559354552548,TRES-5__2026-09-01,61.59323534624093
0.9962910797535459,-2.806095784108328,29,16.077616840955088,-21.69168932963381,TRES-5__2026-09-01,61.59323534624093
1.2564885231396337,-0.14683418480468796,30,17.33410536409472,-21.8385235144385,TRES-5__2026-09-01,61.59323534624093
-0.576877475416382,-0.769029682461316,31,16.75722788867834,-22.607553196899815,TRES-5__2026-09-01,61.59323534624093
1.527698445492468,0.6476069404397792,32,18.28492633417081,-21.959946256460036,TRES-5__2026-09-01,61.59323534624093
1.0175203676572506,-1.0227679252012662,33,19.30244670182806,-22.9827141816613,TRES-5__2026-09-01,61.59323534624093
2.284138234869971,1.0187479659709426,34,21.58658493669803,-21.96396621569036,TRES-5__2026-09-01,61.59323534624093
-0.14974554122507672,-1.2589832593985257,35,21.436839395472955,-23.222949475088885,TRES-5__2026-09-01,61.59323534624093
0.8343629749070882,-0.005942169036256162,36,22.271202370380042,-23.22889164412514,TRES-5__2026-09-01,61.59323534624093
-0.5018228064998617,-1.2040469940781762,37,21.76937956388018,-24.432938638203318,TRES-5__2026-09-01,61.59323534624093
1.8797680633379508,-1.5421443482704156,38,23.64914762721813,-25.975082986473733,TRES-5__2026-09-01,61.59323534624093
-0.48252606035409495,-1.828276900403977,39,23.166621566864038,-27.80335988687771,TRES-5__2026-09-01,61.59323534624093
0.6189943439174348,1.1037284756185932,40,23.785615910781473,-26.69963141125912,TRES-5__2026-09-01,61.59323534624093
3.5411216227753752,-1.103623172388188,41,27.326737533556848,-27.80325458364731,TRES-5__2026-09-01,61.59323534624093
-2.0541807057634935,-0.19341875563568559,42,25.272556827793355,-27.996673339282996,TRES-5__2026-09-01,61.59323534624093
1.7838018133955553,3.0693140342150027,43,27.05635864118891,-24.927359305067995,TRES-5__2026-09-01,61.59323534624093
0.7346440576361141,-1.4413582107142495,44,27.791002698825025,-26.368717515782244,TRES-5__2026-09-01,61.59323534624093
1.6070990021770706,2.430618555354728,45,29.398101701002094,-23.938098960427517,TRES-5__2026-09-01,61.59323534624093
0.5436821080475116,1.337660763216504,46,29.941783809049607,-22.600438197211012,TRES-5__2026-09-01,61.59323534624093
0.9288888886887907,-1.6944595995341214,47,30.8706726977384,-24.294897796745133,TRES-5__2026-09-01,61.59323534624093
-2.507564900336244,1.6709289195597914,48,28.363107797402154,-22.62396887718534,TRES-5__2026-09-01,61.59323534624093
4.1837629128064,-2.6962411478341286,49,32.54687071020855,-25.32021002501947,TRES-5__2026-09-01,61.59323534624093
1.2558515787828852,-0.8513230630992854,50,33.80272228899144,-26.171533088118757,TRES-5__2026-09-01,61.59323534624093
1.2866738474005819,-1.6820981755895044,51,35.08939613639202,-27.853631263708262,TRES-5__2026-09-01,61.59323534624093
1.2764907757611645,-0.03822464435073057,52,36.36588691215319,-27.891855908058993,TRES-5__2026-09-01,61.59323534624093
0.30288872069778194,-0.6347597273176401,53,36.668775632850966,-28.526615635376633,TRES-5__2026-09-01,61.59323534624093
1.843871361723609,4.702714146425976,54,38.512646994574574,-23.823901488950657,TRES-5__2026-09-01,61.59323534624093
0.4214445781002094,-0.47235290463577934,55,38.93409157267478,-24.296254393586437,TRES-5__2026-09-01,61.59323534624093
0.3828598226875378,-0.5224220329783081,56,39.31695139536232,-24.818676426564746,TRES-5__2026-09-01,61.59323534624093
1.6378145414754173,2.1505433310552386,57,40.95476593683773,-22.668133095509507,TRES-5__2026-09-01,61.59323534624093
2.668026602885674,-0.4390508234604012,58,43.622792539723406,-23.10718391896991,TRES-5__2026-09-01,61.59323534624093
1.8824068645732221,-0.04598792550194293,59,45.505199404296626,-23.153171844471853,TRES-5__2026-09-01,61.59323534624093
-1.401904226055347,0.1699106458284302,60,44.10329517824128,-22.983261198643422,TRES-5__2026-09-01,61.59323534624093
3.4061925516596134,7.685968866491705,61,47.5094877299009,-15.297292332151716,TRES-5__2026-09-01,61.59323534624093
0.7458068459210982,-1.5071157464664813,62,48.25529457582199,-16.8044080786182,TRES-5__2026-09-01,61.59323534624093
1.904373566884613,-0.8812782563620543,63,50.15966814270661,-17.685686334980254,TRES-5__2026-09-01,61.59323534624093
-0.8018295185174289,-0.47720691978000374,64,49.35783862418918,-18.162893254760256,TRES-5__2026-09-01,61.59323534624093
2.0485109472697722,0.8767575299324213,65,51.40634957145895,-17.286135724827833,TRES-5__2026-09-01,61.59323534624093
1.515709513879409,-3.120143621440042,66,52.922059085338354,-20.406279346267876,TRES-5__2026-09-01,61.59323534624093
0.8351625176067807,5.431759173283747,67,53.75722160294514,-14.974520172984128,TRES-5__2026-09-01,61.59323534624093
0.49798818335721023,-1.0757480982410417,68,54.255209786302345,-16.05026827122517,TRES-5__2026-09-01,61.59323534624093
1.8089162811722224,-1.4579132304404872,69,56.06412606747457,-17.508181501665657,TRES-5__2026-09-01,61.59323534624093
1.8519785543109082,-1.0247279054035394,70,57.91610462178548,-18.532909407069198,TRES-5__2026-09-01,61.59323534624093
2.1420104749952715,-0.5507579225473244,71,60.05811509678075,-19.08366732961652,TRES-5__2026-09-01,61.59323534624093
-0.9057169315978744,5.706215243264708,72,59.15239816518288,-13.377452086351813,TRES-5__2026-09-01,61.59323534624093
0.725933666571805,-1.0555662211158365,73,59.878331831754686,-14.433018307467648,TRES-5__2026-09-01,61.59323534624093
0.0,0.0,0,0.0,0.0,TRES-5__2026-09-04,30.887169157889932
-18.47682270023307,-8.173938043848809,1,-18.47682270023307,-8.173938043848809,TRES-5__2026-09-04,30.887169157889932
-3.373013634986719,2.9773632103901027,2,-21.849836335219788,-5.1965748334587065,TRES-5__2026-09-04,30.887169157889932
-1.596286259188869,1.1186921491435633,3,-23.446122594408656,-4.077882684315143,TRES-5__2026-09-04,30.887169157889932
-0.7126873407519987,2.515939342917647,4,-24.158809935160654,-1.561943341397496,TRES-5__2026-09-04,30.887169157889932
-5.246761433156268,-4.884037118525258,5,-29.405571368316924,-6.445980459922755,TRES-5__2026-09-04,30.887169157889932
1.5125581598974527,2.0099875775201563,6,-27.89301320841947,-4.435992882402598,TRES-5__2026-09-04,30.887169157889932
-0.1044926699071531,-1.2051661138810759,7,-27.997505878326624,-5.641158996283673,TRES-5__2026-09-04,30.887169157889932
-0.9468023516563056,-6.4173634053469355,8,-28.94430822998293,-12.058522401630608,TRES-5__2026-09-04,30.887169157889932
-0.768660341207882,5.470196672433803,9,-29.71296857119081,-6.5883257291968045,TRES-5__2026-09-04,30.887169157889932
1.8175371242188398,-0.8360077592944525,10,-27.89543144697197,-7.424333488491257,TRES-5__2026-09-04,30.887169157889932
-0.10192524169385103,-0.9088053637491449,11,-27.99735668866582,-8.333138852240403,TRES-5__2026-09-04,30.887169157889932
-3.2245537607971633,-1.663442327006743,12,-31.221910449462985,-9.996581179247146,TRES-5__2026-09-04,30.887169157889932
-1.1995527973619498,1.1838769475648077,13,-32.421463246824935,-8.81270423168234,TRES-5__2026-09-04,30.887169157889932
3.387320908150182,-0.797100166031831,14,-29.03414233867475,-9.60980439771417,TRES-5__2026-09-04,30.887169157889932
1.792478981897236,0.5615038710943872,15,-27.241663356777515,-9.048300526619782,TRES-5__2026-09-04,30.887169157889932
-0.8179194716819661,-0.806326532031445,16,-28.05958282845948,-9.854627058651227,TRES-5__2026-09-04,30.887169157889932
3.0903198560642466,-4.666618152479761,17,-24.96926297239523,-14.521245211130989,TRES-5__2026-09-04,30.887169157889932
-1.2144557783878853,-0.5856817313984457,18,-26.183718750783118,-15.106926942529434,TRES-5__2026-09-04,30.887169157889932
-1.2430213675049573,0.9926482532748815,19,-27.426740118288077,-14.114278689254553,TRES-5__2026-09-04,30.887169157889932
0.35692096189385336,1.6593082184200563,20,-27.069819156394225,-12.454970470834496,TRES-5__2026-09-04,30.887169157889932
0.8304373754942186,-1.3184119913427628,21,-26.239381780900008,-13.77338246217726,TRES-5__2026-09-04,30.887169157889932
3.334560478345905,0.8530689741443122,22,-22.904821302554105,-12.920313488032948,TRES-5__2026-09-04,30.887169157889932
-1.7366877563294136,-1.20951419142629,23,-24.641509058883518,-14.129827679459238,TRES-5__2026-09-04,30.887169157889932
-1.4414373472678899,0.08614748022928938,24,-26.082946406151407,-14.043680199229948,TRES-5__2026-09-04,30.887169157889932
1.88669749306221,-3.2480094524392915,25,-24.196248913089196,-17.29168965166924,TRES-5__2026-09-04,30.887169157889932
0.1254588684079763,4.241083626744018,26,-24.07079004468122,-13.050606024925223,TRES-5__2026-09-04,30.887169157889932
0.24875055861766407,-2.0816923431648795,27,-23.822039486063556,-15.132298368090103,TRES-5__2026-09-04,30.887169157889932
-0.34242388532207124,-1.5181757287087436,28,-24.164463371385626,-16.650474096798845,TRES-5__2026-09-04,30.887169157889932
-1.3688688686095296,-2.6383249457075757,29,-25.533332239995154,-19.288799042506422,TRES-5__2026-09-04,30.887169157889932
1.0366341462211177,0.29243244256175066,30,-24.496698093774036,-18.996366599944672,TRES-5__2026-09-04,30.887169157889932
1.1342981599724964,3.9310331601617707,31,-23.36239993380154,-15.0653334397829,TRES-5__2026-09-04,30.887169157889932
1.7263633874099635,-4.892805941558602,32,-21.636036546391576,-19.958139381341503,TRES-5__2026-09-04,30.887169157889932
-0.8601130848750128,2.0560243389102424,33,-22.49614963126659,-17.902115042431262,TRES-5__2026-09-04,30.887169157889932
-0.3142282532334331,-1.3602958065659594,34,-22.810377884500024,-19.26241084899722,TRES-5__2026-09-04,30.887169157889932
0.1436825291029099,1.5728955217225702,35,-22.666695355397113,-17.68951532727465,TRES-5__2026-09-04,30.887169157889932
0.6594785518405148,-0.7207145430560413,36,-22.0072168035566,-18.41022987033069,TRES-5__2026-09-04,30.887169157889932
-0.5563453854898238,0.8590511169411214,37,-22.563562189046422,-17.551178753389568,TRES-5__2026-09-04,30.887169157889932
2.1321183597478153,-1.0459372454124314,38,-20.43144382929861,-18.597115998802,TRES-5__2026-09-04,30.887169157889932
1.443191166977612,-0.6828728395998124,39,-18.988252662320996,-19.279988838401813,TRES-5__2026-09-04,30.887169157889932
-2.457855845159817,-2.343665065946792,40,-21.44610850748081,-21.623653904348604,TRES-5__2026-09-04,30.887169157889932
0.6674688351766506,-0.1379605267364156,41,-20.778639672304163,-21.761614431085018,TRES-5__2026-09-04,30.887169157889932
0.03367410395880017,0.32975125863779114,42,-20.744965568345364,-21.431863172447226,TRES-5__2026-09-04,30.887169157889932
1.3068856434490523,-0.2963586475483222,43,-19.43807992489631,-21.728221819995547,TRES-5__2026-09-04,30.887169157889932
1.7652289328898392,1.5567203937715917,44,-17.67285099200647,-20.171501426223955,TRES-5__2026-09-04,30.887169157889932
-1.9374451761175708,-1.9056258483866675,45,-19.61029616812404,-22.07712727461062,TRES-5__2026-09-04,30.887169157889932
0.8283400183854057,0.41974549107357956,46,-18.781956149738637,-21.65738178353704,TRES-5__2026-09-04,30.887169157889932
2.86961290930904,-0.7243962639986145,47,-15.912343240429596,-22.381778047535654,TRES-5__2026-09-04,30.887169157889932
-0.3654425712264481,-0.6610992552534042,48,-16.277785811656045,-23.04287730278906,TRES-5__2026-09-04,30.887169157889932
1.3516278626463687,-3.119162972563526,49,-14.926157949009676,-26.162040275352584,TRES-5__2026-09-04,30.887169157889932
-2.0613021300715997,-0.434666973044818,50,-16.987460079081277,-26.5967072483974,TRES-5__2026-09-04,30.887169157889932
2.236498705006568,0.8474632463619135,51,-14.75096137407471,-25.749244002035486,TRES-5__2026-09-04,30.887169157889932
1.9838207127387781,-2.429065766185982,52,-12.767140661335931,-28.178309768221467,TRES-5__2026-09-04,30.887169157889932
-1.668509537769869,0.7824162151332281,53,-14.435650199105801,-27.39589355308824,TRES-5__2026-09-04,30.887169157889932
2.3680918111371843,-0.8436669343281223,54,-12.067558387968617,-28.239560487416362,TRES-5__2026-09-04,30.887169157889932
1.5956599531992763,-0.6877415935194452,55,-10.47189843476934,-28.927302080935807,TRES-5__2026-09-04,30.887169157889932
0.7161899155930629,-0.37872750133579847,56,-9.755708519176277,-29.306029582271606,TRES-5__2026-09-04,30.887169157889932
0.0,0.0,0,0.0,0.0,WASP-10__2026-08-08,31.00644972687231
0.0,0.0,1,0.0,0.0,WASP-10__2026-08-08,31.00644972687231
0.0,0.0,2,0.0,0.0,WASP-10__2026-08-08,31.00644972687231
0.0,0.0,3,0.0,0.0,WASP-10__2026-08-08,31.00644972687231
0.0,0.0,4,0.0,0.0,WASP-10__2026-08-08,31.00644972687231
0.0,0.0,5,0.0,0.0,WASP-10__2026-08-08,31.00644972687231
0.0,0.0,6,0.0,0.0,WASP-10__2026-08-08,31.00644972687231
0.0,0.0,7,0.0,0.0,WASP-10__2026-08-08,31.00644972687231
0.0,0.0,8,0.0,0.0,WASP-10__2026-08-08,31.00644972687231
0.0,0.0,9,0.0,0.0,WASP-10__2026-08-08,31.00644972687231
0.0,0.0,10,0.0,0.0,WASP-10__2026-08-08,31.00644972687231
0.0,0.0,11,0.0,0.0,WASP-10__2026-08-08,31.00644972687231
0.0,0.0,12,0.0,0.0,WASP-10__2026-08-08,31.00644972687231
0.0,0.0,13,0.0,0.0,WASP-10__2026-08-08,31.00644972687231
0.0,0.0,14,0.0,0.0,WASP-10__2026-08-08,31.00644972687231
0.0,0.0,15,0.0,0.0,WASP-10__2026-08-08,31.00644972687231
0.0,0.0,16,0.0,0.0,WASP-10__2026-08-08,31.00644972687231
0.0,0.0,17,0.0,0.0,WASP-10__2026-08-08,31.00644972687231
0.0,0.0,18,0.0,0.0,WASP-10__2026-08-08,31.00644972687231
0.0,0.0,19,0.0,0.0,WASP-10__2026-08-08,31.00644972687231
0.0,0.0,20,0.0,0.0,WASP-10__2026-08-08,31.00644972687231
0.0,0.0,21,0.0,0.0,WASP-10__2026-08-08,31.00644972687231
0.0,0.0,22,0.0,0.0,WASP-10__2026-08-08,31.00644972687231
0.0,0.0,23,0.0,0.0,WASP-10__2026-08-08,31.00644972687231
0.0,0.0,24,0.0,0.0,WASP-10__2026-08-08,31.00644972687231
0.0,0.0,25,0.0,0.0,WASP-10__2026-08-08,31.00644972687231
0.0,0.0,26,0.0,0.0,WASP-10__2026-08-08,31.00644972687231
0.0,0.0,27,0.0,0.0,WASP-10__2026-08-08,31.00644972687231
0.0,0.0,28,0.0,0.0,WASP-10__2026-08-08,31.00644972687231
0.0,0.0,29,0.0,0.0,WASP-10__2026-08-08,31.00644972687231
-0.9007056310262079,0.6362410415007943,30,-0.9007056310262079,0.6362410415007943,WASP-10__2026-08-08,31.00644972687231
-1.7326928012783087,-3.60145121444123,31,-2.6333984323045168,-2.9652101729404357,WASP-10__2026-08-08,31.00644972687231
0.0,0.0,32,-2.6333984323045168,-2.9652101729404357,WASP-10__2026-08-08,31.00644972687231
0.0,0.0,33,-2.6333984323045168,-2.9652101729404357,WASP-10__2026-08-08,31.00644972687231
0.0,0.0,34,-2.6333984323045168,-2.9652101729404357,WASP-10__2026-08-08,31.00644972687231
0.0,0.0,35,-2.6333984323045168,-2.9652101729404357,WASP-10__2026-08-08,31.00644972687231
0.0,0.0,36,-2.6333984323045168,-2.9652101729404357,WASP-10__2026-08-08,31.00644972687231
0.0,0.0,37,-2.6333984323045168,-2.9652101729404357,WASP-10__2026-08-08,31.00644972687231
0.0,0.0,38,-2.6333984323045168,-2.9652101729404357,WASP-10__2026-08-08,31.00644972687231
0.0,0.0,39,-2.6333984323045168,-2.9652101729404357,WASP-10__2026-08-08,31.00644972687231
0.0,0.0,40,-2.6333984323045168,-2.9652101729404357,WASP-10__2026-08-08,31.00644972687231
0.0,0.0,41,-2.6333984323045168,-2.9652101729404357,WASP-10__2026-08-08,31.00644972687231
0.0,0.0,42,-2.6333984323045168,-2.9652101729404357,WASP-10__2026-08-08,31.00644972687231
0.0,0.0,43,-2.6333984323045168,-2.9652101729404357,WASP-10__2026-08-08,31.00644972687231
0.0,0.0,44,-2.6333984323045168,-2.9652101729404357,WASP-10__2026-08-08,31.00644972687231
0.0,0.0,45,-2.6333984323045168,-2.9652101729404357,WASP-10__2026-08-08,31.00644972687231
0.0,0.0,46,-2.6333984323045168,-2.9652101729404357,WASP-10__2026-08-08,31.00644972687231
0.0,0.0,47,-2.6333984323045168,-2.9652101729404357,WASP-10__2026-08-08,31.00644972687231
0.0,0.0,48,-2.6333984323045168,-2.9652101729404357,WASP-10__2026-08-08,31.00644972687231
4.154672263146664,-4.463404072548296,49,1.5212738308421474,-7.428614245488731,WASP-10__2026-08-08,31.00644972687231
-3.664937904409335,1.4778665464010012,50,-2.1436640735671877,-5.95074769908773,WASP-10__2026-08-08,31.00644972687231
3.4272313043435885,-0.27438346122837853,51,1.2835672307764008,-6.225131160316108,WASP-10__2026-08-08,31.00644972687231
2.482203600611053,-2.522040665960292,52,3.765770831387454,-8.7471718262764,WASP-10__2026-08-08,31.00644972687231
0.0,0.0,53,3.765770831387454,-8.7471718262764,WASP-10__2026-08-08,31.00644972687231
0.0,0.0,54,3.765770831387454,-8.7471718262764,WASP-10__2026-08-08,31.00644972687231
-0.389297841969432,-2.6076159878941847,55,3.376472989418022,-11.354787814170585,WASP-10__2026-08-08,31.00644972687231
-3.091011454390943,0.6012018056679124,56,0.2854615350270788,-10.753586008502673,WASP-10__2026-08-08,31.00644972687231
-1.5247889578826528,4.07518261584431,57,-1.239327422855574,-6.678403392658363,WASP-10__2026-08-08,31.00644972687231
0.010053501075190529,-8.97959431722466,58,-1.2292739217803834,-15.657997709883023,WASP-10__2026-08-08,31.00644972687231
1.6028686812096282,0.1880192615208125,59,0.3735947594292448,-15.46997844836221,WASP-10__2026-08-08,31.00644972687231
-1.3335303676863663,0.3026292913648154,60,-0.9599356082571215,-15.167349156997396,WASP-10__2026-08-08,31.00644972687231
-1.4673998314561547,16.85021442925086,61,-2.4273354397132763,1.6828652722534656,WASP-10__2026-08-08,31.00644972687231
6.350890840499274,-20.340737282479118,62,3.923555400785998,-18.657872010225653,WASP-10__2026-08-08,31.00644972687231
0.32409169459928366,-4.157030075280749,63,4.247647095385282,-22.814902085506404,WASP-10__2026-08-08,31.00644972687231
-4.8609116274246675,3.6537332091829113,64,-0.6132645320393859,-19.161168876323494,WASP-10__2026-08-08,31.00644972687231
-2.025011977111466,-1.458985645535253,65,-2.638276509150852,-20.620154521858748,WASP-10__2026-08-08,31.00644972687231
-0.026676469052967847,-0.5325903535385315,66,-2.6649529782038197,-21.15274487539728,WASP-10__2026-08-08,31.00644972687231
0.24983531338725784,5.091759760492978,67,-2.4151176648165618,-16.0609851149043,WASP-10__2026-08-08,31.00644972687231
-2.4724280892089654,-5.221578848059552,68,-4.887545754025528,-21.282563962963856,WASP-10__2026-08-08,31.00644972687231
-4.713506744367542,-0.9614146970927864,69,-9.60105249839307,-22.24397866005664,WASP-10__2026-08-08,31.00644972687231
3.4630567270411303,-7.113678242262068,70,-6.13799577135194,-29.35765690231871,WASP-10__2026-08-08,31.00644972687231
-0.0423018105352393,0.8494359473145771,71,-6.180297581887179,-28.50822095500413,WASP-10__2026-08-08,31.00644972687231
0.45307924930005133,2.378673705749102,72,-5.727218332587127,-26.12954724925503,WASP-10__2026-08-08,31.00644972687231
0.19037770310379484,0.476260774116493,73,-5.536840629483333,-25.653286475138536,WASP-10__2026-08-08,31.00644972687231
-2.390941167810356,0.5379182646631679,74,-7.927781797293688,-25.115368210475367,WASP-10__2026-08-08,31.00644972687231
0.5929543109353775,-5.48486543520364,75,-7.334827486358311,-30.60023364567901,WASP-10__2026-08-08,31.00644972687231
-2.687519512354797,-0.37699258834523663,76,-10.022346998713108,-30.977226234024243,WASP-10__2026-08-08,31.00644972687231
-0.4453112407552599,5.897680960584165,77,-10.467658239468367,-25.07954527344008,WASP-10__2026-08-08,31.00644972687231
1.5220285109286953,-7.421676545446732,78,-8.945629728539672,-32.50122181888681,WASP-10__2026-08-08,31.00644972687231
0.09328103923943179,-2.9720640608810354,79,-8.85234868930024,-35.47328587976785,WASP-10__2026-08-08,31.00644972687231
1.5967649883484198,-0.26472735547801907,80,-7.255583700951819,-35.738013235245866,WASP-10__2026-08-08,31.00644972687231
4.281760333521612,1.5052478035760577,81,-2.9738233674302066,-34.23276543166981,WASP-10__2026-08-08,31.00644972687231
0.5108147351401084,-1.8699911324399359,82,-2.463008632290098,-36.10275656410975,WASP-10__2026-08-08,31.00644972687231
-2.4614911579438767,5.489863422803327,83,-4.924499790233975,-30.61289314130642,WASP-10__2026-08-08,31.00644972687231
0.0,0.0,84,-4.924499790233975,-30.61289314130642,WASP-10__2026-08-08,31.00644972687231
0.0,0.0,85,-4.924499790233975,-30.61289314130642,WASP-10__2026-08-08,31.00644972687231
0.0,0.0,0,0.0,0.0,WASP-2__2026-08-11,40.87616213650484
-17.35262639349336,-10.36955067404509,1,-17.35262639349336,-10.36955067404509,WASP-2__2026-08-11,40.87616213650484
-1.9773032830617217,-3.885384953342038,2,-19.329929676555082,-14.254935627387129,WASP-2__2026-08-11,40.87616213650484
-2.2169754147697835,-11.131746120787703,3,-21.546905091324867,-25.38668174817483,WASP-2__2026-08-11,40.87616213650484
4.716831830539556,-0.9589906961495198,4,-16.830073260785312,-26.34567244432435,WASP-2__2026-08-11,40.87616213650484
-1.5121105490352202,1.7478690670566916,5,-18.342183809820533,-24.59780337726766,WASP-2__2026-08-11,40.87616213650484
-4.961317596863121,1.4703593493920588,6,-23.303501406683655,-23.1274440278756,WASP-2__2026-08-11,40.87616213650484
2.2832685920222433,0.8180203476809784,7,-21.020232814661412,-22.309423680194623,WASP-2__2026-08-11,40.87616213650484
-3.893430469368339,-2.138614999430207,8,-24.913663284029752,-24.44803867962483,WASP-2__2026-08-11,40.87616213650484
-0.6923533630772398,1.482548259089609,9,-25.60601664710699,-22.96549042053522,WASP-2__2026-08-11,40.87616213650484
-1.7501757692987556,-1.5342151315949688,10,-27.356192416405747,-24.49970555213019,WASP-2__2026-08-11,40.87616213650484
-0.949817983965736,-0.836546376718205,11,-28.306010400371484,-25.336251928848394,WASP-2__2026-08-11,40.87616213650484
1.1046462189337989,-1.2286442739220425,12,-27.201364181437686,-26.564896202770438,WASP-2__2026-08-11,40.87616213650484
0.6158590384920768,0.6250579446883443,13,-26.58550514294561,-25.939838258082094,WASP-2__2026-08-11,40.87616213650484
-0.7995959498697528,-0.5953391646936205,14,-27.385101092815365,-26.535177422775714,WASP-2__2026-08-11,40.87616213650484
2.4939446829385767,-1.4139844952026352,15,-24.89115640987679,-27.949161917978348,WASP-2__2026-08-11,40.87616213650484
-0.12470918545467356,-0.5875736714748306,16,-25.015865595331462,-28.53673558945318,WASP-2__2026-08-11,40.87616213650484
-4.6598758034969086,-1.625239584707305,17,-29.67574139882837,-30.161975174160485,WASP-2__2026-08-11,40.87616213650484
3.163060093001264,1.456835693272941,18,-26.51268130582711,-28.705139480887546,WASP-2__2026-08-11,40.87616213650484
2.2216425513784372,-2.338906209564627,19,-24.29103875444867,-31.044045690452172,WASP-2__2026-08-11,40.87616213650484
-1.3625974768417521,1.4993345426323113,20,-25.653636231290424,-29.54471114781986,WASP-2__2026-08-11,40.87616213650484
-4.82083398708043,0.5894599601411177,21,-30.474470218370854,-28.955251187678744,WASP-2__2026-08-11,40.87616213650484
-0.1124055740047552,-1.6824874588922878,22,-30.586875792375608,-30.63773864657103,WASP-2__2026-08-11,40.87616213650484
4.154301271992723,-1.2106394709556547,23,-26.432574520382886,-31.848378117526686,WASP-2__2026-08-11,40.87616213650484
-1.7725823114125003,-2.288513430390044,24,-28.205156831795385,-34.13689154791673,WASP-2__2026-08-11,40.87616213650484
0.0,0.0,25,-28.205156831795385,-34.13689154791673,WASP-2__2026-08-11,40.87616213650484
7.101475844120687,-0.8701831624941523,26,-21.1036809876747,-35.00707471041088,WASP-2__2026-08-11,40.87616213650484
0.0,0.0,27,-21.1036809876747,-35.00707471041088,WASP-2__2026-08-11,40.87616213650484
0.0,0.0,28,-21.1036809876747,-35.00707471041088,WASP-2__2026-08-11,40.87616213650484
0.0,0.0,29,-21.1036809876747,-35.00707471041088,WASP-2__2026-08-11,40.87616213650484
0.0,0.0,30,-21.1036809876747,-35.00707471041088,WASP-2__2026-08-11,40.87616213650484
0.0,0.0,31,-21.1036809876747,-35.00707471041088,WASP-2__2026-08-11,40.87616213650484
0.0,0.0,32,-21.1036809876747,-35.00707471041088,WASP-2__2026-08-11,40.87616213650484
0.0,0.0,33,-21.1036809876747,-35.00707471041088,WASP-2__2026-08-11,40.87616213650484
0.0,0.0,34,-21.1036809876747,-35.00707471041088,WASP-2__2026-08-11,40.87616213650484
0.0,0.0,35,-21.1036809876747,-35.00707471041088,WASP-2__2026-08-11,40.87616213650484
0.0,0.0,36,-21.1036809876747,-35.00707471041088,WASP-2__2026-08-11,40.87616213650484
0.0,0.0,37,-21.1036809876747,-35.00707471041088,WASP-2__2026-08-11,40.87616213650484
0.0,0.0,38,-21.1036809876747,-35.00707471041088,WASP-2__2026-08-11,40.87616213650484
0.0,0.0,39,-21.1036809876747,-35.00707471041088,WASP-2__2026-08-11,40.87616213650484
0.0,0.0,40,-21.1036809876747,-35.00707471041088,WASP-2__2026-08-11,40.87616213650484
0.0,0.0,41,-21.1036809876747,-35.00707471041088,WASP-2__2026-08-11,40.87616213650484
0.0,0.0,42,-21.1036809876747,-35.00707471041088,WASP-2__2026-08-11,40.87616213650484
0.0,0.0,43,-21.1036809876747,-35.00707471041088,WASP-2__2026-08-11,40.87616213650484
0.0,0.0,44,-21.1036809876747,-35.00707471041088,WASP-2__2026-08-11,40.87616213650484
0.0,0.0,45,-21.1036809876747,-35.00707471041088,WASP-2__2026-08-11,40.87616213650484
0.0,0.0,46,-21.1036809876747,-35.00707471041088,WASP-2__2026-08-11,40.87616213650484
0.0,0.0,47,-21.1036809876747,-35.00707471041088,WASP-2__2026-08-11,40.87616213650484
0.0,0.0,48,-21.1036809876747,-35.00707471041088,WASP-2__2026-08-11,40.87616213650484
0.0,0.0,49,-21.1036809876747,-35.00707471041088,WASP-2__2026-08-11,40.87616213650484
0.0,0.0,50,-21.1036809876747,-35.00707471041088,WASP-2__2026-08-11,40.87616213650484
0.0,0.0,51,-21.1036809876747,-35.00707471041088,WASP-2__2026-08-11,40.87616213650484
0.0,0.0,52,-21.1036809876747,-35.00707471041088,WASP-2__2026-08-11,40.87616213650484
0.0,0.0,53,-21.1036809876747,-35.00707471041088,WASP-2__2026-08-11,40.87616213650484
0.0,0.0,54,-21.1036809876747,-35.00707471041088,WASP-2__2026-08-11,40.87616213650484
0.0,0.0,55,-21.1036809876747,-35.00707471041088,WASP-2__2026-08-11,40.87616213650484
0.0,0.0,56,-21.1036809876747,-35.00707471041088,WASP-2__2026-08-11,40.87616213650484
0.0,0.0,57,-21.1036809876747,-35.00707471041088,WASP-2__2026-08-11,40.87616213650484
0.0,0.0,58,-21.1036809876747,-35.00707471041088,WASP-2__2026-08-11,40.87616213650484
0.0,0.0,59,-21.1036809876747,-35.00707471041088,WASP-2__2026-08-11,40.87616213650484
0.0,0.0,60,-21.1036809876747,-35.00707471041088,WASP-2__2026-08-11,40.87616213650484
0.0,0.0,61,-21.1036809876747,-35.00707471041088,WASP-2__2026-08-11,40.87616213650484
0.0,0.0,62,-21.1036809876747,-35.00707471041088,WASP-2__2026-08-11,40.87616213650484
0.0,0.0,63,-21.1036809876747,-35.00707471041088,WASP-2__2026-08-11,40.87616213650484
0.0,0.0,64,-21.1036809876747,-35.00707471041088,WASP-2__2026-08-11,40.87616213650484
0.0,0.0,65,-21.1036809876747,-35.00707471041088,WASP-2__2026-08-11,40.87616213650484
0.0,0.0,66,-21.1036809876747,-35.00707471041088,WASP-2__2026-08-11,40.87616213650484
0.0,0.0,67,-21.1036809876747,-35.00707471041088,WASP-2__2026-08-11,40.87616213650484
0.0,0.0,68,-21.1036809876747,-35.00707471041088,WASP-2__2026-08-11,40.87616213650484
0.0,0.0,69,-21.1036809876747,-35.00707471041088,WASP-2__2026-08-11,40.87616213650484
0.0,0.0,70,-21.1036809876747,-35.00707471041088,WASP-2__2026-08-11,40.87616213650484
0.0,0.0,71,-21.1036809876747,-35.00707471041088,WASP-2__2026-08-11,40.87616213650484
0.0,0.0,72,-21.1036809876747,-35.00707471041088,WASP-2__2026-08-11,40.87616213650484
0.0,0.0,73,-21.1036809876747,-35.00707471041088,WASP-2__2026-08-11,40.87616213650484
0.0,0.0,74,-21.1036809876747,-35.00707471041088,WASP-2__2026-08-11,40.87616213650484
0.0,0.0,75,-21.1036809876747,-35.00707471041088,WASP-2__2026-08-11,40.87616213650484
0.0,0.0,76,-21.1036809876747,-35.00707471041088,WASP-2__2026-08-11,40.87616213650484
0.0,0.0,77,-21.1036809876747,-35.00707471041088,WASP-2__2026-08-11,40.87616213650484
0.0,0.0,0,0.0,0.0,WASP-2__2026-08-24,72.53825041610398
0.0,0.0,1,0.0,0.0,WASP-2__2026-08-24,72.53825041610398
-1.8040309896722537,3.8297286422322627,2,-1.8040309896722537,3.8297286422322627,WASP-2__2026-08-24,72.53825041610398
-5.458740254293826,2.7216242253493395,3,-7.262771243966079,6.551352867581603,WASP-2__2026-08-24,72.53825041610398
-4.505210838131571,-1.827366843718113,4,-11.76798208209765,4.72398602386349,WASP-2__2026-08-24,72.53825041610398
-2.6550693521109476,2.313882112706714,5,-14.423051434208597,7.037868136570204,WASP-2__2026-08-24,72.53825041610398
-7.562416845833078,-0.7034956833535847,6,-21.985468280041676,6.334372453216619,WASP-2__2026-08-24,72.53825041610398
-4.392053031306399,-6.265443968878147,7,-26.377521311348076,0.0689284843384721,WASP-2__2026-08-24,72.53825041610398
-2.220913060153632,0.6614277976110549,8,-28.598434371501707,0.730356281949527,WASP-2__2026-08-24,72.53825041610398
-2.207536470221678,0.13910496633199265,9,-30.805970841723386,0.8694612482815196,WASP-2__2026-08-24,72.53825041610398
-0.6151368282842995,-1.2183699647476953,10,-31.421107670007686,-0.3489087164661757,WASP-2__2026-08-24,72.53825041610398
-8.527029642032245,0.5056925423549362,11,-39.94813731203993,0.1567838258887605,WASP-2__2026-08-24,72.53825041610398
-1.4488293041392557,-1.1189936126140765,12,-41.396966616179185,-0.962209786725316,WASP-2__2026-08-24,72.53825041610398
1.1562969705744186,4.651670661124097,13,-40.24066964560477,3.689460874398781,WASP-2__2026-08-24,72.53825041610398
-0.24662824839852945,-2.4518057378614087,14,-40.4872978940033,1.2376551365373722,WASP-2__2026-08-24,72.53825041610398
-4.775534220172526,-6.308401674926115,15,-45.26283211417582,-5.070746538388743,WASP-2__2026-08-24,72.53825041610398
0.9087801324378526,-0.4586039540465684,16,-44.35405198173797,-5.529350492435311,WASP-2__2026-08-24,72.53825041610398
-0.7685153128011871,-0.0004572676470945558,17,-45.12256729453915,-5.529807760082406,WASP-2__2026-08-24,72.53825041610398
-6.641492451569776,0.014168353238022055,18,-51.76405974610893,-5.515639406844384,WASP-2__2026-08-24,72.53825041610398
1.3970077820533184,1.3640405919828649,19,-50.367051964055605,-4.1515988148615195,WASP-2__2026-08-24,72.53825041610398
1.1827185618000065,-1.8798002726993424,20,-49.1843334022556,-6.031399087560862,WASP-2__2026-08-24,72.53825041610398
2.7977746825653864,0.8507605114228438,21,-46.38655871969021,-5.180638576138018,WASP-2__2026-08-24,72.53825041610398
-1.3997443338628242,0.005011257356220214,22,-47.786303053553034,-5.175627318781798,WASP-2__2026-08-24,72.53825041610398
-4.10132906881547,0.4543243998866998,23,-51.8876321223685,-4.721302918895098,WASP-2__2026-08-24,72.53825041610398
0.0,0.0,24,-51.8876321223685,-4.721302918895098,WASP-2__2026-08-24,72.53825041610398
0.0,0.0,25,-51.8876321223685,-4.721302918895098,WASP-2__2026-08-24,72.53825041610398
0.0,0.0,26,-51.8876321223685,-4.721302918895098,WASP-2__2026-08-24,72.53825041610398
0.0,0.0,27,-51.8876321223685,-4.721302918895098,WASP-2__2026-08-24,72.53825041610398
-3.429942547096876,-10.609195406244826,28,-55.31757466946538,-15.330498325139924,WASP-2__2026-08-24,72.53825041610398
3.4641377382102307,1.7526522474205408,29,-51.853436931255146,-13.577846077719384,WASP-2__2026-08-24,72.53825041610398
-10.480362818317948,-3.0095859505143325,30,-62.333799749573096,-16.587432028233717,WASP-2__2026-08-24,72.53825041610398
0.0,0.0,31,-62.333799749573096,-16.587432028233717,WASP-2__2026-08-24,72.53825041610398
1.5758999206374904,1.8367425034573126,32,-60.75789982893561,-14.750689524776405,WASP-2__2026-08-24,72.53825041610398
-5.054806360022583,0.9302565742364753,33,-65.81270618895819,-13.82043295053993,WASP-2__2026-08-24,72.53825041610398
1.5374256262276254,-1.1360695821090385,34,-64.27528056273056,-14.956502532648969,WASP-2__2026-08-24,72.53825041610398
3.9138321933916984,-0.5658458771723677,35,-60.36144836933886,-15.522348409821337,WASP-2__2026-08-24,72.53825041610398
-5.301941253559478,-2.0887348645792883,36,-65.66338962289834,-17.611083274400624,WASP-2__2026-08-24,72.53825041610398
-1.5294239111561958,-4.176941614932922,37,-67.19281353405454,-21.788024889333546,WASP-2__2026-08-24,72.53825041610398
-2.110044109877909,0.3180778061645671,38,-69.30285764393244,-21.46994708316898,WASP-2__2026-08-24,72.53825041610398
0.5369151896422659,3.7863618340146847,39,-68.76594245429017,-17.683585249154294,WASP-2__2026-08-24,72.53825041610398
2.7801374236882865,-3.4000774151732145,40,-65.98580503060188,-21.08366266432751,WASP-2__2026-08-24,72.53825041610398
-7.345007633672031,1.5966966158579183,41,-73.3308126642739,-19.48696604846959,WASP-2__2026-08-24,72.53825041610398
4.115790707198118,-0.5627388560664807,42,-69.21502195707579,-20.04970490453607,WASP-2__2026-08-24,72.53825041610398
0.7072577018714041,-0.3577799587785425,43,-68.50776425520439,-20.407484863314615,WASP-2__2026-08-24,72.53825041610398
-3.7274935066254025,0.002249328852392571,44,-72.2352577618298,-20.40523553446222,WASP-2__2026-08-24,72.53825041610398
1.1466709511531548,-3.8485422546615435,45,-71.08858681067665,-24.253777789123767,WASP-2__2026-08-24,72.53825041610398
-4.789331659035676,-0.8665045579825142,46,-75.87791846971233,-25.12028234710628,WASP-2__2026-08-24,72.53825041610398
1.419199396312078,-1.337595683382079,47,-74.45871907340025,-26.45787803048836,WASP-2__2026-08-24,72.53825041610398
-1.5987052268729898,-0.6367102225442829,48,-76.05742430027324,-27.094588253032644,WASP-2__2026-08-24,72.53825041610398
-1.3717584660009094,0.908089365970872,49,-77.42918276627415,-26.18649888706177,WASP-2__2026-08-24,72.53825041610398
5.586753215706528,-0.10386761420203836,50,-71.84242955056763,-26.290366501263808,WASP-2__2026-08-24,72.53825041610398
-3.818068212861998,-2.568209145717022,51,-75.66049776342963,-28.85857564698083,WASP-2__2026-08-24,72.53825041610398
-4.759802652877435,0.5831700346717936,52,-80.42030041630707,-28.275405612309036,WASP-2__2026-08-24,72.53825041610398
0.0,0.0,53,-80.42030041630707,-28.275405612309036,WASP-2__2026-08-24,72.53825041610398
-3.068814077833194,-3.278653872360406,54,-83.48911449414027,-31.55405948466944,WASP-2__2026-08-24,72.53825041610398
3.9759811242743335,-0.2515906807208958,55,-79.51313336986594,-31.805650165390336,WASP-2__2026-08-24,72.53825041610398
-2.669764197220865,2.426332765549895,56,-82.18289756708681,-29.379317399840442,WASP-2__2026-08-24,72.53825041610398
2.5152819568338223,-4.74569307908412,57,-79.667615610253,-34.125010478924565,WASP-2__2026-08-24,72.53825041610398
3.8715493999779405,8.107735307642276,58,-75.79606621027506,-26.01727517128229,WASP-2__2026-08-24,72.53825041610398
0.0,0.0,59,-75.79606621027506,-26.01727517128229,WASP-2__2026-08-24,72.53825041610398
-4.469828102007226,-0.8686293622328463,60,-80.26589431228228,-26.885904533515134,WASP-2__2026-08-24,72.53825041610398
2.3864343072508327,-0.841427408492749,61,-77.87946000503145,-27.727331942007883,WASP-2__2026-08-24,72.53825041610398
-3.6261035711712735,0.23925471637335818,62,-81.50556357620272,-27.488077225634523,WASP-2__2026-08-24,72.53825041610398
3.7105438510005397,1.109458813745965,63,-77.79501972520218,-26.37861841188856,WASP-2__2026-08-24,72.53825041610398
0.0,0.0,64,-77.79501972520218,-26.37861841188856,WASP-2__2026-08-24,72.53825041610398
0.05976949551105151,-1.8093220048028842,65,-77.73525022969113,-28.187940416691443,WASP-2__2026-08-24,72.53825041610398
1.7951607068311446,-0.3736796754596212,66,-75.94008952285999,-28.561620092151063,WASP-2__2026-08-24,72.53825041610398
-2.212873084091673,-1.3639115313887678,67,-78.15296260695166,-29.925531623539833,WASP-2__2026-08-24,72.53825041610398
5.714823299631424,3.331244868275983,68,-72.43813930732024,-26.594286755263848,WASP-2__2026-08-24,72.53825041610398
-0.8640158699813524,-0.911225191204106,69,-73.3021551773016,-27.505511946467955,WASP-2__2026-08-24,72.53825041610398
0.0,0.0,70,-73.3021551773016,-27.505511946467955,WASP-2__2026-08-24,72.53825041610398
-0.5421404150148064,-1.8531987336081386,71,-73.8442955923164,-29.358710680076094,WASP-2__2026-08-24,72.53825041610398
0.0,0.0,72,-73.8442955923164,-29.358710680076094,WASP-2__2026-08-24,72.53825041610398
0.0,0.0,73,-73.8442955923164,-29.358710680076094,WASP-2__2026-08-24,72.53825041610398
4.387954180719332,-2.393436544713349,74,-69.45634141159707,-31.752147224789443,WASP-2__2026-08-24,72.53825041610398
-0.8787934285605011,8.694890579312773,75,-70.33513484015756,-23.05725664547667,WASP-2__2026-08-24,72.53825041610398
2.3022436661994834,-2.1086626093764287,76,-68.03289117395808,-25.165919254853097,WASP-2__2026-08-24,72.53825041610398
