session_id,frame_index,t_utc,target,airmass,TELALT,WEATHER,sky_level,sky_sigma,peak_contrast,n_source_px,n_saturated,CAMTEMP
CoRoT-2__2026-08-09,0,2026-08-09 05:18:53.898000+00:00,CoRoT-2,1.1629181713399563,59.306,100,410.0,5.9304,621.3746121678133,8330,1,280.0
CoRoT-2__2026-08-09,1,2026-08-09 05:22:56.649000+00:00,CoRoT-2,1.161177480764297,59.451,100,412.0,5.9304,621.037366788075,8181,2,281.0
CoRoT-2__2026-08-09,2,2026-08-09 05:26:58.583000+00:00,CoRoT-2,1.1597464548861525,59.571,100,413.0,5.9304,572.8112774854985,8021,0,281.0
CoRoT-2__2026-08-09,3,2026-08-09 05:28:44.793000+00:00,CoRoT-2,1.159200176920525,59.617,100,412.0,5.9304,433.1916902738433,7829,0,281.0
CoRoT-2__2026-08-09,4,2026-08-09 05:30:31.115000+00:00,CoRoT-2,1.1587498549423878,59.655,100,412.0,5.9304,621.037366788075,8128,1,282.0
CoRoT-2__2026-08-09,5,2026-08-09 05:33:15.944000+00:00,CoRoT-2,1.158205877564313,59.701,100,412.0,5.9304,571.7995413462836,8027,0,282.0
CoRoT-2__2026-08-09,6,2026-08-09 05:36:16.472000+00:00,CoRoT-2,1.1577928234875206,59.736,100,413.0,5.9304,620.8687440982059,7849,1,280.0
CoRoT-2__2026-08-09,7,2026-08-09 05:39:15.174000+00:00,CoRoT-2,1.1575806785347056,59.754,100,412.0,5.9304,621.037366788075,8179,3,281.0
CoRoT-2__2026-08-09,8,2026-08-09 05:42:15.728000+00:00,CoRoT-2,1.1575571187238851,59.756,100,414.0,5.9304,601.3085120733846,6779,0,281.0
CoRoT-2__2026-08-09,9,2026-08-09 05:45:16.056000+00:00,CoRoT-2,1.1577338750726225,59.741,100,414.0,5.9304,496.4251989747741,6692,0,281.0
CoRoT-2__2026-08-09,10,2026-08-09 05:48:15.794000+00:00,CoRoT-2,1.1581114011195446,59.709,100,412.0,5.9304,621.037366788075,7741,1,281.0
CoRoT-2__2026-08-09,11,2026-08-09 05:51:15.404000+00:00,CoRoT-2,1.158690666032992,59.66,100,412.0,5.9304,615.1355726426548,6841,0,281.0
CoRoT-2__2026-08-09,12,2026-08-09 05:54:17.035000+00:00,CoRoT-2,1.1594612828318087,59.595,100,411.0,5.9304,598.9477944152165,7824,0,281.0
CoRoT-2__2026-08-09,13,2026-08-09 05:57:16.611000+00:00,CoRoT-2,1.1604251174558586,59.514,100,417.0,4.4478,264.6252079679842,3525,0,281.0
CoRoT-2__2026-08-09,14,2026-08-09 06:00:15.288000+00:00,CoRoT-2,1.161584507318822,59.417,100,411.0,5.9304,529.1380008093889,7865,0,282.0
CoRoT-2__2026-08-09,15,2026-08-09 06:03:16.965000+00:00,CoRoT-2,1.1629663699883843,59.302,100,411.0,5.9304,621.2059894779442,8133,2,281.0
CoRoT-2__2026-08-09,16,2026-08-09 06:06:15.478000+00:00,CoRoT-2,1.1645259672274593,59.173,100,412.0,5.9304,574.4975043841899,7900,0,282.0
CoRoT-2__2026-08-09,17,2026-08-09 06:09:16.052000+00:00,CoRoT-2,1.1662910715765202,59.028,100,412.0,5.9304,621.037366788075,8268,2,282.0
CoRoT-2__2026-08-09,18,2026-08-09 06:12:15.646000+00:00,CoRoT-2,1.1682660062268988,58.867,100,413.0,5.9304,620.8687440982059,8042,2,281.0
CoRoT-2__2026-08-09,19,2026-08-09 06:15:15.175000+00:00,CoRoT-2,1.17043077540296,58.692,100,413.0,5.9304,620.8687440982059,8010,2,280.0
CoRoT-2__2026-08-09,20,2026-08-09 06:18:15.828000+00:00,CoRoT-2,1.1728276966140088,58.5,100,412.0,5.9304,621.037366788075,8399,4,282.0
CoRoT-2__2026-08-09,21,2026-08-09 06:21:15.416000+00:00,CoRoT-2,1.1754250442062697,58.294,100,412.0,5.9304,573.485768244975,8256,0,281.0
CoRoT-2__2026-08-09,22,2026-08-09 06:24:15.222000+00:00,CoRoT-2,1.178241314882358,58.073,100,412.0,5.9304,583.7717523269931,8177,0,280.0
CoRoT-2__2026-08-09,23,2026-08-09 06:27:15.847000+00:00,CoRoT-2,1.1812571988248586,57.839,100,412.0,5.9304,621.037366788075,7979,1,281.0
CoRoT-2__2026-08-09,24,2026-08-09 06:30:16.413000+00:00,CoRoT-2,1.184492041346157,57.591,100,413.0,5.9304,620.8687440982059,6845,1,281.0
CoRoT-2__2026-08-09,25,2026-08-09 06:33:16.067000+00:00,CoRoT-2,1.1879530427854403,57.329,100,412.0,5.9304,620.7001214083367,7878,0,282.0
CoRoT-2__2026-08-09,26,2026-08-09 06:36:15.647000+00:00,CoRoT-2,1.1916344796379457,57.054,100,416.0,5.9304,339.7747200863348,2795,0,281.0
CoRoT-2__2026-08-09,27,2026-08-09 06:39:15.309000+00:00,CoRoT-2,1.1955441082246356,56.766,100,413.0,5.9304,452.077431539188,6267,0,281.0
CoRoT-2__2026-08-09,28,2026-08-09 06:42:16.827000+00:00,CoRoT-2,1.1997041070158536,56.464,100,412.0,5.9304,621.037366788075,8038,1,281.0
CoRoT-2__2026-08-09,29,2026-08-09 06:45:15.449000+00:00,CoRoT-2,1.204053531258775,56.153,100,413.0,5.9304,620.8687440982059,7176,1,281.0
CoRoT-2__2026-08-09,30,2026-08-09 06:48:15.947000+00:00,CoRoT-2,1.2086707702145052,55.828,100,413.0,5.9304,606.367192769459,7521,0,281.0
CoRoT-2__2026-08-09,31,2026-08-09 06:51:16.668000+00:00,CoRoT-2,1.2135228746414832,55.492,100,412.0,5.9304,621.037366788075,8269,3,281.0
CoRoT-2__2026-08-09,32,2026-08-09 06:54:16.435000+00:00,CoRoT-2,1.2186190585282548,55.145,100,411.0,5.9304,621.2059894779442,7843,4,281.0
CoRoT-2__2026-08-09,33,2026-08-09 06:57:16.086000+00:00,CoRoT-2,1.2239691010398264,54.787,100,413.0,5.9304,579.2189397005261,5972,0,281.0
CoRoT-2__2026-08-09,34,2026-08-09 07:00:15.500000+00:00,CoRoT-2,1.229568028876984,54.419,100,410.0,5.9304,621.3746121678133,8216,3,280.0
CoRoT-2__2026-08-09,35,2026-08-09 07:03:15.907000+00:00,CoRoT-2,1.2354416349852595,54.04,100,409.0,5.9304,621.5432348576825,8187,4,282.0
CoRoT-2__2026-08-09,36,2026-08-09 07:06:16.481000+00:00,CoRoT-2,1.2415696864397137,53.652,100,409.0,5.9304,621.5432348576825,7901,2,282.0
CoRoT-2__2026-08-09,37,2026-08-09 07:09:16.062000+00:00,CoRoT-2,1.2480114533830278,53.252,100,409.0,5.9304,621.5432348576825,7761,1,281.0
CoRoT-2__2026-08-09,38,2026-08-09 07:12:15.723000+00:00,CoRoT-2,1.2546648352300442,52.847,100,408.0,5.9304,621.7118575475516,8096,4,281.0
CoRoT-2__2026-08-09,39,2026-08-09 07:15:16.340000+00:00,CoRoT-2,1.2616391770412163,52.431,100,407.0,5.9304,621.8804802374208,8102,4,281.0
CoRoT-2__2026-08-09,40,2026-08-09 07:18:17.017000+00:00,CoRoT-2,1.268949004577077,52.004,100,406.0,5.9304,576.5209766626198,7980,0,280.0
CoRoT-2__2026-08-09,41,2026-08-09 07:21:15.544000+00:00,CoRoT-2,1.2764860299048884,51.573,100,406.0,5.9304,619.5197625792526,7811,0,280.0
CoRoT-2__2026-08-09,42,2026-08-09 07:24:17.105000+00:00,CoRoT-2,1.2844210562047675,51.129,100,405.0,5.9304,622.2177256171591,8250,3,281.0
CoRoT-2__2026-08-09,43,2026-08-09 07:27:15.858000+00:00,CoRoT-2,1.292570405981271,50.683,100,406.0,5.9304,622.0491029272899,7952,3,280.0
CoRoT-2__2026-08-09,44,2026-08-09 07:30:16.412000+00:00,CoRoT-2,1.301092126677621,50.227,100,406.0,5.9304,622.0491029272899,7939,3,281.0
CoRoT-2__2026-08-09,45,2026-08-09 07:33:16.870000+00:00,CoRoT-2,1.3099652114749598,49.763,100,406.0,5.9304,622.0491029272899,7973,4,279.0
CoRoT-2__2026-08-09,46,2026-08-09 07:36:16.378000+00:00,CoRoT-2,1.3191660846330364,49.293,100,406.0,5.9304,579.2189397005261,7413,0,281.0
CoRoT-2__2026-08-09,47,2026-08-09 07:39:16.063000+00:00,CoRoT-2,1.328749453144013,48.815,100,406.0,5.9304,622.0491029272899,7533,2,281.0
CoRoT-2__2026-08-09,48,2026-08-09 07:42:15.677000+00:00,CoRoT-2,1.338670880912206,48.332,100,405.0,5.9304,622.2177256171591,7945,3,279.0
CoRoT-2__2026-08-09,49,2026-08-09 07:45:15.398000+00:00,CoRoT-2,1.348987352885567,47.842,100,406.0,5.9304,622.0491029272899,7298,3,280.0
CoRoT-2__2026-08-09,50,2026-08-09 07:48:17.139000+00:00,CoRoT-2,1.359761030007806,47.343,100,406.0,5.9304,603.1633616619453,7362,0,280.0
CoRoT-2__2026-08-09,51,2026-08-09 07:51:15.728000+00:00,CoRoT-2,1.370812993003116,46.844,100,405.0,5.9304,622.2177256171591,7792,4,280.0
CoRoT-2__2026-08-09,52,2026-08-09 07:54:15.413000+00:00,CoRoT-2,1.3823359492694305,46.337,100,405.0,5.9304,622.2177256171591,7586,3,281.0
CoRoT-2__2026-08-09,53,2026-08-09 07:57:16.997000+00:00,CoRoT-2,1.394377149900312,45.821,100,405.0,5.9304,622.2177256171591,7675,3,280.0
CoRoT-2__2026-08-09,54,2026-08-09 08:00:15.527000+00:00,CoRoT-2,1.4067207758853342,45.306,100,406.0,5.9304,622.0491029272899,7392,2,280.0
CoRoT-2__2026-08-09,55,2026-08-09 08:03:16.131000+00:00,CoRoT-2,1.419600274623916,44.783,100,406.0,5.9304,622.0491029272899,7590,4,280.0
CoRoT-2__2026-08-09,56,2026-08-09 08:06:16.686000+00:00,CoRoT-2,1.4329666108196937,44.255,100,406.0,5.9304,622.0491029272899,7540,4,279.0
CoRoT-2__2026-08-09,57,2026-08-09 08:09:16.262000+00:00,CoRoT-2,1.4468166692950928,43.723,100,406.0,5.9304,622.0491029272899,7639,4,279.0
CoRoT-2__2026-08-09,58,2026-08-09 08:12:15.775000+00:00,CoRoT-2,1.4612001001659691,43.186,100,406.0,5.9304,622.0491029272899,7302,2,280.0
CoRoT-2__2026-08-09,59,2026-08-09 08:15:15.203000+00:00,CoRoT-2,1.4761152227892702,42.645,100,405.0,5.9304,622.2177256171591,7611,4,279.0
CoRoT-2__2026-08-09,60,2026-08-09 08:18:15.809000+00:00,CoRoT-2,1.4916163651438297,42.099,100,405.0,5.9304,622.2177256171591,7652,2,279.0
CoRoT-2__2026-08-09,61,2026-08-09 08:21:15.345000+00:00,CoRoT-2,1.5076739480972714,41.55,100,405.0,5.9304,622.2177256171591,7329,1,280.0
CoRoT-2__2026-08-09,62,2026-08-09 08:24:16.967000+00:00,CoRoT-2,1.524467352843888,40.993,100,405.0,5.9304,622.2177256171591,7399,2,279.0
CoRoT-2__2026-08-09,63,2026-08-09 08:27:15.473000+00:00,CoRoT-2,1.5416917061950144,40.439,100,405.0,5.9304,622.2177256171591,7565,4,279.0
CoRoT-2__2026-08-09,64,2026-08-09 08:30:16.104000+00:00,CoRoT-2,1.55965264019761,39.879,100,406.0,5.9304,622.0491029272899,7283,3,280.0
CoRoT-2__2026-08-09,65,2026-08-09 08:33:15.670000+00:00,CoRoT-2,1.5783577142037404,39.314,100,406.0,5.9304,622.0491029272899,7032,3,280.0
CoRoT-2__2026-08-09,66,2026-08-09 08:36:17.181000+00:00,CoRoT-2,1.597847892062535,38.744,100,406.0,5.9304,622.0491029272899,7191,3,280.0
CoRoT-2__2026-08-09,67,2026-08-09 08:39:16.732000+00:00,CoRoT-2,1.6179157319001385,38.176,100,407.0,5.9304,621.8804802374208,6878,2,279.0
CoRoT-2__2026-08-09,68,2026-08-09 08:42:16.571000+00:00,CoRoT-2,1.6388799497244668,37.602,100,407.0,5.9304,621.8804802374208,6788,2,280.0
CoRoT-2__2026-08-09,69,2026-08-09 08:45:16.175000+00:00,CoRoT-2,1.6606402847909492,37.026,100,407.0,5.9304,621.8804802374208,7115,4,280.0
CoRoT-2__2026-08-09,70,2026-08-09 08:48:15.706000+00:00,CoRoT-2,1.6833177500315335,36.446,100,408.0,5.9304,621.7118575475516,6806,1,280.0
CoRoT-2__2026-08-09,71,2026-08-09 08:51:16.434000+00:00,CoRoT-2,1.7068828846476487,35.864,100,408.0,5.9304,621.7118575475516,6899,3,279.0
CoRoT-2__2026-08-09,72,2026-08-09 08:54:17.087000+00:00,CoRoT-2,1.7315973473338786,35.275,100,409.0,5.9304,621.5432348576825,7139,4,279.0
CoRoT-2__2026-08-09,73,2026-08-09 08:57:15.534000+00:00,CoRoT-2,1.7570049061065645,34.691,100,410.0,5.9304,621.3746121678133,6999,2,279.0
CoRoT-2__2026-08-09,74,2026-08-09 09:00:16.098000+00:00,CoRoT-2,1.7838169522033211,34.097,100,410.0,5.9304,621.3746121678133,7139,2,280.0
CoRoT-2__2026-08-09,75,2026-08-09 09:03:15.600000+00:00,CoRoT-2,1.8114189272565584,33.508,100,411.0,5.9304,621.2059894779442,7044,3,280.0
CoRoT-2__2026-08-09,76,2026-08-09 09:06:15.219000+00:00,CoRoT-2,1.8403837402607168,32.913,100,411.0,5.9304,621.2059894779442,6735,2,279.0
CoRoT-2__2026-08-09,77,2026-08-09 09:09:15.827000+00:00,CoRoT-2,1.870598119549873,32.316,100,411.0,5.9304,621.2059894779442,6887,2,279.0
CoRoT-2__2026-08-09,78,2026-08-09 09:12:16.358000+00:00,CoRoT-2,1.9021385163458893,31.717,100,412.0,5.9304,621.037366788075,6575,1,278.0
CoRoT-2__2026-08-09,79,2026-08-09 09:15:15.871000+00:00,CoRoT-2,1.9351437300253127,31.115,100,412.0,5.9304,621.037366788075,6935,4,280.0
CoRoT-2__2026-08-09,80,2026-08-09 09:18:15.489000+00:00,CoRoT-2,1.9695941499519012,30.512,100,413.0,5.9304,620.8687440982059,6737,4,281.0
CoRoT-2__2026-08-09,81,2026-08-09 09:21:16.196000+00:00,CoRoT-2,2.005641277445445,29.907,100,414.0,5.9304,613.9552138135708,6177,0,280.0
CoRoT-2__2026-08-09,82,2026-08-09 09:24:15.903000+00:00,CoRoT-2,2.0433916182045806,29.3,100,414.0,5.9304,620.7001214083367,6550,2,279.0
CoRoT-2__2026-08-09,83,2026-08-09 09:27:15.451000+00:00,CoRoT-2,2.082695723969729,28.695,100,415.0,5.9304,620.5314987184676,6543,4,279.0
CoRoT-2__2026-08-09,84,2026-08-09 09:30:16.061000+00:00,CoRoT-2,2.1244081859077526,28.081,100,417.0,5.9304,620.1942533387293,6551,4,279.0
CoRoT-2__2026-08-09,85,2026-08-09 09:33:15.674000+00:00,CoRoT-2,2.168006916903783,27.468,100,418.0,5.9304,564.5487656819101,6107,0,279.0
CoRoT-2__2026-08-09,86,2026-08-09 09:36:15.210000+00:00,CoRoT-2,2.213691375358793,26.855,100,419.0,5.9304,619.857007958991,6021,2,279.0
CoRoT-2__2026-08-16,0,2026-08-16 04:40:02.011000+00:00,CoRoT-2,1.1698847085971409,58.736,86,401.0,5.9304,622.8922163766357,8421,2,280.0
CoRoT-2__2026-08-16,1,2026-08-16 04:42:15.468000+00:00,CoRoT-2,1.168278322645315,58.866,86,401.0,5.9304,622.8922163766357,8067,4,280.0
CoRoT-2__2026-08-16,2,2026-08-16 04:45:15.775000+00:00,CoRoT-2,1.16630328923703,59.027,86,403.0,5.9304,622.5549709968974,7434,1,280.0
CoRoT-2__2026-08-16,3,2026-08-16 04:48:15.283000+00:00,CoRoT-2,1.1645380965360503,59.172,86,404.0,5.9304,590.5166599217591,7146,0,280.0
CoRoT-2__2026-08-16,4,2026-08-16 04:51:15.688000+00:00,CoRoT-2,1.1629663699883843,59.302,86,403.0,5.9304,622.5549709968974,7921,2,279.0
CoRoT-2__2026-08-16,5,2026-08-16 04:54:16.108000+00:00,CoRoT-2,1.1615964892008628,59.416,86,403.0,5.9304,622.5549709968974,7968,3,279.0
CoRoT-2__2026-08-16,6,2026-08-16 04:57:16.545000+00:00,CoRoT-2,1.1604251174558586,59.514,86,404.0,5.9304,622.3863483070282,7725,2,280.0
CoRoT-2__2026-08-16,7,2026-08-16 05:00:15.986000+00:00,CoRoT-2,1.1594612828318087,59.595,86,408.0,5.9304,621.7118575475516,6078,1,279.0
CoRoT-2__2026-08-16,8,2026-08-16 05:03:15.395000+00:00,CoRoT-2,1.158690666032992,59.66,96,410.0,5.9304,613.9552138135708,5190,0,280.0
CoRoT-2__2026-08-16,9,2026-08-16 05:06:15.900000+00:00,CoRoT-2,1.1581114011195446,59.709,96,406.0,5.9304,622.0491029272899,7051,1,279.0
CoRoT-2__2026-08-16,10,2026-08-16 05:09:15.402000+00:00,CoRoT-2,1.157745663570053,59.74,96,409.0,5.9304,539.0867395116687,5596,0,280.0
CoRoT-2__2026-08-16,11,2026-08-16 05:12:15.864000+00:00,CoRoT-2,1.1575571187238851,59.756,96,410.0,5.9304,621.3746121678133,5434,2,279.0
CoRoT-2__2026-08-16,12,2026-08-16 05:15:15.254000+00:00,CoRoT-2,1.1575806785347056,59.754,96,412.0,4.4478,595.8001708709924,6758,0,279.0
CoRoT-2__2026-08-16,13,2026-08-16 05:18:15.812000+00:00,CoRoT-2,1.1577928234875206,59.736,96,415.0,4.4478,447.8618642924592,5359,0,280.0
CoRoT-2__2026-08-16,14,2026-08-16 05:21:15.229000+00:00,CoRoT-2,1.158194065930904,59.702,96,416.0,4.4478,408.2917397364989,4698,0,279.0
CoRoT-2__2026-08-16,15,2026-08-16 05:24:15.686000+00:00,CoRoT-2,1.1588090587244233,59.65,96,418.0,4.4478,354.10764872521247,3341,0,280.0
CoRoT-2__2026-08-16,16,2026-08-16 05:30:15.673000+00:00,CoRoT-2,1.1606159685560755,59.498,96,410.0,4.4478,828.4994828904178,7540,9,279.0
CoRoT-2__2026-08-16,17,2026-08-16 05:33:16.090000+00:00,CoRoT-2,1.161812265880786,59.398,97,408.0,5.9304,490.86065020909217,5117,0,279.0
CoRoT-2__2026-08-16,18,2026-08-16 05:36:16.577000+00:00,CoRoT-2,1.1632195714831928,59.281,97,406.0,5.9304,622.0491029272899,6340,2,280.0
CoRoT-2__2026-08-16,19,2026-08-16 05:39:16.083000+00:00,CoRoT-2,1.1648172383344508,59.149,97,406.0,5.9304,622.0491029272899,6492,2,280.0
CoRoT-2__2026-08-16,20,2026-08-16 05:42:15.501000+00:00,CoRoT-2,1.1666211630413752,59.001,97,407.0,5.9304,507.2170511263996,6125,0,280.0
CoRoT-2__2026-08-16,21,2026-08-16 05:45:15.974000+00:00,CoRoT-2,1.168635766665956,58.837,97,411.0,4.4478,681.46049732452,7212,0,279.0
CoRoT-2__2026-08-16,22,2026-08-16 05:48:15.419000+00:00,CoRoT-2,1.1708411134753505,58.659,97,410.0,5.9304,455.28126264670175,5063,0,280.0
CoRoT-2__2026-08-16,23,2026-08-16 05:51:15.915000+00:00,CoRoT-2,1.1732671147785303,58.465,97,408.0,5.9304,549.0354782139485,6114,0,280.0
CoRoT-2__2026-08-16,24,2026-08-16 05:54:15.383000+00:00,CoRoT-2,1.175907086191344,58.256,97,408.0,5.9304,621.7118575475516,6340,1,279.0
CoRoT-2__2026-08-16,25,2026-08-16 05:57:15.987000+00:00,CoRoT-2,1.1787415277484197,58.034,97,407.0,5.9304,621.8804802374208,6462,1,280.0
CoRoT-2__2026-08-16,26,2026-08-16 06:00:15.422000+00:00,CoRoT-2,1.181802235308976,57.797,97,412.0,5.9304,538.0750033724538,4440,0,277.0
CoRoT-2__2026-08-16,27,2026-08-16 06:03:15.815000+00:00,CoRoT-2,1.185083291580824,57.546,98,414.0,5.9304,500.97801160124106,3713,0,280.0
CoRoT-2__2026-08-16,28,2026-08-16 06:06:16.120000+00:00,CoRoT-2,1.1886053380773227,57.28,98,412.0,5.9304,411.1021179009848,4293,0,280.0
CoRoT-2__2026-08-16,29,2026-08-16 06:09:15.524000+00:00,CoRoT-2,1.192295728184493,57.005,98,412.0,4.4478,625.9274247942803,7190,0,280.0
CoRoT-2__2026-08-16,30,2026-08-16 06:12:15.893000+00:00,CoRoT-2,1.196255975277838,56.714,98,413.0,4.4478,462.7006610009443,6123,0,280.0
CoRoT-2__2026-08-16,31,2026-08-16 06:15:15.326000+00:00,CoRoT-2,1.2004266923934126,56.412,98,415.0,5.9304,405.20032375556457,3120,0,279.0
CoRoT-2__2026-08-16,32,2026-08-16 06:18:15.764000+00:00,CoRoT-2,1.204843837789096,56.097,98,416.0,4.4478,495.3010477089797,4661,0,280.0
CoRoT-2__2026-08-16,33,2026-08-16 06:21:16.107000+00:00,CoRoT-2,1.2094882333778634,55.771,98,415.0,5.9304,430.6623499258061,3474,0,280.0
CoRoT-2__2026-08-16,34,2026-08-16 06:24:15.532000+00:00,CoRoT-2,1.2143832231342122,55.433,98,410.0,5.9304,601.6457574531229,5467,0,280.0
CoRoT-2__2026-08-16,35,2026-08-16 06:27:15.956000+00:00,CoRoT-2,1.2195239878763948,55.084,98,407.0,5.9304,621.8804802374208,7374,2,278.0
CoRoT-2__2026-08-16,36,2026-08-16 06:30:15.330000+00:00,CoRoT-2,1.22492041157565,54.724,98,406.0,5.9304,622.0491029272899,7479,1,279.0
CoRoT-2__2026-08-16,37,2026-08-16 06:33:15.659000+00:00,CoRoT-2,1.2305675831151248,54.354,94,408.0,5.9304,621.7118575475516,6484,2,280.0
CoRoT-2__2026-08-16,38,2026-08-16 06:36:16.066000+00:00,CoRoT-2,1.2364914586626854,53.973,94,408.0,5.9304,609.571023876973,6335,0,280.0
CoRoT-2__2026-08-16,39,2026-08-16 06:39:15.623000+00:00,CoRoT-2,1.2426718229044524,53.583,94,405.0,5.9304,622.2177256171591,7845,2,279.0
CoRoT-2__2026-08-16,40,2026-08-16 06:42:16.067000+00:00,CoRoT-2,1.2491192760021683,53.184,94,407.0,5.9304,621.8804802374208,7037,1,280.0
CoRoT-2__2026-08-16,41,2026-08-16 06:45:15.449000+00:00,CoRoT-2,1.255861677744153,52.775,94,411.0,5.9304,527.7890192904357,5114,0,279.0
CoRoT-2__2026-08-16,42,2026-08-16 06:48:15.770000+00:00,CoRoT-2,1.2628949284258422,52.357,94,411.0,5.9304,621.2059894779442,4974,1,280.0
CoRoT-2__2026-08-16,43,2026-08-16 06:51:15.163000+00:00,CoRoT-2,1.2702142607202818,51.931,94,411.0,4.4478,725.0775664373398,7510,0,279.0
CoRoT-2__2026-08-16,44,2026-08-16 06:54:15.511000+00:00,CoRoT-2,1.2778318795639292,51.497,94,407.0,5.9304,621.8804802374208,6322,2,280.0
CoRoT-2__2026-08-16,45,2026-08-16 06:57:16.031000+00:00,CoRoT-2,1.2857788262311842,51.054,94,406.0,5.9304,622.0491029272899,6677,3,279.0
CoRoT-2__2026-08-16,46,2026-08-16 07:00:15.371000+00:00,CoRoT-2,1.2940328915888688,50.604,94,404.0,5.9304,622.3863483070282,7577,2,279.0
CoRoT-2__2026-08-16,47,2026-08-16 07:03:15.757000+00:00,CoRoT-2,1.3026262752843527,50.146,100,404.0,5.9304,622.3863483070282,8162,3,279.0
CoRoT-2__2026-08-16,48,2026-08-16 07:06:15.150000+00:00,CoRoT-2,1.311535444513793,49.682,100,403.0,5.9304,600.9712666936464,8002,0,280.0
CoRoT-2__2026-08-16,49,2026-08-16 07:09:16.628000+00:00,CoRoT-2,1.3208136270841009,49.21,100,403.0,5.9304,622.5549709968974,7902,1,277.0
CoRoT-2__2026-08-16,50,2026-08-16 07:12:16.056000+00:00,CoRoT-2,1.3304371830655517,48.732,100,402.0,5.9304,622.7235936867665,8514,5,279.0
CoRoT-2__2026-08-16,51,2026-08-16 07:15:15.401000+00:00,CoRoT-2,1.3404421294672213,48.247,100,402.0,5.9304,622.7235936867665,8105,3,278.0
CoRoT-2__2026-08-16,52,2026-08-16 07:18:15.816000+00:00,CoRoT-2,1.350824651100933,47.756,100,401.0,5.9304,622.8922163766357,8360,4,280.0
CoRoT-2__2026-08-16,53,2026-08-16 07:21:15.147000+00:00,CoRoT-2,1.3616017725840062,47.259,100,401.0,5.9304,622.8922163766357,8376,4,279.0
CoRoT-2__2026-08-16,54,2026-08-16 07:24:16.605000+00:00,CoRoT-2,1.3727915389572047,46.756,100,402.0,5.9304,622.7235936867665,7876,3,280.0
CoRoT-2__2026-08-16,55,2026-08-16 07:27:15.282000+00:00,CoRoT-2,1.3843899613430672,46.248,100,401.0,5.9304,622.8922163766357,8263,4,279.0
CoRoT-2__2026-08-16,56,2026-08-16 07:30:15.826000+00:00,CoRoT-2,1.396439250419073,45.734,100,402.0,5.9304,622.7235936867665,8096,4,279.0
CoRoT-2__2026-08-16,57,2026-08-16 07:33:16.349000+00:00,CoRoT-2,1.4089365193833134,45.215,100,402.0,5.9304,622.7235936867665,7944,3,279.0
CoRoT-2__2026-08-16,58,2026-08-16 07:36:15.829000+00:00,CoRoT-2,1.421902619943504,44.691,100,402.0,5.9304,622.7235936867665,7884,4,280.0
CoRoT-2__2026-08-16,59,2026-08-16 07:39:15.257000+00:00,CoRoT-2,1.4353339082146923,44.163,100,403.0,5.9304,622.5549709968974,7928,4,278.0
CoRoT-2__2026-08-16,60,2026-08-16 07:42:15.656000+00:00,CoRoT-2,1.4492782510312543,43.63,100,403.0,5.9304,622.5549709968974,7754,2,279.0
CoRoT-2__2026-08-16,61,2026-08-16 07:45:16.046000+00:00,CoRoT-2,1.463760616172145,43.092,100,403.0,5.9304,622.5549709968974,7888,2,279.0
CoRoT-2__2026-08-16,62,2026-08-16 07:48:16.542000+00:00,CoRoT-2,1.4787794859696133,42.55,100,403.0,5.9304,602.1516255227303,7682,0,279.0
CoRoT-2__2026-08-16,63,2026-08-16 07:51:15.944000+00:00,CoRoT-2,1.494360687682009,42.004,100,403.0,5.9304,622.5549709968974,8028,2,280.0
CoRoT-2__2026-08-16,64,2026-08-16 07:54:15.477000+00:00,CoRoT-2,1.5105317265771434,41.454,100,403.0,5.9304,622.5549709968974,7920,2,279.0
CoRoT-2__2026-08-16,65,2026-08-16 07:57:15.914000+00:00,CoRoT-2,1.5273219250262184,40.9,100,404.0,5.9304,622.3863483070282,7750,2,279.0
CoRoT-2__2026-08-16,66,2026-08-16 08:00:15.413000+00:00,CoRoT-2,1.5447625756446024,40.342,100,404.0,5.9304,622.3863483070282,7360,2,278.0
CoRoT-2__2026-08-16,67,2026-08-16 08:03:16.824000+00:00,CoRoT-2,1.5628543483356996,39.781,100,404.0,5.9304,622.3863483070282,7701,3,279.0
CoRoT-2__2026-08-16,68,2026-08-16 08:06:15.168000+00:00,CoRoT-2,1.5816636259352608,39.216,100,404.0,5.9304,622.3863483070282,7620,1,278.0
CoRoT-2__2026-08-16,69,2026-08-16 08:09:15.561000+00:00,CoRoT-2,1.6011935866728322,38.648,100,405.0,5.9304,622.2177256171591,7141,2,279.0
CoRoT-2__2026-08-16,70,2026-08-16 08:12:16.062000+00:00,CoRoT-2,1.6214815708318535,38.077,100,405.0,5.9304,622.2177256171591,7295,2,279.0
CoRoT-2__2026-08-16,71,2026-08-16 08:15:15.404000+00:00,CoRoT-2,1.642604908723465,37.502,100,405.0,5.9304,622.2177256171591,7625,4,279.0
CoRoT-2__2026-08-16,72,2026-08-16 08:18:15.993000+00:00,CoRoT-2,1.6645330226972392,36.925,100,405.0,5.9304,622.2177256171591,7415,4,278.0
CoRoT-2__2026-08-16,73,2026-08-16 08:21:15.442000+00:00,CoRoT-2,1.6873480110893253,36.345,100,406.0,5.9304,622.0491029272899,7431,3,279.0
CoRoT-2__2026-08-16,74,2026-08-16 08:24:15.996000+00:00,CoRoT-2,1.711099270573407,35.762,100,405.0,5.9304,622.2177256171591,7546,2,279.0
CoRoT-2__2026-08-16,75,2026-08-16 08:27:15.438000+00:00,CoRoT-2,1.7358399441170933,35.176,100,405.0,5.9304,622.2177256171591,7755,4,278.0
CoRoT-2__2026-08-16,76,2026-08-16 08:30:15.910000+00:00,CoRoT-2,1.7615826936766097,34.588,100,406.0,5.9304,622.0491029272899,7516,4,279.0
CoRoT-2__2026-08-16,77,2026-08-16 08:33:16.350000+00:00,CoRoT-2,1.788384201983076,33.998,100,405.0,5.9304,622.2177256171591,7461,4,279.0
CoRoT-2__2026-08-16,78,2026-08-16 08:36:15.745000+00:00,CoRoT-2,1.8163536014510149,33.405,100,405.0,5.9304,622.2177256171591,7099,3,278.0
CoRoT-2__2026-08-16,79,2026-08-16 08:39:15.255000+00:00,CoRoT-2,1.845562450172947,32.809,100,404.0,5.9304,622.3863483070282,7281,5,279.0
CoRoT-2__2026-08-16,80,2026-08-16 08:42:15.763000+00:00,CoRoT-2,1.8759843383701265,32.212,100,404.0,5.9304,622.3863483070282,6838,3,279.0
CoRoT-2__2026-08-16,81,2026-08-16 08:45:17.089000+00:00,CoRoT-2,1.907961143264879,31.609,100,404.0,5.9304,622.3863483070282,7115,2,278.0
CoRoT-2__2026-08-16,82,2026-08-16 08:48:16.621000+00:00,CoRoT-2,1.9409838814939808,31.011,100,404.0,5.9304,622.3863483070282,7224,4,278.0
CoRoT-2__2026-08-16,83,2026-08-16 08:51:16.079000+00:00,CoRoT-2,1.975917604358371,30.404,100,404.0,5.9304,622.3863483070282,7165,1,279.0
CoRoT-2__2026-08-16,84,2026-08-16 08:54:15.442000+00:00,CoRoT-2,2.012116537950541,29.801,100,403.0,5.9304,622.5549709968974,6940,1,278.0
CoRoT-2__2026-08-16,85,2026-08-16 08:57:15.925000+00:00,CoRoT-2,2.0501539649854505,29.194,100,403.0,5.9304,622.5549709968974,7017,1,279.0
CoRoT-2__2026-08-23,0,2026-08-23 03:57:58.009000+00:00,CoRoT-2,1.1831698135916948,57.692,25,725.0,4.4478,13.714645442690768,585,0,282.0
CoRoT-2__2026-08-23,1,2026-08-23 04:00:15.500000+00:00,CoRoT-2,1.180739173247776,57.879,25,785.0,7.412999999999999,42.08822339133954,16,0,282.0
CoRoT-2__2026-08-23,2,2026-08-23 04:03:15.938000+00:00,CoRoT-2,1.1777420718222844,58.112,9,993.0,8.8956,12.140833670578711,37,0,282.0
CoRoT-2__2026-08-23,3,2026-08-23 04:06:15.311000+00:00,CoRoT-2,1.1749818647400878,58.329,9,844.0,20.7564,3.3242758859917907,0,0,283.0
CoRoT-2__2026-08-23,4,2026-08-23 04:09:15.731000+00:00,CoRoT-2,1.1724140899879458,58.533,9,654.0,7.412999999999999,42.89761230271146,26,0,282.0
CoRoT-2__2026-08-23,5,2026-08-23 04:12:15.157000+00:00,CoRoT-2,1.1700707329640423,58.721,9,665.0,4.4478,84.98583569405099,549,0,283.0
CoRoT-2__2026-08-23,6,2026-08-23 04:15:15.504000+00:00,CoRoT-2,1.1679213963269872,58.895,9,640.0,4.4478,776.7885246638788,694,9,283.0
CoRoT-2__2026-08-23,7,2026-08-23 04:18:15.901000+00:00,CoRoT-2,1.1659858286461195,59.053,9,799.0,7.412999999999999,52.880075542965066,39,0,283.0
CoRoT-2__2026-08-23,8,2026-08-23 04:21:15.390000+00:00,CoRoT-2,1.164247160716657,59.196,9,753.0,5.9304,30.014838796708485,142,0,282.0
CoRoT-2__2026-08-23,9,2026-08-23 04:24:15.915000+00:00,CoRoT-2,1.1627134348604522,59.323,9,1293.0,105.2646,4.1989424744881,0,0,283.0
CoRoT-2__2026-08-23,10,2026-08-23 04:27:15.370000+00:00,CoRoT-2,1.1613809072583845,59.434,9,1189.0,31.1346,22.097602024757023,6,0,283.0
CoRoT-2__2026-08-23,11,2026-08-23 04:30:15.968000+00:00,CoRoT-2,1.160246333705544,59.529,9,853.0,14.826,24.349116417105087,1,0,283.0
CoRoT-2__2026-08-23,12,2026-08-23 04:33:15.541000+00:00,CoRoT-2,1.1593069581010809,59.608,18,611.0,4.4478,107.4688610099375,559,0,281.0
CoRoT-2__2026-08-23,13,2026-08-23 04:36:15.944000+00:00,CoRoT-2,1.1585723328194,59.67,18,543.0,5.9304,7.0821529745042495,269,0,283.0
CoRoT-2__2026-08-23,14,2026-08-23 04:39:15.301000+00:00,CoRoT-2,1.158040568715112,59.715,18,524.0,5.9304,52.94752461891272,408,0,283.0
CoRoT-2__2026-08-23,15,2026-08-23 04:42:15.751000+00:00,CoRoT-2,1.1576985131365731,59.744,18,497.0,4.4478,94.42870632672332,1365,0,283.0
CoRoT-2__2026-08-23,16,2026-08-23 04:45:16.124000+00:00,CoRoT-2,1.1575453397070052,59.757,18,504.0,5.9304,70.4842843653042,287,0,282.0
CoRoT-2__2026-08-23,17,2026-08-23 04:48:15.499000+00:00,CoRoT-2,1.1576042407151073,59.752,18,507.0,4.4478,19.785062277980124,1236,0,282.0
CoRoT-2__2026-08-23,18,2026-08-23 04:51:15.916000+00:00,CoRoT-2,1.1578517867236802,59.731,18,539.0,4.4478,9.667700885831197,997,0,283.0
CoRoT-2__2026-08-23,19,2026-08-23 04:54:15.262000+00:00,CoRoT-2,1.1582885756242327,59.694,18,606.0,5.9304,7.4193983542425475,105,0,282.0
CoRoT-2__2026-08-23,20,2026-08-23 04:57:15.665000+00:00,CoRoT-2,1.1589275109191413,59.64,18,680.0,4.4478,60.25450784657584,432,0,283.0
CoRoT-2__2026-08-23,21,2026-08-23 05:00:15.980000+00:00,CoRoT-2,1.15977023474243,59.569,18,616.0,4.4478,8.993210126354603,507,0,282.0
CoRoT-2__2026-08-23,22,2026-08-23 05:03:15.548000+00:00,CoRoT-2,1.1608069729808663,59.482,6,618.0,4.4478,92.6300643014524,506,0,283.0
CoRoT-2__2026-08-23,23,2026-08-23 05:06:15.903000+00:00,CoRoT-2,1.1620402415871405,59.379,6,715.0,8.8956,52.94752461891272,66,0,282.0
CoRoT-2__2026-08-23,24,2026-08-23 05:09:15.246000+00:00,CoRoT-2,1.1634730395869457,59.26,6,958.0,13.3434,10.941738987064769,6,0,282.0
CoRoT-2__2026-08-23,25,2026-08-23 05:12:15.630000+00:00,CoRoT-2,1.165121018158448,59.124,6,922.0,25.2042,8.887407654279842,3,0,281.0
CoRoT-2__2026-08-23,26,2026-08-23 05:15:16.062000+00:00,CoRoT-2,1.1669517006222687,58.974,6,702.0,16.3086,14.777479366714497,1,0,281.0
CoRoT-2__2026-08-23,27,2026-08-23 05:18:15.438000+00:00,CoRoT-2,1.1690060818312804,58.807,6,860.0,34.099799999999995,8.269843224886952,1,0,280.0
CoRoT-2__2026-08-23,28,2026-08-23 05:21:15.779000+00:00,CoRoT-2,1.1712521280410282,58.626,6,654.0,7.412999999999999,5.395926075812762,4,0,282.0
CoRoT-2__2026-08-23,29,2026-08-23 05:24:16.128000+00:00,CoRoT-2,1.173707300476646,58.43,6,630.0,4.4478,8.543549620036872,436,0,282.0
CoRoT-2__2026-08-23,30,2026-08-23 05:27:15.490000+00:00,CoRoT-2,1.1763773203180212,58.219,6,704.0,7.412999999999999,6.475111290975314,38,0,281.0
CoRoT-2__2026-08-23,31,2026-08-23 05:30:15.956000+00:00,CoRoT-2,1.1792684401018725,57.993,6,590.0,22.239,157.60600746436444,944,1,281.0
CoRoT-2__2026-08-23,32,2026-08-23 05:33:15.340000+00:00,CoRoT-2,1.182361428683245,57.754,10,774.0,50.4084,3.670023250093239,0,0,281.0
CoRoT-2__2026-08-23,33,2026-08-23 05:36:16.756000+00:00,CoRoT-2,1.185675864116098,57.501,10,573.0,4.4478,79.8147398713971,488,0,281.0
CoRoT-2__2026-08-23,34,2026-08-23 05:39:15.191000+00:00,CoRoT-2,1.1891924248921104,57.236,10,586.0,5.9304,31.532443005530823,94,0,282.0
CoRoT-2__2026-08-23,35,2026-08-23 05:42:15.555000+00:00,CoRoT-2,1.1929721284327286,56.955,10,580.0,4.4478,32.375556454876566,517,0,281.0
CoRoT-2__2026-08-23,36,2026-08-23 05:45:15.989000+00:00,CoRoT-2,1.1969559347238232,56.663,10,567.0,4.4478,82.73753316246234,789,0,281.0
CoRoT-2__2026-08-23,37,2026-08-23 05:48:15.484000+00:00,CoRoT-2,1.201179039237704,56.358,10,558.0,4.4478,12.140833670578711,959,0,282.0
CoRoT-2__2026-08-23,38,2026-08-23 05:51:15.985000+00:00,CoRoT-2,1.205636334947252,56.041,10,552.0,4.4478,18.21125050586807,955,0,282.0
CoRoT-2__2026-08-23,39,2026-08-23 05:54:15.402000+00:00,CoRoT-2,1.210322404211655,55.713,10,538.0,4.4478,17.087099240073744,931,0,282.0
CoRoT-2__2026-08-23,40,2026-08-23 05:57:15.760000+00:00,CoRoT-2,1.215260728341042,55.373,10,546.0,4.4478,20.45955303745672,956,0,282.0
CoRoT-2__2026-08-23,41,2026-08-23 06:00:16.112000+00:00,CoRoT-2,1.220446548997958,55.022,10,560.0,4.4478,18.885741265344667,838,0,280.0
CoRoT-2__2026-08-23,42,2026-08-23 06:03:15.456000+00:00,CoRoT-2,1.2258898564543623,54.66,16,546.0,5.9304,17.03089167678403,263,0,282.0
CoRoT-2__2026-08-23,43,2026-08-23 06:06:15.842000+00:00,CoRoT-2,1.2315858024779858,54.288,16,515.0,4.4478,19.785062277980124,925,0,283.0
CoRoT-2__2026-08-23,44,2026-08-23 06:12:16.690000+00:00,CoRoT-2,1.2437777232648208,53.514,16,485.0,4.4478,76.21745582085525,1049,0,283.0
CoRoT-2__2026-08-23,45,2026-08-23 06:15:16.039000+00:00,CoRoT-2,1.250312709215056,53.111,16,481.0,4.4478,30.12725392328792,1048,0,282.0
CoRoT-2__2026-08-23,46,2026-08-23 06:18:15.407000+00:00,CoRoT-2,1.257062792777582,52.703,16,488.0,4.4478,73.74432303610774,923,0,283.0
CoRoT-2__2026-08-23,47,2026-08-23 06:21:15.791000+00:00,CoRoT-2,1.264138230122145,52.284,16,500.0,4.4478,89.48244075722829,903,0,282.0
CoRoT-2__2026-08-23,48,2026-08-23 06:24:15.270000+00:00,CoRoT-2,1.2715189637444262,51.856,16,530.0,5.9304,17.368137056522325,127,0,283.0
CoRoT-2__2026-08-23,49,2026-08-23 06:27:15.688000+00:00,CoRoT-2,1.2792006328649603,51.42,16,742.0,10.3782,18.21125050586807,4,0,281.0
CoRoT-2__2026-08-23,50,2026-08-23 06:30:16.015000+00:00,CoRoT-2,1.2871962977757585,50.976,16,852.0,14.826,5.6657223796034,1,0,282.0
CoRoT-2__2026-08-23,51,2026-08-23 06:33:15.549000+00:00,CoRoT-2,1.295501156108457,50.525,35,722.0,10.3782,4.817791139118537,0,0,283.0
CoRoT-2__2026-08-23,52,2026-08-23 06:36:16.944000+00:00,CoRoT-2,1.3041476004932773,50.066,35,710.0,8.8956,52.94752461891272,11,0,282.0
CoRoT-2__2026-08-23,53,2026-08-23 06:39:16.377000+00:00,CoRoT-2,1.313131578678673,49.6,35,700.0,5.9304,7.0821529745042495,160,0,283.0
CoRoT-2__2026-08-23,54,2026-08-23 06:42:15.875000+00:00,CoRoT-2,1.3224680686841717,49.127,35,786.0,11.8608,44.347767435586135,220,0,282.0
CoRoT-2__2026-08-23,55,2026-08-23 06:45:15.334000+00:00,CoRoT-2,1.332111542991852,48.65,35,760.0,5.9304,163.05814110346688,1651,0,282.0
CoRoT-2__2026-08-23,56,2026-08-23 06:48:16.714000+00:00,CoRoT-2,1.3422210294057468,48.162,35,729.0,8.8956,195.71473537479204,1747,0,280.0
CoRoT-2__2026-08-23,57,2026-08-23 06:51:15.162000+00:00,CoRoT-2,1.3526270052655525,47.672,35,608.0,8.8956,386.82045055982735,3277,0,282.0
CoRoT-2__2026-08-23,58,2026-08-23 06:54:15.522000+00:00,CoRoT-2,1.363516611100371,47.172,35,633.0,38.5476,80.99077504176655,503,0,281.0
CoRoT-2__2026-08-23,59,2026-08-23 06:57:15.977000+00:00,CoRoT-2,1.374779052318323,46.668,35,533.0,7.412999999999999,480.5072170511264,5795,2,282.0
CoRoT-2__2026-08-23,60,2026-08-23 07:00:15.505000+00:00,CoRoT-2,1.3864534369264776,46.159,35,521.0,7.412999999999999,482.1259948738703,6171,4,282.0
CoRoT-2__2026-08-23,61,2026-08-23 07:03:16.911000+00:00,CoRoT-2,1.398582284426964,45.644,59,532.0,11.8608,300.4013220018886,3222,3,282.0
CoRoT-2__2026-08-23,62,2026-08-23 07:06:15.296000+00:00,CoRoT-2,1.411162819308947,45.124,59,755.0,53.3736,34.79248167633437,149,0,282.0
CoRoT-2__2026-08-23,63,2026-08-23 07:09:15.720000+00:00,CoRoT-2,1.4241909164025093,44.6,59,510.0,7.412999999999999,483.6098745447188,5521,2,281.0
CoRoT-2__2026-08-23,64,2026-08-23 07:12:16.087000+00:00,CoRoT-2,1.4377386738936444,44.07,59,493.0,5.9304,607.378928908674,8222,3,282.0
CoRoT-2__2026-08-23,65,2026-08-23 07:15:15.482000+00:00,CoRoT-2,1.4517787212881237,43.536,59,541.0,16.3086,217.9218326527109,1754,4,282.0
CoRoT-2__2026-08-23,66,2026-08-23 07:18:15.791000+00:00,CoRoT-2,1.466334075419861,42.998,59,515.0,13.3434,268.2974354362457,14886,2,281.0
CoRoT-2__2026-08-23,67,2026-08-23 07:21:15.145000+00:00,CoRoT-2,1.4813726858802447,42.458,59,549.0,40.0302,88.58311974459284,564,2,280.0
CoRoT-2__2026-08-23,68,2026-08-23 07:24:15.594000+00:00,CoRoT-2,1.4971483640139391,41.908,59,524.0,5.9304,602.1516255227303,7150,6,281.0
CoRoT-2__2026-08-23,69,2026-08-23 07:27:15.981000+00:00,CoRoT-2,1.513434621950613,41.357,59,511.0,5.9304,604.3437204910293,8001,4,280.0
CoRoT-2__2026-08-23,70,2026-08-23 07:30:15.453000+00:00,CoRoT-2,1.5303149907454474,40.803,59,509.0,5.9304,604.6809658707676,8210,4,281.0
CoRoT-2__2026-08-23,71,2026-08-23 07:33:15.809000+00:00,CoRoT-2,1.5478820663971424,40.244,78,645.0,13.3434,258.55479113269485,1289,2,281.0
CoRoT-2__2026-08-23,72,2026-08-23 07:36:15.226000+00:00,CoRoT-2,1.566106763455841,39.682,78,749.0,34.099799999999995,77.44913459902992,230,0,281.0
CoRoT-2__2026-08-23,73,2026-08-23 07:39:15.639000+00:00,CoRoT-2,1.585022080823235,39.117,78,570.0,10.3782,339.6542753078569,3480,1,281.0
CoRoT-2__2026-08-23,74,2026-08-23 07:42:16.063000+00:00,CoRoT-2,1.6046984173318128,38.548,78,661.0,16.3086,127.6627055663883,372,0,281.0
CoRoT-2__2026-08-23,75,2026-08-23 07:45:15.494000+00:00,CoRoT-2,1.6251043574559705,37.977,78,630.0,5.9304,117.1927694590584,521,0,280.0
CoRoT-2__2026-08-23,76,2026-08-23 07:48:15.899000+00:00,CoRoT-2,1.6463518654794775,37.402,78,599.0,8.8956,140.18166284455236,286,0,281.0
CoRoT-2__2026-08-23,77,2026-08-23 07:51:15.312000+00:00,CoRoT-2,1.6684492502870851,36.824,78,524.0,7.412999999999999,481.7213004181843,4072,3,281.0
CoRoT-2__2026-08-23,78,2026-08-23 07:54:15.700000+00:00,CoRoT-2,1.6914431567515835,36.243,78,482.0,4.4478,722.8292639057512,8251,0,279.0
CoRoT-2__2026-08-23,79,2026-08-23 07:57:16.116000+00:00,CoRoT-2,1.7153419887236234,35.66,78,489.0,5.9304,242.479428031836,1030,0,280.0
CoRoT-2__2026-08-23,80,2026-08-23 08:00:15.592000+00:00,CoRoT-2,1.7402383513605122,35.074,78,483.0,4.4478,33.050047214353164,653,0,280.0
CoRoT-2__2026-08-23,81,2026-08-23 08:03:15.942000+00:00,CoRoT-2,1.766190120630039,34.485,80,480.0,4.4478,8.543549620036872,1096,0,280.0
CoRoT-2__2026-08-23,82,2026-08-23 08:06:15.432000+00:00,CoRoT-2,1.7932131597530876,33.894,80,473.0,4.4478,8.318719366878007,668,0,280.0
CoRoT-2__2026-08-23,83,2026-08-23 08:09:15.820000+00:00,CoRoT-2,1.8213695277836848,33.301,80,467.0,4.4478,74.86847430190207,969,0,281.0
CoRoT-2__2026-08-23,84,2026-08-23 08:12:15.189000+00:00,CoRoT-2,1.8505753043877493,32.709,80,470.0,4.4478,114.66342911102116,860,0,280.0
CoRoT-2__2026-08-23,85,2026-08-23 08:15:15.644000+00:00,CoRoT-2,1.8814602134723408,32.107,80,478.0,4.4478,18.436080759026936,538,0,281.0
CoRoT-2__2026-08-30,0,2026-08-30 03:18:36.985000+00:00,CoRoT-2,1.197754117234448,56.605,0,420.0,4.4478,54.40892126444535,785,0,281.0
CoRoT-2__2026-08-30,1,2026-08-30 03:21:15.622000+00:00,CoRoT-2,1.194180273663135,56.866,0,428.0,4.4478,98.92531138990064,674,0,282.0
CoRoT-2__2026-08-30,2,2026-08-30 03:24:17.067000+00:00,CoRoT-2,1.1903302033327672,57.151,0,426.0,4.4478,56.43239354287513,728,0,281.0
CoRoT-2__2026-08-30,3,2026-08-30 03:27:16.462000+00:00,CoRoT-2,1.186745835552933,57.42,0,441.0,4.4478,55.3082422770808,761,0,281.0
CoRoT-2__2026-08-30,4,2026-08-30 03:30:15.898000+00:00,CoRoT-2,1.1833657649247462,57.677,0,457.0,4.4478,105.67021898466658,805,0,281.0
CoRoT-2__2026-08-30,5,2026-08-30 03:33:15.404000+00:00,CoRoT-2,1.180196353951015,57.921,0,469.0,4.4478,52.16061873285669,623,0,281.0
CoRoT-2__2026-08-30,6,2026-08-30 03:36:16.805000+00:00,CoRoT-2,1.1772437968736178,58.151,0,468.0,4.4478,52.16061873285669,798,0,282.0
CoRoT-2__2026-08-30,7,2026-08-30 03:39:16.321000+00:00,CoRoT-2,1.1745142003425406,58.366,0,515.0,4.4478,56.657223796034,648,0,280.0
CoRoT-2__2026-08-30,8,2026-08-30 03:42:15.761000+00:00,CoRoT-2,1.1719886613201138,58.567,0,538.0,4.4478,52.610279239174425,609,0,282.0
CoRoT-2__2026-08-30,9,2026-08-30 03:45:15.139000+00:00,CoRoT-2,1.1696740493723417,58.753,0,553.0,5.9304,51.598543099959535,80,0,281.0
CoRoT-2__2026-08-30,10,2026-08-30 03:48:16.590000+00:00,CoRoT-2,1.167564987053827,58.924,0,561.0,4.4478,93.07972480777012,639,0,282.0
CoRoT-2__2026-08-30,11,2026-08-30 03:51:16.173000+00:00,CoRoT-2,1.1656565948890742,59.08,0,580.0,4.4478,57.55654480866946,540,0,282.0
CoRoT-2__2026-08-30,12,2026-08-30 03:54:15.552000+00:00,CoRoT-2,1.1639686751956095,59.219,0,583.0,5.9304,40.30082287872656,64,0,281.0
CoRoT-2__2026-08-30,13,2026-08-30 03:57:16.158000+00:00,CoRoT-2,1.1624607658577013,59.344,0,595.0,4.4478,54.40892126444535,464,0,281.0
CoRoT-2__2026-08-30,14,2026-08-30 04:00:15.706000+00:00,CoRoT-2,1.1611655199024042,59.452,0,592.0,4.4478,103.87157695939564,559,0,282.0
CoRoT-2__2026-08-30,15,2026-08-30 04:03:16.188000+00:00,CoRoT-2,1.1600676845337972,59.544,0,613.0,4.4478,98.25082063042404,460,0,281.0
CoRoT-2__2026-08-30,16,2026-08-30 04:06:15.717000+00:00,CoRoT-2,1.1591645939203228,59.62,0,611.0,5.9304,36.25387832186699,148,0,282.0
CoRoT-2__2026-08-30,17,2026-08-30 04:09:16.244000+00:00,CoRoT-2,1.1584658837597015,59.679,0,676.0,5.9304,68.62943477674357,55,0,281.0
CoRoT-2__2026-08-30,18,2026-08-30 04:12:15.764000+00:00,CoRoT-2,1.1579579579084414,59.722,0,720.0,5.9304,38.10872791042763,67,0,281.0
CoRoT-2__2026-08-30,19,2026-08-30 04:15:15.280000+00:00,CoRoT-2,1.1576513721854642,59.748,0,769.0,5.9304,41.818427087548905,87,0,282.0
CoRoT-2__2026-08-30,20,2026-08-30 04:18:16.584000+00:00,CoRoT-2,1.1575453397070052,59.757,0,837.0,5.9304,39.28908673951168,76,0,281.0
CoRoT-2__2026-08-30,21,2026-08-30 04:21:16.025000+00:00,CoRoT-2,1.1576278052652929,59.75,0,906.0,5.9304,82.79374072575206,99,0,282.0
CoRoT-2__2026-08-30,22,2026-08-30 04:24:15.466000+00:00,CoRoT-2,1.1579107647842637,59.726,0,962.0,5.9304,41.818427087548905,82,0,281.0
CoRoT-2__2026-08-30,23,2026-08-30 04:27:15.806000+00:00,CoRoT-2,1.1583831233280932,59.686,0,993.0,7.412999999999999,75.27316875758802,12,0,281.0
CoRoT-2__2026-08-30,24,2026-08-30 04:30:15.285000+00:00,CoRoT-2,1.1590697321329997,59.628,0,1007.0,7.412999999999999,46.27006610009443,13,0,281.0
CoRoT-2__2026-08-30,25,2026-08-30 04:33:16.662000+00:00,CoRoT-2,1.159936760623166,59.555,4,1033.0,7.412999999999999,34.53392688520167,11,0,281.0
CoRoT-2__2026-08-30,26,2026-08-30 04:36:16.130000+00:00,CoRoT-2,1.161010083298437,59.465,4,1068.0,7.412999999999999,77.02684473222718,8,0,281.0
CoRoT-2__2026-08-30,27,2026-08-30 04:39:16.588000+00:00,CoRoT-2,1.1622804507986877,59.359,4,1101.0,7.412999999999999,33.050047214353164,16,0,280.0
CoRoT-2__2026-08-30,28,2026-08-30 04:42:16.043000+00:00,CoRoT-2,1.1637509537021715,59.237,4,1150.0,7.412999999999999,34.39902873330636,18,0,282.0
CoRoT-2__2026-08-30,29,2026-08-30 04:45:15.396000+00:00,CoRoT-2,1.165425178411366,59.099,4,1169.0,7.412999999999999,50.58680696074464,15,0,282.0
CoRoT-2__2026-08-30,30,2026-08-30 04:48:15.835000+00:00,CoRoT-2,1.1672949521046576,58.946,4,1204.0,7.412999999999999,32.91514906245785,22,0,280.0
CoRoT-2__2026-08-30,31,2026-08-30 04:51:15.168000+00:00,CoRoT-2,1.1693769524535256,58.777,4,1237.0,8.8956,47.10193803678223,9,0,279.0
CoRoT-2__2026-08-30,32,2026-08-30 04:54:15.581000+00:00,CoRoT-2,1.1716638200855105,58.593,4,1255.0,8.8956,33.38729259409146,4,0,281.0
CoRoT-2__2026-08-30,33,2026-08-30 04:57:16.045000+00:00,CoRoT-2,1.174173475540396,58.393,4,1295.0,8.8956,50.4743918341652,7,0,281.0
CoRoT-2__2026-08-30,34,2026-08-30 05:00:15.458000+00:00,CoRoT-2,1.1768739113160922,58.18,4,1346.0,10.3782,35.458942783912434,3,0,281.0
CoRoT-2__2026-08-30,35,2026-08-30 05:03:15.941000+00:00,CoRoT-2,1.1797835375672243,57.953,2,1360.0,10.3782,58.2952727833343,4,0,281.0
CoRoT-2__2026-08-30,36,2026-08-30 05:06:15.552000+00:00,CoRoT-2,1.1829218180765273,57.711,2,1336.0,8.8956,46.42744727730563,2,0,281.0
CoRoT-2__2026-08-30,37,2026-08-30 05:09:15.990000+00:00,CoRoT-2,1.1862829744619323,57.455,2,1309.0,8.8956,39.12046404964252,5,0,280.0
CoRoT-2__2026-08-30,38,2026-08-30 05:12:16.403000+00:00,CoRoT-2,1.189847735330592,57.187,2,1313.0,10.3782,24.47437898672217,2,0,280.0
CoRoT-2__2026-08-30,39,2026-08-30 05:15:15.707000+00:00,CoRoT-2,1.1936502061052077,56.905,2,1330.0,8.8956,38.44597329016592,5,0,280.0
CoRoT-2__2026-08-30,40,2026-08-30 05:18:15.171000+00:00,CoRoT-2,1.19768521812094,56.61,2,1308.0,8.8956,57.668959935248886,23,0,281.0
CoRoT-2__2026-08-30,41,2026-08-30 05:21:15.636000+00:00,CoRoT-2,1.2019333980184737,56.304,2,1289.0,8.8956,47.32676828994109,51,0,281.0
CoRoT-2__2026-08-30,42,2026-08-30 05:24:16.144000+00:00,CoRoT-2,1.206459451186688,55.983,2,1249.0,8.8956,37.54665227753046,107,0,281.0
CoRoT-2__2026-08-30,43,2026-08-30 05:27:15.577000+00:00,CoRoT-2,1.2111734129968337,55.654,2,1228.0,7.412999999999999,67.17927964386888,156,0,280.0
CoRoT-2__2026-08-30,44,2026-08-30 05:30:15.935000+00:00,CoRoT-2,1.216155527819418,55.312,2,1185.0,7.412999999999999,63.26723323890463,261,0,279.0
CoRoT-2__2026-08-30,45,2026-08-30 05:33:15.423000+00:00,CoRoT-2,1.22137193824523,54.96,20,1135.0,7.412999999999999,91.73074328881695,368,0,281.0
CoRoT-2__2026-08-30,46,2026-08-30 05:36:15.917000+00:00,CoRoT-2,1.2268623690380764,54.596,20,1075.0,7.412999999999999,150.27654121138542,606,0,281.0
CoRoT-2__2026-08-30,47,2026-08-30 05:39:16.312000+00:00,CoRoT-2,1.232607345182243,54.222,20,1038.0,5.9304,227.80925401322003,1138,0,280.0
CoRoT-2__2026-08-30,48,2026-08-30 05:42:15.764000+00:00,CoRoT-2,1.2386015559915775,53.839,20,998.0,7.412999999999999,167.9481991096722,904,0,281.0
CoRoT-2__2026-08-30,49,2026-08-30 05:45:17.026000+00:00,CoRoT-2,1.244919621819301,53.443,20,813.0,5.9304,489.51166869013895,3118,0,281.0
CoRoT-2__2026-08-30,50,2026-08-30 05:48:16.444000+00:00,CoRoT-2,1.2514447164473086,53.042,20,669.0,5.9304,577.7013354917038,5398,2,280.0
CoRoT-2__2026-08-30,51,2026-08-30 05:51:16.829000+00:00,CoRoT-2,1.2582849683885453,52.63,20,582.0,5.9304,592.3715095103197,7415,4,280.0
CoRoT-2__2026-08-30,52,2026-08-30 05:54:15.274000+00:00,CoRoT-2,1.2654031630234792,52.21,20,573.0,5.9304,593.8891137191421,7898,8,280.0
CoRoT-2__2026-08-30,53,2026-08-30 05:57:15.694000+00:00,CoRoT-2,1.2728285329803537,51.781,20,874.0,13.3434,66.92447202362217,386,0,280.0
CoRoT-2__2026-08-30,54,2026-08-30 06:00:15.152000+00:00,CoRoT-2,1.2805210057001526,51.346,20,842.0,10.3782,144.63008999633848,655,0,280.0
CoRoT-2__2026-08-30,55,2026-08-30 06:03:15.625000+00:00,CoRoT-2,1.2886192888983106,50.898,60,580.0,5.9304,592.708754890058,7466,5,280.0
CoRoT-2__2026-08-30,56,2026-08-30 06:06:16.047000+00:00,CoRoT-2,1.2969939212329822,50.445,60,570.0,5.9304,594.3949817887495,7669,3,280.0
CoRoT-2__2026-08-30,57,2026-08-30 06:09:16.488000+00:00,CoRoT-2,1.3056941634448411,49.985,60,576.0,7.412999999999999,474.7065965196277,5863,5,279.0
CoRoT-2__2026-08-30,58,2026-08-30 06:12:15.933000+00:00,CoRoT-2,1.3147342987390616,49.518,60,631.0,10.3782,333.77657011813227,3942,3,280.0
CoRoT-2__2026-08-30,59,2026-08-30 06:15:16.314000+00:00,CoRoT-2,1.3241294423480716,49.044,60,695.0,20.7564,163.80489873003026,964,1,279.0
CoRoT-2__2026-08-30,60,2026-08-30 06:18:15.885000+00:00,CoRoT-2,1.3338956029036506,48.563,60,1059.0,28.1694,26.55363621518385,71,0,280.0
CoRoT-2__2026-08-30,61,2026-08-30 06:21:15.278000+00:00,CoRoT-2,1.344028683698372,48.076,60,1036.0,26.6868,37.73401082182952,119,0,281.0
CoRoT-2__2026-08-30,62,2026-08-30 06:24:15.748000+00:00,CoRoT-2,1.3545450783741495,47.583,60,1092.0,32.6172,19.34562132862416,25,0,280.0
CoRoT-2__2026-08-30,63,2026-08-30 06:27:16.159000+00:00,CoRoT-2,1.3654621533078406,47.084,60,1595.0,11.8608,20.656279508970727,2,0,281.0
CoRoT-2__2026-08-30,64,2026-08-30 06:30:15.481000+00:00,CoRoT-2,1.376775581489093,46.58,60,1837.0,20.7564,22.35455088551001,2,0,279.0
CoRoT-2__2026-08-30,65,2026-08-30 06:33:15.944000+00:00,CoRoT-2,1.3885497746800142,46.069,75,1316.0,13.3434,21.73359113869029,5,0,280.0
CoRoT-2__2026-08-30,66,2026-08-30 06:36:15.342000+00:00,CoRoT-2,1.4007353676110377,45.554,75,1362.0,22.239,9.802599037726518,2,0,281.0
CoRoT-2__2026-08-30,67,2026-08-30 06:39:15.783000+00:00,CoRoT-2,1.4133997370415712,45.033,75,1491.0,11.8608,21.0778362336436,2,0,280.0
CoRoT-2__2026-08-30,68,2026-08-30 06:42:17.149000+00:00,CoRoT-2,1.426591514229382,44.505,75,1484.0,10.3782,33.62818215104739,2,0,280.0
CoRoT-2__2026-08-30,69,2026-08-30 06:45:15.619000+00:00,CoRoT-2,1.4401553116605688,43.977,75,1430.0,13.3434,45.41571113809074,3,0,280.0
CoRoT-2__2026-08-30,70,2026-08-30 06:48:16.017000+00:00,CoRoT-2,1.4542649550153897,43.443,75,1321.0,11.8608,20.31903412923243,2,0,281.0
CoRoT-2__2026-08-30,71,2026-08-30 06:51:15.541000+00:00,CoRoT-2,1.468948146302221,42.903,75,1269.0,8.8956,28.328611898017,3,0,281.0
CoRoT-2__2026-08-30,72,2026-08-30 06:54:17.032000+00:00,CoRoT-2,1.4842344764735582,42.357,75,984.0,13.3434,18.36113734130732,3,0,280.0
CoRoT-2__2026-08-30,73,2026-08-30 06:57:15.526000+00:00,CoRoT-2,1.4999506791665045,41.812,75,1203.0,51.891,5.33811258214334,1,0,280.0
CoRoT-2__2026-08-30,74,2026-08-30 07:00:16.085000+00:00,CoRoT-2,1.5163228841626142,41.261,75,892.0,17.7912,12.64670174018616,1,0,280.0
CoRoT-2__2026-08-30,75,2026-08-30 07:03:16.619000+00:00,CoRoT-2,1.5333242137725425,40.706,33,1092.0,10.3782,22.35455088551001,3,0,280.0
CoRoT-2__2026-08-30,76,2026-08-30 07:06:16.057000+00:00,CoRoT-2,1.5509866345078869,40.147,33,997.0,10.3782,38.060549999036446,3,0,281.0
CoRoT-2__2026-08-30,77,2026-08-30 07:09:15.495000+00:00,CoRoT-2,1.5693443102061326,39.584,33,1036.0,11.8608,44.51639012545528,2,0,281.0
CoRoT-2__2026-08-30,78,2026-08-30 07:15:22.839000+00:00,CoRoT-2,1.6089664012676437,38.427,33,1181.0,10.3782,38.73504075851304,3,0,281.0
CoRoT-2__2026-08-30,79,2026-08-30 07:20:13.959000+00:00,CoRoT-2,1.6426796317045815,37.5,33,1045.0,7.412999999999999,55.17334412518549,13,0,280.0
CoRoT-2__2026-08-30,80,2026-08-30 07:25:04.028000+00:00,CoRoT-2,1.6784820497392083,36.568,33,1143.0,8.8956,41.481181707810606,2,0,281.0
CoRoT-2__2026-08-30,81,2026-08-30 07:26:48.134000+00:00,CoRoT-2,1.6918862984620928,36.232,33,1123.0,16.3086,31.08789227769398,2,0,280.0
CoRoT-2__2026-08-30,82,2026-08-30 07:33:21.527000+00:00,CoRoT-2,1.745535841143223,34.952,2,1041.0,7.412999999999999,72.57520571968165,15,0,279.0
CoRoT-2__2026-08-30,83,2026-08-30 07:35:06.686000+00:00,CoRoT-2,1.7606469613996414,34.609,2,1062.0,7.412999999999999,58.27600161877783,8,0,280.0
CoRoT-2__2026-08-30,84,2026-08-30 07:41:41.037000+00:00,CoRoT-2,1.820789047269902,33.313,2,762.0,7.412999999999999,57.06191825171996,13,0,280.0
CoRoT-2__2026-08-30,85,2026-08-30 07:43:25.229000+00:00,CoRoT-2,1.8377580782859533,32.966,2,747.0,8.8956,42.1556724672872,6,0,280.0
CoRoT-2__2026-08-30,86,2026-08-30 07:48:13.286000+00:00,CoRoT-2,1.886395005060581,32.013,2,923.0,11.8608,39.12046404964252,5,0,280.0
HATP-10__2026-09-05,0,2026-09-05 07:42:24.011000+00:00,HATP-10,1.5398949190941469,40.496,100,426.0,4.4478,824.902198839876,3016,32,279.0
HATP-10__2026-09-05,1,2026-09-05 07:48:35.877000+00:00,HATP-10,1.5010933236488582,41.773,100,429.0,4.4478,824.2277080803993,3311,32,279.0
HATP-10__2026-09-05,2,2026-09-05 07:50:20.102000+00:00,HATP-10,1.490695151583106,42.131,100,429.0,4.4478,824.2277080803993,3249,32,279.0
HATP-10__2026-09-05,3,2026-09-05 07:58:16.201000+00:00,HATP-10,1.445550932710692,43.771,100,431.0,4.4478,823.7780475740816,3056,31,279.0
HATP-10__2026-09-05,4,2026-09-05 08:00:00.367000+00:00,HATP-10,1.4360825119263068,44.134,100,430.0,4.4478,824.0028778272405,3437,32,279.0
HATP-10__2026-09-05,5,2026-09-05 08:06:14.128000+00:00,HATP-10,1.4038873763857165,45.423,100,429.0,4.4478,824.2277080803993,3255,32,279.0
HATP-10__2026-09-05,6,2026-09-05 08:12:25.844000+00:00,HATP-10,1.3738067576321995,46.711,100,428.0,4.4478,824.4525383335582,3341,35,279.0
HATP-10__2026-09-05,7,2026-09-05 08:20:23.877000+00:00,HATP-10,1.3378607406435812,48.371,100,426.0,4.4478,824.902198839876,3326,33,278.0
HATP-10__2026-09-05,8,2026-09-05 08:22:06.993000+00:00,HATP-10,1.3304983179456011,48.729,100,426.0,4.4478,824.902198839876,3272,33,279.0
HATP-10__2026-09-05,9,2026-09-05 08:30:01.954000+00:00,HATP-10,1.2981736802806871,50.382,100,425.0,4.4478,825.1270290930347,3260,33,278.0
HATP-10__2026-09-05,10,2026-09-05 08:36:13.691000+00:00,HATP-10,1.2745998097361677,51.68,100,425.0,4.4478,825.1270290930347,3315,33,278.0
HATP-10__2026-09-05,11,2026-09-05 08:37:56.833000+00:00,HATP-10,1.2683267277480343,52.04,100,425.0,4.4478,825.1270290930347,3337,35,278.0
HATP-10__2026-09-05,12,2026-09-05 08:44:11.610000+00:00,HATP-10,1.2464052373607986,53.351,100,425.0,4.4478,825.1270290930347,3344,31,279.0
HATP-10__2026-09-05,13,2026-09-05 08:50:25.469000+00:00,HATP-10,1.225935374376954,54.657,100,424.0,4.4478,825.3518593461936,3250,35,279.0
HATP-10__2026-09-05,14,2026-09-05 08:56:38.366000+00:00,HATP-10,1.2066584881498328,55.969,100,423.0,4.4478,825.5766895993524,3262,33,278.0
HATP-10__2026-09-05,15,2026-09-05 09:02:51.346000+00:00,HATP-10,1.1886186667385612,57.279,100,423.0,4.4478,825.5766895993524,3148,33,279.0
HATP-10__2026-09-05,16,2026-09-05 09:09:03.281000+00:00,HATP-10,1.1717887091540238,58.583,100,423.0,4.4478,825.5766895993524,3193,34,278.0
HATP-10__2026-09-05,17,2026-09-05 09:15:16.040000+00:00,HATP-10,1.1559021120175648,59.897,100,422.0,4.4478,825.8015198525113,3200,34,279.0
HATP-10__2026-09-05,18,2026-09-05 09:21:27.901000+00:00,HATP-10,1.1410654262707076,61.208,100,423.0,4.4478,825.5766895993524,3097,35,279.0
HATP-10__2026-09-05,19,2026-09-05 09:29:25.822000+00:00,HATP-10,1.123367046325864,62.896,100,421.0,4.4478,826.0263501056702,3039,34,279.0
HATP-10__2026-09-05,20,2026-09-05 09:31:09.027000+00:00,HATP-10,1.119758591542006,63.259,100,421.0,4.4478,826.0263501056702,3154,36,278.0
HATP-10__2026-09-05,21,2026-09-05 09:32:53.212000+00:00,HATP-10,1.1161696039473523,63.627,100,421.0,4.4478,826.0263501056702,3171,33,280.0
HATP-10__2026-09-05,22,2026-09-05 09:34:36.356000+00:00,HATP-10,1.112649302067672,63.995,100,421.0,4.4478,826.0263501056702,3319,35,279.0
HATP-10__2026-09-05,23,2026-09-05 09:36:20.532000+00:00,HATP-10,1.1092339157854694,64.359,100,421.0,4.4478,826.0263501056702,3213,35,278.0
HATP-10__2026-09-05,24,2026-09-05 09:38:03.688000+00:00,HATP-10,1.105847477499136,64.727,100,421.0,4.4478,826.0263501056702,3387,33,279.0
HATP-10__2026-09-05,25,2026-09-05 09:39:48.858000+00:00,HATP-10,1.102500196476421,65.098,100,421.0,4.4478,826.0263501056702,3277,35,278.0
HATP-10__2026-09-05,26,2026-09-05 09:41:32.055000+00:00,HATP-10,1.0992716090647408,65.463,100,421.0,4.4478,826.0263501056702,3378,34,279.0
HATP-10__2026-09-05,27,2026-09-05 09:43:16.256000+00:00,HATP-10,1.0960547185252756,65.834,100,422.0,4.4478,825.8015198525113,3223,36,278.0
HATP-10__2026-09-05,28,2026-09-05 09:45:01.405000+00:00,HATP-10,1.0929275249452453,66.202,100,422.0,4.4478,825.8015198525113,3208,36,278.0
HATP-10__2026-09-05,29,2026-09-05 09:46:45.550000+00:00,HATP-10,1.0898547137108516,66.571,100,422.0,4.4478,825.8015198525113,3443,34,279.0
HATP-10__2026-09-05,30,2026-09-05 09:48:30.733000+00:00,HATP-10,1.086819861280366,66.943,100,423.0,4.4478,825.5766895993524,3305,34,279.0
HATP-10__2026-09-05,31,2026-09-05 09:50:13.866000+00:00,HATP-10,1.0838790579268345,67.311,100,422.0,4.4478,825.8015198525113,3409,35,278.0
HATP-10__2026-09-05,32,2026-09-05 09:51:57.095000+00:00,HATP-10,1.081021839918463,67.676,100,422.0,4.4478,825.8015198525113,3562,35,279.0
HATP-10__2026-09-05,33,2026-09-05 09:53:40.291000+00:00,HATP-10,1.0782232881244946,68.041,100,424.0,4.4478,825.3518593461936,3292,36,278.0
HATP-10__2026-09-05,34,2026-09-05 09:55:23.491000+00:00,HATP-10,1.0754530069397514,68.41,100,427.0,4.4478,824.6773685867171,3285,32,278.0
HATP-10__2026-09-05,35,2026-09-05 09:57:06.622000+00:00,HATP-10,1.0727703880498596,68.775,100,428.0,4.4478,824.4525383335582,3216,34,279.0
HATP-10__2026-09-05,36,2026-09-05 09:58:49.839000+00:00,HATP-10,1.0701444400497375,69.14,100,430.0,4.4478,824.0028778272405,3095,31,279.0
HATP-10__2026-09-05,37,2026-09-05 10:00:34.034000+00:00,HATP-10,1.0675466802521618,69.509,100,432.0,4.4478,823.5532173209227,3067,34,279.0
HATP-10__2026-09-05,38,2026-09-05 10:02:17.190000+00:00,HATP-10,1.065026000786732,69.875,100,432.0,4.4478,823.5532173209227,3136,32,279.0
HATP-10__2026-09-05,39,2026-09-05 10:04:01.407000+00:00,HATP-10,1.0625204899306582,70.247,100,426.0,4.4478,824.902198839876,3471,34,278.0
HATP-10__2026-09-05,40,2026-09-05 10:05:46.609000+00:00,HATP-10,1.060084339401458,70.617,100,422.0,4.4478,825.8015198525113,3393,33,279.0
HATP-10__2026-09-05,41,2026-09-05 10:07:31.838000+00:00,HATP-10,1.0576906205400964,70.989,100,421.0,4.4478,826.0263501056702,3550,35,279.0
HATP-10__2026-09-05,42,2026-09-05 10:09:15.036000+00:00,HATP-10,1.055364501006172,71.359,100,421.0,4.4478,826.0263501056702,3514,37,278.0
HATP-10__2026-09-05,43,2026-09-05 10:10:58.240000+00:00,HATP-10,1.053122756290482,71.724,100,421.0,4.4478,826.0263501056702,3556,38,279.0
HATP-10__2026-09-05,44,2026-09-05 10:12:41.354000+00:00,HATP-10,1.0509034375463755,72.094,100,422.0,4.4478,825.8015198525113,3466,36,280.0
HATP-10__2026-09-05,45,2026-09-05 10:14:24.489000+00:00,HATP-10,1.0487602338848674,72.46,100,422.0,4.4478,825.8015198525113,3440,35,279.0
HATP-10__2026-09-05,46,2026-09-05 10:16:08.718000+00:00,HATP-10,1.0466683766754143,72.826,100,422.0,4.4478,825.8015198525113,3497,38,279.0
HATP-10__2026-09-05,47,2026-09-05 10:17:52.863000+00:00,HATP-10,1.0445888464799256,73.199,100,423.0,4.4478,825.5766895993524,3628,35,279.0
HATP-10__2026-09-05,48,2026-09-05 10:19:37.066000+00:00,HATP-10,1.0425831236091037,73.568,100,427.0,4.4478,824.6773685867171,3456,32,279.0
HATP-10__2026-09-05,49,2026-09-05 10:21:21.312000+00:00,HATP-10,1.0406229382500984,73.938,100,435.0,4.4478,822.8787265614461,3032,30,279.0
HATP-10__2026-09-05,50,2026-09-05 10:23:04.458000+00:00,HATP-10,1.0387184382321235,74.307,100,433.0,4.4478,823.3283870677639,3157,31,279.0
HATP-10__2026-09-05,51,2026-09-05 10:24:48.674000+00:00,HATP-10,1.036878701997825,74.673,100,436.0,4.4478,822.6538963082872,3003,30,278.0
HATP-10__2026-09-05,52,2026-09-05 10:26:32.821000+00:00,HATP-10,1.0350683262955522,75.043,100,435.0,4.4478,822.8787265614461,2971,30,279.0
HATP-10__2026-09-05,53,2026-09-05 10:28:17.977000+00:00,HATP-10,1.033274432895275,75.42,100,430.0,4.4478,824.0028778272405,3321,34,279.0
HATP-10__2026-09-05,54,2026-09-05 10:30:01.166000+00:00,HATP-10,1.0315632344930517,75.79,100,427.0,4.4478,824.6773685867171,3245,32,278.0
HATP-10__2026-09-05,55,2026-09-05 10:31:46.337000+00:00,HATP-10,1.0299050010160562,76.159,100,426.0,4.4478,824.902198839876,3417,31,279.0
HATP-10__2026-09-05,56,2026-09-05 10:33:29.529000+00:00,HATP-10,1.0282903729080086,76.529,100,428.0,4.4478,824.4525383335582,3242,33,279.0
HATP-10__2026-09-05,57,2026-09-05 10:35:13.704000+00:00,HATP-10,1.026723548909388,76.899,100,424.0,4.4478,825.3518593461936,3529,34,279.0
HATP-10__2026-09-05,58,2026-09-05 10:36:56.892000+00:00,HATP-10,1.0252203535066264,77.265,100,425.0,4.4478,825.1270290930347,3341,33,278.0
HATP-10__2026-09-05,59,2026-09-05 10:38:40.024000+00:00,HATP-10,1.023763267021518,77.631,100,423.0,4.4478,825.5766895993524,3524,38,278.0
HATP-10__2026-09-05,60,2026-09-05 10:40:26.200000+00:00,HATP-10,1.0222951070168025,78.012,100,422.0,4.4478,825.8015198525113,3610,37,278.0
HATP-10__2026-09-05,61,2026-09-05 10:42:15.484000+00:00,HATP-10,1.0208542766067157,78.399,100,422.0,4.4478,825.8015198525113,3616,36,277.0
HATP-10__2026-09-05,62,2026-09-05 10:45:15.931000+00:00,HATP-10,1.0185821618377662,79.039,100,424.0,4.4478,825.3518593461936,3435,34,278.0
HATP-10__2026-09-05,63,2026-09-05 10:48:15.330000+00:00,HATP-10,1.016446679105951,79.679,100,420.0,4.4478,826.2511803588291,3455,33,278.0
HATP-10__2026-09-05,64,2026-09-05 10:51:15.676000+00:00,HATP-10,1.0144494600641143,80.318,100,419.0,4.4478,826.4760106119879,3650,34,280.0
HATP-10__2026-09-05,65,2026-09-05 10:54:16.054000+00:00,HATP-10,1.0125829605944738,80.958,100,419.0,4.4478,826.4760106119879,3699,33,279.0
HATP-10__2026-09-05,66,2026-09-05 10:57:15.385000+00:00,HATP-10,1.0108518149592496,81.597,100,420.0,4.4478,826.2511803588291,3473,37,279.0
HATP-10__2026-09-05,67,2026-09-05 11:00:15.720000+00:00,HATP-10,1.0092542971872016,82.235,100,421.0,4.4478,826.0263501056702,3654,33,278.0
HATP-10__2026-09-05,68,2026-09-05 11:03:15.256000+00:00,HATP-10,1.0077865804942958,82.873,100,421.0,4.4478,826.0263501056702,3676,35,278.0
HATP-10__2026-09-05,69,2026-09-05 11:06:16.688000+00:00,HATP-10,1.006449734256854,83.51,100,419.0,4.4478,826.4760106119879,3575,33,278.0
HATP-10__2026-09-05,70,2026-09-05 11:09:16.116000+00:00,HATP-10,1.0052423148799066,84.146,100,419.0,4.4478,826.4760106119879,3725,34,280.0
HATP-10__2026-09-05,71,2026-09-05 11:12:15.503000+00:00,HATP-10,1.0041645705130842,84.78,100,418.0,4.4478,826.7008408651468,3663,35,279.0
HATP-10__2026-09-05,72,2026-09-05 11:15:15.881000+00:00,HATP-10,1.003216052663444,85.411,100,427.0,4.4478,824.6773685867171,3375,30,278.0
HATP-10__2026-09-05,73,2026-09-05 11:18:15.251000+00:00,HATP-10,1.0023932074062334,86.04,100,423.0,4.4478,825.5766895993524,3502,32,279.0
HATP-10__2026-09-05,74,2026-09-05 11:21:15.616000+00:00,HATP-10,1.0016994641390269,86.662,100,416.0,4.4478,827.1505013714645,3766,32,279.0
HATP-10__2026-09-05,75,2026-09-05 11:24:16.001000+00:00,HATP-10,1.0011320542890123,87.275,100,424.0,4.4478,825.3518593461936,3390,34,279.0
HATP-10__2026-09-05,76,2026-09-05 11:27:16.416000+00:00,HATP-10,1.0006907580911673,87.871,100,453.0,4.4478,818.8317820045866,2302,24,278.0
HATP-10__2026-09-05,77,2026-09-05 11:30:15.787000+00:00,HATP-10,1.000376500936472,88.428,100,418.0,4.4478,826.7008408651468,3644,37,278.0
HATP-10__2026-09-05,78,2026-09-05 11:33:16.169000+00:00,HATP-10,1.0001880272962649,88.889,100,416.0,4.4478,827.1505013714645,3630,37,279.0
HATP-10__2026-09-05,79,2026-09-05 11:36:15.523000+00:00,HATP-10,1.0001255861900278,89.092,100,419.0,4.4478,826.4760106119879,3654,37,279.0
HATP-10__2026-09-05,80,2026-09-05 11:39:16.927000+00:00,HATP-10,1.0001893838795726,88.885,100,419.0,4.4478,826.4760106119879,3656,38,277.0
HATP-10__2026-09-05,81,2026-09-05 11:42:16.224000+00:00,HATP-10,1.000378900546937,88.423,100,418.0,4.4478,826.7008408651468,3776,34,279.0
HATP-10__2026-09-05,82,2026-09-05 11:45:16.572000+00:00,HATP-10,1.0006946592571633,87.865,100,446.0,4.4478,820.4055937766987,2740,24,278.0
HATP-10__2026-09-05,83,2026-09-05 11:48:15.956000+00:00,HATP-10,1.0011370496991607,87.269,100,431.0,4.4478,823.7780475740816,3188,30,279.0
HATP-10__2026-09-05,84,2026-09-05 11:51:15.353000+00:00,HATP-10,1.0017055878382934,86.656,100,425.0,4.4478,825.1270290930347,3451,42,279.0
HATP-10__2026-09-05,85,2026-09-05 11:54:15.686000+00:00,HATP-10,1.002401692665455,86.033,100,419.0,4.4478,826.4760106119879,3566,45,277.0
HATP-10__2026-09-05,86,2026-09-05 11:57:15.981000+00:00,HATP-10,1.0032244905839436,85.405,100,438.0,4.4478,822.2042358019695,3304,39,279.0
HATP-10__2026-09-05,87,2026-09-05 12:00:15.235000+00:00,HATP-10,1.0041693753851486,84.777,100,435.0,4.4478,822.8787265614461,3614,38,278.0
HATP-10__2026-09-05,88,2026-09-05 12:03:15.529000+00:00,HATP-10,1.0052549144367138,84.139,98,450.0,4.4478,819.5062727640632,3505,35,279.0
HATP-10__2026-09-05,89,2026-09-05 12:06:15.972000+00:00,HATP-10,1.0064637298636971,83.503,98,469.0,4.4478,815.2344979540447,3297,42,279.0
HATP-10__2026-09-05,90,2026-09-05 12:09:15.358000+00:00,HATP-10,1.0078019831249816,82.866,98,499.0,4.4478,808.4895903592787,3401,40,279.0
HATP-10__2026-09-05,91,2026-09-05 12:15:18.792000+00:00,HATP-10,1.010888333115595,81.583,98,694.0,5.9304,573.485768244975,2286,40,279.0
HATP-10__2026-09-05,92,2026-09-05 12:21:23.244000+00:00,HATP-10,1.014543259817763,80.287,98,1387.0,13.3434,202.94677518473557,1063,44,278.0
Qatar-1__2026-08-18,0,2026-08-18 08:24:49.906000+00:00,Qatar-1,1.3236282970911022,49.069,100,404.0,4.4478,829.8484644093709,6578,32,280.0
Qatar-1__2026-08-18,1,2026-08-18 08:27:15.461000+00:00,Qatar-1,1.3278171266481251,48.861,100,405.0,4.4478,829.6236341562121,6362,32,282.0
Qatar-1__2026-08-18,2,2026-08-18 08:30:16.788000+00:00,Qatar-1,1.3330948812080552,48.602,100,404.0,4.4478,829.8484644093709,6753,33,280.0
Qatar-1__2026-08-18,3,2026-08-18 08:33:16.158000+00:00,Qatar-1,1.338504567748853,48.34,100,404.0,5.9304,622.3863483070282,4233,32,282.0
Qatar-1__2026-08-18,4,2026-08-18 08:36:15.528000+00:00,Qatar-1,1.344028683698372,48.076,100,404.0,4.4478,829.8484644093709,6585,34,282.0
Qatar-1__2026-08-18,5,2026-08-18 08:39:16.942000+00:00,Qatar-1,1.3497127654854295,47.808,100,405.0,5.9304,622.2177256171591,4247,34,282.0
Qatar-1__2026-08-18,6,2026-08-18 08:42:15.374000+00:00,Qatar-1,1.3554749111060702,47.54,100,403.0,4.4478,830.0732946625297,6546,37,281.0
Qatar-1__2026-08-18,7,2026-08-18 08:45:15.732000+00:00,Qatar-1,1.3614041718068957,47.268,100,405.0,4.4478,829.6236341562121,6373,32,280.0
Qatar-1__2026-08-18,8,2026-08-18 08:48:15.174000+00:00,Qatar-1,1.367416485752323,46.996,100,405.0,4.4478,829.6236341562121,6344,33,281.0
Qatar-1__2026-08-18,9,2026-08-18 08:51:15.476000+00:00,Qatar-1,1.3736486804555177,46.718,100,405.0,4.4478,829.6236341562121,6363,34,282.0
Qatar-1__2026-08-18,10,2026-08-18 08:54:15.830000+00:00,Qatar-1,1.3799934839121537,46.439,100,404.0,4.4478,829.8484644093709,6415,33,281.0
Qatar-1__2026-08-18,11,2026-08-18 08:57:16.249000+00:00,Qatar-1,1.3864766760075815,46.158,100,403.0,4.4478,830.0732946625297,6475,35,281.0
Qatar-1__2026-08-18,12,2026-08-18 09:00:16.671000+00:00,Qatar-1,1.3930783174983916,45.876,100,402.0,4.4478,830.2981249156886,6684,34,281.0
Qatar-1__2026-08-18,13,2026-08-18 09:03:16.918000+00:00,Qatar-1,1.3998489910918888,45.591,100,405.0,4.4478,829.6236341562121,6481,33,282.0
Qatar-1__2026-08-18,14,2026-08-18 09:06:15.169000+00:00,Qatar-1,1.4067207758853342,45.306,100,405.0,4.4478,829.6236341562121,6309,33,281.0
Qatar-1__2026-08-18,15,2026-08-18 09:09:15.591000+00:00,Qatar-1,1.4138188048137474,45.016,100,404.0,4.4478,829.8484644093709,6547,37,282.0
Qatar-1__2026-08-18,16,2026-08-18 09:12:15.971000+00:00,Qatar-1,1.4210254162818168,44.726,100,404.0,4.4478,829.8484644093709,6395,34,281.0
Qatar-1__2026-08-18,17,2026-08-18 09:15:15.198000+00:00,Qatar-1,1.4283935039535791,44.434,100,404.0,4.4478,829.8484644093709,6411,33,281.0
Qatar-1__2026-08-18,18,2026-08-18 09:18:16.537000+00:00,Qatar-1,1.435901709309784,44.141,100,405.0,4.4478,829.6236341562121,6542,36,282.0
Qatar-1__2026-08-18,19,2026-08-18 09:21:17.011000+00:00,Qatar-1,1.443632137782474,43.844,100,405.0,4.4478,829.6236341562121,6398,32,281.0
Qatar-1__2026-08-18,20,2026-08-18 09:24:15.300000+00:00,Qatar-1,1.4514321646955302,43.549,100,406.0,4.4478,829.3988039030532,6309,34,280.0
Qatar-1__2026-08-18,21,2026-08-18 09:27:15.667000+00:00,Qatar-1,1.459437057279929,43.251,100,404.0,4.4478,829.8484644093709,6533,33,280.0
Qatar-1__2026-08-18,22,2026-08-18 09:30:15.977000+00:00,Qatar-1,1.467598169423308,42.952,100,405.0,5.9304,622.2177256171591,4209,35,281.0
Qatar-1__2026-08-18,23,2026-08-18 09:33:16.341000+00:00,Qatar-1,1.475919448756683,42.652,100,406.0,4.4478,829.3988039030532,6279,33,280.0
Qatar-1__2026-08-18,24,2026-08-18 09:36:15.845000+00:00,Qatar-1,1.4844333992248402,42.35,100,404.0,4.4478,829.8484644093709,6817,32,281.0
Qatar-1__2026-08-18,25,2026-08-18 09:39:16.175000+00:00,Qatar-1,1.4931167622067123,42.047,100,404.0,4.4478,829.8484644093709,6342,31,282.0
Qatar-1__2026-08-18,26,2026-08-18 09:42:16.561000+00:00,Qatar-1,1.5019739401239065,41.743,100,404.0,5.9304,622.3863483070282,4184,32,281.0
Qatar-1__2026-08-18,27,2026-08-18 09:45:16.032000+00:00,Qatar-1,1.5110094893650194,41.438,100,403.0,4.4478,830.0732946625297,6371,32,280.0
Qatar-1__2026-08-18,28,2026-08-18 09:48:15.299000+00:00,Qatar-1,1.5202585089951512,41.131,100,404.0,5.9304,622.3863483070282,4189,31,282.0
Qatar-1__2026-08-18,29,2026-08-18 09:51:16.638000+00:00,Qatar-1,1.5296656409639764,40.824,100,405.0,4.4478,829.6236341562121,6265,34,280.0
Qatar-1__2026-08-18,30,2026-08-18 09:54:16.034000+00:00,Qatar-1,1.5392658204613578,40.516,100,403.0,4.4478,830.0732946625297,6396,36,281.0
Qatar-1__2026-08-18,31,2026-08-18 09:57:15.381000+00:00,Qatar-1,1.549032307763723,40.208,100,404.0,4.4478,829.8484644093709,6244,40,281.0
Qatar-1__2026-08-18,32,2026-08-18 10:00:15.797000+00:00,Qatar-1,1.559033945834779,39.898,100,404.0,4.4478,829.8484644093709,6469,66,281.0
Qatar-1__2026-08-18,33,2026-08-18 10:03:15.243000+00:00,Qatar-1,1.5691455764237785,39.59,100,405.0,4.4478,829.6236341562121,6704,63,281.0
Qatar-1__2026-08-18,34,2026-08-18 10:06:16.554000+00:00,Qatar-1,1.5796036964986688,39.277,100,404.0,4.4478,829.8484644093709,6710,64,281.0
Qatar-1__2026-08-18,35,2026-08-18 10:09:15.930000+00:00,Qatar-1,1.5902156139759207,38.965,100,404.0,4.4478,829.8484644093709,6451,64,281.0
Qatar-1__2026-08-18,36,2026-08-18 10:12:15.259000+00:00,Qatar-1,1.6010188748976035,38.653,100,404.0,4.4478,829.8484644093709,6583,63,281.0
Qatar-1__2026-08-18,37,2026-08-18 10:15:15.654000+00:00,Qatar-1,1.6120180530213497,38.341,100,405.0,4.4478,829.6236341562121,6210,61,281.0
Qatar-1__2026-08-18,38,2026-08-18 10:18:17.049000+00:00,Qatar-1,1.6233265536045651,38.026,100,404.0,4.4478,829.8484644093709,6349,62,280.0
Qatar-1__2026-08-18,39,2026-08-18 10:21:15.414000+00:00,Qatar-1,1.6347338991678535,37.714,100,404.0,4.4478,829.8484644093709,6430,63,281.0
Qatar-1__2026-08-18,40,2026-08-18 10:24:15.801000+00:00,Qatar-1,1.6464270301821493,37.4,100,406.0,4.4478,829.3988039030532,6491,63,281.0
Qatar-1__2026-08-18,41,2026-08-18 10:27:16.223000+00:00,Qatar-1,1.6583388119176747,37.086,100,406.0,4.4478,829.3988039030532,6358,60,281.0
Qatar-1__2026-08-18,42,2026-08-18 10:30:15.814000+00:00,Qatar-1,1.6704747481837254,36.772,100,406.0,4.4478,829.3988039030532,6609,58,281.0
Qatar-1__2026-08-18,43,2026-08-18 10:33:15.292000+00:00,Qatar-1,1.6828007811082524,36.459,100,406.0,4.4478,829.3988039030532,6554,62,282.0
Qatar-1__2026-08-18,44,2026-08-18 10:36:15.674000+00:00,Qatar-1,1.6954825771596806,36.143,100,407.0,4.4478,829.1739736498944,6259,62,282.0
Qatar-1__2026-08-18,45,2026-08-18 10:39:16.084000+00:00,Qatar-1,1.708368027959155,35.828,100,409.0,4.4478,828.7243131435766,6257,63,281.0
Qatar-1__2026-08-18,46,2026-08-18 10:42:16.433000+00:00,Qatar-1,1.7215032661149816,35.513,100,410.0,5.9304,621.3746121678133,4294,61,281.0
Qatar-1__2026-08-18,47,2026-08-18 10:45:15.777000+00:00,Qatar-1,1.7348949013505746,35.198,100,407.0,4.4478,829.1739736498944,7185,70,281.0
Qatar-1__2026-08-18,48,2026-08-18 10:48:15.250000+00:00,Qatar-1,1.7485497833514867,34.883,100,409.0,5.9304,621.5432348576825,4355,60,281.0
Qatar-1__2026-08-18,49,2026-08-18 10:51:15.620000+00:00,Qatar-1,1.7624750126877633,34.568,100,407.0,4.4478,829.1739736498944,6693,59,281.0
Qatar-1__2026-08-18,50,2026-08-18 10:54:15.852000+00:00,Qatar-1,1.776677952339134,34.253,100,407.0,4.4478,829.1739736498944,6522,60,281.0
Qatar-1__2026-08-18,51,2026-08-18 10:57:15.254000+00:00,Qatar-1,1.791119785535087,33.939,100,407.0,4.4478,829.1739736498944,6327,59,279.0
Qatar-1__2026-08-18,52,2026-08-18 11:00:15.648000+00:00,Qatar-1,1.805900402036989,33.624,100,406.0,4.4478,829.3988039030532,6289,58,280.0
Qatar-1__2026-08-18,53,2026-08-18 11:03:16.063000+00:00,Qatar-1,1.8209341252197508,33.31,100,406.0,4.4478,829.3988039030532,6497,60,280.0
Qatar-1__2026-08-18,54,2026-08-18 11:06:15.572000+00:00,Qatar-1,1.836275868149089,32.996,100,406.0,4.4478,829.3988039030532,6570,60,281.0
Qatar-1__2026-08-18,55,2026-08-18 11:09:17.023000+00:00,Qatar-1,1.8519847995451912,32.681,100,407.0,4.4478,829.1739736498944,6193,58,280.0
Qatar-1__2026-08-18,56,2026-08-18 11:12:15.445000+00:00,Qatar-1,1.867867462164127,32.369,100,406.0,4.4478,829.3988039030532,6291,61,280.0
Qatar-1__2026-08-18,57,2026-08-18 11:15:16.800000+00:00,Qatar-1,1.8840812525914368,32.057,100,406.0,5.9304,622.0491029272899,4183,61,281.0
Qatar-1__2026-08-18,58,2026-08-18 11:18:16.265000+00:00,Qatar-1,1.9006894618526728,31.744,100,406.0,4.4478,829.3988039030532,6493,59,279.0
Qatar-1__2026-08-18,59,2026-08-18 11:21:15.755000+00:00,Qatar-1,1.9175960527941092,31.432,100,406.0,4.4478,829.3988039030532,6386,59,282.0
Qatar-1__2026-08-18,60,2026-08-18 11:24:15.210000+00:00,Qatar-1,1.934696206673416,31.123,100,407.0,5.9304,621.8804802374208,4181,60,281.0
Qatar-1__2026-08-18,61,2026-08-18 11:27:15.441000+00:00,Qatar-1,1.952389902877239,30.81,100,407.0,5.9304,621.8804802374208,4149,57,282.0
Qatar-1__2026-08-18,62,2026-08-18 11:30:15.918000+00:00,Qatar-1,1.970294411178184,30.5,100,408.0,4.4478,828.9491433967355,6084,57,281.0
Qatar-1__2026-08-18,63,2026-08-18 11:33:15.255000+00:00,Qatar-1,1.9885890996633349,30.19,100,409.0,4.4478,828.7243131435766,6165,58,281.0
Qatar-1__2026-08-18,64,2026-08-18 11:36:15.666000+00:00,Qatar-1,2.007225052734683,29.881,100,411.0,4.4478,828.2746526372589,6239,58,281.0
Qatar-1__2026-08-18,65,2026-08-18 11:39:16.126000+00:00,Qatar-1,2.0263354206666966,29.571,100,415.0,4.4478,827.3753316246234,6213,58,280.0
Qatar-1__2026-08-18,66,2026-08-18 11:42:15.504000+00:00,Qatar-1,2.0455550456128098,29.266,100,422.0,4.4478,825.8015198525113,6230,54,280.0
Qatar-1__2026-08-18,67,2026-08-18 11:45:16.900000+00:00,Qatar-1,2.065332107642223,28.959,100,435.0,4.4478,822.8787265614461,6920,66,280.0
Qatar-1__2026-08-18,68,2026-08-18 11:48:15.188000+00:00,Qatar-1,2.085489169573752,28.653,100,458.0,5.9304,613.2807230540942,4260,59,281.0
Qatar-1__2026-08-18,69,2026-08-18 11:51:15.609000+00:00,Qatar-1,2.106036097186954,28.348,100,499.0,5.9304,606.367192769459,4209,58,280.0
Qatar-1__2026-08-18,70,2026-08-18 11:54:15.992000+00:00,Qatar-1,2.126983106219826,28.044,100,571.0,5.9304,594.2263590988804,4043,58,280.0
Qatar-1__2026-08-18,71,2026-08-18 12:02:04.180000+00:00,Qatar-1,2.183415453296401,27.258,100,1141.0,10.3782,284.63510049912315,2120,38,281.0
Qatar-1__2026-08-18,72,2026-08-18 12:09:55.376000+00:00,Qatar-1,2.2433575798856804,26.472,100,3684.0,38.5476,10.662142390187718,580,272,280.0
Qatar-1__2026-08-18,73,2026-08-18 12:17:50.523000+00:00,Qatar-1,2.3068791386836835,25.689,100,4095.0,0.0,,0,324500,280.0
Qatar-1__2026-08-18,74,2026-08-18 12:25:45.780000+00:00,Qatar-1,2.373845351019213,24.914,100,4095.0,0.0,,0,325000,281.0
Qatar-1__2026-08-21,0,2026-08-21 04:37:41.530000+00:00,Qatar-1,1.218767220901278,55.135,100,425.0,4.4478,734.9700975763299,6046,0,281.0
Qatar-1__2026-08-21,1,2026-08-21 04:39:27.733000+00:00,Qatar-1,1.2177020827266725,55.207,100,424.0,4.4478,825.3518593461936,6343,30,281.0
Qatar-1__2026-08-21,2,2026-08-21 04:42:19.066000+00:00,Qatar-1,1.2160380234570294,55.32,100,424.0,4.4478,825.3518593461936,6361,27,281.0
Qatar-1__2026-08-21,3,2026-08-21 04:45:15.463000+00:00,Qatar-1,1.214412431439397,55.431,100,424.0,4.4478,825.3518593461936,6229,28,281.0
Qatar-1__2026-08-21,4,2026-08-21 04:48:16.847000+00:00,Qatar-1,1.212839303886359,55.539,100,424.0,4.4478,825.3518593461936,6336,17,282.0
Qatar-1__2026-08-21,5,2026-08-21 04:51:16.189000+00:00,Qatar-1,1.211375711618075,55.64,100,424.0,5.9304,619.0138945096453,4181,19,281.0
Qatar-1__2026-08-21,6,2026-08-21 04:54:15.602000+00:00,Qatar-1,1.209991326331794,55.736,100,424.0,5.9304,619.0138945096453,4103,1,282.0
Qatar-1__2026-08-21,7,2026-08-21 04:57:15.895000+00:00,Qatar-1,1.208699414179954,55.826,100,424.0,5.9304,619.0138945096453,4325,32,281.0
Qatar-1__2026-08-21,8,2026-08-21 05:00:15.306000+00:00,Qatar-1,1.2074988013664791,55.91,100,424.0,5.9304,619.0138945096453,4513,33,282.0
Qatar-1__2026-08-21,9,2026-08-21 05:03:15.579000+00:00,Qatar-1,1.2063883999229872,55.988,100,424.0,5.9304,619.0138945096453,4264,26,282.0
Qatar-1__2026-08-21,10,2026-08-21 05:06:15.933000+00:00,Qatar-1,1.2053672060834375,56.06,100,424.0,5.9304,619.0138945096453,4288,29,281.0
Qatar-1__2026-08-21,11,2026-08-21 05:09:15.234000+00:00,Qatar-1,1.20444841105956,56.125,100,423.0,4.4478,825.5766895993524,6508,18,282.0
Qatar-1__2026-08-21,12,2026-08-21 05:12:16.638000+00:00,Qatar-1,1.2036029088349582,56.185,100,423.0,4.4478,825.5766895993524,6714,24,282.0
Qatar-1__2026-08-21,13,2026-08-21 05:15:16.077000+00:00,Qatar-1,1.2028581318340668,56.238,100,423.0,4.4478,825.5766895993524,6645,36,282.0
Qatar-1__2026-08-21,14,2026-08-21 05:18:15.424000+00:00,Qatar-1,1.2021992999994635,56.285,100,423.0,4.4478,825.5766895993524,6860,33,283.0
Qatar-1__2026-08-21,15,2026-08-21 05:21:16.649000+00:00,Qatar-1,1.2016258234672927,56.326,100,423.0,4.4478,825.5766895993524,6593,34,282.0
Qatar-1__2026-08-21,16,2026-08-21 05:24:16.983000+00:00,Qatar-1,1.201137189455809,56.361,100,422.0,4.4478,825.8015198525113,6821,34,281.0
Qatar-1__2026-08-21,17,2026-08-21 05:27:15.287000+00:00,Qatar-1,1.200746890775829,56.389,100,422.0,5.9304,619.3511398893836,4380,33,282.0
Qatar-1__2026-08-21,18,2026-08-21 05:30:15.874000+00:00,Qatar-1,1.2004406064890465,56.411,100,421.0,4.4478,826.0263501056702,6600,33,282.0
Qatar-1__2026-08-21,19,2026-08-21 05:33:15.288000+00:00,Qatar-1,1.2002180635259991,56.427,100,420.0,4.4478,826.2511803588291,6776,33,280.0
Qatar-1__2026-08-21,20,2026-08-21 05:36:16.718000+00:00,Qatar-1,1.2000929604867925,56.436,100,420.0,4.4478,826.2511803588291,6678,34,283.0
Qatar-1__2026-08-21,21,2026-08-21 05:39:16.949000+00:00,Qatar-1,1.200051271848687,56.439,100,420.0,5.9304,619.6883852691218,4497,34,281.0
Qatar-1__2026-08-21,22,2026-08-21 05:42:15.366000+00:00,Qatar-1,1.2001068580743175,56.435,100,420.0,5.9304,619.6883852691218,4374,34,281.0
Qatar-1__2026-08-21,23,2026-08-21 05:45:15.790000+00:00,Qatar-1,1.2002458717655171,56.425,100,419.0,4.4478,826.4760106119879,6656,35,281.0
Qatar-1__2026-08-21,24,2026-08-21 05:48:15.156000+00:00,Qatar-1,1.200468436745075,56.409,100,418.0,4.4478,826.7008408651468,6688,33,283.0
Qatar-1__2026-08-21,25,2026-08-21 05:51:15.486000+00:00,Qatar-1,1.200774751331661,56.387,100,422.0,4.4478,825.8015198525113,6385,33,281.0
Qatar-1__2026-08-21,26,2026-08-21 05:54:15.858000+00:00,Qatar-1,1.201179039237704,56.358,100,418.0,5.9304,620.0256306488601,4479,32,282.0
Qatar-1__2026-08-21,27,2026-08-21 05:57:15.228000+00:00,Qatar-1,1.2016677457501108,56.323,100,418.0,5.9304,620.0256306488601,4462,34,282.0
Qatar-1__2026-08-21,28,2026-08-21 06:00:16.582000+00:00,Qatar-1,1.202255311204271,56.281,100,417.0,4.4478,826.9256711183057,6885,32,282.0
Qatar-1__2026-08-21,29,2026-08-21 06:03:16.966000+00:00,Qatar-1,1.2029283104726445,56.233,100,431.0,4.4478,823.7780475740816,5639,36,282.0
Qatar-1__2026-08-21,30,2026-08-21 06:06:15.335000+00:00,Qatar-1,1.2036873462476614,56.179,100,417.0,4.4478,826.9256711183057,7016,35,282.0
Qatar-1__2026-08-21,31,2026-08-21 06:09:15.711000+00:00,Qatar-1,1.2045330992914984,56.119,100,418.0,5.9304,620.0256306488601,4541,34,282.0
Qatar-1__2026-08-21,32,2026-08-21 06:12:16.144000+00:00,Qatar-1,1.2054663294202292,56.053,100,417.0,4.4478,826.9256711183057,6934,37,282.0
Qatar-1__2026-08-21,33,2026-08-21 06:15:16.607000+00:00,Qatar-1,1.2064878766083242,55.981,100,416.0,4.4478,827.1505013714645,6724,35,282.0
Qatar-1__2026-08-21,34,2026-08-21 06:18:16.040000+00:00,Qatar-1,1.207612930872743,55.902,100,415.0,4.4478,827.3753316246234,6508,33,282.0
Qatar-1__2026-08-21,35,2026-08-21 06:21:15.427000+00:00,Qatar-1,1.2088140183496296,55.818,100,414.0,4.4478,827.6001618777823,6698,34,282.0
Qatar-1__2026-08-21,36,2026-08-21 06:24:15.982000+00:00,Qatar-1,1.2101208337493072,55.727,100,413.0,5.9304,620.8687440982059,4439,34,281.0
Qatar-1__2026-08-21,37,2026-08-21 06:27:15.420000+00:00,Qatar-1,1.2115058346223269,55.631,100,412.0,5.9304,621.037366788075,4489,34,282.0
Qatar-1__2026-08-21,38,2026-08-21 06:30:15.871000+00:00,Qatar-1,1.212984611620547,55.529,100,411.0,4.4478,828.2746526372589,6688,36,280.0
Qatar-1__2026-08-21,39,2026-08-21 06:33:15.360000+00:00,Qatar-1,1.2145585162438697,55.421,100,410.0,4.4478,828.4994828904178,6662,35,282.0
Qatar-1__2026-08-21,40,2026-08-21 06:36:15.843000+00:00,Qatar-1,1.216228991619951,55.307,100,408.0,4.4478,828.9491433967355,7047,34,282.0
Qatar-1__2026-08-21,41,2026-08-21 06:39:15.176000+00:00,Qatar-1,1.2179827932082827,55.188,100,408.0,4.4478,828.9491433967355,7181,34,281.0
Qatar-1__2026-08-21,42,2026-08-21 06:42:15.503000+00:00,Qatar-1,1.219836152058937,55.063,100,408.0,5.9304,621.7118575475516,4646,35,282.0
Qatar-1__2026-08-21,43,2026-08-21 06:45:15.874000+00:00,Qatar-1,1.221775816492724,54.933,100,407.0,4.4478,829.1739736498944,6716,35,281.0
Qatar-1__2026-08-21,44,2026-08-21 06:48:15.170000+00:00,Qatar-1,1.223818371262202,54.797,100,407.0,5.9304,621.8804802374208,4551,33,281.0
Qatar-1__2026-08-21,45,2026-08-21 06:51:15.492000+00:00,Qatar-1,1.225950548515891,54.656,100,405.0,4.4478,829.6236341562121,7035,32,281.0
Qatar-1__2026-08-21,46,2026-08-21 06:54:15.786000+00:00,Qatar-1,1.2281893153108847,54.509,100,405.0,4.4478,829.6236341562121,7005,34,282.0
Qatar-1__2026-08-21,47,2026-08-21 06:57:15.172000+00:00,Qatar-1,1.2305059794198148,54.358,100,405.0,4.4478,829.6236341562121,6791,37,280.0
Qatar-1__2026-08-21,48,2026-08-21 07:00:15.575000+00:00,Qatar-1,1.2329330802171434,54.201,100,404.0,4.4478,829.8484644093709,6953,36,282.0
Qatar-1__2026-08-21,49,2026-08-21 07:03:15.933000+00:00,Qatar-1,1.235457278474366,54.039,100,404.0,4.4478,829.8484644093709,6725,37,281.0
Qatar-1__2026-08-21,50,2026-08-21 07:06:16.302000+00:00,Qatar-1,1.2380806083457851,53.872,100,405.0,5.9304,622.2177256171591,4520,36,280.0
Qatar-1__2026-08-21,51,2026-08-21 07:09:15.690000+00:00,Qatar-1,1.240789288109857,53.701,100,404.0,4.4478,829.8484644093709,6768,39,281.0
Qatar-1__2026-08-21,52,2026-08-21 07:12:16.208000+00:00,Qatar-1,1.2436172141249866,53.524,100,404.0,4.4478,829.8484644093709,6803,39,279.0
Qatar-1__2026-08-21,53,2026-08-21 07:15:15.597000+00:00,Qatar-1,1.2465347408617535,53.343,100,404.0,4.4478,829.8484644093709,6601,34,281.0
Qatar-1__2026-08-21,54,2026-08-21 07:18:17.025000+00:00,Qatar-1,1.2495601808634011,53.157,100,404.0,5.9304,622.3863483070282,4433,40,280.0
Qatar-1__2026-08-21,55,2026-08-21 07:21:15.362000+00:00,Qatar-1,1.252663054253546,52.968,100,403.0,4.4478,830.0732946625297,6732,38,281.0
Qatar-1__2026-08-21,56,2026-08-21 07:24:15.672000+00:00,Qatar-1,1.25589498428431,52.773,100,403.0,4.4478,830.0732946625297,6708,37,282.0
Qatar-1__2026-08-21,57,2026-08-21 07:27:17.117000+00:00,Qatar-1,1.2592423457959132,52.573,100,403.0,4.4478,830.0732946625297,6879,35,281.0
Qatar-1__2026-08-21,58,2026-08-21 07:30:15.537000+00:00,Qatar-1,1.2626570005697586,52.371,100,403.0,4.4478,830.0732946625297,6755,37,279.0
Qatar-1__2026-08-21,59,2026-08-21 07:33:16.018000+00:00,Qatar-1,1.2661918146975184,52.164,100,403.0,4.4478,830.0732946625297,6623,36,281.0
Qatar-1__2026-08-21,60,2026-08-21 07:36:15.462000+00:00,Qatar-1,1.2698324680792454,51.953,100,402.0,4.4478,830.2981249156886,6907,38,280.0
Qatar-1__2026-08-21,61,2026-08-21 07:39:16.778000+00:00,Qatar-1,1.273599086280654,51.737,100,403.0,4.4478,830.0732946625297,6586,35,281.0
Qatar-1__2026-08-21,62,2026-08-21 07:42:17.046000+00:00,Qatar-1,1.277477215572667,51.517,100,403.0,4.4478,830.0732946625297,6707,34,282.0
Qatar-1__2026-08-21,63,2026-08-21 07:45:15.332000+00:00,Qatar-1,1.281433825377342,51.295,100,403.0,4.4478,830.0732946625297,6713,31,280.0
Qatar-1__2026-08-21,64,2026-08-21 07:48:15.873000+00:00,Qatar-1,1.2855068663734297,51.069,100,403.0,4.4478,830.0732946625297,6568,40,281.0
Qatar-1__2026-08-21,65,2026-08-21 07:51:15.291000+00:00,Qatar-1,1.289699334946172,50.839,100,403.0,4.4478,830.0732946625297,6651,34,281.0
Qatar-1__2026-08-21,66,2026-08-21 07:54:15.752000+00:00,Qatar-1,1.2940143430535738,50.605,100,403.0,4.4478,830.0732946625297,6392,33,281.0
Qatar-1__2026-08-21,67,2026-08-21 07:57:15.235000+00:00,Qatar-1,1.2984363537639398,50.368,100,403.0,4.4478,830.0732946625297,6649,36,280.0
Qatar-1__2026-08-21,68,2026-08-21 08:00:16.681000+00:00,Qatar-1,1.3029870385870357,50.127,100,403.0,4.4478,830.0732946625297,6941,38,280.0
Qatar-1__2026-08-21,69,2026-08-21 08:03:16.050000+00:00,Qatar-1,1.3076314059288312,49.884,100,403.0,4.4478,830.0732946625297,6770,38,281.0
Qatar-1__2026-08-21,70,2026-08-21 08:06:15.381000+00:00,Qatar-1,1.3124105582304697,49.637,100,403.0,4.4478,830.0732946625297,6626,36,281.0
Qatar-1__2026-08-21,71,2026-08-21 08:09:16.781000+00:00,Qatar-1,1.3173281987655836,49.386,100,402.0,4.4478,830.2981249156886,6914,34,280.0
Qatar-1__2026-08-21,72,2026-08-21 08:12:15.185000+00:00,Qatar-1,1.3223083030838056,49.135,100,402.0,4.4478,830.2981249156886,7396,47,279.0
Qatar-1__2026-08-21,73,2026-08-21 08:15:15.581000+00:00,Qatar-1,1.3274731186767894,48.878,100,402.0,4.4478,830.2981249156886,6595,38,281.0
Qatar-1__2026-08-28,0,2026-08-28 07:00:36.825000+00:00,Qatar-1,1.2602024293454113,52.516,36,3202.0,31.1346,28.68191658155236,5,4,281.0
Qatar-1__2026-08-28,1,2026-08-28 07:03:15.385000+00:00,Qatar-1,1.2632691487014165,52.335,64,3176.0,28.1694,32.62405305047321,9,4,282.0
Qatar-1__2026-08-28,2,2026-08-28 07:06:15.816000+00:00,Qatar-1,1.266827471537055,52.127,64,3083.0,35.5824,27.316875758802105,11,3,283.0
Qatar-1__2026-08-28,3,2026-08-28 07:09:15.161000+00:00,Qatar-1,1.270457436778296,51.917,64,2960.0,38.5476,24.618912720895725,17,3,281.0
Qatar-1__2026-08-28,4,2026-08-28 07:12:15.602000+00:00,Qatar-1,1.2742659204212397,51.699,64,2916.0,42.9954,21.97909543811664,18,3,282.0
Qatar-1__2026-08-28,5,2026-08-28 07:15:16.963000+00:00,Qatar-1,1.278133621307545,51.48,64,2841.0,41.5128,21.96912759438053,18,3,283.0
Qatar-1__2026-08-28,6,2026-08-28 07:18:15.526000+00:00,Qatar-1,1.2821334283905064,51.256,64,2825.0,34.099799999999995,25.396043378553543,19,3,283.0
Qatar-1__2026-08-28,7,2026-08-28 07:21:15.944000+00:00,Qatar-1,1.2862325444282046,51.029,64,2738.0,26.6868,31.92589594855884,25,3,283.0
Qatar-1__2026-08-28,8,2026-08-28 07:24:15.288000+00:00,Qatar-1,1.290433378763872,50.799,64,2650.0,35.5824,24.141148432933136,24,3,283.0
Qatar-1__2026-08-28,9,2026-08-28 07:27:16.763000+00:00,Qatar-1,1.2947755928308915,50.564,64,2612.0,51.891,18.67375845522345,19,3,282.0
Qatar-1__2026-08-28,10,2026-08-28 07:30:16.117000+00:00,Qatar-1,1.2992254780373007,50.326,64,2464.0,48.9258,27.04094772083441,27,3,281.0
Qatar-1__2026-08-28,11,2026-08-28 07:33:15.719000+00:00,Qatar-1,1.3037857338896846,50.085,59,2269.0,19.2738,81.87280141954363,81,3,282.0
Qatar-1__2026-08-28,12,2026-08-28 07:36:16.096000+00:00,Qatar-1,1.3084591534421233,49.841,59,2343.0,42.9954,26.74704735855464,32,3,282.0
Qatar-1__2026-08-28,13,2026-08-28 07:39:15.552000+00:00,Qatar-1,1.313248627189685,49.594,59,2135.0,68.19959999999999,28.739171490741885,38,6,283.0
Qatar-1__2026-08-28,14,2026-08-28 07:42:16.279000+00:00,Qatar-1,1.3181769053839487,49.343,59,2563.0,22.239,39.25536220153784,20,3,282.0
Qatar-1__2026-08-28,15,2026-08-28 07:45:15.741000+00:00,Qatar-1,1.3232078227528374,49.09,59,2984.0,163.08599999999998,4.9973633543038645,0,3,282.0
Qatar-1__2026-08-28,16,2026-08-28 07:48:15.179000+00:00,Qatar-1,1.3283438277644657,48.835,59,2297.0,28.1694,24.45916490944074,28,3,282.0
Qatar-1__2026-08-28,17,2026-08-28 07:51:16.591000+00:00,Qatar-1,1.3336695983779132,48.574,59,3180.0,32.6172,28.052683860049303,4,4,281.0
Qatar-1__2026-08-28,18,2026-08-28 07:54:16.079000+00:00,Qatar-1,1.339086958937654,48.312,59,3213.0,31.1346,28.328611898017,4,4,282.0
Qatar-1__2026-08-28,19,2026-08-28 07:57:15.496000+00:00,Qatar-1,1.3446189276489966,48.048,59,3333.0,34.099799999999995,22.346172118311543,76,15,281.0
Qatar-1__2026-08-28,20,2026-08-28 08:00:16.966000+00:00,Qatar-1,1.3503324924954698,47.779,59,3181.0,44.478,20.549485138720268,4,4,281.0
Qatar-1__2026-08-28,21,2026-08-28 08:03:15.476000+00:00,Qatar-1,1.3561031602258624,47.511,58,3004.0,179.3946,5.585452404921887,1,3,283.0
Qatar-1__2026-08-28,22,2026-08-28 08:06:15.920000+00:00,Qatar-1,1.3620412112096223,47.239,58,3008.0,158.63819999999998,3.769583870719663,0,3,282.0
Qatar-1__2026-08-28,23,2026-08-28 08:09:15.393000+00:00,Qatar-1,1.3681070462436582,46.965,58,3299.0,130.4688,6.101075506174657,2,7,282.0
Qatar-1__2026-08-28,24,2026-08-28 08:12:15.875000+00:00,Qatar-1,1.3743265548034154,46.688,58,1517.0,97.8516,26.34601784743428,41,9,281.0
Qatar-1__2026-08-28,25,2026-08-28 08:15:15.316000+00:00,Qatar-1,1.380681165668217,46.409,58,918.0,17.7912,178.57142857142858,1019,33,282.0
Qatar-1__2026-08-28,26,2026-08-28 08:18:15.654000+00:00,Qatar-1,1.387151132279073,46.129,58,831.0,5.9304,550.3844597329017,3711,33,281.0
Qatar-1__2026-08-28,27,2026-08-28 08:21:15.156000+00:00,Qatar-1,1.393786312205493,45.846,58,912.0,19.2738,165.1464682626156,973,33,282.0
Qatar-1__2026-08-28,28,2026-08-28 08:24:15.730000+00:00,Qatar-1,1.4005675438699294,45.561,58,1445.0,93.4038,28.371436708142497,82,13,281.0
Qatar-1__2026-08-28,29,2026-08-28 08:27:16.146000+00:00,Qatar-1,1.4074987388683355,45.274,58,2249.0,19.2738,39.48365138166838,40,3,281.0
Qatar-1__2026-08-28,30,2026-08-28 08:30:15.449000+00:00,Qatar-1,1.414583948057484,44.985,58,2483.0,19.2738,37.9271342444147,4,3,282.0
Qatar-1__2026-08-28,31,2026-08-28 08:33:15.885000+00:00,Qatar-1,1.4218022864303692,44.695,45,2627.0,20.7564,38.59050702433948,4,3,281.0
Qatar-1__2026-08-28,32,2026-08-28 08:36:15.361000+00:00,Qatar-1,1.4291314697671973,44.405,45,2924.0,35.5824,22.23009128108278,2,3,282.0
Qatar-1__2026-08-28,33,2026-08-28 08:39:15.767000+00:00,Qatar-1,1.436702915288273,44.11,45,3306.0,62.2692,12.670790695881752,3,5,281.0
Qatar-1__2026-08-28,34,2026-08-28 08:42:15.200000+00:00,Qatar-1,1.4444197829829837,43.814,45,2922.0,47.4432,18.92789693781195,2,3,280.0
Qatar-1__2026-08-28,35,2026-08-28 08:45:15.574000+00:00,Qatar-1,1.4522589656417886,43.518,45,2673.0,26.6868,30.689329556185083,16,3,281.0
Qatar-1__2026-08-28,36,2026-08-28 08:48:15.915000+00:00,Qatar-1,1.4602771277168125,43.22,45,2444.0,44.478,24.821259948738707,20,3,281.0
Qatar-1__2026-08-28,37,2026-08-28 08:51:15.242000+00:00,Qatar-1,1.4684242636929603,42.922,45,2126.0,47.4432,41.50225954404425,49,3,282.0
Qatar-1__2026-08-28,38,2026-08-28 08:54:15.757000+00:00,Qatar-1,1.476815019950139,42.62,45,2201.0,53.3736,35.48570829024087,25,2,280.0
Qatar-1__2026-08-28,39,2026-08-28 08:57:16.088000+00:00,Qatar-1,1.485343722277519,42.318,45,2745.0,77.09519999999999,10.441635795743446,2,3,280.0
Qatar-1__2026-08-28,40,2026-08-28 09:00:15.358000+00:00,Qatar-1,1.4940132525803564,42.016,45,3466.0,87.4734,7.1907574188267525,2,9,281.0
Qatar-1__2026-08-28,41,2026-08-28 09:03:16.731000+00:00,Qatar-1,1.5029442885997102,41.71,37,2821.0,42.9954,21.118538262232704,2,3,280.0
Qatar-1__2026-08-28,42,2026-08-28 09:06:16.064000+00:00,Qatar-1,1.511996202794258,41.405,37,2066.0,65.2344,31.10322161313663,28,4,279.0
Qatar-1__2026-08-28,43,2026-08-28 09:09:15.399000+00:00,Qatar-1,1.5212316162429382,41.099,37,1619.0,45.9606,53.8722296923887,127,12,281.0
Qatar-1__2026-08-28,44,2026-08-28 09:12:15.867000+00:00,Qatar-1,1.5306554285019192,40.792,37,1294.0,26.6868,104.95825651633018,428,20,280.0
Qatar-1__2026-08-28,45,2026-08-28 09:15:15.447000+00:00,Qatar-1,1.5402727152749758,40.484,37,1154.0,14.826,198.36773236206665,1064,28,280.0
Qatar-1__2026-08-28,46,2026-08-28 09:18:15.922000+00:00,Qatar-1,1.550088736417476,40.175,37,1873.0,176.4294,12.5942728366134,35,18,281.0
Qatar-1__2026-08-28,47,2026-08-28 09:21:15.248000+00:00,Qatar-1,1.5600437360191648,39.867,37,2268.0,53.3736,10.379663354167604,1,2,280.0
Qatar-1__2026-08-28,48,2026-08-28 09:24:16.776000+00:00,Qatar-1,1.5703058097728926,39.555,37,1500.0,195.7032,13.259875157892155,31,13,280.0
Qatar-1__2026-08-28,49,2026-08-28 09:27:16.152000+00:00,Qatar-1,1.5807171954201156,39.244,37,1740.0,246.1116,7.086216171850494,3,0,280.0
Qatar-1__2026-08-28,50,2026-08-28 09:30:16.599000+00:00,Qatar-1,1.59134913923558,38.932,37,1127.0,14.826,200.18885741265348,1066,28,280.0
Qatar-1__2026-08-28,51,2026-08-28 09:33:15.449000+00:00,Qatar-1,1.6021729032845051,38.62,49,1705.0,231.2856,10.333544327878606,13,2,280.0
Qatar-1__2026-08-28,52,2026-08-28 09:36:15.825000+00:00,Qatar-1,1.6131930770380811,38.308,49,1154.0,26.6868,110.2042957567037,1710,16,281.0
Qatar-1__2026-08-28,53,2026-08-28 09:39:15.262000+00:00,Qatar-1,1.6244869927868038,37.994,49,1051.0,11.8608,256.6437339808445,1355,27,281.0
Qatar-1__2026-08-28,54,2026-08-28 09:42:15.725000+00:00,Qatar-1,1.635952672510671,37.681,49,1033.0,17.7912,172.1075587931112,964,28,281.0
Qatar-1__2026-08-28,55,2026-08-28 09:45:16.062000+00:00,Qatar-1,1.6476685294195592,37.367,49,1105.0,37.065,80.66909483340079,424,28,280.0
Qatar-1__2026-08-28,56,2026-08-28 09:48:15.444000+00:00,Qatar-1,1.659603606739547,37.053,49,1121.0,16.3086,182.35777442576315,953,28,280.0
Qatar-1__2026-08-28,57,2026-08-28 09:51:15.764000+00:00,Qatar-1,1.671763427956325,36.739,49,1449.0,105.2646,25.136655627817905,54,10,281.0
Qatar-1__2026-08-28,58,2026-08-28 09:57:15.678000+00:00,Qatar-1,1.696861557785813,36.109,49,1643.0,105.2646,23.293680876571997,39,9,279.0
Qatar-1__2026-08-28,59,2026-08-28 10:00:16.120000+00:00,Qatar-1,1.7098150448160092,35.793,49,1756.0,40.0302,58.43088468206504,54,1,280.0
Qatar-1__2026-08-28,60,2026-08-28 10:03:15.673000+00:00,Qatar-1,1.72293624897485,35.479,39,2035.0,127.5036,9.18405441101271,7,1,280.0
Qatar-1__2026-08-28,61,2026-08-28 10:06:16.050000+00:00,Qatar-1,1.7363559640151047,35.164,39,2120.0,28.1694,29.145100712120243,29,2,279.0
Qatar-1__2026-08-28,62,2026-08-28 10:09:15.394000+00:00,Qatar-1,1.7499958144276206,34.85,39,2583.0,16.3086,54.817703542916014,4,3,280.0
Qatar-1__2026-08-28,63,2026-08-28 10:12:15.841000+00:00,Qatar-1,1.7639497873104024,34.535,39,2829.0,54.8562,14.76587878854168,1,3,280.0
Qatar-1__2026-08-28,64,2026-08-28 10:15:16.266000+00:00,Qatar-1,1.7781822575412287,34.22,39,2084.0,40.0302,47.31427772032116,38,2,281.0
Qatar-1__2026-08-28,65,2026-08-28 10:18:15.549000+00:00,Qatar-1,1.7927008921733751,33.905,39,1992.0,38.5476,19.222986645082965,22,1,280.0
Qatar-1__2026-08-28,66,2026-08-28 10:21:15.937000+00:00,Qatar-1,1.807466148466507,33.591,39,1933.0,124.5384,17.360107404623797,16,2,280.0
Qatar-1__2026-08-28,67,2026-08-28 10:24:15.443000+00:00,Qatar-1,1.822531839850707,33.277,39,1919.0,94.8864,22.93268582220424,10,1,281.0
Qatar-1__2026-08-28,68,2026-08-28 10:27:15.867000+00:00,Qatar-1,1.8379064586377836,32.963,39,1812.0,42.9954,16.490136154100206,21,0,279.0
Qatar-1__2026-08-28,69,2026-08-28 10:30:15.357000+00:00,Qatar-1,1.853497849088588,32.651,39,1885.0,19.2738,24.4373190548828,2,0,280.0
Qatar-1__2026-08-28,70,2026-08-28 10:33:15.770000+00:00,Qatar-1,1.869566557407484,32.336,29,1403.0,97.8516,27.511047341075678,55,12,280.0
Qatar-1__2026-08-28,71,2026-08-28 10:36:16.013000+00:00,Qatar-1,1.885868555676235,32.023,29,1696.0,20.7564,23.992599872810317,19,0,281.0
Qatar-1__2026-08-28,72,2026-08-28 10:39:15.361000+00:00,Qatar-1,1.902460885951739,31.711,29,1781.0,28.1694,14.732298167515106,2,0,280.0
TRES-1__2026-08-06,0,2026-08-06 07:34:22.622000+00:00,TRES-1,1.114985386099565,63.75,0,377.0,2.9652,51.26129772022124,1298,0,276.0
TRES-1__2026-08-06,1,2026-08-06 07:36:17.324000+00:00,TRES-1,1.1186883333078614,63.368,0,379.0,2.9652,33.72453797382976,1354,0,276.0
TRES-1__2026-08-06,2,2026-08-06 07:39:17.185000+00:00,TRES-1,1.1247265121703631,62.761,0,377.0,2.9652,9.442870632672332,1461,0,275.0
TRES-1__2026-08-06,3,2026-08-06 07:42:22.170000+00:00,TRES-1,1.131093451230992,62.141,0,378.0,2.9652,37.77148253068933,1177,0,276.0
TRES-1__2026-08-06,4,2026-08-06 07:45:15.981000+00:00,TRES-1,1.1372256876754698,61.562,0,378.0,2.9652,20.90921354377445,1240,0,276.0
TRES-1__2026-08-06,5,2026-08-06 07:48:34.961000+00:00,TRES-1,1.1445186190323202,60.895,0,380.0,2.9652,22.93268582220424,1327,0,276.0
TRES-1__2026-08-06,6,2026-08-06 07:51:16.069000+00:00,TRES-1,1.1506066822417227,60.355,0,378.0,2.9652,15.513287467961687,1380,0,276.0
TRES-1__2026-08-06,7,2026-08-06 07:54:17.795000+00:00,TRES-1,1.1576395884291175,59.749,0,380.0,2.9652,13.489815189531903,1186,0,276.0
TRES-1__2026-08-06,8,2026-08-06 07:57:27.502000+00:00,TRES-1,1.1653034686322574,59.109,0,382.0,2.9652,9.105625252934034,1162,0,276.0
TRES-1__2026-08-06,9,2026-08-06 08:00:16.336000+00:00,TRES-1,1.1722513408767468,58.546,0,382.0,2.9652,11.12909753136382,1345,0,276.0
TRES-1__2026-08-06,10,2026-08-06 08:03:37.595000+00:00,TRES-1,1.180855639209906,57.87,0,383.0,2.9652,37.77148253068933,1289,0,275.0
TRES-1__2026-08-06,11,2026-08-06 08:06:15.223000+00:00,TRES-1,1.187793538512428,57.341,0,384.0,2.9652,8.768379873195737,1151,0,275.0
TRES-1__2026-08-06,12,2026-08-06 08:09:16.570000+00:00,TRES-1,1.195954577096593,56.736,0,384.0,2.9652,34.06178335356806,1319,0,275.0
TRES-1__2026-08-06,13,2026-08-06 08:12:36.832000+00:00,TRES-1,1.2052256607943128,56.07,0,387.0,2.9652,11.12909753136382,1107,0,276.0
TRES-1__2026-08-06,14,2026-08-06 08:15:16.827000+00:00,TRES-1,1.2129410117648958,55.532,0,388.0,2.9652,63.06488601106165,1475,0,276.0
TRES-1__2026-08-06,15,2026-08-06 08:18:15.822000+00:00,TRES-1,1.2217608484372726,54.934,0,391.0,2.9652,9.442870632672332,1190,0,277.0
TRES-1__2026-08-06,16,2026-08-06 08:21:27.062000+00:00,TRES-1,1.231462205166601,54.296,0,393.0,2.9652,16.525023607176582,1301,0,276.0
TRES-1__2026-08-06,17,2026-08-06 08:24:15.942000+00:00,TRES-1,1.240296541450792,53.732,0,393.0,2.9652,9.442870632672332,1358,0,276.0
TRES-1__2026-08-06,18,2026-08-06 08:27:15.425000+00:00,TRES-1,1.2499853126302078,53.131,0,394.0,2.9652,52.610279239174425,1326,0,276.0
TRES-1__2026-08-06,19,2026-08-06 08:30:24.327000+00:00,TRES-1,1.2603880208179656,52.505,0,395.0,2.9652,11.12909753136382,1271,0,276.0
TRES-1__2026-08-06,20,2026-08-06 08:33:16.725000+00:00,TRES-1,1.2701968974657094,51.932,0,395.0,2.9652,19.56023202482126,1071,0,275.0
TRES-1__2026-08-06,21,2026-08-06 08:36:33.587000+00:00,TRES-1,1.2818462475296435,51.272,0,395.0,2.9652,11.46634291110212,1053,0,275.0
TRES-1__2026-08-06,22,2026-08-06 08:39:15.453000+00:00,TRES-1,1.2916293274835149,50.734,0,397.0,4.4478,7.194568101083682,37,0,275.0
TRES-1__2026-08-06,23,2026-08-06 08:42:16.054000+00:00,TRES-1,1.3028350964338486,50.135,0,398.0,2.9652,23.269931201942534,1170,0,277.0
TRES-1__2026-08-06,24,2026-08-06 08:45:27.961000+00:00,TRES-1,1.3151262086023623,49.498,0,400.0,2.9652,9.105625252934034,1292,0,275.0
TRES-1__2026-08-06,25,2026-08-06 08:48:15.583000+00:00,TRES-1,1.326220999103499,48.94,0,403.0,2.9652,8.768379873195737,1102,0,275.0
TRES-1__2026-08-06,26,2026-08-06 08:51:15.452000+00:00,TRES-1,1.3384422176928903,48.343,0,405.0,2.9652,14.838796708485097,1262,0,276.0
TRES-1__2026-08-06,27,2026-08-06 08:54:23.015000+00:00,TRES-1,1.35151035306499,47.724,0,408.0,2.9652,9.105625252934034,1241,0,275.0
TRES-1__2026-08-06,28,2026-08-06 08:57:15.213000+00:00,TRES-1,1.3639800921687786,47.151,0,411.0,2.9652,21.920949682989345,1068,0,276.0
TRES-1__2026-08-06,29,2026-08-06 09:00:33.239000+00:00,TRES-1,1.3785984726817155,46.5,0,412.0,2.9652,17.536759746391475,1180,0,276.0
TRES-1__2026-08-06,30,2026-08-06 09:03:16.845000+00:00,TRES-1,1.3910548244524543,45.962,0,412.0,2.9652,45.52812626467018,1131,0,277.0
TRES-1__2026-08-06,31,2026-08-06 09:06:15.398000+00:00,TRES-1,1.405217163529245,45.368,0,410.0,2.9652,8.43113449345744,1047,0,273.0
TRES-1__2026-08-06,32,2026-08-06 09:09:28.304000+00:00,TRES-1,1.4208752003974183,44.732,0,408.0,2.9652,14.1643059490085,1232,0,275.0
TRES-1__2026-08-06,33,2026-08-06 09:12:15.556000+00:00,TRES-1,1.4348440659756223,44.182,0,409.0,2.9652,35.74801025225955,956,0,276.0
TRES-1__2026-08-06,34,2026-08-06 09:15:16.378000+00:00,TRES-1,1.4503407502651513,43.59,0,413.0,2.9652,11.12909753136382,1045,0,275.0
TRES-1__2026-08-06,35,2026-08-06 09:18:23.719000+00:00,TRES-1,1.4670481794380357,42.972,0,416.0,2.9652,13.827060569270202,1041,0,275.0
TRES-1__2026-08-06,36,2026-08-06 09:21:16.018000+00:00,TRES-1,1.4827874573489277,42.408,0,422.0,2.9652,20.23472278429785,1058,0,275.0
TRES-1__2026-08-06,37,2026-08-06 09:24:34.395000+00:00,TRES-1,1.501592162281013,41.756,0,427.0,2.9652,35.07351949278295,886,0,277.0
TRES-1__2026-08-06,38,2026-08-06 09:27:16.247000+00:00,TRES-1,1.517289037147434,41.229,0,432.0,2.9652,18.548495885606368,1106,0,275.0
TRES-1__2026-08-06,39,2026-08-06 09:30:16.226000+00:00,TRES-1,1.53534980072076,40.641,0,439.0,2.9652,20.90921354377445,821,0,274.0
TRES-1__2026-08-06,40,2026-08-06 09:33:33.026000+00:00,TRES-1,1.5557885486867398,39.998,0,448.0,2.9652,25.630648860110615,809,0,275.0
TRES-1__2026-08-06,41,2026-08-06 09:36:15.675000+00:00,TRES-1,1.5732331596755755,39.467,0,455.0,2.9652,44.51639012545528,919,0,275.0
TRES-1__2026-08-06,42,2026-08-06 09:39:15.399000+00:00,TRES-1,1.5931051735454955,38.881,0,458.0,4.4478,8.318719366878007,38,0,276.0
TRES-1__2026-08-06,43,2026-08-06 09:42:28.181000+00:00,TRES-1,1.6150134512176644,38.257,0,464.0,4.4478,6.070416835289357,33,0,276.0
TRES-1__2026-08-06,44,2026-08-06 09:45:15.419000+00:00,TRES-1,1.6348076970883894,37.712,0,472.0,2.9652,23.269931201942534,961,0,277.0
TRES-1__2026-08-06,45,2026-08-06 09:48:15.483000+00:00,TRES-1,1.6567326526560535,37.128,0,481.0,4.4478,11.916003417419848,48,0,276.0
TRES-1__2026-08-06,46,2026-08-06 09:51:28.405000+00:00,TRES-1,1.680895469354477,36.507,0,492.0,4.4478,16.41260848059715,54,0,276.0
TRES-1__2026-08-06,47,2026-08-06 09:54:15.168000+00:00,TRES-1,1.702733565223982,35.965,0,492.0,4.4478,21.583704303251046,54,0,277.0
TRES-1__2026-08-06,48,2026-08-06 09:57:36.652000+00:00,TRES-1,1.7298478891233815,35.316,0,487.0,4.4478,6.744907594765952,74,0,276.0
TRES-1__2026-08-06,49,2026-08-06 10:00:15.373000+00:00,TRES-1,1.7520164600161523,34.804,0,493.0,4.4478,8.993210126354603,64,0,277.0
TRES-1__2026-08-06,50,2026-08-06 10:03:15.617000+00:00,TRES-1,1.7779085141833235,34.226,0,490.0,4.4478,6.744907594765952,94,0,274.0
TRES-1__2026-08-06,51,2026-08-06 10:06:34.613000+00:00,TRES-1,1.8076561611884348,33.587,0,488.0,4.4478,19.785062277980124,64,0,276.0
TRES-1__2026-08-06,52,2026-08-06 10:09:15.755000+00:00,TRES-1,1.832533859441139,33.072,0,488.0,4.4478,6.744907594765952,64,0,277.0
TRES-1__2026-08-06,53,2026-08-06 10:12:15.995000+00:00,TRES-1,1.861362978191704,32.496,0,509.0,4.4478,6.070416835289357,64,0,277.0
TRES-1__2026-08-06,54,2026-08-06 10:15:28.198000+00:00,TRES-1,1.893270952773829,31.883,0,524.0,4.4478,14.389136202167364,69,0,276.0
TRES-1__2026-08-06,55,2026-08-06 10:18:15.952000+00:00,TRES-1,1.9222091223907865,31.348,0,533.0,4.4478,33.949368226988625,106,0,278.0
TRES-1__2026-08-06,56,2026-08-06 10:21:15.812000+00:00,TRES-1,1.9543349330344,30.776,0,530.0,4.4478,13.040154683214173,119,0,277.0
TRES-1__2026-08-06,57,2026-08-06 10:24:25.998000+00:00,TRES-1,1.9896038784877312,30.173,0,533.0,5.9304,8.59975718332659,11,0,276.0
TRES-1__2026-08-06,58,2026-08-06 10:27:15.668000+00:00,TRES-1,2.022355446262957,29.635,0,510.0,5.9304,5.227303385943613,3,0,278.0
TRES-1__2026-08-06,59,2026-08-06 10:33:15.855000+00:00,TRES-1,2.095873277335854,28.498,0,571.0,4.4478,12.140833670578711,245,0,278.0
TRES-1__2026-08-06,60,2026-08-06 10:36:16.687000+00:00,TRES-1,2.134821085723004,27.932,0,569.0,4.4478,18.6609110121858,195,0,277.0
TRES-1__2026-08-06,61,2026-08-06 10:39:33.565000+00:00,TRES-1,2.1795769087930066,27.31,0,566.0,4.4478,28.328611898017,171,0,278.0
TRES-1__2026-08-06,62,2026-08-06 10:42:16.271000+00:00,TRES-1,2.2177438702361902,26.802,0,572.0,4.4478,27.6541211385404,132,0,279.0
TRES-1__2026-08-06,63,2026-08-06 10:45:16.498000+00:00,TRES-1,2.2617672131928246,26.24,0,589.0,4.4478,11.241512657943252,154,0,277.0
TRES-1__2026-08-06,64,2026-08-06 10:48:30.339000+00:00,TRES-1,2.3116611114178114,25.632,0,592.0,4.4478,7.419398354242547,228,0,278.0
TRES-1__2026-08-06,65,2026-08-06 10:51:16.765000+00:00,TRES-1,2.356065121673116,25.115,0,580.0,5.9304,17.19951436665318,31,0,278.0
TRES-1__2026-08-06,66,2026-08-06 10:54:16.686000+00:00,TRES-1,2.405985803845296,24.559,0,614.0,5.9304,24.618912720895725,18,0,278.0
TRES-1__2026-08-06,67,2026-08-06 10:57:27.619000+00:00,TRES-1,2.461681710928452,23.968,0,609.0,5.9304,23.438553891811683,11,0,279.0
TRES-1__2026-08-06,68,2026-08-06 11:00:16.270000+00:00,TRES-1,2.5132916484527907,23.446,0,553.0,7.412999999999999,16.997167138810198,4,0,279.0
TRES-1__2026-08-06,69,2026-08-06 11:03:15.383000+00:00,TRES-1,2.5707249850017093,22.892,0,555.0,4.4478,7.869058860560277,256,0,278.0
TRES-1__2026-08-06,70,2026-08-06 11:06:26.707000+00:00,TRES-1,2.634453694599695,22.308,0,581.0,5.9304,20.23472278429785,24,0,278.0
TRES-1__2026-08-06,71,2026-08-06 11:09:16.311000+00:00,TRES-1,2.6942764678011666,21.787,0,553.0,7.412999999999999,10.252259544044248,2,0,278.0
TRES-1__2026-08-06,72,2026-08-06 11:12:36.405000+00:00,TRES-1,2.7686628574010936,21.173,0,554.0,4.4478,7.419398354242547,351,0,279.0
TRES-1__2026-08-06,73,2026-08-06 11:15:15.950000+00:00,TRES-1,2.830624618761623,20.688,0,559.0,4.4478,12.590494176896444,328,0,278.0
TRES-1__2026-08-06,74,2026-08-06 11:18:16.895000+00:00,TRES-1,2.9041771824318388,20.141,0,601.0,4.4478,7.419398354242547,173,0,278.0
TRES-1__2026-08-06,75,2026-08-06 11:21:33.977000+00:00,TRES-1,2.989556625577655,19.542,0,590.0,4.4478,7.419398354242547,236,0,278.0
TRES-1__2026-08-06,76,2026-08-06 11:24:16.699000+00:00,TRES-1,3.063480095536753,19.052,0,613.0,4.4478,7.644228607401412,194,0,277.0
TRES-1__2026-08-06,77,2026-08-06 11:27:17.655000+00:00,TRES-1,3.1503950030542143,18.507,0,619.0,5.9304,7.588021044111696,26,0,277.0
TRES-1__2026-08-06,78,2026-08-06 11:30:30.680000+00:00,TRES-1,3.249160580253938,17.925,0,609.0,4.4478,22.033364809568777,160,0,278.0
TRES-1__2026-08-06,79,2026-08-06 11:33:17.222000+00:00,TRES-1,3.338819165410845,17.428,0,601.0,4.4478,16.41260848059715,186,0,278.0
TRES-1__2026-08-06,80,2026-08-06 11:36:15.978000+00:00,TRES-1,3.441132608062809,16.894,0,605.0,5.9304,6.407662215027655,9,0,278.0
TRES-1__2026-08-06,81,2026-08-06 11:39:28.538000+00:00,TRES-1,3.5580607233652004,16.323,0,545.0,19.2738,4.513899698035676,0,0,278.0
TRES-1__2026-08-06,82,2026-08-06 11:42:15.487000+00:00,TRES-1,3.6670324567980175,15.825,0,575.0,5.9304,7.250775664373398,53,0,278.0
TRES-1__2026-08-06,83,2026-08-06 11:45:17.511000+00:00,TRES-1,3.7921205200271184,15.29,0,646.0,4.4478,7.419398354242547,228,0,277.0
TRES-1__2026-08-06,84,2026-08-06 11:52:38.452000+00:00,TRES-1,4.134723249067754,13.996,0,658.0,5.9304,5.395926075812762,17,0,278.0
TRES-1__2026-08-06,85,2026-08-06 12:00:15.690000+00:00,TRES-1,4.5606441475189925,12.666,0,967.0,14.826,7.217051126399569,1,0,278.0
TRES-1__2026-08-06,86,2026-08-06 12:07:50.844000+00:00,TRES-1,5.0799287968197655,11.353,0,1799.0,81.54299999999999,4.733698784690287,0,0,279.0
TRES-1__2026-08-06,87,2026-08-06 12:15:28.065000+00:00,TRES-1,5.730412131162172,10.05,0,4095.0,0.0,,0,324500,277.0
TRES-1__2026-08-06,88,2026-08-06 12:23:03.212000+00:00,TRES-1,6.560963755843753,8.767,0,4095.0,0.0,,0,325000,278.0
TRES-1__2026-08-06,89,2026-08-06 12:30:40.120000+00:00,TRES-1,7.668413893462815,7.493,0,4095.0,0.0,,0,325000,276.0
TRES-1__2026-08-06,90,2026-08-06 12:38:15.923000+00:00,TRES-1,9.203130576498888,6.238,0,4095.0,0.0,,0,325000,276.0
TRES-3__2026-08-10,0,2026-08-10 06:06:40.229000+00:00,TRES-3,1.1151005827564215,63.738,0,1448.0,8.8956,43.61706911281982,23,0,280.0
TRES-3__2026-08-10,1,2026-08-10 06:09:16.878000+00:00,TRES-3,1.1201232780128425,63.222,0,546.0,4.4478,19.56023202482126,479,0,280.0
TRES-3__2026-08-10,2,2026-08-10 06:12:15.648000+00:00,TRES-3,1.126054830282298,62.63,0,740.0,4.4478,15.063626961643958,421,0,279.0
TRES-3__2026-08-10,3,2026-08-10 06:15:16.372000+00:00,TRES-3,1.132213011119091,62.034,0,700.0,4.4478,15.738117721120554,242,0,278.0
TRES-3__2026-08-10,4,2026-08-10 06:18:16.907000+00:00,TRES-3,1.1385952470615814,61.435,0,501.0,4.4478,15.063626961643958,519,0,280.0
TRES-3__2026-08-10,5,2026-08-10 06:21:17.566000+00:00,TRES-3,1.145186870598367,60.835,0,484.0,4.4478,14.1643059490085,297,0,279.0
TRES-3__2026-08-10,6,2026-08-10 06:24:16.086000+00:00,TRES-3,1.1518558754675898,60.246,0,454.0,4.4478,13.489815189531903,318,0,278.0
TRES-3__2026-08-10,7,2026-08-10 06:27:15.734000+00:00,TRES-3,1.158820901265827,59.649,0,450.0,4.4478,13.040154683214173,253,0,278.0
TRES-3__2026-08-10,8,2026-08-10 06:30:15.532000+00:00,TRES-3,1.1659858286461195,59.053,0,449.0,4.4478,14.1643059490085,260,0,278.0
TRES-3__2026-08-10,9,2026-08-10 06:33:16.193000+00:00,TRES-3,1.173367660941097,58.457,14,447.0,4.4478,12.815324430055307,230,0,278.0
TRES-3__2026-08-10,10,2026-08-10 06:36:16.737000+00:00,TRES-3,1.1809851069643285,57.86,14,444.0,4.4478,13.264984936373038,238,0,279.0
TRES-3__2026-08-10,11,2026-08-10 06:39:15.222000+00:00,TRES-3,1.1888186759956547,57.264,14,447.0,4.4478,12.36566392373758,183,0,279.0
TRES-3__2026-08-10,12,2026-08-10 06:42:15.845000+00:00,TRES-3,1.196887233099346,56.668,14,442.0,4.4478,17.087099240073744,249,0,278.0
TRES-3__2026-08-10,13,2026-08-10 06:45:16.290000+00:00,TRES-3,1.2051832108481384,56.073,14,447.0,4.4478,11.916003417419848,187,0,278.0
TRES-3__2026-08-10,14,2026-08-10 06:48:16.755000+00:00,TRES-3,1.2137850881685202,55.474,14,452.0,4.4478,30.12725392328792,179,0,277.0
TRES-3__2026-08-10,15,2026-08-10 06:51:15.325000+00:00,TRES-3,1.222555174488381,54.881,14,437.0,4.4478,12.590494176896444,269,0,278.0
TRES-3__2026-08-10,16,2026-08-10 06:54:15.693000+00:00,TRES-3,1.2316167094344006,54.286,14,484.0,4.4478,18.21125050586807,160,0,278.0
TRES-3__2026-08-10,17,2026-08-10 06:57:17.092000+00:00,TRES-3,1.24099614848604,53.688,14,427.0,4.4478,15.738117721120554,285,0,279.0
TRES-3__2026-08-10,18,2026-08-10 07:00:15.899000+00:00,TRES-3,1.250542079569819,53.097,14,424.0,4.4478,14.389136202167364,254,0,278.0
TRES-3__2026-08-10,19,2026-08-10 07:03:16.513000+00:00,TRES-3,1.2604217755869118,52.503,35,420.0,4.4478,63.85179189711768,381,0,277.0
TRES-3__2026-08-10,20,2026-08-10 07:06:16.012000+00:00,TRES-3,1.2705964703993244,51.909,35,419.0,4.4478,66.99941544134178,431,0,278.0
TRES-3__2026-08-10,21,2026-08-10 07:09:15.500000+00:00,TRES-3,1.2810755808317131,51.315,35,418.0,4.4478,59.13035658078151,531,0,279.0
TRES-3__2026-08-10,22,2026-08-10 07:12:17.114000+00:00,TRES-3,1.291905866752569,50.719,35,415.0,4.4478,159.40464948963532,805,0,278.0
TRES-3__2026-08-10,23,2026-08-10 07:15:16.629000+00:00,TRES-3,1.302949047344858,50.129,35,414.0,4.4478,273.6184180943388,862,0,279.0
TRES-3__2026-08-10,24,2026-08-10 07:18:17.143000+00:00,TRES-3,1.3144210542698072,49.534,35,415.0,4.4478,249.11192050002248,865,0,278.0
TRES-3__2026-08-10,25,2026-08-10 07:21:15.535000+00:00,TRES-3,1.3261201922757375,48.945,35,412.0,4.4478,327.1280183461487,1235,0,278.0
TRES-3__2026-08-10,26,2026-08-10 07:24:17.094000+00:00,TRES-3,1.338275997207244,48.351,35,411.0,2.9652,678.5377040334548,5329,0,279.0
TRES-3__2026-08-10,27,2026-08-10 07:27:15.589000+00:00,TRES-3,1.3506748026838244,47.763,35,404.0,4.4478,781.2851297270561,2419,0,278.0
TRES-3__2026-08-10,28,2026-08-10 07:30:16.164000+00:00,TRES-3,1.3635607306922064,47.17,35,402.0,4.4478,830.2981249156886,2527,1,279.0
TRES-3__2026-08-10,29,2026-08-10 07:33:15.736000+00:00,TRES-3,1.3767073690298917,46.583,65,405.0,4.4478,633.7964836548406,2259,0,279.0
TRES-3__2026-08-10,30,2026-08-10 07:36:16.322000+00:00,TRES-3,1.39030419550381,45.994,65,404.0,4.4478,829.8484644093709,2310,1,279.0
TRES-3__2026-08-10,31,2026-08-10 07:39:15.959000+00:00,TRES-3,1.4043221598721398,45.405,65,402.0,4.4478,830.2981249156886,2460,5,277.0
TRES-3__2026-08-10,32,2026-08-10 07:42:15.553000+00:00,TRES-3,1.4187272985558703,44.818,65,402.0,4.4478,830.2981249156886,2637,1,277.0
TRES-3__2026-08-10,33,2026-08-10 07:45:16.360000+00:00,TRES-3,1.4336087594964,44.23,65,401.0,4.4478,802.4191735239893,2636,0,279.0
TRES-3__2026-08-10,34,2026-08-10 07:48:15.974000+00:00,TRES-3,1.4489069107515873,43.644,65,400.0,4.4478,830.7477854220064,2780,3,279.0
TRES-3__2026-08-10,35,2026-08-10 07:51:16.512000+00:00,TRES-3,1.4646899434350102,43.058,65,399.0,4.4478,830.9726156751652,2912,6,279.0
TRES-3__2026-08-10,36,2026-08-10 07:54:16.228000+00:00,TRES-3,1.4809772355417974,42.472,65,399.0,4.4478,830.9726156751652,3256,3,279.0
TRES-3__2026-08-10,37,2026-08-10 07:57:16.675000+00:00,TRES-3,1.497730969230309,41.888,65,400.0,4.4478,830.7477854220064,2776,8,279.0
TRES-3__2026-08-10,38,2026-08-10 08:00:16.242000+00:00,TRES-3,1.515027295576984,41.304,65,401.0,4.4478,830.5229551688475,2618,3,279.0
TRES-3__2026-08-10,39,2026-08-10 08:03:15.778000+00:00,TRES-3,1.5328578093933365,40.721,85,401.0,4.4478,830.5229551688475,2482,3,278.0
TRES-3__2026-08-10,40,2026-08-10 08:06:15.385000+00:00,TRES-3,1.5512755442685686,40.138,85,403.0,4.4478,681.9101578308378,2449,0,278.0
TRES-3__2026-08-10,41,2026-08-10 08:09:15.895000+00:00,TRES-3,1.5702394487176727,39.557,85,403.0,4.4478,830.0732946625297,2429,2,278.0
TRES-3__2026-08-10,42,2026-08-10 08:12:16.996000+00:00,TRES-3,1.5899411425211163,38.973,85,401.0,4.4478,830.5229551688475,3101,4,278.0
TRES-3__2026-08-10,43,2026-08-10 08:15:15.580000+00:00,TRES-3,1.6100646645594854,38.396,85,401.0,2.9652,1245.7844327532714,7708,9,278.0
TRES-3__2026-08-10,44,2026-08-10 08:18:15.985000+00:00,TRES-3,1.6309449748616969,37.817,85,401.0,4.4478,830.5229551688475,3249,4,279.0
TRES-3__2026-08-10,45,2026-08-10 08:21:15.481000+00:00,TRES-3,1.652507007584432,37.239,85,400.0,4.4478,830.7477854220064,3381,12,279.0
TRES-3__2026-08-10,46,2026-08-10 08:24:17.038000+00:00,TRES-3,1.6748980777848357,36.659,85,400.0,4.4478,830.7477854220064,3493,14,279.0
TRES-3__2026-08-10,47,2026-08-10 08:27:15.517000+00:00,TRES-3,1.6977960094916489,36.086,85,401.0,4.4478,830.5229551688475,3364,12,278.0
TRES-3__2026-08-10,48,2026-08-10 08:30:15.939000+00:00,TRES-3,1.7216295855090546,35.51,85,402.0,4.4478,830.2981249156886,3173,8,279.0
TRES-3__2026-08-10,49,2026-08-10 08:33:15.297000+00:00,TRES-3,1.7462335751379925,34.936,95,403.0,4.4478,830.0732946625297,3189,4,279.0
TRES-3__2026-08-10,50,2026-08-10 08:36:15.668000+00:00,TRES-3,1.7717313917444106,34.362,95,405.0,4.4478,829.6236341562121,2746,3,279.0
TRES-3__2026-08-10,51,2026-08-10 08:39:16.045000+00:00,TRES-3,1.7980742064603483,33.79,95,405.0,4.4478,702.3697108682944,2998,0,279.0
TRES-3__2026-08-10,52,2026-08-10 08:42:15.414000+00:00,TRES-3,1.8253968694717049,33.218,95,408.0,4.4478,692.7020099824632,2098,0,279.0
TRES-3__2026-08-10,53,2026-08-10 08:45:16.017000+00:00,TRES-3,1.8536493179893216,32.648,95,407.0,4.4478,801.7446827645128,2281,0,278.0
TRES-3__2026-08-10,54,2026-08-10 08:48:16.526000+00:00,TRES-3,1.8829793525451184,32.078,95,408.0,4.4478,779.711317954944,2090,0,278.0
TRES-3__2026-08-10,55,2026-08-10 08:51:17.138000+00:00,TRES-3,1.9134993786060648,31.507,95,407.0,4.4478,663.6989073249697,2369,0,279.0
TRES-3__2026-08-10,56,2026-08-10 08:54:16.608000+00:00,TRES-3,1.944825011572443,30.943,95,410.0,4.4478,493.5024056837088,1763,0,279.0
TRES-3__2026-08-10,57,2026-08-10 08:57:17.142000+00:00,TRES-3,1.9776825808692595,30.374,95,410.0,4.4478,568.8205404919286,1763,0,279.0
TRES-3__2026-08-10,58,2026-08-10 09:00:15.866000+00:00,TRES-3,2.011442312875238,29.812,95,410.0,4.4478,702.3697108682944,1970,0,278.0
TRES-3__2026-08-10,59,2026-08-10 09:07:08.523000+00:00,TRES-3,2.09419039466248,28.523,100,410.0,4.4478,276.9908718917217,1371,0,279.0
TRES-3__2026-08-10,60,2026-08-10 09:12:49.988000+00:00,TRES-3,2.168735064359494,27.458,100,411.0,4.4478,174.91793695759702,1388,0,279.0
TRES-3__2026-08-10,61,2026-08-10 09:14:36.194000+00:00,TRES-3,2.1930044532599275,27.129,100,411.0,4.4478,315.4368451818877,1301,0,279.0
TRES-3__2026-08-10,62,2026-08-10 09:20:14.756000+00:00,TRES-3,2.274419128604669,26.083,100,409.0,4.4478,336.34605872566215,1612,0,279.0
TRES-3__2026-08-10,63,2026-08-10 09:25:52.331000+00:00,TRES-3,2.362576632663361,25.041,100,409.0,4.4478,355.00696973784795,1797,0,279.0
TRES-3__2026-08-10,64,2026-08-10 09:33:18.323000+00:00,TRES-3,2.4904601629599465,23.674,100,410.0,4.4478,521.1565268222492,2190,0,279.0
TRES-3__2026-08-10,65,2026-08-10 09:38:56.827000+00:00,TRES-3,2.597700424842771,22.641,100,409.0,4.4478,502.0459553037457,2178,0,278.0
TRES-3__2026-08-10,66,2026-08-10 09:40:42.061000+00:00,TRES-3,2.6328857831604204,22.322,100,410.0,4.4478,483.3850442915599,1840,0,279.0
TRES-3__2026-08-10,67,2026-08-10 09:48:09.946000+00:00,TRES-3,2.7947489786510857,20.966,100,410.0,4.4478,564.773595935069,2410,0,279.0
TRES-3__2026-08-10,68,2026-08-10 09:49:56.192000+00:00,TRES-3,2.8359993956752274,20.647,100,410.0,4.4478,637.1689374522235,1977,0,278.0
TRES-3__2026-08-10,69,2026-08-10 09:55:34.777000+00:00,TRES-3,2.9766796449989217,19.63,100,412.0,4.4478,595.8001708709924,2338,0,278.0
TRES-3__2026-08-14,0,2026-08-14 04:09:28.759000+00:00,TRES-3,1.00878495327329,82.433,11,409.0,4.4478,403.7951346733216,1547,0,278.0
TRES-3__2026-08-14,1,2026-08-14 04:13:19.572000+00:00,TRES-3,1.0100167487597338,81.924,11,411.0,4.4478,413.9124960654706,1595,0,280.0
TRES-3__2026-08-14,2,2026-08-14 04:17:12.331000+00:00,TRES-3,1.0114919327673733,81.355,11,406.0,4.4478,829.3988039030532,2413,3,279.0
TRES-3__2026-08-14,3,2026-08-14 04:18:58.704000+00:00,TRES-3,1.0122894447368451,81.063,11,403.0,4.4478,830.0732946625297,2863,6,279.0
TRES-3__2026-08-14,4,2026-08-14 04:21:16.578000+00:00,TRES-3,1.013310669999989,80.703,11,404.0,4.4478,829.8484644093709,2662,1,279.0
TRES-3__2026-08-14,5,2026-08-14 04:24:16.888000+00:00,TRES-3,1.0147592763766904,80.216,11,404.0,4.4478,829.8484644093709,2370,4,280.0
TRES-3__2026-08-14,6,2026-08-14 04:27:16.306000+00:00,TRES-3,1.016340246285438,79.712,11,399.0,4.4478,830.9726156751652,3950,19,279.0
TRES-3__2026-08-14,7,2026-08-14 04:30:15.613000+00:00,TRES-3,1.018028758927652,79.201,11,398.0,4.4478,831.1974459283241,4341,13,279.0
TRES-3__2026-08-14,8,2026-08-14 04:33:17.109000+00:00,TRES-3,1.019857577991966,78.675,19,399.0,4.4478,830.9726156751652,3953,19,279.0
TRES-3__2026-08-14,9,2026-08-14 04:36:15.871000+00:00,TRES-3,1.0217904778584253,78.146,19,398.0,4.4478,831.1974459283241,4189,17,280.0
TRES-3__2026-08-14,10,2026-08-14 04:39:17.187000+00:00,TRES-3,1.0238731165209032,77.603,19,397.0,4.4478,831.422276181483,4326,20,279.0
TRES-3__2026-08-14,11,2026-08-14 04:42:16.238000+00:00,TRES-3,1.026073067651209,77.056,19,396.0,4.4478,831.6471064346418,4582,22,281.0
TRES-3__2026-08-14,12,2026-08-14 04:45:17.169000+00:00,TRES-3,1.0284022675499498,76.503,19,397.0,4.4478,831.422276181483,4386,18,279.0
TRES-3__2026-08-14,13,2026-08-14 04:48:16.416000+00:00,TRES-3,1.0308473170032155,75.948,19,397.0,4.4478,831.422276181483,4484,18,280.0
TRES-3__2026-08-14,14,2026-08-14 04:51:16.376000+00:00,TRES-3,1.0334341264941185,75.386,19,398.0,4.4478,831.1974459283241,4397,17,279.0
TRES-3__2026-08-14,15,2026-08-14 04:54:17.330000+00:00,TRES-3,1.0361731423200915,74.816,19,401.0,4.4478,830.5229551688475,3965,9,279.0
TRES-3__2026-08-14,16,2026-08-14 04:57:16.238000+00:00,TRES-3,1.0390298211268068,74.246,19,402.0,4.4478,830.2981249156886,3627,13,279.0
TRES-3__2026-08-14,17,2026-08-14 05:00:17.184000+00:00,TRES-3,1.0420216874289896,73.673,19,404.0,4.4478,829.8484644093709,3206,8,278.0
TRES-3__2026-08-14,18,2026-08-14 05:03:15.807000+00:00,TRES-3,1.045135663479243,73.1,45,405.0,4.4478,829.6236341562121,3019,3,279.0
TRES-3__2026-08-14,19,2026-08-14 05:06:16.081000+00:00,TRES-3,1.0484253261203609,72.518,45,406.0,4.4478,829.3988039030532,2783,2,280.0
TRES-3__2026-08-14,20,2026-08-14 05:09:16.965000+00:00,TRES-3,1.0518326611400874,71.938,45,406.0,4.4478,829.3988039030532,2714,1,280.0
TRES-3__2026-08-14,21,2026-08-14 05:12:16.911000+00:00,TRES-3,1.055370714755969,71.358,45,408.0,4.4478,828.9491433967355,2189,1,279.0
TRES-3__2026-08-14,22,2026-08-14 05:15:17.111000+00:00,TRES-3,1.0590866620857355,70.771,45,406.0,4.4478,829.3988039030532,2515,2,278.0
TRES-3__2026-08-14,23,2026-08-14 05:18:17.561000+00:00,TRES-3,1.0629341461089523,70.185,45,407.0,4.4478,829.1739736498944,2346,1,279.0
TRES-3__2026-08-14,24,2026-08-14 05:21:16.561000+00:00,TRES-3,1.0669078469279427,69.601,45,408.0,4.4478,828.9491433967355,2074,1,278.0
TRES-3__2026-08-14,25,2026-08-14 05:24:16.775000+00:00,TRES-3,1.071058907960151,69.012,45,407.0,4.4478,829.1739736498944,2102,2,279.0
TRES-3__2026-08-14,26,2026-08-14 05:27:17.124000+00:00,TRES-3,1.0753861736485042,68.419,45,408.0,4.4478,597.3739826431045,1928,0,280.0
TRES-3__2026-08-14,27,2026-08-14 05:30:17.926000+00:00,TRES-3,1.0798723702323825,67.825,45,413.0,4.4478,361.9767075857728,1120,0,280.0
TRES-3__2026-08-14,28,2026-08-14 05:33:17.183000+00:00,TRES-3,1.0844655444619886,67.237,68,410.0,4.4478,506.9922208732407,1891,0,279.0
TRES-3__2026-08-14,29,2026-08-14 05:36:16.217000+00:00,TRES-3,1.089254205545658,66.644,68,409.0,4.4478,828.7243131435766,1918,1,277.0
TRES-3__2026-08-14,30,2026-08-14 05:39:16.231000+00:00,TRES-3,1.0942030727607792,66.051,68,406.0,4.4478,829.3988039030532,2232,1,279.0
TRES-3__2026-08-14,31,2026-08-14 05:42:17.171000+00:00,TRES-3,1.0993241685434725,65.457,68,407.0,4.4478,605.9175322631413,1897,0,278.0
TRES-3__2026-08-14,32,2026-08-14 05:45:17.181000+00:00,TRES-3,1.1046127062566626,64.863,68,406.0,4.4478,829.3988039030532,1821,1,280.0
TRES-3__2026-08-14,33,2026-08-14 05:48:16.195000+00:00,TRES-3,1.1100815969231177,64.268,68,398.0,4.4478,831.1974459283241,3661,16,278.0
TRES-3__2026-08-14,34,2026-08-14 05:51:17.030000+00:00,TRES-3,1.1157258294177688,63.673,68,396.0,4.4478,831.6471064346418,4107,20,278.0
TRES-3__2026-08-14,35,2026-08-14 05:54:17.031000+00:00,TRES-3,1.1215493190179064,63.078,68,394.0,4.4478,832.0967669409596,4697,19,279.0
TRES-3__2026-08-14,36,2026-08-14 05:57:16.324000+00:00,TRES-3,1.1275664058013972,62.482,68,393.0,4.4478,832.3215971941185,5003,23,278.0
TRES-3__2026-08-14,37,2026-08-14 06:00:17.420000+00:00,TRES-3,1.1337717442647568,61.886,68,393.0,4.4478,832.3215971941185,4847,29,279.0
TRES-3__2026-08-14,38,2026-08-14 06:03:16.846000+00:00,TRES-3,1.1401698140309666,61.29,82,395.0,4.4478,831.8719366878007,4096,28,280.0
TRES-3__2026-08-14,39,2026-08-14 06:06:16.900000+00:00,TRES-3,1.1467652932364578,60.694,82,407.0,4.4478,120.2841854399928,762,0,279.0
TRES-3__2026-08-14,40,2026-08-14 06:09:16.187000+00:00,TRES-3,1.153563067823996,60.098,82,410.0,4.4478,31.25140518908224,495,0,278.0
TRES-3__2026-08-14,41,2026-08-14 06:12:16.648000+00:00,TRES-3,1.1605324523398373,59.505,82,409.0,4.4478,33.27487746751203,426,0,279.0
TRES-3__2026-08-14,42,2026-08-14 06:15:16.468000+00:00,TRES-3,1.1677615627529931,58.908,82,403.0,4.4478,286.43374252439406,1021,0,279.0
TRES-3__2026-08-14,43,2026-08-14 06:18:16.449000+00:00,TRES-3,1.1751970268189855,58.312,82,406.0,4.4478,320.15828049822386,809,0,279.0
TRES-3__2026-08-14,44,2026-08-14 06:21:16.337000+00:00,TRES-3,1.182856594993558,57.716,82,406.0,4.4478,149.961778856963,680,0,279.0
TRES-3__2026-08-14,45,2026-08-14 06:24:16.721000+00:00,TRES-3,1.1907866587843938,57.117,82,410.0,4.4478,8.093889113719142,426,0,279.0
TRES-3__2026-08-14,46,2026-08-14 06:27:15.648000+00:00,TRES-3,1.1988726611057252,56.524,82,411.0,4.4478,16.187778227438283,449,0,279.0
TRES-3__2026-08-14,47,2026-08-14 06:30:16.591000+00:00,TRES-3,1.2072421748725306,55.928,82,404.0,4.4478,224.1557623993885,1144,0,279.0
TRES-3__2026-08-14,48,2026-08-14 06:33:16.557000+00:00,TRES-3,1.2159058865192445,55.329,81,407.0,4.4478,166.14955708440127,899,0,279.0
TRES-3__2026-08-14,49,2026-08-14 06:36:16.678000+00:00,TRES-3,1.2247238670645948,54.737,81,406.0,4.4478,558.7031790997796,1290,0,279.0
TRES-3__2026-08-14,50,2026-08-14 06:39:16.613000+00:00,TRES-3,1.2338967470732711,54.139,81,404.0,4.4478,389.4059984711543,2036,0,279.0
TRES-3__2026-08-27,0,2026-08-27 05:39:37.519000+00:00,TRES-3,1.208556222652459,55.836,100,582.0,4.4478,789.8286793470929,4787,27,281.0
TRES-3__2026-08-27,1,2026-08-27 05:42:15.162000+00:00,TRES-3,1.2161408372356233,55.313,100,584.0,4.4478,789.3790188407752,4591,30,281.0
TRES-3__2026-08-27,2,2026-08-27 05:45:15.673000+00:00,TRES-3,1.225056554759595,54.715,100,588.0,4.4478,788.4796978281397,4501,29,281.0
TRES-3__2026-08-27,3,2026-08-27 05:48:16.323000+00:00,TRES-3,1.2341926553852007,54.12,100,589.0,4.4478,788.254867574981,4534,30,281.0
TRES-3__2026-08-27,4,2026-08-27 05:51:15.888000+00:00,TRES-3,1.2436011675728924,53.525,100,589.0,4.4478,788.254867574981,4657,28,281.0
TRES-3__2026-08-27,5,2026-08-27 05:54:15.483000+00:00,TRES-3,1.2532904224457315,52.93,100,623.0,7.412999999999999,468.36638338054775,2636,18,280.0
TRES-3__2026-08-27,6,2026-08-27 05:57:16.044000+00:00,TRES-3,1.2632521298368142,52.336,100,600.0,4.4478,785.7817347902334,4435,24,280.0
TRES-3__2026-08-27,7,2026-08-27 06:00:15.701000+00:00,TRES-3,1.2735114385938155,51.742,100,600.0,4.4478,785.7817347902334,4554,33,281.0
TRES-3__2026-08-27,8,2026-08-27 06:03:15.336000+00:00,TRES-3,1.284005688300936,51.152,100,614.0,5.9304,586.975583434507,3630,26,280.0
TRES-3__2026-08-27,9,2026-08-27 06:06:16.031000+00:00,TRES-3,1.2949243111513586,50.556,100,649.0,7.412999999999999,464.85903143126944,2554,21,280.0
TRES-3__2026-08-27,10,2026-08-27 06:09:15.504000+00:00,TRES-3,1.3061153022701857,49.963,100,631.0,8.8956,389.4059984711543,2516,19,281.0
TRES-3__2026-08-27,11,2026-08-27 06:12:15.171000+00:00,TRES-3,1.317624050780016,49.371,100,654.0,8.8956,386.82045055982735,2240,26,280.0
TRES-3__2026-08-27,12,2026-08-27 06:15:15.652000+00:00,TRES-3,1.3294806118514133,48.779,100,621.0,5.9304,585.795224605423,3366,25,280.0
TRES-3__2026-08-27,13,2026-08-27 06:18:15.200000+00:00,TRES-3,1.3415923062829962,48.192,100,613.0,4.4478,782.8589414991682,4416,31,280.0
TRES-3__2026-08-27,14,2026-08-27 06:21:15.793000+00:00,TRES-3,1.3542211975471694,47.598,100,611.0,4.4478,783.3086020054859,4675,27,281.0
TRES-3__2026-08-27,15,2026-08-27 06:24:15.423000+00:00,TRES-3,1.367149466549717,47.008,100,616.0,4.4478,782.1844507396916,4552,30,280.0
TRES-3__2026-08-27,16,2026-08-27 06:27:16.076000+00:00,TRES-3,1.3804747494463632,46.418,100,621.0,4.4478,781.0602994738972,4613,25,280.0
TRES-3__2026-08-27,17,2026-08-27 06:30:15.625000+00:00,TRES-3,1.3941879984643797,45.829,100,624.0,5.9304,585.2893565358155,3379,29,281.0
TRES-3__2026-08-27,18,2026-08-27 06:33:15.391000+00:00,TRES-3,1.4083023752976336,45.241,100,623.0,4.4478,780.6106389675795,4570,32,280.0
TRES-3__2026-08-27,19,2026-08-27 06:36:15.943000+00:00,TRES-3,1.4228568410914493,44.653,100,626.0,4.4478,779.9361482081028,4834,18,281.0
TRES-3__2026-08-27,20,2026-08-27 06:39:15.557000+00:00,TRES-3,1.4378423704522538,44.066,100,631.0,4.4478,778.8119969423086,4602,26,280.0
TRES-3__2026-08-27,21,2026-08-27 06:42:15.160000+00:00,TRES-3,1.453301078188113,43.479,100,636.0,4.4478,777.6878456765143,4574,28,282.0
TRES-3__2026-08-27,22,2026-08-27 06:45:15.725000+00:00,TRES-3,1.4692240890740111,42.893,100,639.0,4.4478,777.0133549170376,4560,27,280.0
TRES-3__2026-08-27,23,2026-08-27 06:48:15.536000+00:00,TRES-3,1.4856285223126808,42.308,100,640.0,5.9304,582.5913934979092,3451,27,280.0
TRES-3__2026-08-27,24,2026-08-27 06:51:16.121000+00:00,TRES-3,1.5025324116509196,41.724,100,643.0,4.4478,776.1140339044022,4662,24,280.0
TRES-3__2026-08-27,25,2026-08-27 06:54:16.729000+00:00,TRES-3,1.5199851322509674,41.14,100,646.0,4.4478,775.4395431449256,4697,24,281.0
TRES-3__2026-08-27,26,2026-08-27 06:57:15.270000+00:00,TRES-3,1.5379783593075027,40.557,100,649.0,5.9304,581.0737892890868,3323,30,281.0
TRES-3__2026-08-27,27,2026-08-27 07:00:15.929000+00:00,TRES-3,1.5565333732962154,39.975,100,652.0,5.9304,580.5679212194793,3510,23,280.0
TRES-3__2026-08-27,28,2026-08-27 07:03:15.517000+00:00,TRES-3,1.5756726498150722,39.394,100,658.0,5.9304,579.5561850802644,3489,14,280.0
TRES-3__2026-08-27,29,2026-08-27 07:06:15.221000+00:00,TRES-3,1.5954199428499272,38.814,100,659.0,5.9304,579.3875623903953,3407,21,280.0
TRES-3__2026-08-27,30,2026-08-27 07:09:16.758000+00:00,TRES-3,1.6158361683055136,38.234,100,663.0,5.9304,578.7130716309186,3412,25,281.0
TRES-3__2026-08-27,31,2026-08-27 07:12:15.357000+00:00,TRES-3,1.6369145815829578,37.655,100,668.0,5.9304,577.869958181573,3339,25,281.0
TRES-3__2026-08-27,32,2026-08-27 07:15:16.088000+00:00,TRES-3,1.6587984505291675,37.074,100,670.0,5.9304,577.5327128018347,3371,23,281.0
TRES-3__2026-08-27,33,2026-08-27 07:18:16.716000+00:00,TRES-3,1.6811729850861248,36.5,100,672.0,5.9304,577.1954674220964,3317,20,280.0
TRES-3__2026-08-27,34,2026-08-27 07:21:15.278000+00:00,TRES-3,1.7044148690597491,35.924,100,677.0,5.9304,576.3523539727506,3087,28,280.0
TRES-3__2026-08-27,35,2026-08-27 07:24:16.820000+00:00,TRES-3,1.728442996498983,35.349,100,681.0,5.9304,575.677863213274,3334,22,282.0
TRES-3__2026-08-27,36,2026-08-27 07:27:15.337000+00:00,TRES-3,1.7532933265554853,34.775,100,686.0,5.9304,574.8347497639282,3138,25,281.0
TRES-3__2026-08-27,37,2026-08-27 07:30:15.822000+00:00,TRES-3,1.7790041107214534,34.202,100,689.0,5.9304,574.3288816943208,3142,26,281.0
TRES-3__2026-08-27,38,2026-08-27 07:33:15.455000+00:00,TRES-3,1.805663456577832,33.629,100,692.0,5.9304,573.8230136247133,3083,24,280.0
TRES-3__2026-08-27,39,2026-08-27 07:36:16.028000+00:00,TRES-3,1.8332217882030384,33.058,100,695.0,5.9304,573.317145555106,3076,27,279.0
TRES-3__2026-08-27,40,2026-08-27 07:39:16.621000+00:00,TRES-3,1.8617711025616928,32.488,100,699.0,5.9304,572.6426547956294,3130,25,281.0
TRES-3__2026-08-27,41,2026-08-27 07:42:15.182000+00:00,TRES-3,1.891201888211815,31.922,100,704.0,5.9304,571.7995413462836,3091,22,279.0
TRES-3__2026-08-27,42,2026-08-27 07:45:16.778000+00:00,TRES-3,1.922043916565931,31.351,100,708.0,5.9304,571.125050586807,3063,24,280.0
TRES-3__2026-08-27,43,2026-08-27 07:48:16.276000+00:00,TRES-3,1.953876868399796,30.784,100,713.0,5.9304,570.2819371374612,3281,15,280.0
TRES-3__2026-08-27,44,2026-08-27 07:51:15.866000+00:00,TRES-3,1.9869203349526343,30.218,100,719.0,5.9304,569.2702009982463,3094,26,280.0
TRES-3__2026-08-27,45,2026-08-27 07:54:15.395000+00:00,TRES-3,2.021177384254449,29.654,100,722.0,5.9304,568.764332928639,3275,18,281.0
TRES-3__2026-08-27,46,2026-08-27 07:57:16.033000+00:00,TRES-3,2.056839225852676,29.09,100,734.0,5.9304,566.7408606502091,3451,16,279.0
TRES-3__2026-08-27,47,2026-08-27 08:00:16.702000+00:00,TRES-3,2.093854190199836,28.528,100,738.0,5.9304,566.0663698907325,3078,18,281.0
TRES-3__2026-08-27,48,2026-08-27 08:03:16.278000+00:00,TRES-3,2.1323646432277026,27.967,100,741.0,5.9304,565.5605018211251,3191,11,280.0
TRES-3__2026-08-27,49,2026-08-27 08:06:15.799000+00:00,TRES-3,2.172457268243018,27.407,100,755.0,5.9304,563.199784162957,7041,22,281.0
TRES-3__2026-08-27,50,2026-08-27 08:09:15.414000+00:00,TRES-3,2.2141493097403897,26.849,100,762.0,5.9304,562.019425333873,2963,21,279.0
TRES-3__2026-08-27,51,2026-08-27 08:12:16.057000+00:00,TRES-3,2.2576114690702767,26.292,100,768.0,5.9304,561.007689194658,3090,19,281.0
TRES-3__2026-08-27,52,2026-08-27 08:15:15.700000+00:00,TRES-3,2.3029526769296083,25.736,100,769.0,5.9304,560.8390665047889,3183,16,281.0
TRES-3__2026-08-27,53,2026-08-27 08:18:15.294000+00:00,TRES-3,2.350291064877281,25.181,100,773.0,5.9304,560.1645757453123,2987,21,280.0
TRES-3__2026-08-27,54,2026-08-27 08:21:15.883000+00:00,TRES-3,2.3996635914271165,24.628,100,778.0,5.9304,559.3214622959666,3003,22,281.0
TRES-3__2026-08-27,55,2026-08-27 08:24:15.491000+00:00,TRES-3,2.451292466418305,24.076,100,782.0,5.9304,558.64697153649,3081,16,279.0
TRES-3__2026-08-27,56,2026-08-27 08:27:16.111000+00:00,TRES-3,2.5052285590807752,23.526,100,786.0,5.9304,557.9724807770134,2969,20,280.0
TRES-3__2026-08-27,57,2026-08-27 08:30:15.655000+00:00,TRES-3,2.5617274966396,22.977,100,791.0,5.9304,557.1293673276676,3076,14,281.0
TRES-3__2026-08-27,58,2026-08-27 08:33:15.186000+00:00,TRES-3,2.620968973091608,22.429,100,793.0,5.9304,556.7921219479293,3054,16,279.0
TRES-3__2026-08-27,59,2026-08-27 08:36:16.784000+00:00,TRES-3,2.682916791215472,21.884,100,797.0,5.9304,556.1176311884527,3063,16,280.0
TRES-3__2026-08-27,60,2026-08-27 08:39:15.305000+00:00,TRES-3,2.7481184923480093,21.339,100,808.0,5.9304,554.2627815998922,2892,16,280.0
TRES-3__2026-08-27,61,2026-08-27 08:42:15.911000+00:00,TRES-3,2.8165705732866946,20.796,100,812.0,5.9304,553.5882908404155,3024,11,280.0
TRES-3__2026-08-27,62,2026-08-27 08:45:15.564000+00:00,TRES-3,2.8885126959394767,20.255,100,819.0,5.9304,552.4079320113315,2931,11,281.0
TRES-3__2026-08-27,63,2026-08-27 08:48:16.148000+00:00,TRES-3,2.9647863534963474,19.712,100,825.0,5.9304,551.3961958721166,3049,11,280.0
TRES-3__2026-08-27,64,2026-08-27 08:51:15.763000+00:00,TRES-3,3.044255653961764,19.177,100,830.0,5.9304,550.5530824227708,3004,10,281.0
TRES-3__2026-08-27,65,2026-08-27 08:54:15.355000+00:00,TRES-3,3.128544676039513,18.641,100,835.0,5.9304,549.7099689734251,2991,13,279.0
TRES-3__2026-08-27,66,2026-08-27 08:57:16.001000+00:00,TRES-3,3.217752047659187,18.106,100,845.0,7.412999999999999,438.4189936597869,2354,7,280.0
TRES-3__2026-08-27,67,2026-08-27 09:00:15.688000+00:00,TRES-3,3.3121282418143148,17.573,100,863.0,8.8956,363.32568910472594,1919,5,281.0
TRES-3__2026-08-27,68,2026-08-27 09:03:16.288000+00:00,TRES-3,3.4121234247880787,17.042,100,874.0,7.412999999999999,434.50694725482265,2283,7,281.0
TRES-3__2026-08-27,69,2026-08-27 09:06:17.095000+00:00,TRES-3,3.5190704307746863,16.509,100,883.0,5.9304,541.6160798597059,2893,5,279.0
TRES-3__2026-08-31,0,2026-08-31 03:47:10.252000+00:00,TRES-3,1.0359184124329268,74.868,40,462.0,4.4478,816.8083097261567,3426,6,280.0
TRES-3__2026-08-31,1,2026-08-31 03:48:55.498000+00:00,TRES-3,1.0375766566205713,74.533,40,473.0,4.4478,814.3351769414093,2873,4,280.0
TRES-3__2026-08-31,2,2026-08-31 03:50:40.690000+00:00,TRES-3,1.0392655372532946,74.2,40,455.0,4.4478,818.3821214982688,3410,6,281.0
TRES-3__2026-08-31,3,2026-08-31 03:52:24.056000+00:00,TRES-3,1.0409688727758657,73.872,40,452.0,4.4478,819.0566122577454,3410,6,280.0
TRES-3__2026-08-31,4,2026-08-31 03:54:16.367000+00:00,TRES-3,1.0428680756181512,73.515,40,453.0,4.4478,818.8317820045866,3410,3,281.0
TRES-3__2026-08-31,5,2026-08-31 03:57:15.802000+00:00,TRES-3,1.0460384322902063,72.938,40,462.0,4.4478,816.8083097261567,2461,1,280.0
TRES-3__2026-08-31,6,2026-08-31 04:00:15.337000+00:00,TRES-3,1.0493290434730382,72.362,40,442.0,5.9304,615.9786860920005,3125,17,282.0
TRES-3__2026-08-31,7,2026-08-31 04:03:15.811000+00:00,TRES-3,1.0527955341218644,71.778,26,440.0,4.4478,821.7545752956518,5214,17,281.0
TRES-3__2026-08-31,8,2026-08-31 04:06:15.261000+00:00,TRES-3,1.0563888387716125,71.195,26,462.0,4.4478,816.8083097261567,4345,6,282.0
TRES-3__2026-08-31,9,2026-08-31 04:09:16.729000+00:00,TRES-3,1.060129915069321,70.61,26,552.0,4.4478,493.5024056837088,2027,0,281.0
TRES-3__2026-08-31,10,2026-08-31 04:12:15.178000+00:00,TRES-3,1.0640223970721074,70.023,26,550.0,7.412999999999999,379.06380682584654,1003,0,282.0
TRES-3__2026-08-31,11,2026-08-31 04:15:15.622000+00:00,TRES-3,1.0680560856407095,69.436,26,640.0,5.9304,203.35896398219344,548,0,281.0
TRES-3__2026-08-31,12,2026-08-31 04:18:16.052000+00:00,TRES-3,1.072247926019554,68.847,26,706.0,10.3782,70.1470389855659,219,0,280.0
TRES-3__2026-08-31,13,2026-08-31 04:21:15.484000+00:00,TRES-3,1.0765945124516465,68.257,26,644.0,8.8956,130.6263770853006,371,0,281.0
TRES-3__2026-08-31,14,2026-08-31 04:24:15.870000+00:00,TRES-3,1.0810993350863596,67.666,26,756.0,7.412999999999999,450.4249291784703,544,9,282.0
TRES-3__2026-08-31,15,2026-08-31 04:27:15.319000+00:00,TRES-3,1.085766036072556,67.074,26,768.0,7.412999999999999,29.81249156886551,15,0,282.0
TRES-3__2026-08-31,16,2026-08-31 04:30:15.736000+00:00,TRES-3,1.090598416580986,66.481,26,687.0,11.8608,37.8557938756239,100,0,282.0
TRES-3__2026-08-31,17,2026-08-31 04:33:15.152000+00:00,TRES-3,1.0955662127185966,65.891,22,621.0,5.9304,193.2416025900445,586,0,281.0
TRES-3__2026-08-31,18,2026-08-31 04:36:16.638000+00:00,TRES-3,1.100758582307903,65.294,22,607.0,5.9304,210.4411169566977,693,0,280.0
TRES-3__2026-08-31,19,2026-08-31 04:39:17.030000+00:00,TRES-3,1.1061301918012694,64.696,22,630.0,7.412999999999999,202.07743153918796,610,0,281.0
TRES-3__2026-08-31,20,2026-08-31 04:42:15.335000+00:00,TRES-3,1.11161023191517,64.105,22,620.0,4.4478,389.855658977472,1574,0,281.0
TRES-3__2026-08-31,21,2026-08-31 04:45:16.722000+00:00,TRES-3,1.1173031752896847,63.51,22,687.0,5.9304,266.59247268312424,689,0,281.0
TRES-3__2026-08-31,22,2026-08-31 04:48:16.133000+00:00,TRES-3,1.1231865033681585,62.914,22,592.0,5.9304,590.6852826116283,1742,6,281.0
TRES-3__2026-08-31,23,2026-08-31 04:51:15.464000+00:00,TRES-3,1.1292549552529705,62.318,22,604.0,7.412999999999999,443.4102252799137,1235,0,282.0
TRES-3__2026-08-31,24,2026-08-31 04:54:15.990000+00:00,TRES-3,1.1355128721802294,61.722,22,646.0,11.8608,217.94482665587483,788,0,282.0
TRES-3__2026-08-31,25,2026-08-31 04:57:16.489000+00:00,TRES-3,1.1419647875022012,61.126,22,658.0,7.412999999999999,449.6155402670984,867,0,281.0
TRES-3__2026-08-31,26,2026-08-31 05:00:16.959000+00:00,TRES-3,1.1486494229554556,60.527,22,655.0,7.412999999999999,267.9077296641036,918,0,282.0
TRES-3__2026-08-31,27,2026-08-31 05:03:15.463000+00:00,TRES-3,1.155469761263492,59.934,33,720.0,5.9304,253.77714825306896,754,0,281.0
TRES-3__2026-08-31,28,2026-08-31 05:06:15.997000+00:00,TRES-3,1.1625329298597915,59.338,33,809.0,7.412999999999999,138.8101983002833,351,0,281.0
TRES-3__2026-08-31,29,2026-08-31 05:09:15.477000+00:00,TRES-3,1.1698227314345186,58.741,33,828.0,8.8956,63.96420702369711,147,0,281.0
TRES-3__2026-08-31,30,2026-08-31 05:12:16.148000+00:00,TRES-3,1.1773203916125952,58.145,33,850.0,5.9304,82.11924996627546,229,0,281.0
TRES-3__2026-08-31,31,2026-08-31 05:15:15.559000+00:00,TRES-3,1.185043833790265,57.549,33,885.0,5.9304,76.72332389046271,265,0,279.0
TRES-3__2026-08-31,32,2026-08-31 05:18:16.014000+00:00,TRES-3,1.192999219307201,56.953,33,877.0,11.8608,52.44165654930528,129,0,281.0
TRES-3__2026-08-31,33,2026-08-31 05:21:16.461000+00:00,TRES-3,1.2011929905448868,56.357,33,883.0,8.8956,50.58680696074464,148,0,281.0
TRES-3__2026-08-31,34,2026-08-31 05:24:16.882000+00:00,TRES-3,1.2096318854709267,55.761,33,785.0,7.412999999999999,446.512882773506,1560,9,281.0
TRES-3__2026-08-31,35,2026-08-31 05:27:15.396000+00:00,TRES-3,1.2183081555446715,55.166,33,719.0,8.8956,235.62210531049055,723,0,281.0
TRES-3__2026-08-31,36,2026-08-31 05:30:16.960000+00:00,TRES-3,1.227304051382927,54.567,33,604.0,5.9304,588.6618103331984,2159,8,281.0
TRES-3__2026-08-31,37,2026-08-31 05:33:16.350000+00:00,TRES-3,1.236460070319774,53.975,47,657.0,4.4478,772.9664103601781,2340,2,281.0
TRES-3__2026-08-31,38,2026-08-31 05:36:16.718000+00:00,TRES-3,1.2459200550600824,53.381,47,679.0,4.4478,768.020144790683,2142,1,281.0
TRES-3__2026-08-31,39,2026-08-31 05:39:15.145000+00:00,TRES-3,1.2556785506924362,52.786,47,713.0,4.4478,760.3759161832817,1984,1,281.0
TRES-3__2026-08-31,40,2026-08-31 05:42:15.497000+00:00,TRES-3,1.2657115516677544,52.192,47,687.0,5.9304,574.6661270740591,1552,1,281.0
TRES-3__2026-08-31,41,2026-08-31 05:45:16.038000+00:00,TRES-3,1.2760444261018309,51.598,47,713.0,8.8956,380.1879580916408,906,1,280.0
TRES-3__2026-08-31,42,2026-08-31 05:48:15.509000+00:00,TRES-3,1.2866686457947414,51.005,47,733.0,5.9304,512.6129772022124,1303,0,282.0
TRES-3__2026-08-31,43,2026-08-31 05:51:16.062000+00:00,TRES-3,1.297611427037962,50.412,47,708.0,5.9304,504.6877107783624,1384,0,281.0
TRES-3__2026-08-31,44,2026-08-31 05:54:15.471000+00:00,TRES-3,1.3088640512520389,49.82,47,752.0,8.8956,253.83335581635865,698,0,281.0
TRES-3__2026-08-31,45,2026-08-31 05:57:15.940000+00:00,TRES-3,1.320455743988765,49.228,47,738.0,5.9304,450.5598273303656,1199,0,281.0
TRES-3__2026-08-31,46,2026-08-31 06:00:15.350000+00:00,TRES-3,1.3323981034974497,48.636,47,854.0,8.8956,152.4349116417105,385,0,280.0
TRES-3__2026-08-31,47,2026-08-31 06:03:15.761000+00:00,TRES-3,1.3446822178724678,48.045,85,744.0,10.3782,312.0001541693165,709,0,279.0
TRES-3__2026-08-31,48,2026-08-31 06:06:16.314000+00:00,TRES-3,1.357318965296862,47.455,85,715.0,11.8608,145.60569270201,410,0,280.0
TRES-3__2026-08-31,49,2026-08-31 06:09:16.737000+00:00,TRES-3,1.3703421599960437,46.865,85,559.0,7.412999999999999,476.9998651018482,2097,19,280.0
TRES-3__2026-08-31,50,2026-08-31 06:12:15.238000+00:00,TRES-3,1.3836965429761243,46.278,85,540.0,5.9304,599.453662484824,3241,20,280.0
TRES-3__2026-08-31,51,2026-08-31 06:15:15.681000+00:00,TRES-3,1.3975809547845155,45.686,85,590.0,10.3782,337.72715885220947,1533,9,281.0
TRES-3__2026-08-31,52,2026-08-31 06:18:15.175000+00:00,TRES-3,1.4118008525146044,45.098,85,596.0,10.3782,337.1490239155152,1497,5,282.0
TRES-3__2026-08-31,53,2026-08-31 06:21:15.626000+00:00,TRES-3,1.4264648674153135,44.51,85,522.0,5.9304,602.4888709024686,3188,24,281.0
TRES-3__2026-08-31,54,2026-08-31 06:24:15.191000+00:00,TRES-3,1.4414595119215967,43.927,85,505.0,4.4478,807.1406088403255,4596,30,280.0
TRES-3__2026-08-31,55,2026-08-31 06:27:15.594000+00:00,TRES-3,1.4571138215779122,43.337,85,502.0,4.4478,807.8150995998021,4947,17,281.0
TRES-3__2026-08-31,56,2026-08-31 06:30:16.942000+00:00,TRES-3,1.4732419938358707,42.748,85,501.0,4.4478,808.039929852961,4668,28,280.0
TRES-3__2026-08-31,57,2026-08-31 06:33:15.418000+00:00,TRES-3,1.4896607005470412,42.167,95,500.0,4.4478,808.2647601061199,4540,28,281.0
TRES-3__2026-08-31,58,2026-08-31 06:36:15.848000+00:00,TRES-3,1.5067246956990574,41.582,95,501.0,4.4478,808.039929852961,4682,21,280.0
TRES-3__2026-08-31,59,2026-08-31 06:39:15.368000+00:00,TRES-3,1.5242836910735102,40.999,95,503.0,4.4478,807.5902693466433,4441,28,281.0
TRES-3__2026-08-31,60,2026-08-31 06:42:15.812000+00:00,TRES-3,1.5424183460012408,40.416,95,506.0,4.4478,806.9157785871666,4440,26,280.0
TRES-3__2026-08-31,61,2026-08-31 06:45:15.260000+00:00,TRES-3,1.5609899773338949,39.838,95,508.0,4.4478,806.466118080849,4450,27,281.0
TRES-3__2026-08-31,62,2026-08-31 06:48:15.712000+00:00,TRES-3,1.5804133062381571,39.253,95,510.0,4.4478,806.0164575745313,4391,28,281.0
TRES-3__2026-08-31,63,2026-08-31 06:51:15.179000+00:00,TRES-3,1.600215848460414,38.676,95,511.0,4.4478,805.7916273213724,4551,23,281.0
TRES-3__2026-08-31,64,2026-08-31 06:54:15.590000+00:00,TRES-3,1.620867793383329,38.094,95,515.0,4.4478,804.8923063087369,4253,26,280.0
TRES-3__2026-08-31,65,2026-08-31 06:57:16.940000+00:00,TRES-3,1.642119423761058,37.515,95,520.0,4.4478,803.7681550429426,4374,23,281.0
TRES-3__2026-08-31,66,2026-08-31 07:00:15.403000+00:00,TRES-3,1.664069293249676,36.937,95,521.0,5.9304,602.6574935923378,3164,19,280.0
TRES-3__2026-08-31,67,2026-08-31 07:03:15.979000+00:00,TRES-3,1.6867479060599044,36.36,100,521.0,4.4478,803.5433247897837,4192,30,280.0
TRES-3__2026-08-31,68,2026-08-31 07:06:15.432000+00:00,TRES-3,1.7101462254133617,35.785,100,524.0,4.4478,802.8688340303071,4026,25,280.0
TRES-3__2026-08-31,69,2026-08-31 07:09:15.183000+00:00,TRES-3,1.7342512903114211,35.213,100,527.0,4.4478,802.1943432708305,4334,22,280.0
TRES-5__2026-08-17,0,2026-08-17 09:17:50.399000+00:00,TRES-5,1.3590618709677638,47.375,100,403.0,4.4478,830.0732946625297,7906,24,279.0
TRES-5__2026-08-17,1,2026-08-17 09:24:23.429000+00:00,TRES-5,1.3766846338842085,46.584,100,402.0,4.4478,830.2981249156886,8058,31,280.0
TRES-5__2026-08-17,2,2026-08-17 09:26:06.717000+00:00,TRES-5,1.381507789241334,46.373,100,402.0,4.4478,830.2981249156886,7891,19,279.0
TRES-5__2026-08-17,3,2026-08-17 09:32:38.686000+00:00,TRES-5,1.4002320796899008,45.575,100,403.0,4.4478,830.0732946625297,8131,27,280.0
TRES-5__2026-08-17,4,2026-08-17 09:37:30.855000+00:00,TRES-5,1.4148310335327985,44.975,100,404.0,4.4478,829.8484644093709,8018,16,279.0
TRES-5__2026-08-17,5,2026-08-17 09:39:14.112000+00:00,TRES-5,1.4202248116281573,44.758,100,403.0,4.4478,830.0732946625297,8082,22,280.0
TRES-5__2026-08-17,6,2026-08-17 09:40:59.288000+00:00,TRES-5,1.4256045528504722,44.544,100,404.0,4.4478,829.8484644093709,7656,20,279.0
TRES-5__2026-08-17,7,2026-08-17 09:42:42.458000+00:00,TRES-5,1.4310708129659055,44.329,100,404.0,4.4478,829.8484644093709,7805,17,280.0
TRES-5__2026-08-17,8,2026-08-17 09:44:27.649000+00:00,TRES-5,1.4366253217682554,44.113,100,404.0,4.4478,829.8484644093709,7688,17,281.0
TRES-5__2026-08-17,9,2026-08-17 09:46:10.829000+00:00,TRES-5,1.4422436940805885,43.897,100,404.0,4.4478,829.8484644093709,7560,21,279.0
TRES-5__2026-08-17,10,2026-08-17 09:47:53.996000+00:00,TRES-5,1.4478739210871436,43.683,100,404.0,4.4478,829.8484644093709,7686,25,279.0
TRES-5__2026-08-17,11,2026-08-17 09:49:38.113000+00:00,TRES-5,1.4536221647073149,43.467,100,405.0,4.4478,829.6236341562121,7394,27,280.0
TRES-5__2026-08-17,12,2026-08-17 09:51:22.291000+00:00,TRES-5,1.4595182935038062,43.248,100,405.0,5.9304,622.2177256171591,5565,19,279.0
TRES-5__2026-08-17,13,2026-08-17 09:54:15.561000+00:00,TRES-5,1.469389725993108,42.887,100,405.0,4.4478,829.6236341562121,7383,19,279.0
TRES-5__2026-08-17,14,2026-08-17 09:57:16.047000+00:00,TRES-5,1.4799053789741572,42.51,100,404.0,4.4478,829.8484644093709,7654,22,280.0
TRES-5__2026-08-17,15,2026-08-17 10:00:15.435000+00:00,TRES-5,1.490637628949964,42.133,100,404.0,4.4478,829.8484644093709,7763,25,279.0
TRES-5__2026-08-17,16,2026-08-17 10:03:15.829000+00:00,TRES-5,1.501621520172386,41.755,100,403.0,4.4478,830.0732946625297,7964,20,279.0
TRES-5__2026-08-17,17,2026-08-17 10:06:16.073000+00:00,TRES-5,1.5128348191236936,41.377,100,402.0,4.4478,830.2981249156886,8033,20,280.0
TRES-5__2026-08-17,18,2026-08-17 10:09:15.603000+00:00,TRES-5,1.5243142971345387,40.998,100,403.0,4.4478,830.0732946625297,7463,23,279.0
TRES-5__2026-08-17,19,2026-08-17 10:12:16.977000+00:00,TRES-5,1.536130825211063,40.616,100,403.0,4.4478,830.0732946625297,7709,24,279.0
TRES-5__2026-08-17,20,2026-08-17 10:15:15.269000+00:00,TRES-5,1.5480416834411936,40.239,100,403.0,4.4478,830.0732946625297,7669,17,280.0
TRES-5__2026-08-17,21,2026-08-17 10:18:15.662000+00:00,TRES-5,1.560337231552893,39.858,100,403.0,4.4478,830.0732946625297,7752,18,280.0
TRES-5__2026-08-17,22,2026-08-17 10:21:16.069000+00:00,TRES-5,1.572866441199216,39.478,100,402.0,4.4478,830.2981249156886,7808,18,280.0
TRES-5__2026-08-17,23,2026-08-17 10:24:15.511000+00:00,TRES-5,1.585702864377144,39.097,100,403.0,4.4478,830.0732946625297,7590,21,279.0
TRES-5__2026-08-17,24,2026-08-17 10:27:15.746000+00:00,TRES-5,1.5988218109732957,38.716,100,404.0,4.4478,829.8484644093709,7384,21,280.0
TRES-5__2026-08-17,25,2026-08-17 10:30:15.192000+00:00,TRES-5,1.6122315266414196,38.335,100,403.0,4.4478,830.0732946625297,7740,25,279.0
TRES-5__2026-08-17,26,2026-08-17 10:33:16.611000+00:00,TRES-5,1.6259405907534474,37.954,100,405.0,4.4478,829.6236341562121,7324,21,280.0
TRES-5__2026-08-17,27,2026-08-17 10:36:16.255000+00:00,TRES-5,1.639995137925288,37.572,100,404.0,4.4478,829.8484644093709,7527,21,279.0
TRES-5__2026-08-17,28,2026-08-17 10:39:15.707000+00:00,TRES-5,1.6543309035070937,37.191,100,403.0,4.4478,830.0732946625297,7717,17,279.0
TRES-5__2026-08-17,29,2026-08-17 10:42:16.150000+00:00,TRES-5,1.6689939580737834,36.81,100,403.0,4.4478,830.0732946625297,7323,15,280.0
TRES-5__2026-08-17,30,2026-08-17 10:45:15.653000+00:00,TRES-5,1.683994396634596,36.429,100,404.0,4.4478,829.8484644093709,7304,18,280.0
TRES-5__2026-08-17,31,2026-08-17 10:48:15.985000+00:00,TRES-5,1.6993834952804328,36.047,100,403.0,4.4478,830.0732946625297,7628,18,280.0
TRES-5__2026-08-17,32,2026-08-17 10:51:15.347000+00:00,TRES-5,1.715049975662456,35.667,100,403.0,4.4478,830.0732946625297,7413,18,279.0
TRES-5__2026-08-17,33,2026-08-17 10:54:15.761000+00:00,TRES-5,1.7311275462352975,35.286,100,403.0,4.4478,830.0732946625297,8339,28,280.0
TRES-5__2026-08-17,34,2026-08-17 10:57:15.255000+00:00,TRES-5,1.7475436985016346,34.906,100,404.0,4.4478,829.8484644093709,7476,19,279.0
TRES-5__2026-08-17,35,2026-08-17 11:00:15.837000+00:00,TRES-5,1.7643525286348003,34.526,100,403.0,4.4478,830.0732946625297,7695,18,280.0
TRES-5__2026-08-17,36,2026-08-17 11:03:15.195000+00:00,TRES-5,1.7814752908784963,34.148,100,405.0,4.4478,829.6236341562121,7396,14,279.0
TRES-5__2026-08-17,37,2026-08-17 11:06:16.522000+00:00,TRES-5,1.7991536079564736,33.767,100,407.0,4.4478,829.1739736498944,7281,16,280.0
TRES-5__2026-08-17,38,2026-08-17 11:09:15.850000+00:00,TRES-5,1.8171712136581557,33.388,100,407.0,4.4478,829.1739736498944,7619,15,279.0
TRES-5__2026-08-17,39,2026-08-17 11:12:15.211000+00:00,TRES-5,1.835634475545867,33.009,100,407.0,4.4478,829.1739736498944,7544,13,279.0
TRES-5__2026-08-17,40,2026-08-17 11:15:15.713000+00:00,TRES-5,1.8544576563065431,32.632,100,409.0,4.4478,828.7243131435766,7027,15,280.0
TRES-5__2026-08-17,41,2026-08-17 11:18:15.268000+00:00,TRES-5,1.873804661749848,32.254,100,409.0,4.4478,828.7243131435766,7290,13,279.0
TRES-5__2026-08-17,42,2026-08-17 11:21:15.600000+00:00,TRES-5,1.893536608403576,31.878,100,409.0,4.4478,828.7243131435766,7176,15,278.0
TRES-5__2026-08-17,43,2026-08-17 11:24:16.967000+00:00,TRES-5,1.9138808554309423,31.5,100,409.0,5.9304,621.5432348576825,5106,13,279.0
TRES-5__2026-08-17,44,2026-08-17 11:27:15.257000+00:00,TRES-5,1.934472536749927,31.127,100,410.0,4.4478,828.4994828904178,7443,12,280.0
TRES-5__2026-08-17,45,2026-08-17 11:30:15.588000+00:00,TRES-5,1.955710645393647,30.752,100,412.0,5.9304,621.037366788075,5060,14,279.0
TRES-5__2026-08-17,46,2026-08-17 11:33:15.936000+00:00,TRES-5,1.977388161529961,30.379,100,412.0,4.4478,828.0498223841,7396,14,279.0
TRES-5__2026-08-17,47,2026-08-17 11:36:15.345000+00:00,TRES-5,1.9996373168754968,30.006,100,415.0,4.4478,827.3753316246234,7363,11,280.0
TRES-5__2026-08-17,48,2026-08-17 11:39:15.697000+00:00,TRES-5,2.0224174937309285,29.634,100,419.0,4.4478,826.4760106119879,7170,13,280.0
TRES-5__2026-08-17,49,2026-08-17 11:42:16.076000+00:00,TRES-5,2.045809915079844,29.262,100,426.0,4.4478,824.902198839876,7407,13,279.0
TRES-5__2026-08-17,50,2026-08-17 11:45:16.424000+00:00,TRES-5,2.069707154821072,28.892,100,438.0,5.9304,616.6531768514772,5551,18,278.0
TRES-5__2026-08-17,51,2026-08-17 11:48:15.753000+00:00,TRES-5,2.09419039466248,28.523,100,457.0,5.9304,613.4493457439634,5367,31,279.0
TRES-5__2026-08-17,52,2026-08-17 11:51:16.048000+00:00,TRES-5,2.1194178863330477,28.153,100,492.0,5.9304,607.5475515985431,5086,18,279.0
TRES-5__2026-08-17,53,2026-08-17 11:54:16.357000+00:00,TRES-5,2.1449958696422304,27.788,100,553.0,5.9304,597.261567516525,5302,61,279.0
TRES-5__2026-08-17,54,2026-08-17 12:02:03.628000+00:00,TRES-5,2.214989411472243,26.838,100,1033.0,10.3782,295.04152935961923,3069,77,279.0
TRES-5__2026-08-17,55,2026-08-17 12:09:52.861000+00:00,TRES-5,2.2897794398631275,25.895,100,3305.0,35.5824,22.201987499437923,1028,355,280.0
TRES-5__2026-08-17,56,2026-08-17 12:17:46.115000+00:00,TRES-5,2.370461132617669,24.952,100,4095.0,0.0,,0,324500,277.0
TRES-5__2026-08-17,57,2026-08-17 12:25:50.578000+00:00,TRES-5,2.4588825089630446,23.997,100,4095.0,0.0,,0,325000,279.0
TRES-5__2026-08-17,58,2026-08-17 12:33:44.687000+00:00,TRES-5,2.551961473674807,23.07,100,4095.0,0.0,,0,325000,279.0
TRES-5__2026-08-17,59,2026-08-17 12:41:39.936000+00:00,TRES-5,2.651835280214632,22.154,100,4095.0,0.0,,0,325000,280.0
TRES-5__2026-08-17,60,2026-08-17 12:49:36.210000+00:00,TRES-5,2.7595877178833965,21.246,100,4095.0,0.0,,0,325000,279.0
TRES-5__2026-08-17,61,2026-08-17 12:57:35.450000+00:00,TRES-5,2.876137483949374,20.346,100,4095.0,0.0,,0,325000,279.0
TRES-5__2026-08-17,62,2026-08-17 13:05:36.720000+00:00,TRES-5,3.0019592829883424,19.458,100,4095.0,0.0,,0,325000,279.0
TRES-5__2026-08-17,63,2026-08-17 13:13:49.133000+00:00,TRES-5,3.1418775886822843,18.559,100,4095.0,0.0,,0,325000,279.0
TRES-5__2026-08-17,64,2026-08-17 13:21:55.480000+00:00,TRES-5,3.291275990139809,17.688,100,4095.0,0.0,,0,325000,279.0
TRES-5__2026-08-17,65,2026-08-17 13:30:02.844000+00:00,TRES-5,3.454036923613196,16.829,100,4095.0,0.0,,0,325000,280.0
TRES-5__2026-08-17,66,2026-08-17 13:38:09.219000+00:00,TRES-5,3.630164901371636,15.99,100,4095.0,0.0,,0,325000,279.0
TRES-5__2026-08-17,67,2026-08-17 13:46:16.600000+00:00,TRES-5,3.822881479059958,15.164,100,4095.0,0.0,,0,325000,278.0
TRES-5__2026-08-17,68,2026-08-17 13:54:25.968000+00:00,TRES-5,4.033686466114431,14.354,100,4095.0,0.0,,0,325000,280.0
TRES-5__2026-08-17,69,2026-08-17 14:02:33.347000+00:00,TRES-5,4.263513584326852,13.565,100,4095.0,0.0,,0,325000,279.0
TRES-5__2026-08-17,70,2026-08-17 14:09:32.823000+00:00,TRES-5,4.4792809870295685,12.9,100,4095.0,0.0,,0,325000,281.0
TRES-5__2026-08-17,71,2026-08-17 14:11:36.339000+00:00,TRES-5,4.545817952038243,12.708,100,4095.0,0.0,,0,325000,282.0
TRES-5__2026-08-17,72,2026-08-17 14:19:52.723000+00:00,TRES-5,4.831556459606728,11.945,100,4095.0,0.0,,0,325000,281.0
TRES-5__2026-08-17,73,2026-08-17 14:28:01.998000+00:00,TRES-5,5.142074543119227,11.214,100,4095.0,0.0,,0,325000,283.0
TRES-5__2026-08-20,0,2026-08-20 08:24:56.775000+00:00,TRES-5,1.2666211847647817,52.139,0,427.0,4.4478,11.241512657943252,117,0,278.0
TRES-5__2026-08-20,1,2026-08-20 08:27:16.123000+00:00,TRES-5,1.2710835230080195,51.881,0,422.0,4.4478,24.50649759431629,124,0,278.0
TRES-5__2026-08-20,2,2026-08-20 08:30:16.545000+00:00,TRES-5,1.2769458801997389,51.547,0,420.0,4.4478,38.89563379648366,162,0,278.0
TRES-5__2026-08-20,3,2026-08-20 08:36:15.197000+00:00,TRES-5,1.2890948499216452,50.872,2,411.0,4.4478,565.2232564413868,2267,0,277.0
TRES-5__2026-08-20,4,2026-08-20 08:39:15.485000+00:00,TRES-5,1.2954452933670435,50.528,2,418.0,4.4478,238.0952380952381,965,0,278.0
TRES-5__2026-08-20,5,2026-08-20 08:42:16.014000+00:00,TRES-5,1.3019247198998054,50.183,2,419.0,4.4478,244.16565493052747,1102,0,278.0
TRES-5__2026-08-20,6,2026-08-20 08:45:15.422000+00:00,TRES-5,1.3085555190153542,49.836,2,419.0,4.4478,209.99145645038,1027,0,278.0
TRES-5__2026-08-20,7,2026-08-20 08:48:15.761000+00:00,TRES-5,1.3153419269660274,49.487,2,415.0,4.4478,651.1084131480732,2101,0,278.0
TRES-5__2026-08-20,8,2026-08-20 08:51:15.172000+00:00,TRES-5,1.322248407580731,49.138,2,416.0,2.9652,939.9028733306354,4821,0,279.0
TRES-5__2026-08-20,9,2026-08-20 08:54:16.558000+00:00,TRES-5,1.329419631178352,48.782,2,414.0,4.4478,656.504339223886,2378,0,279.0
TRES-5__2026-08-20,10,2026-08-20 08:57:16.034000+00:00,TRES-5,1.3367002579410043,48.427,2,421.0,4.4478,559.6025001124151,1685,0,279.0
TRES-5__2026-08-20,11,2026-08-20 09:00:15.389000+00:00,TRES-5,1.3441550938955644,48.07,2,420.0,4.4478,487.43198884841945,1836,0,278.0
TRES-5__2026-08-20,12,2026-08-20 09:03:15.680000+00:00,TRES-5,1.3518106992657946,47.71,4,419.0,4.4478,437.7445029003103,2129,0,278.0
TRES-5__2026-08-20,13,2026-08-20 09:06:17.072000+00:00,TRES-5,1.3596735725935756,47.347,4,423.0,4.4478,372.5437294842394,1440,0,277.0
TRES-5__2026-08-20,14,2026-08-20 09:09:15.416000+00:00,TRES-5,1.3676168579885948,46.987,4,425.0,4.4478,381.31210935743513,1361,0,278.0
TRES-5__2026-08-20,15,2026-08-20 09:12:15.826000+00:00,TRES-5,1.3757988752798442,46.623,4,423.0,4.4478,489.90512163316697,1999,0,278.0
TRES-5__2026-08-20,16,2026-08-20 09:15:15.235000+00:00,TRES-5,1.3841818230215908,46.257,4,426.0,4.4478,364.4498403705202,1642,0,279.0
TRES-5__2026-08-20,17,2026-08-20 09:18:15.730000+00:00,TRES-5,1.3927482966892115,45.89,4,425.0,4.4478,428.5264625207968,1670,0,278.0
TRES-5__2026-08-20,18,2026-08-20 09:21:16.030000+00:00,TRES-5,1.4015033408227096,45.522,4,422.0,4.4478,486.7574980889429,2339,0,280.0
TRES-5__2026-08-20,19,2026-08-20 09:24:15.448000+00:00,TRES-5,1.4104766759160758,45.152,4,421.0,4.4478,594.0015288457215,2699,0,278.0
TRES-5__2026-08-20,20,2026-08-20 09:27:16.763000+00:00,TRES-5,1.419625240369223,44.782,4,422.0,4.4478,709.789109222537,2611,0,279.0
TRES-5__2026-08-20,21,2026-08-20 09:30:16.109000+00:00,TRES-5,1.4290041537646412,44.41,4,425.0,4.4478,540.0422680875939,2300,0,279.0
TRES-5__2026-08-20,22,2026-08-20 09:33:15.478000+00:00,TRES-5,1.4385948278461993,44.037,15,430.0,4.4478,441.1169566976933,1648,0,279.0
TRES-5__2026-08-20,23,2026-08-20 09:36:15.859000+00:00,TRES-5,1.448403391484172,43.663,15,430.0,4.4478,310.0409191060749,1738,0,279.0
TRES-5__2026-08-20,24,2026-08-20 09:39:15.155000+00:00,TRES-5,1.4583821723589545,43.29,15,424.0,4.4478,556.6797068213499,2686,0,280.0
TRES-5__2026-08-20,25,2026-08-20 09:42:15.678000+00:00,TRES-5,1.468672351893436,42.913,15,430.0,4.4478,397.0502270785557,1646,0,278.0
TRES-5__2026-08-20,26,2026-08-20 09:45:16.036000+00:00,TRES-5,1.4791732716011,42.536,15,443.0,4.4478,52.610279239174425,396,0,279.0
TRES-5__2026-08-20,27,2026-08-20 09:48:15.493000+00:00,TRES-5,1.4898904036395573,42.159,15,447.0,4.4478,16.637438733756014,545,0,280.0
TRES-5__2026-08-20,28,2026-08-20 09:51:15.810000+00:00,TRES-5,1.500858736431612,41.781,15,441.0,4.4478,62.05314987184676,603,0,279.0
TRES-5__2026-08-20,29,2026-08-20 09:54:15.201000+00:00,TRES-5,1.5120560611522882,41.403,15,446.0,4.4478,39.57012455596025,465,0,278.0
TRES-5__2026-08-20,30,2026-08-20 09:57:15.611000+00:00,TRES-5,1.5235190895673212,41.024,15,448.0,4.4478,22.483025315886504,692,0,280.0
TRES-5__2026-08-20,31,2026-08-20 10:00:15.895000+00:00,TRES-5,1.5352561507868911,40.644,15,449.0,4.4478,26.52996987274608,615,0,280.0
TRES-5__2026-08-20,32,2026-08-20 10:03:15.179000+00:00,TRES-5,1.547148403452119,40.267,22,455.0,4.4478,11.691173164260984,475,0,279.0
TRES-5__2026-08-20,33,2026-08-20 10:06:16.488000+00:00,TRES-5,1.5594897616600216,39.884,22,449.0,4.4478,44.29155987229642,743,0,281.0
TRES-5__2026-08-20,34,2026-08-20 10:09:15.851000+00:00,TRES-5,1.572000561541463,39.504,22,445.0,4.4478,73.9691532892666,629,0,281.0
TRES-5__2026-08-20,35,2026-08-20 10:12:15.171000+00:00,TRES-5,1.5848179973777548,39.123,22,449.0,4.4478,36.42250101173614,914,0,281.0
TRES-5__2026-08-20,36,2026-08-20 10:15:15.610000+00:00,TRES-5,1.597917405694998,38.742,22,440.0,4.4478,217.6356850577814,1454,0,280.0
TRES-5__2026-08-20,37,2026-08-20 10:18:16.045000+00:00,TRES-5,1.6113070099643962,38.361,22,440.0,4.4478,149.06245784432753,1471,0,279.0
TRES-5__2026-08-20,38,2026-08-20 10:21:15.325000+00:00,TRES-5,1.6249953662588386,37.98,22,438.0,4.4478,183.68631683079275,1513,0,281.0
TRES-5__2026-08-20,39,2026-08-20 10:24:15.651000+00:00,TRES-5,1.6390285278902177,37.598,22,449.0,4.4478,49.23782544179145,1024,0,280.0
TRES-5__2026-08-20,40,2026-08-20 10:27:15.952000+00:00,TRES-5,1.653342316374992,37.217,22,447.0,4.4478,141.19339898376725,1146,0,281.0
TRES-5__2026-08-20,41,2026-08-20 10:30:15.242000+00:00,TRES-5,1.6679827200489068,36.836,22,435.0,4.4478,442.2411079634876,2399,0,281.0
TRES-5__2026-08-20,42,2026-08-20 10:33:15.637000+00:00,TRES-5,1.682959805418183,36.455,36,427.0,4.4478,647.2862988443725,3125,0,280.0
TRES-5__2026-08-20,43,2026-08-20 10:36:16.033000+00:00,TRES-5,1.6983247543515256,36.073,36,448.0,7.412999999999999,59.22028868204506,142,0,279.0
TRES-5__2026-08-20,44,2026-08-20 10:39:15.422000+00:00,TRES-5,1.713966449498935,35.693,36,432.0,4.4478,471.46904087414,2890,0,281.0
TRES-5__2026-08-20,45,2026-08-20 10:42:15.828000+00:00,TRES-5,1.730018373354884,35.312,36,426.0,5.9304,427.6271415081613,2491,0,280.0
TRES-5__2026-08-20,46,2026-08-20 10:45:16.243000+00:00,TRES-5,1.74640811708585,34.932,36,419.0,4.4478,826.4760106119879,5148,2,279.0
TRES-5__2026-08-20,47,2026-08-20 10:48:15.529000+00:00,TRES-5,1.7632343639202133,34.551,36,418.0,5.9304,620.0256306488601,3452,1,280.0
TRES-5__2026-08-20,48,2026-08-20 10:51:15.859000+00:00,TRES-5,1.7803759462868252,34.172,36,443.0,4.4478,171.54548316021405,1043,0,280.0
TRES-5__2026-08-20,49,2026-08-20 10:54:15.228000+00:00,TRES-5,1.7979804203552356,33.792,36,439.0,4.4478,266.4238499932551,1690,0,280.0
TRES-5__2026-08-20,50,2026-08-20 10:57:15.645000+00:00,TRES-5,1.815921110421769,33.414,36,451.0,4.4478,37.9963127838482,967,0,280.0
TRES-5__2026-08-20,51,2026-08-20 11:00:16.932000+00:00,TRES-5,1.8343533167273844,33.035,36,445.0,4.4478,141.643059490085,1223,0,279.0
TRES-5__2026-08-20,52,2026-08-20 11:03:15.371000+00:00,TRES-5,1.8531950007775089,32.657,78,430.0,4.4478,640.5413912496066,3327,0,280.0
TRES-5__2026-08-20,53,2026-08-20 11:06:15.666000+00:00,TRES-5,1.8724583783602116,32.28,78,424.0,4.4478,712.0374117541256,4732,0,279.0
TRES-5__2026-08-20,54,2026-08-20 11:09:16.123000+00:00,TRES-5,1.8921561699192389,31.904,78,430.0,8.8956,194.5905841089977,906,0,280.0
TRES-5__2026-08-20,55,2026-08-20 11:12:16.421000+00:00,TRES-5,1.912356031208948,31.528,78,429.0,4.4478,824.2277080803993,3319,4,279.0
TRES-5__2026-08-20,56,2026-08-20 11:15:16.990000+00:00,TRES-5,1.9331876204140488,31.15,78,428.0,4.4478,824.4525383335582,4253,24,280.0
TRES-5__2026-08-20,57,2026-08-20 11:18:15.410000+00:00,TRES-5,1.9542203931697744,30.778,78,425.0,5.9304,618.8452718197761,3083,27,279.0
TRES-5__2026-08-20,58,2026-08-20 11:21:15.746000+00:00,TRES-5,1.975917604358371,30.404,78,424.0,4.4478,825.3518593461936,4891,33,281.0
TRES-5__2026-08-20,59,2026-08-20 11:24:16.108000+00:00,TRES-5,1.9981277877172985,30.031,78,425.0,5.9304,618.8452718197761,3450,30,280.0
TRES-5__2026-08-20,60,2026-08-20 11:27:16.465000+00:00,TRES-5,2.0208676329404818,29.659,78,433.0,4.4478,823.3283870677639,3267,20,280.0
TRES-5__2026-08-20,61,2026-08-20 11:30:15.883000+00:00,TRES-5,2.044154575898172,29.288,78,415.0,4.4478,827.3753316246234,7415,55,280.0
TRES-5__2026-08-20,62,2026-08-20 11:33:16.141000+00:00,TRES-5,2.068072177668265,28.917,94,427.0,4.4478,824.6773685867171,5213,33,280.0
TRES-5__2026-08-20,63,2026-08-20 11:36:15.570000+00:00,TRES-5,2.092510610428947,28.548,94,429.0,4.4478,824.2277080803993,5097,34,280.0
TRES-5__2026-08-20,64,2026-08-20 11:39:15.889000+00:00,TRES-5,2.117553423938335,28.18,94,424.0,4.4478,825.3518593461936,6472,48,280.0
TRES-5__2026-08-20,65,2026-08-20 11:42:16.266000+00:00,TRES-5,2.1432214902500943,27.813,94,431.0,4.4478,823.7780475740816,5964,40,280.0
TRES-5__2026-08-20,66,2026-08-20 11:45:15.673000+00:00,TRES-5,2.169609574466171,27.446,94,439.0,5.9304,616.484554161608,4063,39,279.0
TRES-5__2026-08-20,67,2026-08-20 11:48:17.145000+00:00,TRES-5,2.196746810104301,27.079,94,463.0,4.4478,816.5834794729979,4279,26,280.0
TRES-5__2026-08-20,68,2026-08-20 11:51:15.525000+00:00,TRES-5,2.22420108237258,26.718,94,512.0,4.4478,805.5667970682135,2563,18,280.0
TRES-5__2026-08-20,69,2026-08-20 11:54:15.870000+00:00,TRES-5,2.252599519137187,26.355,94,517.0,5.9304,603.3319843518144,3599,38,279.0
TRES-5__2026-08-20,70,2026-08-20 11:57:16.276000+00:00,TRES-5,2.281743607953116,25.993,94,563.0,5.9304,595.5753406178336,4491,48,279.0
TRES-5__2026-08-20,71,2026-08-20 12:05:08.479000+00:00,TRES-5,2.361782559690217,25.05,94,1046.0,11.8608,257.0652907055173,2378,59,280.0
TRES-5__2026-08-20,72,2026-08-20 12:13:01.883000+00:00,TRES-5,2.447564445154724,24.115,99,3432.0,48.9258,13.551132531302503,612,294,280.0
TRES-5__2026-08-20,73,2026-08-20 12:20:59.071000+00:00,TRES-5,2.540203939138564,23.183,99,4095.0,0.0,,0,324623,278.0
TRES-5__2026-08-26,0,2026-08-26 06:44:46.938000+00:00,TRES-5,1.1635575882431886,59.253,100,530.0,5.9304,601.1398893835154,5921,17,281.0
TRES-5__2026-08-26,1,2026-08-26 06:46:30.182000+00:00,TRES-5,1.1650359214782748,59.131,100,530.0,5.9304,601.1398893835154,5935,17,282.0
TRES-5__2026-08-26,2,2026-08-26 06:48:15.285000+00:00,TRES-5,1.1665844641911385,59.004,100,529.0,5.9304,601.3085120733846,6132,14,283.0
TRES-5__2026-08-26,3,2026-08-26 06:51:16.826000+00:00,TRES-5,1.1693398403748825,58.78,100,528.0,5.9304,601.4771347632537,6228,14,283.0
TRES-5__2026-08-26,4,2026-08-26 06:54:16.151000+00:00,TRES-5,1.172176261491911,58.552,100,529.0,5.9304,601.3085120733846,5963,18,281.0
TRES-5__2026-08-26,5,2026-08-26 06:57:15.561000+00:00,TRES-5,1.1751337249357805,58.317,100,530.0,5.9304,601.1398893835154,5967,19,283.0
TRES-5__2026-08-26,6,2026-08-26 07:00:15.915000+00:00,TRES-5,1.178190065861888,58.077,100,530.0,5.9304,601.1398893835154,5931,17,282.0
TRES-5__2026-08-26,7,2026-08-26 07:03:15.462000+00:00,TRES-5,1.181373896595611,57.83,100,530.0,5.9304,601.1398893835154,6145,22,283.0
TRES-5__2026-08-26,8,2026-08-26 07:06:15.907000+00:00,TRES-5,1.1846495789368796,57.579,100,532.0,5.9304,600.8026440037772,6206,14,282.0
TRES-5__2026-08-26,9,2026-08-26 07:09:15.178000+00:00,TRES-5,1.188032830531548,57.323,100,532.0,5.9304,600.8026440037772,6222,18,282.0
TRES-5__2026-08-26,10,2026-08-26 07:12:15.486000+00:00,TRES-5,1.1915670955243065,57.059,100,532.0,5.9304,600.8026440037772,6010,21,283.0
TRES-5__2026-08-26,11,2026-08-26 07:15:16.786000+00:00,TRES-5,1.1952025162296764,56.791,100,532.0,5.9304,600.8026440037772,6149,16,282.0
TRES-5__2026-08-26,12,2026-08-26 07:18:16.058000+00:00,TRES-5,1.198955694677521,56.518,100,532.0,5.9304,600.8026440037772,6054,23,283.0
TRES-5__2026-08-26,13,2026-08-26 07:21:15.402000+00:00,TRES-5,1.2028160329778212,56.241,100,533.0,5.9304,600.6340213139081,6034,21,283.0
TRES-5__2026-08-26,14,2026-08-26 07:24:15.946000+00:00,TRES-5,1.2068007417411195,55.959,100,533.0,5.9304,600.6340213139081,6048,16,282.0
TRES-5__2026-08-26,15,2026-08-26 07:27:16.276000+00:00,TRES-5,1.2109135202429735,55.672,100,534.0,5.9304,600.4653986240389,6018,18,281.0
TRES-5__2026-08-26,16,2026-08-26 07:30:16.840000+00:00,TRES-5,1.2151435773768418,55.381,100,534.0,5.9304,600.4653986240389,6026,19,283.0
TRES-5__2026-08-26,17,2026-08-26 07:33:15.153000+00:00,TRES-5,1.2194794194067504,55.087,100,534.0,5.9304,600.4653986240389,5939,17,283.0
TRES-5__2026-08-26,18,2026-08-26 07:36:15.494000+00:00,TRES-5,1.223984178110458,54.786,100,532.0,5.9304,600.8026440037772,5823,21,280.0
TRES-5__2026-08-26,19,2026-08-26 07:39:15.966000+00:00,TRES-5,1.2286022863666888,54.482,100,532.0,5.9304,600.8026440037772,5912,19,282.0
TRES-5__2026-08-26,20,2026-08-26 07:42:15.489000+00:00,TRES-5,1.2333368394378934,54.175,100,532.0,5.9304,600.8026440037772,5870,20,282.0
TRES-5__2026-08-26,21,2026-08-26 07:45:16.822000+00:00,TRES-5,1.238206820724779,53.864,100,532.0,5.9304,600.8026440037772,5769,22,281.0
TRES-5__2026-08-26,22,2026-08-26 07:48:15.159000+00:00,TRES-5,1.243216288102269,53.549,100,533.0,5.9304,600.6340213139081,5614,21,283.0
TRES-5__2026-08-26,23,2026-08-26 07:51:15.531000+00:00,TRES-5,1.2483531776565826,53.231,100,531.0,5.9304,600.9712666936464,5882,18,281.0
TRES-5__2026-08-26,24,2026-08-26 07:54:16.985000+00:00,TRES-5,1.2536210902680307,52.91,100,532.0,5.9304,600.8026440037772,5892,19,282.0
TRES-5__2026-08-26,25,2026-08-26 07:57:16.437000+00:00,TRES-5,1.259040568041198,52.585,100,533.0,5.9304,600.6340213139081,5872,19,282.0
TRES-5__2026-08-26,26,2026-08-26 08:00:15.998000+00:00,TRES-5,1.264599222163183,52.257,100,534.0,5.9304,600.4653986240389,5789,20,282.0
TRES-5__2026-08-26,27,2026-08-26 08:03:15.405000+00:00,TRES-5,1.270301089918791,51.926,100,534.0,5.9304,600.4653986240389,5703,22,281.0
TRES-5__2026-08-26,28,2026-08-26 08:06:15.786000+00:00,TRES-5,1.2761503609895506,51.592,100,534.0,5.9304,600.4653986240389,5689,23,283.0
TRES-5__2026-08-26,29,2026-08-26 08:09:16.034000+00:00,TRES-5,1.2821334283905064,51.256,100,534.0,5.9304,600.4653986240389,5884,16,283.0
TRES-5__2026-08-26,30,2026-08-26 08:12:15.515000+00:00,TRES-5,1.2882721530831784,50.917,100,535.0,5.9304,600.2967759341698,5797,17,282.0
TRES-5__2026-08-26,31,2026-08-26 08:15:16.870000+00:00,TRES-5,1.2945712021114415,50.575,100,536.0,5.9304,600.1281532443006,5865,22,283.0
TRES-5__2026-08-26,32,2026-08-26 08:18:15.252000+00:00,TRES-5,1.3010165272231082,50.231,100,536.0,5.9304,600.1281532443006,5812,18,282.0
TRES-5__2026-08-26,33,2026-08-26 08:21:15.808000+00:00,TRES-5,1.3076314059288312,49.884,100,536.0,5.9304,600.1281532443006,5755,18,280.0
TRES-5__2026-08-26,34,2026-08-26 08:24:15.183000+00:00,TRES-5,1.3144014848494865,49.535,100,535.0,5.9304,600.2967759341698,5900,21,283.0
TRES-5__2026-08-26,35,2026-08-26 08:27:15.586000+00:00,TRES-5,1.3213311422616467,49.184,100,536.0,5.9304,600.1281532443006,5831,19,282.0
TRES-5__2026-08-26,36,2026-08-26 08:30:15.930000+00:00,TRES-5,1.3284249200788465,48.831,100,535.0,5.9304,600.2967759341698,5702,19,282.0
TRES-5__2026-08-26,37,2026-08-26 08:33:16.321000+00:00,TRES-5,1.335708174445047,48.475,100,534.0,5.9304,600.4653986240389,5713,21,281.0
TRES-5__2026-08-26,38,2026-08-26 08:36:16.690000+00:00,TRES-5,1.343144889841981,48.118,100,534.0,5.9304,600.4653986240389,5822,13,282.0
TRES-5__2026-08-26,39,2026-08-26 08:39:15.949000+00:00,TRES-5,1.3507604238107809,47.759,100,534.0,5.9304,600.4653986240389,5817,19,283.0
TRES-5__2026-08-26,40,2026-08-26 08:42:15.381000+00:00,TRES-5,1.3585382513168556,47.399,100,533.0,5.9304,600.6340213139081,5749,18,281.0
TRES-5__2026-08-26,41,2026-08-26 08:45:15.749000+00:00,TRES-5,1.3665270601286543,47.036,100,532.0,5.9304,600.8026440037772,5805,16,282.0
TRES-5__2026-08-26,42,2026-08-26 08:48:16.157000+00:00,TRES-5,1.3746658843033324,46.673,100,533.0,5.9304,600.6340213139081,5817,18,283.0
TRES-5__2026-08-26,43,2026-08-26 08:51:16.477000+00:00,TRES-5,1.3830272587735726,46.307,100,533.0,5.9304,600.6340213139081,5800,16,282.0
TRES-5__2026-08-26,44,2026-08-26 08:54:17.089000+00:00,TRES-5,1.3916186132883812,45.938,100,532.0,5.9304,600.8026440037772,5795,20,282.0
TRES-5__2026-08-26,45,2026-08-26 08:57:15.521000+00:00,TRES-5,1.400303944304382,45.572,100,533.0,5.9304,600.6340213139081,5616,17,283.0
TRES-5__2026-08-26,46,2026-08-26 09:00:15.978000+00:00,TRES-5,1.4092294918307615,45.203,100,533.0,5.9304,600.6340213139081,5666,15,282.0
TRES-5__2026-08-26,47,2026-08-26 09:03:15.330000+00:00,TRES-5,1.4183785568236666,44.832,100,533.0,5.9304,600.6340213139081,5713,21,281.0
TRES-5__2026-08-26,48,2026-08-26 09:06:15.712000+00:00,TRES-5,1.427707445734101,44.461,100,533.0,5.9304,600.6340213139081,5638,21,283.0
TRES-5__2026-08-26,49,2026-08-26 09:09:16.026000+00:00,TRES-5,1.4372723110811343,44.088,100,534.0,5.9304,600.4653986240389,5652,19,283.0
TRES-5__2026-08-26,50,2026-08-26 09:12:15.469000+00:00,TRES-5,1.4470543548228652,43.714,100,533.0,5.9304,600.6340213139081,5746,14,282.0
TRES-5__2026-08-26,51,2026-08-26 09:15:15.843000+00:00,TRES-5,1.4570599198810943,43.339,100,534.0,5.9304,600.4653986240389,5515,14,282.0
TRES-5__2026-08-26,52,2026-08-26 09:18:15.335000+00:00,TRES-5,1.4672681045046236,42.964,100,533.0,5.9304,600.6340213139081,5604,18,280.0
TRES-5__2026-08-26,53,2026-08-26 09:21:15.647000+00:00,TRES-5,1.4777121398683748,42.588,100,533.0,5.9304,600.6340213139081,5478,22,282.0
TRES-5__2026-08-26,54,2026-08-26 09:24:15.181000+00:00,TRES-5,1.4884277557693073,42.21,100,533.0,5.9304,600.6340213139081,5468,16,282.0
TRES-5__2026-08-26,55,2026-08-26 09:27:15.488000+00:00,TRES-5,1.4993364168862957,41.833,100,532.0,5.9304,600.8026440037772,5327,21,282.0
TRES-5__2026-08-26,56,2026-08-26 09:30:16.947000+00:00,TRES-5,1.510591423960859,41.452,100,532.0,5.9304,600.8026440037772,5394,18,281.0
TRES-5__2026-08-26,57,2026-08-26 09:33:15.303000+00:00,TRES-5,1.5219321002905215,41.076,100,531.0,5.9304,600.9712666936464,5369,20,282.0
TRES-5__2026-08-26,58,2026-08-26 09:36:15.700000+00:00,TRES-5,1.533635366149209,40.696,100,532.0,5.9304,600.8026440037772,5346,18,281.0
TRES-5__2026-08-26,59,2026-08-26 09:39:16.030000+00:00,TRES-5,1.545588529027272,40.316,100,532.0,5.9304,600.8026440037772,5400,16,281.0
TRES-5__2026-08-26,60,2026-08-26 09:42:15.461000+00:00,TRES-5,1.557798542090094,39.936,100,531.0,5.9304,600.9712666936464,5501,16,281.0
TRES-5__2026-08-26,61,2026-08-26 09:45:15.817000+00:00,TRES-5,1.570272628304998,39.556,100,531.0,5.9304,600.9712666936464,5395,18,282.0
TRES-5__2026-08-26,62,2026-08-26 09:48:16.183000+00:00,TRES-5,1.5830521998051028,39.175,100,531.0,5.9304,600.9712666936464,5318,18,282.0
TRES-5__2026-08-26,63,2026-08-26 09:51:15.537000+00:00,TRES-5,1.5961126463308355,38.794,100,531.0,5.9304,600.9712666936464,5363,16,282.0
TRES-5__2026-08-26,64,2026-08-26 09:54:15.968000+00:00,TRES-5,1.6094621472094714,38.413,100,530.0,5.9304,601.1398893835154,5510,15,281.0
TRES-5__2026-08-26,65,2026-08-26 09:57:15.334000+00:00,TRES-5,1.623109212150425,38.032,100,531.0,5.9304,600.9712666936464,5454,15,282.0
TRES-5__2026-08-26,66,2026-08-26 10:00:15.755000+00:00,TRES-5,1.6370997324531986,37.65,100,530.0,5.9304,601.1398893835154,5538,15,282.0
TRES-5__2026-08-26,67,2026-08-26 10:03:15.142000+00:00,TRES-5,1.6513697015526123,37.269,100,530.0,5.9304,601.1398893835154,5428,17,281.0
TRES-5__2026-08-26,68,2026-08-26 10:06:15.497000+00:00,TRES-5,1.6659649439200008,36.888,100,529.0,5.9304,601.3085120733846,5395,18,282.0
TRES-5__2026-08-26,69,2026-08-26 10:09:15.880000+00:00,TRES-5,1.6809351073133798,36.506,100,529.0,5.9304,601.3085120733846,5233,19,282.0
TRES-5__2026-08-26,70,2026-08-26 10:12:15.321000+00:00,TRES-5,1.6962122720078716,36.125,100,528.0,5.9304,601.4771347632537,5531,18,281.0
TRES-5__2026-08-26,71,2026-08-26 10:15:16.712000+00:00,TRES-5,1.7118460657954775,35.744,100,526.0,5.9304,601.814380142992,5409,21,282.0
TRES-5__2026-08-26,72,2026-08-26 10:18:17.153000+00:00,TRES-5,1.727890337594857,35.362,100,525.0,5.9304,601.9830028328612,5296,20,282.0
TRES-5__2026-08-26,73,2026-08-26 10:21:15.525000+00:00,TRES-5,1.744185953816754,34.983,100,524.0,5.9304,602.1516255227303,5463,19,282.0
TRES-5__2026-08-29,0,2026-08-29 05:52:50.942000+00:00,TRES-5,1.1385195279298022,61.442,94,608.0,5.9304,587.9873195737218,5474,44,281.0
TRES-5__2026-08-29,1,2026-08-29 05:57:21.979000+00:00,TRES-5,1.1404424700350009,61.265,94,607.0,5.9304,588.155942263591,5349,31,281.0
TRES-5__2026-08-29,2,2026-08-29 06:02:07.961000+00:00,TRES-5,1.142713451761691,61.058,99,606.0,5.9304,588.3245649534601,5260,27,281.0
TRES-5__2026-08-29,3,2026-08-29 06:07:06.017000+00:00,TRES-5,1.14534308903955,60.821,99,610.0,5.9304,587.6500741939835,5631,27,280.0
TRES-5__2026-08-29,4,2026-08-29 06:08:51.200000+00:00,TRES-5,1.1463387910733396,60.732,99,611.0,5.9304,587.4814515041144,5389,23,280.0
TRES-5__2026-08-29,5,2026-08-29 06:10:35.381000+00:00,TRES-5,1.1473615250269646,60.641,99,611.0,5.9304,587.4814515041144,5281,29,280.0
TRES-5__2026-08-29,6,2026-08-29 06:12:19.532000+00:00,TRES-5,1.1484116197113312,60.548,99,610.0,5.9304,587.6500741939835,5292,32,281.0
TRES-5__2026-08-29,7,2026-08-29 06:14:02.685000+00:00,TRES-5,1.149489413315106,60.453,99,610.0,5.9304,587.6500741939835,5224,30,281.0
TRES-5__2026-08-29,8,2026-08-29 06:15:46.847000+00:00,TRES-5,1.1506066822417227,60.355,99,610.0,5.9304,587.6500741939835,5408,27,281.0
TRES-5__2026-08-29,9,2026-08-29 06:18:15.305000+00:00,TRES-5,1.152258453120612,60.211,99,609.0,5.9304,587.8186968838527,5305,25,280.0
TRES-5__2026-08-29,10,2026-08-29 06:21:15.772000+00:00,TRES-5,1.1543633544688487,60.029,99,608.0,5.9304,587.9873195737218,5284,25,281.0
TRES-5__2026-08-29,11,2026-08-29 06:24:15.338000+00:00,TRES-5,1.1565580143792815,59.841,99,608.0,5.9304,587.9873195737218,5380,27,281.0
TRES-5__2026-08-29,12,2026-08-29 06:27:15.729000+00:00,TRES-5,1.15886827738228,59.645,99,607.0,5.9304,588.155942263591,5395,21,281.0
TRES-5__2026-08-29,13,2026-08-29 06:30:15.212000+00:00,TRES-5,1.1612731892665085,59.443,99,606.0,5.9304,588.3245649534601,5449,26,282.0
TRES-5__2026-08-29,14,2026-08-29 06:33:15.700000+00:00,TRES-5,1.1637993192910483,59.233,100,607.0,5.9304,588.155942263591,5447,25,281.0
TRES-5__2026-08-29,15,2026-08-29 06:36:16.131000+00:00,TRES-5,1.1664132756916237,59.018,100,610.0,5.9304,587.6500741939835,5435,21,281.0
TRES-5__2026-08-29,16,2026-08-29 06:39:15.551000+00:00,TRES-5,1.1691420031926845,58.796,100,609.0,5.9304,587.8186968838527,5515,24,281.0
TRES-5__2026-08-29,17,2026-08-29 06:42:16.888000+00:00,TRES-5,1.172001163631064,58.566,100,609.0,5.9304,587.8186968838527,5299,26,282.0
TRES-5__2026-08-29,18,2026-08-29 06:45:15.161000+00:00,TRES-5,1.1749312648486443,58.333,100,609.0,5.9304,587.8186968838527,5280,24,280.0
TRES-5__2026-08-29,19,2026-08-29 06:48:15.637000+00:00,TRES-5,1.1779851717610832,58.093,100,609.0,5.9304,587.8186968838527,5393,21,281.0
TRES-5__2026-08-29,20,2026-08-29 06:51:15.957000+00:00,TRES-5,1.1811535112904683,57.847,100,612.0,5.9304,587.3128288142452,5385,23,281.0
TRES-5__2026-08-29,21,2026-08-29 06:54:15.369000+00:00,TRES-5,1.1844264283814558,57.596,100,614.0,5.9304,586.975583434507,5214,26,281.0
TRES-5__2026-08-29,22,2026-08-29 06:57:15.811000+00:00,TRES-5,1.187820115965172,57.339,100,614.0,5.9304,586.975583434507,5440,24,282.0
TRES-5__2026-08-29,23,2026-08-29 07:00:15.243000+00:00,TRES-5,1.1913246509111168,57.077,100,616.0,5.9304,586.6383380547687,5225,23,282.0
TRES-5__2026-08-29,24,2026-08-29 07:03:15.751000+00:00,TRES-5,1.1949568316733474,56.809,100,618.0,5.9304,586.3010926750304,5441,24,280.0
TRES-5__2026-08-29,25,2026-08-29 07:06:15.168000+00:00,TRES-5,1.1986651849849372,56.539,100,620.0,5.9304,585.9638472952921,5297,25,280.0
TRES-5__2026-08-29,26,2026-08-29 07:09:15.569000+00:00,TRES-5,1.2025495518533746,56.26,100,620.0,5.9304,585.9638472952921,5265,25,281.0
TRES-5__2026-08-29,27,2026-08-29 07:12:15.980000+00:00,TRES-5,1.2065305200089265,55.978,100,623.0,5.9304,585.4579792256847,5151,25,281.0
TRES-5__2026-08-29,28,2026-08-29 07:15:16.498000+00:00,TRES-5,1.2106250214013352,55.692,100,625.0,5.9304,585.1207338459463,5249,22,281.0
TRES-5__2026-08-29,29,2026-08-29 07:18:15.850000+00:00,TRES-5,1.214850902357382,55.401,100,626.0,5.9304,584.9521111560772,5127,24,281.0
TRES-5__2026-08-29,30,2026-08-29 07:21:15.178000+00:00,TRES-5,1.2191973056704042,55.106,100,626.0,5.9304,584.9521111560772,5245,24,281.0
TRES-5__2026-08-29,31,2026-08-29 07:24:15.633000+00:00,TRES-5,1.223682778066951,54.806,100,627.0,5.9304,584.783488466208,5145,24,280.0
TRES-5__2026-08-29,32,2026-08-29 07:27:16.103000+00:00,TRES-5,1.228281039092231,54.503,100,628.0,5.9304,584.6148657763389,5183,26,281.0
TRES-5__2026-08-29,33,2026-08-29 07:30:16.518000+00:00,TRES-5,1.2330106859715502,54.196,100,629.0,5.9304,584.4462430864697,5048,28,280.0
TRES-5__2026-08-29,34,2026-08-29 07:33:15.964000+00:00,TRES-5,1.2378756195619949,53.885,100,629.0,5.9304,584.4462430864697,5183,25,281.0
TRES-5__2026-08-29,35,2026-08-29 07:36:15.339000+00:00,TRES-5,1.2428638826554717,53.571,100,630.0,5.9304,584.2776203966006,5112,25,280.0
TRES-5__2026-08-29,36,2026-08-29 07:39:15.722000+00:00,TRES-5,1.2479951896464414,53.253,100,632.0,5.9304,583.9403750168623,5321,24,280.0
TRES-5__2026-08-29,37,2026-08-29 07:42:17.091000+00:00,TRES-5,1.2532904224457315,52.93,100,633.0,5.9304,583.7717523269931,5105,24,281.0
TRES-5__2026-08-29,38,2026-08-29 07:45:15.537000+00:00,TRES-5,1.2586709534175815,52.607,100,633.0,5.9304,583.7717523269931,5144,25,280.0
TRES-5__2026-08-29,39,2026-08-29 07:48:15.862000+00:00,TRES-5,1.2642235524807215,52.279,100,633.0,5.9304,583.7717523269931,5271,23,281.0
TRES-5__2026-08-29,40,2026-08-29 07:51:15.293000+00:00,TRES-5,1.2699018539257454,51.949,100,636.0,5.9304,583.2658842573857,5198,22,281.0
TRES-5__2026-08-29,41,2026-08-29 07:54:15.677000+00:00,TRES-5,1.2757444487012026,51.615,100,636.0,5.9304,583.2658842573857,5031,23,280.0
TRES-5__2026-08-29,42,2026-08-29 07:57:16.066000+00:00,TRES-5,1.2817206777788306,51.279,100,633.0,5.9304,583.7717523269931,5272,20,280.0
TRES-5__2026-08-29,43,2026-08-29 08:00:15.420000+00:00,TRES-5,1.287852375618785,50.94,100,636.0,5.9304,583.2658842573857,5110,24,282.0
TRES-5__2026-08-29,44,2026-08-29 08:03:15.854000+00:00,TRES-5,1.2941442022475278,50.598,100,636.0,5.9304,583.2658842573857,4957,24,280.0
TRES-5__2026-08-29,45,2026-08-29 08:06:15.282000+00:00,TRES-5,1.3005821237776023,50.254,100,639.0,5.9304,582.7600161877782,4898,24,281.0
TRES-5__2026-08-29,46,2026-08-29 08:09:15.663000+00:00,TRES-5,1.3071701825467084,49.908,100,641.0,5.9304,582.42277080804,4935,22,281.0
TRES-5__2026-08-29,47,2026-08-29 08:12:16.129000+00:00,TRES-5,1.3139321135567144,49.559,100,641.0,5.9304,582.42277080804,4962,23,281.0
TRES-5__2026-08-29,48,2026-08-29 08:15:15.528000+00:00,TRES-5,1.320853411895764,49.208,100,642.0,5.9304,582.2541481181709,4975,23,281.0
TRES-5__2026-08-29,49,2026-08-29 08:18:15.920000+00:00,TRES-5,1.327938611714573,48.855,100,644.0,5.9304,581.9169027384326,4887,21,281.0
TRES-5__2026-08-29,50,2026-08-29 08:21:15.467000+00:00,TRES-5,1.3351924182467427,48.5,100,645.0,5.9304,581.7482800485634,4911,23,282.0
TRES-5__2026-08-29,51,2026-08-29 08:24:15.856000+00:00,TRES-5,1.34261971605077,48.143,100,646.0,5.9304,581.5796573586942,5019,23,280.0
TRES-5__2026-08-29,52,2026-08-29 08:27:15.404000+00:00,TRES-5,1.350225577731836,47.784,100,651.0,5.9304,580.7365439093485,4733,27,281.0
TRES-5__2026-08-29,53,2026-08-29 08:30:16.906000+00:00,TRES-5,1.3580152731762296,47.423,100,651.0,5.9304,580.7365439093485,4786,24,279.0
TRES-5__2026-08-29,54,2026-08-29 08:33:15.277000+00:00,TRES-5,1.3659277277924835,47.063,100,652.0,5.9304,580.5679212194793,4904,23,281.0
TRES-5__2026-08-29,55,2026-08-29 08:36:15.754000+00:00,TRES-5,1.3741230827015554,46.697,100,649.0,5.9304,581.0737892890868,4934,23,281.0
TRES-5__2026-08-29,56,2026-08-29 08:39:15.249000+00:00,TRES-5,1.3824050320660797,46.334,100,648.0,5.9304,581.2424119789559,5037,23,280.0
TRES-5__2026-08-29,57,2026-08-29 08:42:15.643000+00:00,TRES-5,1.3909844001240017,45.965,100,651.0,5.9304,580.7365439093485,4963,23,281.0
TRES-5__2026-08-29,58,2026-08-29 08:45:16.078000+00:00,TRES-5,1.3997054150404489,45.597,100,655.0,5.9304,580.0620531498719,5025,22,281.0
TRES-5__2026-08-29,59,2026-08-29 08:48:15.461000+00:00,TRES-5,1.4086193397112965,45.228,100,661.0,5.9304,579.050317010657,4842,21,280.0
TRES-5__2026-08-29,60,2026-08-29 08:51:15.906000+00:00,TRES-5,1.4177315727514652,44.858,100,661.0,5.9304,579.050317010657,4823,26,281.0
TRES-5__2026-08-29,61,2026-08-29 08:54:15.345000+00:00,TRES-5,1.4270730764251596,44.486,100,662.0,5.9304,578.8816943207878,4861,22,281.0
TRES-5__2026-08-29,62,2026-08-29 08:57:15.871000+00:00,TRES-5,1.4366253217682554,44.113,100,661.0,5.9304,579.050317010657,4882,22,280.0
TRES-5__2026-08-29,63,2026-08-29 09:00:15.275000+00:00,TRES-5,1.4463680180596346,43.74,100,663.0,5.9304,578.7130716309186,4874,24,280.0
TRES-5__2026-08-29,64,2026-08-29 09:03:15.642000+00:00,TRES-5,1.4563597219730395,43.365,100,665.0,5.9304,578.3758262511803,4678,28,281.0
TRES-5__2026-08-29,65,2026-08-29 09:06:17.119000+00:00,TRES-5,1.466636074633169,42.987,100,669.0,5.9304,577.7013354917038,4730,27,280.0
TRES-5__2026-08-29,66,2026-08-29 09:09:15.603000+00:00,TRES-5,1.4770111324776074,42.613,100,669.0,5.9304,577.7013354917038,4757,23,280.0
TRES-5__2026-08-29,67,2026-08-29 09:12:16.082000+00:00,TRES-5,1.4876836501447834,42.236,100,668.0,5.9304,577.869958181573,4714,21,280.0
TRES-5__2026-08-29,68,2026-08-29 09:15:16.553000+00:00,TRES-5,1.4985768771627233,41.859,100,666.0,5.9304,578.2072035613112,4711,26,280.0
TRES-5__2026-08-29,69,2026-08-29 09:18:17.035000+00:00,TRES-5,1.5098158692789314,41.478,100,667.0,5.9304,578.0385808714422,4718,25,280.0
TRES-5__2026-08-29,70,2026-08-29 09:21:15.391000+00:00,TRES-5,1.5211707466407227,41.101,100,667.0,5.9304,578.0385808714422,4743,20,280.0
TRES-5__2026-08-29,71,2026-08-29 09:24:15.733000+00:00,TRES-5,1.5328267295913771,40.722,100,668.0,5.9304,577.869958181573,4665,29,279.0
TRES-5__2026-08-29,72,2026-08-29 09:27:16.120000+00:00,TRES-5,1.5448260678857446,40.34,100,668.0,5.9304,577.869958181573,4738,25,281.0
TRES-5__2026-08-29,73,2026-08-29 09:30:15.547000+00:00,TRES-5,1.5569547876849992,39.962,100,670.0,5.9304,577.5327128018347,4668,23,280.0
TRES-5__2026-09-01,0,2026-09-01 05:00:38.463000+00:00,TRES-5,1.1310621504390448,62.144,42,491.0,5.9304,607.7161742884123,3706,19,280.0
TRES-5__2026-09-01,1,2026-09-01 05:03:16.101000+00:00,TRES-5,1.1310204235677253,62.148,61,485.0,4.4478,811.6372139035028,5235,22,278.0
TRES-5__2026-09-01,2,2026-09-01 05:06:15.402000+00:00,TRES-5,1.1310621504390448,62.144,61,486.0,5.9304,608.559287737758,4331,20,279.0
TRES-5__2026-09-01,3,2026-09-01 05:09:15.809000+00:00,TRES-5,1.1311978221167056,62.131,61,493.0,5.9304,607.378928908674,4270,16,278.0
TRES-5__2026-09-01,4,2026-09-01 05:12:15.242000+00:00,TRES-5,1.131427627217399,62.109,61,499.0,5.9304,606.367192769459,4183,20,279.0
TRES-5__2026-09-01,5,2026-09-01 05:15:15.609000+00:00,TRES-5,1.1317518853069477,62.078,61,585.0,4.4478,789.1541885876163,2958,2,279.0
TRES-5__2026-09-01,6,2026-09-01 05:18:16.067000+00:00,TRES-5,1.1321815375736086,62.037,61,551.0,7.412999999999999,478.0790503170107,2305,14,279.0
TRES-5__2026-09-01,7,2026-09-01 05:21:15.437000+00:00,TRES-5,1.132696213672017,61.988,61,469.0,4.4478,815.2344979540447,6308,30,278.0
TRES-5__2026-09-01,8,2026-09-01 05:24:15.888000+00:00,TRES-5,1.1333070989647993,61.93,61,474.0,5.9304,610.5827600161878,4816,29,279.0
TRES-5__2026-09-01,9,2026-09-01 05:27:16.284000+00:00,TRES-5,1.1340256297413684,61.862,61,546.0,8.8956,398.961284230406,2270,20,279.0
TRES-5__2026-09-01,10,2026-09-01 05:30:15.759000+00:00,TRES-5,1.1348316654270725,61.786,61,553.0,7.412999999999999,477.8092540132201,2328,12,279.0
TRES-5__2026-09-01,11,2026-09-01 05:33:16.046000+00:00,TRES-5,1.135726207741148,61.702,70,602.0,5.9304,588.9990557129368,2047,5,280.0
TRES-5__2026-09-01,12,2026-09-01 05:36:15.477000+00:00,TRES-5,1.1367318161008673,61.608,70,605.0,7.412999999999999,470.7945501146635,1546,4,278.0
TRES-5__2026-09-01,13,2026-09-01 05:39:16.007000+00:00,TRES-5,1.137828492550056,61.506,70,534.0,7.412999999999999,480.3723188992311,3010,17,279.0
TRES-5__2026-09-01,14,2026-09-01 05:42:15.410000+00:00,TRES-5,1.1390176065480864,61.396,70,471.0,5.9304,611.0886280857952,4759,36,279.0
TRES-5__2026-09-01,15,2026-09-01 05:45:16.706000+00:00,TRES-5,1.1403115517864548,61.277,70,453.0,4.4478,818.8317820045866,7264,41,278.0
TRES-5__2026-09-01,16,2026-09-01 05:48:17.082000+00:00,TRES-5,1.14170117102878,61.15,70,453.0,4.4478,818.8317820045866,7413,41,280.0
TRES-5__2026-09-01,17,2026-09-01 05:51:15.516000+00:00,TRES-5,1.1431882101275452,61.015,70,454.0,4.4478,818.6069517514277,7551,37,278.0
TRES-5__2026-09-01,18,2026-09-01 05:54:15.828000+00:00,TRES-5,1.1447745415603916,60.872,70,455.0,4.4478,818.3821214982688,7207,38,279.0
TRES-5__2026-09-01,19,2026-09-01 05:57:16.309000+00:00,TRES-5,1.1464621677385087,60.721,70,454.0,4.4478,818.6069517514277,7455,39,278.0
TRES-5__2026-09-01,20,2026-09-01 06:00:15.818000+00:00,TRES-5,1.148241914949777,60.563,70,453.0,4.4478,818.8317820045866,7673,36,279.0
TRES-5__2026-09-01,21,2026-09-01 06:03:15.197000+00:00,TRES-5,1.150138579852883,60.396,97,455.0,4.4478,818.3821214982688,7349,35,279.0
TRES-5__2026-09-01,22,2026-09-01 06:06:15.643000+00:00,TRES-5,1.1521203463657352,60.223,97,456.0,4.4478,818.15729124511,7121,37,279.0
TRES-5__2026-09-01,23,2026-09-01 06:09:16.056000+00:00,TRES-5,1.1542123629431575,60.042,97,456.0,4.4478,818.15729124511,7011,46,279.0
TRES-5__2026-09-01,24,2026-09-01 06:12:15.444000+00:00,TRES-5,1.1564055865300586,59.854,97,456.0,4.4478,818.15729124511,7076,41,280.0
TRES-5__2026-09-01,25,2026-09-01 06:15:15.835000+00:00,TRES-5,1.158702502625213,59.659,97,457.0,4.4478,817.9324609919511,7283,38,279.0
TRES-5__2026-09-01,26,2026-09-01 06:18:15.219000+00:00,TRES-5,1.1611057245940792,59.457,97,458.0,4.4478,817.7076307387922,7306,38,280.0
TRES-5__2026-09-01,27,2026-09-01 06:21:15.654000+00:00,TRES-5,1.163617998298638,59.248,97,458.0,4.4478,817.7076307387922,7122,40,279.0
TRES-5__2026-09-01,28,2026-09-01 06:24:16.078000+00:00,TRES-5,1.166229992441974,59.033,97,458.0,4.4478,817.7076307387922,6996,38,279.0
TRES-5__2026-09-01,29,2026-09-01 06:27:15.489000+00:00,TRES-5,1.1689566743988018,58.811,97,459.0,4.4478,817.4828004856333,7335,37,279.0
TRES-5__2026-09-01,30,2026-09-01 06:30:15.919000+00:00,TRES-5,1.1717887091540238,58.583,97,459.0,4.4478,817.4828004856333,7057,43,278.0
TRES-5__2026-09-01,31,2026-09-01 06:33:15.289000+00:00,TRES-5,1.1747163277868198,58.35,100,459.0,4.4478,817.4828004856333,7104,40,279.0
TRES-5__2026-09-01,32,2026-09-01 06:36:15.686000+00:00,TRES-5,1.1777676504656922,58.11,100,460.0,4.4478,817.2579702324745,7223,38,278.0
TRES-5__2026-09-01,33,2026-09-01 06:39:16.065000+00:00,TRES-5,1.1809333121391532,57.864,100,461.0,4.4478,817.0331399793156,7096,39,279.0
TRES-5__2026-09-01,34,2026-09-01 06:42:15.426000+00:00,TRES-5,1.1842034661102765,57.613,100,461.0,4.4478,817.0331399793156,7336,33,279.0
TRES-5__2026-09-01,35,2026-09-01 06:45:16.939000+00:00,TRES-5,1.1876075701527793,57.355,100,461.0,4.4478,817.0331399793156,7087,41,279.0
TRES-5__2026-09-01,36,2026-09-01 06:48:15.440000+00:00,TRES-5,1.1910824224680343,57.095,100,462.0,4.4478,816.8083097261567,6829,40,280.0
TRES-5__2026-09-01,37,2026-09-01 06:51:16.998000+00:00,TRES-5,1.19472499723406,56.826,100,462.0,4.4478,816.8083097261567,7296,42,279.0
TRES-5__2026-09-01,38,2026-09-01 06:54:16.579000+00:00,TRES-5,1.1984302314546669,56.556,100,462.0,4.4478,816.8083097261567,7040,39,278.0
TRES-5__2026-09-01,39,2026-09-01 06:57:16.013000+00:00,TRES-5,1.2022833209614043,56.279,100,462.0,4.4478,816.8083097261567,7032,40,278.0
TRES-5__2026-09-01,40,2026-09-01 07:00:16.416000+00:00,TRES-5,1.2062605518824865,55.997,100,461.0,4.4478,817.0331399793156,7562,33,279.0
TRES-5__2026-09-01,41,2026-09-01 07:03:15.860000+00:00,TRES-5,1.2103512113733934,55.711,100,461.0,4.4478,817.0331399793156,6989,42,278.0
TRES-5__2026-09-01,42,2026-09-01 07:06:15.288000+00:00,TRES-5,1.2145585162438697,55.421,100,461.0,4.4478,817.0331399793156,7288,32,279.0
TRES-5__2026-09-01,43,2026-09-01 07:09:15.655000+00:00,TRES-5,1.218900629593762,55.126,100,461.0,4.4478,817.0331399793156,6739,38,279.0
TRES-5__2026-09-01,44,2026-09-01 07:12:15.223000+00:00,TRES-5,1.2233666281235909,54.827,100,460.0,4.4478,817.2579702324745,7010,45,277.0
TRES-5__2026-09-01,45,2026-09-01 07:15:15.634000+00:00,TRES-5,1.2279601246858065,54.524,100,461.0,4.4478,817.0331399793156,7409,48,278.0
TRES-5__2026-09-01,46,2026-09-01 07:18:17.004000+00:00,TRES-5,1.232715886002315,54.215,100,460.0,4.4478,817.2579702324745,6947,39,278.0
TRES-5__2026-09-01,47,2026-09-01 07:21:15.502000+00:00,TRES-5,1.237529015160154,53.907,100,460.0,4.4478,817.2579702324745,6824,45,276.0
TRES-5__2026-09-01,48,2026-09-01 07:24:16.035000+00:00,TRES-5,1.2425278528035832,53.592,100,461.0,4.4478,817.0331399793156,6831,39,279.0
TRES-5__2026-09-01,49,2026-09-01 07:27:15.413000+00:00,TRES-5,1.2476375907891026,53.275,100,460.0,4.4478,817.2579702324745,6942,41,278.0
TRES-5__2026-09-01,50,2026-09-01 07:30:15.790000+00:00,TRES-5,1.2528940527004528,52.954,100,460.0,4.4478,817.2579702324745,6833,46,278.0
TRES-5__2026-09-01,51,2026-09-01 07:33:15.372000+00:00,TRES-5,1.258301741207737,52.629,100,460.0,4.4478,817.2579702324745,6671,42,278.0
TRES-5__2026-09-01,52,2026-09-01 07:36:16.756000+00:00,TRES-5,1.2638312446444102,52.302,100,460.0,4.4478,817.2579702324745,6575,39,278.0
TRES-5__2026-09-01,53,2026-09-01 07:39:15.234000+00:00,TRES-5,1.269520402134262,51.971,100,461.0,4.4478,817.0331399793156,6865,36,277.0
TRES-5__2026-09-01,54,2026-09-01 07:42:15.613000+00:00,TRES-5,1.2753389999984452,51.638,100,460.0,4.4478,817.2579702324745,6453,41,279.0
TRES-5__2026-09-01,55,2026-09-01 07:45:16.047000+00:00,TRES-5,1.2813083992379244,51.302,100,460.0,4.4478,817.2579702324745,6849,40,277.0
TRES-5__2026-09-01,56,2026-09-01 07:48:15.566000+00:00,TRES-5,1.2874330790230852,50.963,100,460.0,4.4478,817.2579702324745,6666,48,278.0
TRES-5__2026-09-01,57,2026-09-01 07:51:15.969000+00:00,TRES-5,1.2936991595754823,50.622,100,460.0,4.4478,817.2579702324745,6225,54,278.0
TRES-5__2026-09-01,58,2026-09-01 07:54:15.373000+00:00,TRES-5,1.3001293656928214,50.278,100,460.0,4.4478,817.2579702324745,6032,44,277.0
TRES-5__2026-09-01,59,2026-09-01 07:57:15.770000+00:00,TRES-5,1.3067286970854948,49.931,100,459.0,4.4478,817.4828004856333,6445,42,277.0
TRES-5__2026-09-01,60,2026-09-01 08:00:15.175000+00:00,TRES-5,1.3134242660958904,49.585,100,459.0,4.4478,817.4828004856333,6330,51,277.0
TRES-5__2026-09-01,61,2026-09-01 08:03:15.604000+00:00,TRES-5,1.3203762584430916,49.232,100,459.0,4.4478,817.4828004856333,6815,39,278.0
TRES-5__2026-09-01,62,2026-09-01 08:06:16.015000+00:00,TRES-5,1.3274528921036493,48.879,100,460.0,4.4478,817.2579702324745,6673,38,278.0
TRES-5__2026-09-01,63,2026-09-01 08:09:16.386000+00:00,TRES-5,1.3346979058502408,48.524,100,461.0,4.4478,817.0331399793156,6289,45,277.0
TRES-5__2026-09-01,64,2026-09-01 08:12:15.774000+00:00,TRES-5,1.342116175744314,48.167,100,462.0,4.4478,816.8083097261567,6404,40,278.0
TRES-5__2026-09-01,65,2026-09-01 08:15:15.201000+00:00,TRES-5,1.3496700594018178,47.81,100,462.0,4.4478,816.8083097261567,6859,57,278.0
TRES-5__2026-09-01,66,2026-09-01 08:18:15.653000+00:00,TRES-5,1.3574711854451158,47.448,100,462.0,4.4478,816.8083097261567,6112,47,278.0
TRES-5__2026-09-01,67,2026-09-01 08:21:16.147000+00:00,TRES-5,1.365417838998031,47.086,100,462.0,4.4478,816.8083097261567,6590,42,276.0
TRES-5__2026-09-01,68,2026-09-01 08:24:15.598000+00:00,TRES-5,1.373558376176581,46.722,100,462.0,4.4478,816.8083097261567,6296,44,277.0
TRES-5__2026-09-01,69,2026-09-01 08:27:15.858000+00:00,TRES-5,1.381875670476134,46.357,100,462.0,4.4478,816.8083097261567,6265,45,277.0
TRES-5__2026-09-01,70,2026-09-01 08:30:15.361000+00:00,TRES-5,1.39039795610228,45.99,100,462.0,4.4478,816.8083097261567,6264,44,278.0
TRES-5__2026-09-01,71,2026-09-01 08:33:15.782000+00:00,TRES-5,1.3990837695668668,45.623,100,463.0,4.4478,816.5834794729979,6023,48,277.0
TRES-5__2026-09-01,72,2026-09-01 08:36:16.076000+00:00,TRES-5,1.408009983665799,45.253,100,463.0,4.4478,816.5834794729979,6456,39,277.0
TRES-5__2026-09-01,73,2026-09-01 08:39:15.461000+00:00,TRES-5,1.4170606378136386,44.885,100,463.0,4.4478,816.5834794729979,6363,47,276.0
TRES-5__2026-09-04,0,2026-09-04 04:10:43.762000+00:00,TRES-5,1.1399192772598274,61.313,94,394.0,4.4478,832.0967669409596,7450,54,279.0
TRES-5__2026-09-04,1,2026-09-04 04:12:29.912000+00:00,TRES-5,1.139158579997528,61.383,94,394.0,4.4478,832.0967669409596,7301,40,279.0
TRES-5__2026-09-04,2,2026-09-04 04:15:15.673000+00:00,TRES-5,1.1380441984546918,61.486,94,394.0,4.4478,832.0967669409596,7561,32,279.0
TRES-5__2026-09-04,3,2026-09-04 04:18:17.080000+00:00,TRES-5,1.136924931829558,61.59,94,394.0,4.4478,832.0967669409596,7558,36,280.0
TRES-5__2026-09-04,4,2026-09-04 04:21:15.406000+00:00,TRES-5,1.1359077148456092,61.685,94,395.0,4.4478,831.8719366878007,7281,38,279.0
TRES-5__2026-09-04,5,2026-09-04 04:24:15.892000+00:00,TRES-5,1.1349911228723286,61.771,94,395.0,4.4478,831.8719366878007,7766,30,279.0
TRES-5__2026-09-04,6,2026-09-04 04:27:15.222000+00:00,TRES-5,1.1341632816250815,61.849,94,396.0,4.4478,831.6471064346418,7633,27,279.0
TRES-5__2026-09-04,7,2026-09-04 04:30:15.587000+00:00,TRES-5,1.1334337163498287,61.918,94,396.0,4.4478,831.6471064346418,7586,30,278.0
TRES-5__2026-09-04,8,2026-09-04 04:33:16.921000+00:00,TRES-5,1.132801408926065,61.978,100,396.0,4.4478,831.6471064346418,7677,38,279.0
TRES-5__2026-09-04,9,2026-09-04 04:36:15.325000+00:00,TRES-5,1.1322654778154353,62.029,100,396.0,4.4478,831.6471064346418,7642,36,279.0
TRES-5__2026-09-04,10,2026-09-04 04:39:15.736000+00:00,TRES-5,1.1318251764609737,62.071,100,396.0,4.4478,831.6471064346418,7763,30,279.0
TRES-5__2026-09-04,11,2026-09-04 04:42:15.163000+00:00,TRES-5,1.1314798919391351,62.104,100,397.0,4.4478,831.422276181483,7557,35,279.0
TRES-5__2026-09-04,12,2026-09-04 04:45:16.540000+00:00,TRES-5,1.131229143858394,62.128,100,398.0,4.4478,831.1974459283241,7261,37,280.0
TRES-5__2026-09-04,13,2026-09-04 04:48:16.926000+00:00,TRES-5,1.1310725834993292,62.143,100,398.0,4.4478,831.1974459283241,7622,33,278.0
TRES-5__2026-09-04,14,2026-09-04 04:51:15.330000+00:00,TRES-5,1.1310204235677253,62.148,100,397.0,4.4478,831.422276181483,7629,38,279.0
TRES-5__2026-09-04,15,2026-09-04 04:54:15.642000+00:00,TRES-5,1.1310517179157633,62.145,100,397.0,4.4478,831.422276181483,7813,30,279.0
TRES-5__2026-09-04,16,2026-09-04 04:57:17.017000+00:00,TRES-5,1.131187382610729,62.132,100,398.0,4.4478,831.1974459283241,7362,39,278.0
TRES-5__2026-09-04,17,2026-09-04 05:00:15.285000+00:00,TRES-5,1.1314067250930795,62.111,100,398.0,4.4478,831.1974459283241,7419,38,278.0
TRES-5__2026-09-04,18,2026-09-04 05:03:15.718000+00:00,TRES-5,1.1317309498232058,62.08,100,398.0,4.4478,831.1974459283241,7544,28,280.0
TRES-5__2026-09-04,19,2026-09-04 05:06:16.077000+00:00,TRES-5,1.1321500688816648,62.04,100,398.0,4.4478,831.1974459283241,7429,37,280.0
TRES-5__2026-09-04,20,2026-09-04 05:09:15.465000+00:00,TRES-5,1.1326541507008834,61.992,100,397.0,4.4478,831.422276181483,7525,40,279.0
TRES-5__2026-09-04,21,2026-09-04 05:12:16.750000+00:00,TRES-5,1.1332649105021486,61.934,100,397.0,4.4478,831.422276181483,7504,36,279.0
TRES-5__2026-09-04,22,2026-09-04 05:15:16.155000+00:00,TRES-5,1.1339727111489155,61.867,100,397.0,4.4478,831.422276181483,7523,39,279.0
TRES-5__2026-09-04,23,2026-09-04 05:18:16.504000+00:00,TRES-5,1.134767916769063,61.792,100,397.0,4.4478,831.422276181483,7751,35,280.0
TRES-5__2026-09-04,24,2026-09-04 05:21:15.936000+00:00,TRES-5,1.135662184126468,61.708,100,397.0,4.4478,831.422276181483,7353,37,278.0
TRES-5__2026-09-04,25,2026-09-04 05:24:15.287000+00:00,TRES-5,1.1366567635492266,61.615,100,397.0,4.4478,831.422276181483,7306,34,280.0
TRES-5__2026-09-04,26,2026-09-04 05:27:15.861000+00:00,TRES-5,1.1377422718942265,61.514,100,397.0,4.4478,831.422276181483,7353,32,279.0
TRES-5__2026-09-04,27,2026-09-04 05:30:16.202000+00:00,TRES-5,1.1389309001374814,61.404,100,400.0,4.4478,830.7477854220064,5099,13,279.0
TRES-5__2026-09-04,28,2026-09-04 05:33:15.515000+00:00,TRES-5,1.1402134156432076,61.286,100,403.0,4.4478,830.0732946625297,3157,4,280.0
TRES-5__2026-09-04,29,2026-09-04 05:36:15.772000+00:00,TRES-5,1.141602397860825,61.159,100,403.0,4.4478,830.0732946625297,3657,5,280.0
TRES-5__2026-09-04,30,2026-09-04 05:39:16.211000+00:00,TRES-5,1.143077708547741,61.025,100,400.0,4.4478,830.7477854220064,6476,22,279.0
TRES-5__2026-09-04,31,2026-09-04 05:42:15.602000+00:00,TRES-5,1.1446632341695502,60.882,100,399.0,4.4478,830.9726156751652,6906,23,279.0
TRES-5__2026-09-04,32,2026-09-04 05:45:15.930000+00:00,TRES-5,1.1463387910733396,60.732,100,399.0,4.4478,830.9726156751652,7098,29,280.0
TRES-5__2026-09-04,33,2026-09-04 05:48:15.180000+00:00,TRES-5,1.1481175466708546,60.574,100,399.0,4.4478,830.9726156751652,7512,28,280.0
TRES-5__2026-09-04,34,2026-09-04 05:51:16.491000+00:00,TRES-5,1.1500017576935986,60.408,100,400.0,4.4478,830.7477854220064,7379,30,279.0
TRES-5__2026-09-04,35,2026-09-04 05:54:15.969000+00:00,TRES-5,1.1519823232386797,60.235,100,400.0,4.4478,830.7477854220064,7521,32,280.0
TRES-5__2026-09-04,36,2026-09-04 05:57:15.288000+00:00,TRES-5,1.1540730739308602,60.054,100,400.0,4.4478,830.7477854220064,7531,31,279.0
TRES-5__2026-09-04,37,2026-09-04 06:00:15.773000+00:00,TRES-5,1.156253258370281,59.867,100,400.0,4.4478,830.7477854220064,7617,33,280.0
TRES-5__2026-09-04,38,2026-09-04 06:03:17.117000+00:00,TRES-5,1.1585605027683423,59.671,100,400.0,4.4478,830.7477854220064,7640,32,280.0
TRES-5__2026-09-04,39,2026-09-04 06:06:15.451000+00:00,TRES-5,1.1609383775179636,59.471,100,401.0,4.4478,830.5229551688475,7548,31,279.0
TRES-5__2026-09-04,40,2026-09-04 06:09:16.814000+00:00,TRES-5,1.1634488882743583,59.262,100,401.0,4.4478,830.5229551688475,7717,30,279.0
TRES-5__2026-09-04,41,2026-09-04 06:12:15.168000+00:00,TRES-5,1.1660468466903906,59.048,100,402.0,4.4478,830.2981249156886,7340,34,279.0
TRES-5__2026-09-04,42,2026-09-04 06:15:15.642000+00:00,TRES-5,1.1687714844447452,58.826,100,403.0,4.4478,830.0732946625297,7434,26,279.0
TRES-5__2026-09-04,43,2026-09-04 06:18:16.992000+00:00,TRES-5,1.1716013989161471,58.598,100,403.0,4.4478,830.0732946625297,7263,32,279.0
TRES-5__2026-09-04,44,2026-09-04 06:21:15.308000+00:00,TRES-5,1.1745142003425406,58.366,100,404.0,4.4478,829.8484644093709,7568,28,279.0
TRES-5__2026-09-04,45,2026-09-04 06:24:15.809000+00:00,TRES-5,1.1775630925932492,58.126,100,405.0,4.4478,829.6236341562121,7660,26,280.0
TRES-5__2026-09-04,46,2026-09-04 06:27:15.201000+00:00,TRES-5,1.1807132989988132,57.881,100,405.0,4.4478,829.6236341562121,7734,23,279.0
TRES-5__2026-09-04,47,2026-09-04 06:30:15.668000+00:00,TRES-5,1.183980691977785,57.63,100,405.0,4.4478,829.6236341562121,7723,29,279.0
TRES-5__2026-09-04,48,2026-09-04 06:33:15.190000+00:00,TRES-5,1.1873553910122672,57.374,100,405.0,4.4478,829.6236341562121,7518,35,278.0
TRES-5__2026-09-04,49,2026-09-04 06:36:15.663000+00:00,TRES-5,1.1908404100154282,57.113,100,406.0,4.4478,829.3988039030532,7397,34,279.0
TRES-5__2026-09-04,50,2026-09-04 06:39:17.022000+00:00,TRES-5,1.1944661189982115,56.845,100,406.0,4.4478,829.3988039030532,7170,32,279.0
TRES-5__2026-09-04,51,2026-09-04 06:42:15.504000+00:00,TRES-5,1.198181672449391,56.574,100,406.0,4.4478,829.3988039030532,7459,32,279.0
TRES-5__2026-09-04,52,2026-09-04 06:45:15.812000+00:00,TRES-5,1.2020173400772174,56.298,100,406.0,4.4478,829.3988039030532,7369,31,279.0
TRES-5__2026-09-04,53,2026-09-04 06:48:16.272000+00:00,TRES-5,1.20597664863346,56.017,100,407.0,4.4478,829.1739736498944,7490,27,280.0
TRES-5__2026-09-04,54,2026-09-04 06:51:16.529000+00:00,TRES-5,1.2100632677885963,55.731,100,407.0,4.4478,829.1739736498944,7171,34,280.0
TRES-5__2026-09-04,55,2026-09-04 06:54:16.926000+00:00,TRES-5,1.2142956155250495,55.439,100,407.0,4.4478,829.1739736498944,7081,37,279.0
TRES-5__2026-09-04,56,2026-09-04 06:57:15.220000+00:00,TRES-5,1.218574624078573,55.148,100,407.0,4.4478,829.1739736498944,7523,32,279.0
WASP-10__2026-08-08,0,2026-08-08 05:40:17.063000+00:00,WASP-10,1.5261230562818109,40.939,15,422.0,4.4478,9.667700885831197,842,0,280.0
WASP-10__2026-08-08,1,2026-08-08 05:42:15.507000+00:00,WASP-10,1.51379482055864,41.345,15,417.0,4.4478,35.29834974594181,816,0,282.0
WASP-10__2026-08-08,2,2026-08-08 05:45:17.004000+00:00,WASP-10,1.4955204467203005,41.964,15,415.0,4.4478,47.43918341652053,839,0,281.0
WASP-10__2026-08-08,3,2026-08-08 05:48:15.493000+00:00,WASP-10,1.478048959808735,42.576,15,417.0,4.4478,49.23782544179145,845,0,280.0
WASP-10__2026-08-08,4,2026-08-08 05:51:16.114000+00:00,WASP-10,1.4609013074851018,43.197,15,419.0,4.4478,17.087099240073744,779,0,282.0
WASP-10__2026-08-08,5,2026-08-08 05:54:15.517000+00:00,WASP-10,1.4444986165626148,43.811,15,416.0,4.4478,827.1505013714645,1037,9,282.0
WASP-10__2026-08-08,6,2026-08-08 05:57:15.940000+00:00,WASP-10,1.428520658954369,44.429,15,417.0,4.4478,15.288457214802824,865,0,282.0
WASP-10__2026-08-08,7,2026-08-08 06:00:16.790000+00:00,WASP-10,1.4130549022791603,45.047,15,423.0,4.4478,18.21125050586807,843,0,282.0
WASP-10__2026-08-08,8,2026-08-08 06:03:16.216000+00:00,WASP-10,1.39803366653233,45.667,0,426.0,4.4478,9.442870632672332,859,0,281.0
WASP-10__2026-08-08,9,2026-08-08 06:06:16.851000+00:00,WASP-10,1.38341947625502,46.29,0,427.0,4.4478,10.342191645307793,821,0,281.0
WASP-10__2026-08-08,10,2026-08-08 06:09:15.347000+00:00,WASP-10,1.369379655471557,46.908,0,430.0,4.4478,8.318719366878007,903,0,281.0
WASP-10__2026-08-08,11,2026-08-08 06:12:16.808000+00:00,WASP-10,1.3557131030777954,47.529,0,424.0,4.4478,8.318719366878007,1002,0,282.0
WASP-10__2026-08-08,12,2026-08-08 06:15:16.397000+00:00,WASP-10,1.3424518011320563,48.151,0,425.0,4.4478,8.543549620036872,951,0,281.0
WASP-10__2026-08-08,13,2026-08-08 06:18:16.800000+00:00,WASP-10,1.329602600918609,48.773,0,422.0,4.4478,19.335401771662397,846,0,282.0
WASP-10__2026-08-08,14,2026-08-08 06:21:15.331000+00:00,WASP-10,1.3171310880320974,49.396,0,421.0,4.4478,10.567021898466658,920,0,281.0
WASP-10__2026-08-08,15,2026-08-08 06:24:15.851000+00:00,WASP-10,1.3050251256480336,50.02,0,423.0,4.4478,11.466342911102116,853,0,282.0
WASP-10__2026-08-08,16,2026-08-08 06:27:15.341000+00:00,WASP-10,1.2932916718791398,50.644,0,421.0,4.4478,11.466342911102116,1179,0,282.0
WASP-10__2026-08-08,17,2026-08-08 06:30:15.833000+00:00,WASP-10,1.2819000765269957,51.269,0,422.0,4.4478,8.543549620036872,974,0,281.0
WASP-10__2026-08-08,18,2026-08-08 06:33:15.370000+00:00,WASP-10,1.270857307266061,51.894,0,425.0,4.4478,23.1575160753631,1038,0,280.0
WASP-10__2026-08-08,19,2026-08-08 06:36:15.881000+00:00,WASP-10,1.2601349666024766,52.52,0,426.0,4.4478,27.6541211385404,1172,0,282.0
WASP-10__2026-08-08,20,2026-08-08 06:39:15.360000+00:00,WASP-10,1.2497236283999194,53.147,0,428.0,4.4478,8.318719366878007,872,0,282.0
WASP-10__2026-08-08,21,2026-08-08 06:42:16.052000+00:00,WASP-10,1.2396301517706494,53.774,0,428.0,4.4478,14.838796708485091,850,0,282.0
WASP-10__2026-08-08,22,2026-08-08 06:45:16.580000+00:00,WASP-10,1.2298445074514175,54.401,0,430.0,4.4478,8.543549620036872,922,0,280.0
WASP-10__2026-08-08,23,2026-08-08 06:48:16.217000+00:00,WASP-10,1.2203422474038328,55.029,0,429.0,4.4478,8.543549620036872,907,0,279.0
WASP-10__2026-08-08,24,2026-08-08 06:51:15.697000+00:00,WASP-10,1.2111300814896202,55.657,0,427.0,4.4478,12.36566392373758,906,0,281.0
WASP-10__2026-08-08,25,2026-08-08 06:54:15.181000+00:00,WASP-10,1.2021852989292083,56.286,0,429.0,4.4478,8.768379873195737,754,0,280.0
WASP-10__2026-08-08,26,2026-08-08 06:57:15.702000+00:00,WASP-10,1.193514456189995,56.915,0,424.0,4.4478,8.768379873195737,934,0,281.0
WASP-10__2026-08-08,27,2026-08-08 07:00:16.184000+00:00,WASP-10,1.1850964454836126,57.545,0,419.0,4.4478,8.543549620036872,954,0,282.0
WASP-10__2026-08-08,28,2026-08-08 07:03:15.689000+00:00,WASP-10,1.1769376465950774,58.175,7,417.0,4.4478,22.70785556904537,955,0,282.0
WASP-10__2026-08-08,29,2026-08-08 07:06:15.449000+00:00,WASP-10,1.1690307892504563,58.805,7,417.0,4.4478,52.16061873285669,977,0,280.0
WASP-10__2026-08-08,30,2026-08-08 07:09:15.940000+00:00,WASP-10,1.1613569657234917,59.436,7,415.0,4.4478,74.86847430190207,1025,0,282.0
WASP-10__2026-08-08,31,2026-08-08 07:12:16.599000+00:00,WASP-10,1.1539222725456846,60.067,7,415.0,4.4478,28.10378164485813,1007,0,281.0
WASP-10__2026-08-08,32,2026-08-08 07:15:16.115000+00:00,WASP-10,1.1467091275791406,60.699,7,417.0,4.4478,9.218040379513468,942,0,281.0
WASP-10__2026-08-08,33,2026-08-08 07:18:15.520000+00:00,WASP-10,1.1397234098784332,61.331,7,418.0,4.4478,42.492917847025495,953,0,282.0
WASP-10__2026-08-08,34,2026-08-08 07:21:16.023000+00:00,WASP-10,1.1329487730983103,61.964,7,421.0,4.4478,33.050047214353164,911,0,282.0
WASP-10__2026-08-08,35,2026-08-08 07:24:16.446000+00:00,WASP-10,1.1264010606250263,62.596,7,423.0,4.4478,8.318719366878007,882,0,281.0
WASP-10__2026-08-08,36,2026-08-08 07:27:15.204000+00:00,WASP-10,1.1200443671775822,63.23,7,420.0,4.4478,35.52317999910068,938,0,282.0
WASP-10__2026-08-08,37,2026-08-08 07:30:16.635000+00:00,WASP-10,1.1139041785446109,63.863,7,421.0,4.4478,15.96294797427942,950,0,281.0
WASP-10__2026-08-08,38,2026-08-08 07:33:17.124000+00:00,WASP-10,1.1079285440824664,64.5,4,416.0,4.4478,9.892531138990062,924,0,282.0
WASP-10__2026-08-08,39,2026-08-08 07:36:15.676000+00:00,WASP-10,1.1022056764683463,65.131,4,415.0,4.4478,12.140833670578711,1035,0,281.0
WASP-10__2026-08-08,40,2026-08-08 07:39:15.184000+00:00,WASP-10,1.0966394879986423,65.766,4,417.0,4.4478,13.489815189531903,940,0,281.0
WASP-10__2026-08-08,41,2026-08-08 07:42:15.772000+00:00,WASP-10,1.0912709211533682,66.4,4,415.0,4.4478,12.590494176896444,1074,0,281.0
WASP-10__2026-08-08,42,2026-08-08 07:45:16.411000+00:00,WASP-10,1.0860789631425825,67.035,4,415.0,4.4478,11.016682404784389,1033,0,280.0
WASP-10__2026-08-08,43,2026-08-08 07:48:15.928000+00:00,WASP-10,1.0810605819972392,67.671,4,415.0,4.4478,8.768379873195737,1041,0,281.0
WASP-10__2026-08-08,44,2026-08-08 07:51:15.682000+00:00,WASP-10,1.0762278331459278,68.306,4,418.0,4.4478,10.117361392148927,1031,0,282.0
WASP-10__2026-08-08,45,2026-08-08 07:54:16.203000+00:00,WASP-10,1.071561932378802,68.942,4,416.0,4.4478,101.17361392148928,959,0,282.0
WASP-10__2026-08-08,46,2026-08-08 07:57:16.935000+00:00,WASP-10,1.0670394918558697,69.582,4,419.0,4.4478,20.90921354377445,995,0,281.0
WASP-10__2026-08-08,47,2026-08-08 08:00:15.381000+00:00,WASP-10,1.0627337942926427,70.215,4,419.0,4.4478,11.691173164260984,998,0,281.0
WASP-10__2026-08-08,48,2026-08-08 08:03:15.962000+00:00,WASP-10,1.0585657299920386,70.852,9,421.0,4.4478,8.993210126354603,943,0,282.0
WASP-10__2026-08-08,49,2026-08-08 08:06:16.501000+00:00,WASP-10,1.05456623256815,71.488,9,417.0,4.4478,471.9187013804578,1848,0,281.0
WASP-10__2026-08-08,50,2026-08-08 08:09:16.943000+00:00,WASP-10,1.0507139928331342,72.126,9,416.0,4.4478,603.219569225235,1704,0,282.0
WASP-10__2026-08-08,51,2026-08-08 08:12:15.693000+00:00,WASP-10,1.0470248128490431,72.763,9,407.0,4.4478,829.1739736498944,4555,34,281.0
WASP-10__2026-08-08,52,2026-08-08 08:15:16.352000+00:00,WASP-10,1.043489975761166,73.4,9,408.0,4.4478,828.9491433967355,4362,30,281.0
WASP-10__2026-08-08,53,2026-08-08 08:18:16.084000+00:00,WASP-10,1.0401018614466184,74.038,9,414.0,4.4478,29.22793291065246,996,0,282.0
WASP-10__2026-08-08,54,2026-08-08 08:21:15.625000+00:00,WASP-10,1.0368638238367829,74.676,9,413.0,4.4478,9.892531138990062,1051,0,282.0
WASP-10__2026-08-08,55,2026-08-08 08:24:15.257000+00:00,WASP-10,1.033773666175198,75.314,9,419.0,4.4478,426.0533297360493,2281,0,283.0
WASP-10__2026-08-08,56,2026-08-08 08:27:15.719000+00:00,WASP-10,1.0308248055334746,75.953,9,414.0,4.4478,827.6001618777823,3494,15,281.0
WASP-10__2026-08-08,57,2026-08-08 08:30:15.355000+00:00,WASP-10,1.0280244995651238,76.591,9,411.0,4.4478,828.2746526372589,4119,17,282.0
WASP-10__2026-08-08,58,2026-08-08 08:33:16.974000+00:00,WASP-10,1.0253621028022464,77.23,45,409.0,4.4478,828.7243131435766,4217,25,281.0
WASP-10__2026-08-08,59,2026-08-08 08:36:15.459000+00:00,WASP-10,1.0228441907258743,77.868,45,406.0,4.4478,829.3988039030532,5006,33,282.0
WASP-10__2026-08-08,60,2026-08-08 08:39:16.791000+00:00,WASP-10,1.020461211945974,78.507,45,406.0,5.9304,622.0491029272899,3598,23,281.0
WASP-10__2026-08-08,61,2026-08-08 08:42:15.334000+00:00,WASP-10,1.0182156625852077,79.146,45,412.0,4.4478,828.0498223841,4182,17,281.0
WASP-10__2026-08-08,62,2026-08-08 08:45:16.822000+00:00,WASP-10,1.0161028849264395,79.786,45,409.0,4.4478,828.7243131435766,4277,23,281.0
WASP-10__2026-08-08,63,2026-08-08 08:48:15.324000+00:00,WASP-10,1.0141281130414168,80.425,45,411.0,4.4478,828.2746526372589,3716,19,281.0
WASP-10__2026-08-08,64,2026-08-08 08:51:15.743000+00:00,WASP-10,1.0122866665072183,81.064,45,420.0,4.4478,826.2511803588291,2694,3,281.0
WASP-10__2026-08-08,65,2026-08-08 08:54:15.225000+00:00,WASP-10,1.010574791427537,81.704,45,422.0,4.4478,825.8015198525113,2436,12,281.0
WASP-10__2026-08-08,66,2026-08-08 08:57:15.698000+00:00,WASP-10,1.0089943761567497,82.344,45,420.0,4.4478,826.2511803588291,2480,2,282.0
WASP-10__2026-08-08,67,2026-08-08 09:00:16.391000+00:00,WASP-10,1.007546575648936,82.983,45,414.0,4.4478,827.6001618777823,3615,20,281.0
WASP-10__2026-08-08,68,2026-08-08 09:03:16.912000+00:00,WASP-10,1.006218088374353,83.627,68,413.0,4.4478,827.8249921309412,3515,20,281.0
WASP-10__2026-08-08,69,2026-08-08 09:06:15.484000+00:00,WASP-10,1.0050339895328273,84.263,68,415.0,4.4478,827.3753316246234,3543,16,281.0
WASP-10__2026-08-08,70,2026-08-08 09:09:17.016000+00:00,WASP-10,1.003965292504097,84.906,68,421.0,4.4478,826.0263501056702,2611,5,281.0
WASP-10__2026-08-08,71,2026-08-08 09:12:15.580000+00:00,WASP-10,1.0030332368351833,85.543,68,419.0,4.4478,826.4760106119879,2635,4,280.0
WASP-10__2026-08-08,72,2026-08-08 09:15:16.154000+00:00,WASP-10,1.0022231710159382,86.183,68,420.0,5.9304,599.453662484824,1471,0,282.0
WASP-10__2026-08-08,73,2026-08-08 09:18:16.810000+00:00,WASP-10,1.0015363644183206,86.826,68,411.0,4.4478,828.2746526372589,3290,11,281.0
WASP-10__2026-08-08,74,2026-08-08 09:21:16.302000+00:00,WASP-10,1.000981116545842,87.463,68,407.0,4.4478,829.1739736498944,4440,15,281.0
WASP-10__2026-08-08,75,2026-08-08 09:24:15.830000+00:00,WASP-10,1.0005483499500636,88.103,68,404.0,4.4478,829.8484644093709,4716,20,281.0
WASP-10__2026-08-08,76,2026-08-08 09:27:16.572000+00:00,WASP-10,1.000241086706868,88.742,68,421.0,4.4478,727.5506992220874,2157,0,281.0
WASP-10__2026-08-08,77,2026-08-08 09:30:16.115000+00:00,WASP-10,1.000058550324724,89.38,68,422.0,4.4478,754.0806690948334,1970,0,281.0
WASP-10__2026-08-08,78,2026-08-08 09:33:15.896000+00:00,WASP-10,1.0000009505594114,89.921,34,409.0,4.4478,828.7243131435766,3476,9,281.0
WASP-10__2026-08-08,79,2026-08-08 09:36:15.339000+00:00,WASP-10,1.0000681713110564,89.331,34,439.0,7.412999999999999,70.01214083367059,124,0,281.0
WASP-10__2026-08-08,80,2026-08-08 09:39:16.106000+00:00,WASP-10,1.0002618332959772,88.689,34,422.0,4.4478,240.5683708799856,1372,0,280.0
WASP-10__2026-08-08,81,2026-08-08 09:42:15.590000+00:00,WASP-10,1.0005776511586275,88.053,34,411.0,4.4478,828.2746526372589,2866,6,281.0
WASP-10__2026-08-08,82,2026-08-08 09:45:17.091000+00:00,WASP-10,1.0010225726762156,87.41,34,412.0,4.4478,828.0498223841,2811,4,282.0
WASP-10__2026-08-08,83,2026-08-08 09:48:16.637000+00:00,WASP-10,1.0015881702266691,86.773,34,410.0,4.4478,828.4994828904178,3388,8,281.0
WASP-10__2026-08-08,84,2026-08-08 09:51:17.160000+00:00,WASP-10,1.0022854566049708,86.13,34,438.0,4.4478,9.218040379513468,961,0,281.0
WASP-10__2026-08-08,85,2026-08-08 09:54:15.573000+00:00,WASP-10,1.0031018510214578,85.493,34,436.0,4.4478,8.768379873195737,903,0,280.0
WASP-2__2026-08-11,0,2026-08-11 06:54:33.864000+00:00,WASP-2,1.1079838925801893,64.494,82,401.0,4.4478,830.5229551688475,6191,39,280.0
WASP-2__2026-08-11,1,2026-08-11 06:58:34.954000+00:00,WASP-2,1.1095129188004782,64.329,82,403.0,4.4478,830.0732946625297,6144,45,280.0
WASP-2__2026-08-11,2,2026-08-11 07:02:35.872000+00:00,WASP-2,1.111412550036558,64.126,73,404.0,4.4478,829.8484644093709,5701,34,279.0
WASP-2__2026-08-11,3,2026-08-11 07:04:22.182000+00:00,WASP-2,1.112422080441335,64.019,73,403.0,4.4478,830.0732946625297,5845,31,279.0
WASP-2__2026-08-11,4,2026-08-11 07:06:15.458000+00:00,WASP-2,1.1135039515787746,63.905,73,402.0,4.4478,830.2981249156886,6269,35,279.0
WASP-2__2026-08-11,5,2026-08-11 07:09:15.744000+00:00,WASP-2,1.1153696578504988,63.71,73,402.0,4.4478,830.2981249156886,6107,38,279.0
WASP-2__2026-08-11,6,2026-08-11 07:12:16.011000+00:00,WASP-2,1.1174198327833962,63.498,73,403.0,4.4478,830.0732946625297,6030,33,279.0
WASP-2__2026-08-11,7,2026-08-11 07:15:16.395000+00:00,WASP-2,1.1196601485281263,63.269,73,402.0,4.4478,830.2981249156886,6009,36,277.0
WASP-2__2026-08-11,8,2026-08-11 07:18:17.050000+00:00,WASP-2,1.1221067872037729,63.022,73,402.0,4.4478,830.2981249156886,5937,36,280.0
WASP-2__2026-08-11,9,2026-08-11 07:21:16.118000+00:00,WASP-2,1.1247063023396824,62.763,73,402.0,4.4478,830.2981249156886,6030,41,279.0
WASP-2__2026-08-11,10,2026-08-11 07:24:17.102000+00:00,WASP-2,1.1275561535795815,62.483,73,402.0,4.4478,830.2981249156886,5913,38,279.0
WASP-2__2026-08-11,11,2026-08-11 07:27:16.168000+00:00,WASP-2,1.130530775962163,62.195,73,402.0,4.4478,830.2981249156886,5862,37,280.0
WASP-2__2026-08-11,12,2026-08-11 07:30:15.978000+00:00,WASP-2,1.1337400305587118,61.889,73,401.0,4.4478,830.5229551688475,5988,39,279.0
WASP-2__2026-08-11,13,2026-08-11 07:33:15.360000+00:00,WASP-2,1.1371504583362064,61.569,86,401.0,4.4478,830.5229551688475,5889,36,280.0
WASP-2__2026-08-11,14,2026-08-11 07:36:15.728000+00:00,WASP-2,1.1407701161863364,61.235,86,401.0,4.4478,830.5229551688475,5663,37,279.0
WASP-2__2026-08-11,15,2026-08-11 07:39:17.170000+00:00,WASP-2,1.144618727035797,60.886,86,401.0,4.4478,830.5229551688475,5732,37,278.0
WASP-2__2026-08-11,16,2026-08-11 07:42:16.285000+00:00,WASP-2,1.1486494229554556,60.527,86,400.0,4.4478,830.7477854220064,5915,32,279.0
WASP-2__2026-08-11,17,2026-08-11 07:45:16.926000+00:00,WASP-2,1.152869426041443,60.158,86,401.0,4.4478,830.5229551688475,5630,39,279.0
WASP-2__2026-08-11,18,2026-08-11 07:48:16.412000+00:00,WASP-2,1.157333418665352,59.775,86,401.0,4.4478,830.5229551688475,5880,37,278.0
WASP-2__2026-08-11,19,2026-08-11 07:51:15.598000+00:00,WASP-2,1.1620282374493014,59.38,86,400.0,4.4478,830.7477854220064,5852,36,279.0
WASP-2__2026-08-11,20,2026-08-11 07:54:16.401000+00:00,WASP-2,1.1669394505280766,58.975,86,400.0,4.4478,830.7477854220064,5926,31,279.0
WASP-2__2026-08-11,21,2026-08-11 07:57:16.918000+00:00,WASP-2,1.1720761905967283,58.56,86,400.0,4.4478,830.7477854220064,5456,33,279.0
WASP-2__2026-08-11,22,2026-08-11 08:00:16.657000+00:00,WASP-2,1.1774864253797717,58.132,86,401.0,4.4478,830.5229551688475,5248,31,279.0
WASP-2__2026-08-11,23,2026-08-11 08:03:15.535000+00:00,WASP-2,1.1830784195896558,57.699,50,403.0,4.4478,830.0732946625297,4609,24,279.0
WASP-2__2026-08-11,24,2026-08-11 08:06:16.543000+00:00,WASP-2,1.1889787905542624,57.252,50,410.0,4.4478,47.888843922838255,478,0,279.0
WASP-2__2026-08-11,25,2026-08-11 08:09:15.999000+00:00,WASP-2,1.1950523496492549,56.802,50,407.0,2.9652,11.803588290840416,4275,0,279.0
WASP-2__2026-08-11,26,2026-08-11 08:12:16.522000+00:00,WASP-2,1.2014302683630125,56.34,50,412.0,4.4478,102.9722559467602,593,0,279.0
WASP-2__2026-08-11,27,2026-08-11 08:15:16.034000+00:00,WASP-2,1.20805560907552,55.871,50,413.0,4.4478,11.916003417419848,419,0,278.0
WASP-2__2026-08-11,28,2026-08-11 08:18:16.564000+00:00,WASP-2,1.2149679376807705,55.393,50,414.0,4.4478,15.288457214802824,421,0,279.0
WASP-2__2026-08-11,29,2026-08-11 08:21:17.146000+00:00,WASP-2,1.2221802334287355,54.906,50,408.0,4.4478,7.419398354242547,455,0,279.0
WASP-2__2026-08-11,30,2026-08-11 08:24:15.869000+00:00,WASP-2,1.22959873658715,54.417,50,404.0,4.4478,8.543549620036872,538,0,279.0
WASP-2__2026-08-11,31,2026-08-11 08:27:16.659000+00:00,WASP-2,1.237403070539281,53.915,50,398.0,2.9652,17.536759746391475,6991,0,280.0
WASP-2__2026-08-11,32,2026-08-11 08:30:15.925000+00:00,WASP-2,1.245403319625059,53.413,50,410.0,4.4478,11.691173164260984,543,0,279.0
WASP-2__2026-08-11,33,2026-08-11 08:33:15.492000+00:00,WASP-2,1.2537699975699996,52.901,17,408.0,4.4478,30.576914429605647,472,0,280.0
WASP-2__2026-08-11,34,2026-08-11 08:36:16.851000+00:00,WASP-2,1.2624871531239168,52.381,17,440.0,4.4478,9.218040379513468,550,0,278.0
WASP-2__2026-08-11,35,2026-08-11 08:39:17.268000+00:00,WASP-2,1.271484108597711,51.858,17,475.0,4.4478,12.140833670578711,516,0,279.0
WASP-2__2026-08-11,36,2026-08-11 08:42:15.739000+00:00,WASP-2,1.2807713530905724,51.332,17,594.0,4.4478,35.29834974594181,532,0,280.0
WASP-2__2026-08-11,37,2026-08-11 08:45:15.278000+00:00,WASP-2,1.290433378763872,50.799,17,886.0,5.9304,10.623229461756374,66,0,279.0
WASP-2__2026-08-11,38,2026-08-11 08:48:15.366000+00:00,WASP-2,1.3004688833029765,50.26,17,1021.0,7.412999999999999,33.85943612572508,14,0,280.0
WASP-2__2026-08-11,39,2026-08-11 08:51:15.672000+00:00,WASP-2,1.310875557073978,49.716,17,1512.0,10.3782,29.9666608853173,1,0,281.0
WASP-2__2026-08-11,40,2026-08-11 08:54:16.076000+00:00,WASP-2,1.3216499500715782,49.168,17,1973.0,20.7564,16.76591316413251,1,0,280.0
WASP-2__2026-08-11,41,2026-08-11 08:57:16.703000+00:00,WASP-2,1.3328898222230288,48.612,17,2343.0,19.2738,37.252643484938105,2,3,279.0
WASP-2__2026-08-11,42,2026-08-11 09:00:15.518000+00:00,WASP-2,1.344386945988691,48.059,17,4012.0,35.5824,2.332613876523225,0,173,279.0
WASP-2__2026-08-11,43,2026-08-11 09:03:17.092000+00:00,WASP-2,1.3564501785856715,47.495,17,4095.0,0.0,,0,324500,280.0
WASP-2__2026-08-11,44,2026-08-11 09:06:18.609000+00:00,WASP-2,1.3689550388601848,46.927,17,4095.0,0.0,,0,324500,280.0
WASP-2__2026-08-11,45,2026-08-11 09:09:16.321000+00:00,WASP-2,1.3816916919028568,46.365,17,4095.0,0.0,,0,324500,278.0
WASP-2__2026-08-11,46,2026-08-11 09:12:15.887000+00:00,WASP-2,1.395039798555566,45.793,17,4095.0,0.0,,0,324500,278.0
WASP-2__2026-08-11,47,2026-08-11 09:15:16.368000+00:00,WASP-2,1.408887708492665,45.217,17,4095.0,0.0,,0,324499,278.0
WASP-2__2026-08-11,48,2026-08-11 09:18:16.023000+00:00,WASP-2,1.4232088770426103,44.639,17,4095.0,0.0,,0,324500,278.0
WASP-2__2026-08-11,49,2026-08-11 09:21:17.089000+00:00,WASP-2,1.4381795360150564,44.053,17,4095.0,0.0,,0,324500,277.0
WASP-2__2026-08-11,50,2026-08-11 09:24:16.730000+00:00,WASP-2,1.4534883536686198,43.472,17,3892.0,91.9212,2.208413293124981,0,42,277.0
WASP-2__2026-08-11,51,2026-08-11 09:27:16.810000+00:00,WASP-2,1.4694725645020057,42.884,17,1988.0,19.2738,2.853614751631749,0,0,277.0
WASP-2__2026-08-11,52,2026-08-11 09:30:15.755000+00:00,WASP-2,1.486027501959731,42.294,17,2037.0,17.7912,2.9227932910652457,0,0,276.0
WASP-2__2026-08-11,53,2026-08-11 09:33:15.801000+00:00,WASP-2,1.5032092333031122,41.701,4,1187.0,10.3782,3.8542329112948295,0,0,274.0
WASP-2__2026-08-11,54,2026-08-11 09:36:17.555000+00:00,WASP-2,1.5212316162429382,41.099,4,1069.0,7.412999999999999,16.457574531228925,6,0,276.0
WASP-2__2026-08-11,55,2026-08-11 09:39:16.381000+00:00,WASP-2,1.539517375712857,40.508,4,879.0,25.2042,3.967592702803501,0,0,277.0
WASP-2__2026-08-11,56,2026-08-11 09:42:17.138000+00:00,WASP-2,1.5588387062392906,39.904,4,760.0,10.3782,8.96109151876048,96,0,277.0
WASP-2__2026-08-11,57,2026-08-11 09:45:15.879000+00:00,WASP-2,1.5786605494456032,39.305,4,581.0,5.9304,15.176042088223392,44,0,276.0
WASP-2__2026-08-11,58,2026-08-11 09:48:15.329000+00:00,WASP-2,1.5993790408680628,38.7,4,535.0,4.4478,59.80484734025811,68,0,276.0
WASP-2__2026-08-11,59,2026-08-11 09:51:17.176000+00:00,WASP-2,1.6210121569613838,38.09,4,554.0,4.4478,7.419398354242547,63,0,276.0
WASP-2__2026-08-11,60,2026-08-11 09:54:15.343000+00:00,WASP-2,1.643240334672029,37.485,4,601.0,4.4478,6.744907594765952,49,0,276.0
WASP-2__2026-08-11,61,2026-08-11 09:57:16.363000+00:00,WASP-2,1.666468801480721,36.875,4,498.0,4.4478,33.72453797382976,98,0,276.0
WASP-2__2026-08-11,62,2026-08-11 10:00:16.056000+00:00,WASP-2,1.6907991124382458,36.259,4,460.0,4.4478,33.49970772067089,64,0,277.0
WASP-2__2026-08-11,63,2026-08-11 10:03:16.708000+00:00,WASP-2,1.715801119108579,35.649,2,595.0,13.3434,3.447397215102598,0,0,276.0
WASP-2__2026-08-11,64,2026-08-11 10:06:16.302000+00:00,WASP-2,1.7420141835506269,35.033,2,506.0,4.4478,26.30513961958721,68,0,277.0
WASP-2__2026-08-11,65,2026-08-11 10:09:16.808000+00:00,WASP-2,1.7692933585776789,34.416,2,460.0,2.9652,33.72453797382976,1272,0,276.0
WASP-2__2026-08-11,66,2026-08-11 10:12:16.502000+00:00,WASP-2,1.7976991338734605,33.798,2,446.0,2.9652,9.78011601241063,1101,0,277.0
WASP-2__2026-08-11,67,2026-08-11 10:15:16.112000+00:00,WASP-2,1.827491845565176,33.175,2,471.0,4.4478,6.520077341607086,123,0,277.0
WASP-2__2026-08-11,68,2026-08-11 10:18:15.688000+00:00,WASP-2,1.8582580937060933,32.557,2,435.0,4.4478,8.993210126354603,85,0,277.0
WASP-2__2026-08-11,69,2026-08-11 10:21:17.382000+00:00,WASP-2,1.8909370138719392,31.927,2,427.0,2.9652,17.19951436665318,1460,0,276.0
WASP-2__2026-08-11,70,2026-08-11 10:24:16.399000+00:00,WASP-2,1.9243046473338503,31.31,2,422.0,4.4478,12.590494176896444,160,0,278.0
WASP-2__2026-08-11,71,2026-08-11 10:27:16.899000+00:00,WASP-2,1.959736192383687,30.682,2,434.0,4.4478,9.218040379513468,100,0,278.0
WASP-2__2026-08-11,72,2026-08-11 10:30:15.556000+00:00,WASP-2,1.9964402693919527,30.059,2,474.0,2.9652,20.90921354377445,1354,0,277.0
WASP-2__2026-08-11,73,2026-08-11 10:33:15.943000+00:00,WASP-2,2.035042393734817,29.432,0,496.0,4.4478,7.419398354242547,222,0,277.0
WASP-2__2026-08-11,74,2026-08-11 10:36:17.149000+00:00,WASP-2,2.0757496076487936,28.8,0,529.0,4.4478,6.969737847924817,201,0,278.0
WASP-2__2026-08-11,75,2026-08-11 10:39:15.819000+00:00,WASP-2,2.1178984117462645,28.175,0,441.0,4.4478,7.194568101083682,118,0,278.0
WASP-2__2026-08-11,76,2026-08-11 10:42:16.675000+00:00,WASP-2,2.1624187188696427,27.545,0,428.0,2.9652,10.454606771887226,1349,0,277.0
WASP-2__2026-08-11,77,2026-08-11 10:45:16.331000+00:00,WASP-2,2.209199711362733,26.914,0,425.0,4.4478,34.848689239624086,136,0,277.0
WASP-2__2026-08-24,0,2026-08-24 04:52:31.321000+00:00,WASP-2,1.1332965510368225,61.931,0,1115.0,11.8608,86.50343990287334,85,0,280.0
WASP-2__2026-08-24,1,2026-08-24 04:54:15.499000+00:00,WASP-2,1.131427627217399,62.109,0,1174.0,10.3782,42.97469696093735,86,0,280.0
WASP-2__2026-08-24,2,2026-08-24 04:57:15.947000+00:00,WASP-2,1.128367713424228,62.404,0,1164.0,10.3782,65.23289202366499,77,0,281.0
WASP-2__2026-08-24,3,2026-08-24 05:00:15.372000+00:00,WASP-2,1.1254960409559829,62.685,0,1169.0,8.8956,97.8011601241063,154,0,279.0
WASP-2__2026-08-24,4,2026-08-24 05:03:16.712000+00:00,WASP-2,1.1228159173941146,62.951,2,1146.0,11.8608,82.28787265614461,160,0,280.0
WASP-2__2026-08-24,5,2026-08-24 05:06:16.030000+00:00,WASP-2,1.1203305758002275,63.201,2,1177.0,10.3782,281.16629087895785,424,9,280.0
WASP-2__2026-08-24,6,2026-08-24 05:09:15.374000+00:00,WASP-2,1.11804324634824,63.434,2,1121.0,13.3434,76.44228607401412,116,0,281.0
WASP-2__2026-08-24,7,2026-08-24 05:12:15.762000+00:00,WASP-2,1.1159379356333414,63.651,2,1166.0,14.826,38.580871442061245,48,0,280.0
WASP-2__2026-08-24,8,2026-08-24 05:15:16.092000+00:00,WASP-2,1.1140186919258523,63.851,2,1197.0,14.826,31.97086199919061,31,0,280.0
WASP-2__2026-08-24,9,2026-08-24 05:18:15.475000+00:00,WASP-2,1.1122896674589395,64.033,2,1246.0,10.3782,51.45400936578598,122,0,278.0
WASP-2__2026-08-24,10,2026-08-24 05:21:15.856000+00:00,WASP-2,1.1107364493123522,64.198,2,1148.0,8.8956,301.7221997391969,439,0,280.0
WASP-2__2026-08-24,11,2026-08-24 05:24:15.159000+00:00,WASP-2,1.1093826620800658,64.343,2,1138.0,7.412999999999999,231.88992310805344,484,0,280.0
WASP-2__2026-08-24,12,2026-08-24 05:27:15.512000+00:00,WASP-2,1.1081869883801845,64.472,2,1081.0,7.412999999999999,406.5830298124916,684,4,280.0
WASP-2__2026-08-24,13,2026-08-24 05:30:17.002000+00:00,WASP-2,1.1071830680333916,64.581,2,1083.0,8.8956,338.5943612572508,450,1,279.0
WASP-2__2026-08-24,14,2026-08-24 05:33:16.452000+00:00,WASP-2,1.10635852848605,64.671,20,1062.0,10.3782,292.2472104989305,568,1,279.0
WASP-2__2026-08-24,15,2026-08-24 05:36:16.852000+00:00,WASP-2,1.105710848314554,64.742,20,1044.0,10.3782,293.98161530901314,612,4,279.0
WASP-2__2026-08-24,16,2026-08-24 05:39:15.244000+00:00,WASP-2,1.1052471279632372,64.793,20,1019.0,13.3434,230.52595290555632,621,11,278.0
WASP-2__2026-08-24,17,2026-08-24 05:42:16.637000+00:00,WASP-2,1.1049568115618764,64.825,20,1023.0,11.8608,259.0044516390126,765,8,280.0
WASP-2__2026-08-24,18,2026-08-24 05:45:16.148000+00:00,WASP-2,1.1048480710650384,64.837,20,960.0,8.8956,352.421421826521,957,10,279.0
WASP-2__2026-08-24,19,2026-08-24 05:48:15.409000+00:00,WASP-2,1.1049114945302632,64.83,20,989.0,7.412999999999999,418.993659786861,927,2,280.0
WASP-2__2026-08-24,20,2026-08-24 05:51:15.942000+00:00,WASP-2,1.1051563506686573,64.803,20,1007.0,7.412999999999999,416.5654930527453,984,8,280.0
WASP-2__2026-08-24,21,2026-08-24 05:54:15.429000+00:00,WASP-2,1.1055834265574032,64.756,20,1002.0,8.8956,347.69998651018483,1107,10,278.0
WASP-2__2026-08-24,22,2026-08-24 05:57:15.770000+00:00,WASP-2,1.1061849648032929,64.69,20,981.0,13.3434,233.37380277890196,897,16,278.0
WASP-2__2026-08-24,23,2026-08-24 06:00:15.198000+00:00,WASP-2,1.106962803580774,64.605,20,1015.0,13.3434,230.8257265764348,961,16,280.0
WASP-2__2026-08-24,24,2026-08-24 06:03:15.545000+00:00,WASP-2,1.1079193210516534,64.501,32,1288.0,13.3434,14.23924936672812,7,0,280.0
WASP-2__2026-08-24,25,2026-08-24 06:06:15.900000+00:00,WASP-2,1.1090667272396812,64.377,32,938.0,11.8608,266.17091595845136,59,9,279.0
WASP-2__2026-08-24,26,2026-08-24 06:09:15.314000+00:00,WASP-2,1.1103806565316947,64.236,32,873.0,5.9304,38.951841359773375,101,0,280.0
WASP-2__2026-08-24,27,2026-08-24 06:12:15.788000+00:00,WASP-2,1.1118835824241284,64.076,32,1001.0,11.8608,15.260353433157968,1,0,280.0
WASP-2__2026-08-24,28,2026-08-24 06:15:16.138000+00:00,WASP-2,1.1135705945491108,63.898,32,1004.0,13.3434,25.48076202467137,26,0,280.0
WASP-2__2026-08-24,29,2026-08-24 06:18:15.403000+00:00,WASP-2,1.1154466092367532,63.702,32,1074.0,23.7216,15.260353433157968,16,0,280.0
WASP-2__2026-08-24,30,2026-08-24 06:21:15.825000+00:00,WASP-2,1.1175073740631911,63.489,32,1113.0,35.5824,5.058680696074464,1,0,279.0
WASP-2__2026-08-24,31,2026-08-24 06:24:15.206000+00:00,WASP-2,1.119738898825618,63.261,32,1072.0,16.3086,22.31951240449824,12,0,280.0
WASP-2__2026-08-24,32,2026-08-24 06:27:15.578000+00:00,WASP-2,1.122186558287602,63.014,32,841.0,20.7564,156.77092366691718,297,4,279.0
WASP-2__2026-08-24,33,2026-08-24 06:30:16.047000+00:00,WASP-2,1.1248174823587662,62.752,32,774.0,10.3782,319.99768746025325,584,4,281.0
WASP-2__2026-08-24,34,2026-08-24 06:33:15.370000+00:00,WASP-2,1.1276381861930107,62.475,41,625.0,7.412999999999999,468.0965870767571,3078,40,280.0
WASP-2__2026-08-24,35,2026-08-24 06:36:15.679000+00:00,WASP-2,1.1306556797408758,62.183,41,697.0,11.8608,286.48995008768384,1653,30,280.0
WASP-2__2026-08-24,36,2026-08-24 06:39:16.023000+00:00,WASP-2,1.1338669146817608,61.877,41,812.0,19.2738,170.33485872012787,791,17,280.0
WASP-2__2026-08-24,37,2026-08-24 06:42:15.428000+00:00,WASP-2,1.137290191400992,61.556,41,816.0,13.3434,245.73946670263956,956,17,280.0
WASP-2__2026-08-24,38,2026-08-24 06:45:16.891000+00:00,WASP-2,1.1409122518141743,61.222,41,1009.0,13.3434,208.79236176686604,306,0,280.0
WASP-2__2026-08-24,39,2026-08-24 06:48:15.312000+00:00,WASP-2,1.1447188808004451,60.877,41,907.0,7.412999999999999,298.79940644813166,313,0,280.0
WASP-2__2026-08-24,40,2026-08-24 06:51:15.705000+00:00,WASP-2,1.1487854240446782,60.515,41,971.0,11.8608,32.628490489680296,27,0,280.0
WASP-2__2026-08-24,41,2026-08-24 06:54:16.053000+00:00,WASP-2,1.1530426397404856,60.143,41,990.0,7.412999999999999,59.759881289626335,143,0,280.0
WASP-2__2026-08-24,42,2026-08-24 06:57:15.424000+00:00,WASP-2,1.1575100062101815,59.76,41,961.0,8.8956,41.36876658123117,77,0,281.0
WASP-2__2026-08-24,43,2026-08-24 07:00:15.856000+00:00,WASP-2,1.1622083627388118,59.365,41,1015.0,7.412999999999999,191.6902738432484,334,0,280.0
WASP-2__2026-08-24,44,2026-08-24 07:03:15.326000+00:00,WASP-2,1.1671355255714733,58.959,42,1094.0,14.826,36.42250101173615,51,0,280.0
WASP-2__2026-08-24,45,2026-08-24 07:06:15.690000+00:00,WASP-2,1.1722763723325749,58.544,42,1027.0,11.8608,150.4957507082153,238,0,280.0
WASP-2__2026-08-24,46,2026-08-24 07:09:16.135000+00:00,WASP-2,1.1777037086308244,58.115,42,940.0,19.2738,151.03404621818223,224,0,281.0
WASP-2__2026-08-24,47,2026-08-24 07:12:15.530000+00:00,WASP-2,1.1833004315909266,57.682,42,1005.0,10.3782,297.7394923975256,421,2,281.0
WASP-2__2026-08-24,48,2026-08-24 07:15:15.898000+00:00,WASP-2,1.1891657113299556,57.238,42,842.0,8.8956,365.686406762894,1244,11,281.0
WASP-2__2026-08-24,49,2026-08-24 07:18:15.311000+00:00,WASP-2,1.1952981193726502,56.784,42,770.0,22.239,149.5121183506453,692,21,280.0
WASP-2__2026-08-24,50,2026-08-24 07:21:15.686000+00:00,WASP-2,1.2016817212265485,56.322,42,743.0,14.826,226.08930257655476,1359,23,280.0
WASP-2__2026-08-24,51,2026-08-24 07:24:16.019000+00:00,WASP-2,1.2083129593607795,55.853,42,582.0,5.9304,592.3715095103197,4378,29,281.0
WASP-2__2026-08-24,52,2026-08-24 07:27:16.402000+00:00,WASP-2,1.2152314362612184,55.375,42,827.0,17.7912,183.68631683079275,940,17,281.0
WASP-2__2026-08-24,53,2026-08-24 07:30:15.816000+00:00,WASP-2,1.2224201423967245,54.89,42,617.0,5.9304,31.532443005530823,52,0,281.0
WASP-2__2026-08-24,54,2026-08-24 07:33:15.185000+00:00,WASP-2,1.2298445074514175,54.401,61,824.0,22.239,70.95642789693783,52,0,280.0
WASP-2__2026-08-24,55,2026-08-24 07:36:15.533000+00:00,WASP-2,1.2376550095524548,53.899,61,879.0,65.2344,49.29914278356205,122,4,280.0
WASP-2__2026-08-24,56,2026-08-24 07:39:15.978000+00:00,WASP-2,1.2457100327173527,53.394,61,629.0,31.1346,111.32309392123231,892,29,280.0
WASP-2__2026-08-24,57,2026-08-24 07:42:15.350000+00:00,WASP-2,1.2540845752656753,52.882,61,604.0,13.3434,261.6274712591993,1076,3,280.0
WASP-2__2026-08-24,58,2026-08-24 07:45:15.661000+00:00,WASP-2,1.2627759438661588,52.364,61,582.0,8.8956,394.91433967354646,2790,33,281.0
WASP-2__2026-08-24,59,2026-08-24 07:48:15.975000+00:00,WASP-2,1.271780487670897,51.841,61,726.0,22.239,8.408651468141555,1,0,281.0
WASP-2__2026-08-24,60,2026-08-24 07:51:15.384000+00:00,WASP-2,1.281129294792707,51.312,61,704.0,50.4084,67.27053427603336,346,29,281.0
WASP-2__2026-08-24,61,2026-08-24 07:54:16.831000+00:00,WASP-2,1.2908193383057616,50.778,61,658.0,29.652,115.9112370160529,4829,32,279.0
WASP-2__2026-08-24,62,2026-08-24 07:57:15.233000+00:00,WASP-2,1.30080870670187,50.242,61,959.0,13.3434,32.52544329031581,19,0,280.0
WASP-2__2026-08-24,63,2026-08-24 08:00:15.668000+00:00,WASP-2,1.3112635897908078,49.696,61,608.0,25.2042,138.34995754675808,1103,37,281.0
WASP-2__2026-08-24,64,2026-08-24 08:03:16.078000+00:00,WASP-2,1.3220687753683886,49.147,83,925.0,19.2738,10.53243262874991,9,0,280.0
WASP-2__2026-08-24,65,2026-08-24 08:06:15.465000+00:00,WASP-2,1.3332590030754423,48.594,83,712.0,4.4478,284.63510049912315,847,0,281.0
WASP-2__2026-08-24,66,2026-08-24 08:09:15.785000+00:00,WASP-2,1.3448510389606718,48.037,83,568.0,8.8956,396.4881514456585,1992,15,280.0
WASP-2__2026-08-24,67,2026-08-24 08:12:15.341000+00:00,WASP-2,1.356775765748525,47.48,83,556.0,5.9304,596.7556994469176,4867,31,279.0
WASP-2__2026-08-24,68,2026-08-24 08:15:15.751000+00:00,WASP-2,1.369290228097978,46.912,83,657.0,40.0302,85.88515670668644,412,19,281.0
WASP-2__2026-08-24,69,2026-08-24 08:18:16.150000+00:00,WASP-2,1.3821978157548445,46.343,83,496.0,7.412999999999999,485.4984486712533,1135,2,280.0
WASP-2__2026-08-24,70,2026-08-24 08:21:15.538000+00:00,WASP-2,1.3955611269803925,45.771,83,454.0,4.4478,45.640541391249606,637,0,280.0
WASP-2__2026-08-24,71,2026-08-24 08:24:15.968000+00:00,WASP-2,1.4094249088467352,45.195,83,447.0,4.4478,48.113674175997126,583,0,280.0
WASP-2__2026-08-24,72,2026-08-24 08:27:15.273000+00:00,WASP-2,1.4237626002871555,44.617,83,492.0,4.4478,150.41143936328072,367,0,280.0
WASP-2__2026-08-24,73,2026-08-24 08:30:15.718000+00:00,WASP-2,1.4386467640787437,44.035,83,466.0,4.4478,49.46265569495032,601,0,280.0
WASP-2__2026-08-24,74,2026-08-24 08:33:16.153000+00:00,WASP-2,1.4541845611846158,43.446,88,473.0,4.4478,46.76469265704393,859,0,280.0
WASP-2__2026-08-24,75,2026-08-24 08:36:15.447000+00:00,WASP-2,1.470080455599126,42.862,88,487.0,19.2738,187.19712770704277,208,4,280.0
WASP-2__2026-08-24,76,2026-08-24 08:39:16.874000+00:00,WASP-2,1.4867692686001777,42.268,88,491.0,4.4478,810.2882323845497,3422,19,280.0
