session_id,frame_index,target_x,target_y,target_flux,target_sky,comp_flux_sum,n_comps_ok,t_utc,MJD-OBS,airmass,TELALT,WEATHER,sky_level,CAMTEMP,target,rel_flux,norm_flux,target_only_norm,bjd_tdb
CoRoT-2__2026-08-09,1,387.9497120165559,218.60573216885476,13316.0,37.0,91388.0,8,2026-08-09 05:22:56.649000+00:00,61261.224,1.161177480764297,59.451,100,412.0,281.0,CoRoT-2,0.1457084081060971,0.9927652448378025,1.0498472454912782,2461261.7298135506
CoRoT-2__2026-08-09,2,384.7974654156625,220.9046330696453,13391.0,38.0,91195.0,8,2026-08-09 05:26:58.583000+00:00,61261.227,1.1597464548861525,59.571,100,413.0,281.0,CoRoT-2,0.14683919074510665,1.0004696849457284,1.0557603232482506,2461261.732813447
CoRoT-2__2026-08-09,3,384.5043757919933,219.80271063707596,13128.0,37.0,89608.0,8,2026-08-09 05:28:44.793000+00:00,61261.228,1.159200176920525,59.617,100,412.0,281.0,CoRoT-2,0.14650477635925363,0.9981911961202454,1.0350251305804672,2461261.733813412
CoRoT-2__2026-08-09,4,380.0389098752644,221.6731806105748,13338.0,35.0,91766.0,8,2026-08-09 05:30:31.115000+00:00,61261.23,1.1587498549423878,59.655,100,412.0,282.0,CoRoT-2,0.14534795022121483,0.9903093120265793,1.05158174829999,2461261.7358133425
CoRoT-2__2026-08-09,5,379.38122530434686,214.6345103209846,13213.0,35.0,90799.0,8,2026-08-09 05:33:15.944000+00:00,61261.231,1.158205877564313,59.701,100,412.0,282.0,CoRoT-2,0.14551922377999757,0.9914762620930119,1.041726618705036,2461261.7368133077
CoRoT-2__2026-08-09,6,380.67639662686577,214.4294566262039,13257.0,41.0,90178.0,8,2026-08-09 05:36:16.472000+00:00,61261.234,1.1577928234875206,59.736,100,413.0,280.0,CoRoT-2,0.14700924837543525,1.0016283504421408,1.0451956243224598,2461261.7398132035
CoRoT-2__2026-08-09,7,373.60703021656514,214.45534635213704,13345.0,37.0,91546.0,8,2026-08-09 05:39:15.174000+00:00,61261.236,1.1575806785347056,59.754,100,412.0,281.0,CoRoT-2,0.14577370939199966,0.9932101666369623,1.0521336355573077,2461261.741813134
CoRoT-2__2026-08-09,8,376.63201824870544,213.47595049976434,11505.0,39.0,80130.0,8,2026-08-09 05:42:15.728000+00:00,61261.238,1.1575571187238851,59.756,100,414.0,281.0,CoRoT-2,0.1435791838262823,0.9782580527619288,0.9070661279195822,2461261.7438130644
CoRoT-2__2026-08-09,9,381.49263645081544,214.02673848408395,11644.0,39.0,79461.0,8,2026-08-09 05:45:16.056000+00:00,61261.24,1.1577338750726225,59.741,100,414.0,281.0,CoRoT-2,0.1465372950252325,0.9984127578119276,0.9180250320291712,2461261.745812995
CoRoT-2__2026-08-09,10,385.52666254391943,212.89919154007094,13144.0,37.0,88959.0,8,2026-08-09 05:48:15.794000+00:00,61261.242,1.1581114011195446,59.709,100,412.0,281.0,CoRoT-2,0.14775345945885182,1.006698935647499,1.0362865871686213,2461261.7478129254
CoRoT-2__2026-08-09,11,383.5597320179792,213.31046302405562,11553.0,37.0,78575.0,8,2026-08-09 05:51:15.404000+00:00,61261.244,1.158690666032992,59.66,100,412.0,281.0,CoRoT-2,0.1470314985682469,1.0017799492304431,0.9108504976840446,2461261.749812856
CoRoT-2__2026-08-09,12,382.9080366617812,211.61043968764545,12803.0,37.0,87696.0,8,2026-08-09 05:54:17.035000+00:00,61261.246,1.1594612828318087,59.595,100,411.0,281.0,CoRoT-2,0.14599297573435505,0.9947041092781765,1.0094017936335862,2461261.751812786
CoRoT-2__2026-08-09,13,382.38347591846724,211.55084392643934,3561.0,43.0,24572.0,8,2026-08-09 05:57:16.611000+00:00,61261.248,1.1604251174558586,59.514,100,417.0,281.0,CoRoT-2,0.14492104834771286,0.9874006717601899,0.2807529319010545,2461261.7538127163
CoRoT-2__2026-08-09,14,379.882460690217,213.78404729786527,13136.0,34.0,89964.0,8,2026-08-09 06:00:15.288000+00:00,61261.25,1.161584507318822,59.417,100,411.0,282.0,CoRoT-2,0.14601396114001156,0.9948470906040684,1.0356558588745441,2461261.7558126464
CoRoT-2__2026-08-09,15,380.1176464846374,203.032100970772,13432.0,36.0,92528.0,8,2026-08-09 06:03:16.965000+00:00,61261.252,1.1629663699883843,59.302,100,411.0,281.0,CoRoT-2,0.145166868407401,0.9890755346930458,1.0589928057553957,2461261.7578125764
CoRoT-2__2026-08-09,16,379.3279313836776,206.9136990931107,13237.0,34.0,91658.0,8,2026-08-09 06:06:15.478000+00:00,61261.254,1.1645259672274593,59.173,100,412.0,282.0,CoRoT-2,0.14441729036199785,0.9839683823918015,1.043618803587267,2461261.759812507
CoRoT-2__2026-08-09,17,379.4812614310391,206.3245959520743,13384.0,35.0,92025.0,8,2026-08-09 06:09:16.052000+00:00,61261.256,1.1662910715765202,59.028,100,412.0,282.0,CoRoT-2,0.14543873947296931,0.990927892758592,1.0552084359909333,2461261.761812437
CoRoT-2__2026-08-09,18,383.09657836006556,205.04739095995902,13329.0,38.0,91277.0,8,2026-08-09 06:12:15.646000+00:00,61261.259,1.1682660062268988,58.867,100,413.0,281.0,CoRoT-2,0.1460280245845065,0.994942910049897,1.0508721789691535,2461261.7648123316
CoRoT-2__2026-08-09,19,376.64064199258104,203.3130478771306,13171.0,41.0,90155.0,8,2026-08-09 06:15:15.175000+00:00,61261.261,1.17043077540296,58.692,100,413.0,280.0,CoRoT-2,0.1460928401087017,0.995384522174985,1.0384152951611314,2461261.7668122617
CoRoT-2__2026-08-09,20,381.63755256559926,203.27672689074166,13436.0,35.0,91488.0,8,2026-08-09 06:18:15.828000+00:00,61261.263,1.1728276966140088,58.5,100,412.0,282.0,CoRoT-2,0.14686079048618397,1.0006168519659284,1.0593081699024343,2461261.7688121917
CoRoT-2__2026-08-09,21,379.1448613918927,203.61097433728105,13186.0,38.0,91028.0,8,2026-08-09 06:21:15.416000+00:00,61261.265,1.1754250442062697,58.294,100,412.0,281.0,CoRoT-2,0.14485652766181834,0.9869610684774298,1.039597910712526,2461261.7708121217
CoRoT-2__2026-08-09,22,375.52877490010167,201.62079712091503,13319.0,40.0,91614.5,8,2026-08-09 06:24:15.222000+00:00,61261.267,1.178241314882358,58.073,100,412.0,280.0,CoRoT-2,0.1453809167762745,0.990533925352129,1.0500837686015572,2461261.7728120512
CoRoT-2__2026-08-09,23,377.1882976419787,204.20203289933042,13338.0,37.0,90423.0,8,2026-08-09 06:27:15.847000+00:00,61261.269,1.1812571988248586,57.839,100,412.0,281.0,CoRoT-2,0.14750671842340998,1.0050177977663988,1.05158174829999,2461261.7748119812
CoRoT-2__2026-08-09,24,378.0447943160688,203.526895693158,11468.0,38.0,76973.0,8,2026-08-09 06:30:16.413000+00:00,61261.271,1.184492041346157,57.591,100,413.0,281.0,CoRoT-2,0.14898730723760278,1.0151055966500153,0.9041490095594757,2461261.7768119113
CoRoT-2__2026-08-09,25,374.80118403016843,206.14837152913884,12761.0,35.0,87273.0,8,2026-08-09 06:33:16.067000+00:00,61261.273,1.1879530427854403,57.329,100,412.0,282.0,CoRoT-2,0.14621933473124563,0.9962463767965045,1.0060904700896818,2461261.778811841
CoRoT-2__2026-08-09,26,377.5033100233077,203.81095215879122,5141.0,42.0,38065.0,8,2026-08-09 06:36:15.647000+00:00,61261.275,1.1916344796379457,57.054,100,416.0,281.0,CoRoT-2,0.1350584526467884,0.9202031615888134,0.4053217699812752,2461261.7808117704
CoRoT-2__2026-08-09,27,376.3039906381703,203.64009195054504,10400.0,39.0,71869.0,8,2026-08-09 06:39:15.309000+00:00,61261.277,1.1955441082246356,56.766,100,413.0,281.0,CoRoT-2,0.14470773212372512,0.9859472694748471,0.8199467823001872,2461261.7828117004
CoRoT-2__2026-08-09,28,374.60439787420114,201.57139535717533,13229.0,37.0,89099.0,8,2026-08-09 06:42:16.827000+00:00,61261.279,1.1997041070158536,56.464,100,412.0,281.0,CoRoT-2,0.1484752915296468,1.011617044367572,1.0429880752931902,2461261.78481163
CoRoT-2__2026-08-09,29,374.89002490513167,203.01359844842423,12042.0,38.0,83164.0,8,2026-08-09 06:45:15.449000+00:00,61261.281,1.204053531258775,56.153,100,413.0,281.0,CoRoT-2,0.14479823000336683,0.9865638649809513,0.9494037646595053,2461261.7868115595
CoRoT-2__2026-08-09,30,375.40203587393745,200.7039587024043,12797.0,38.0,87053.0,8,2026-08-09 06:48:15.947000+00:00,61261.284,1.2086707702145052,55.828,100,413.0,281.0,CoRoT-2,0.14700240083627217,1.001581695626663,1.0089287474130284,2461261.789811454
CoRoT-2__2026-08-09,31,377.9250377246489,194.21061802052716,12926.0,38.0,89030.0,8,2026-08-09 06:51:16.668000+00:00,61261.286,1.2135228746414832,55.492,100,412.0,281.0,CoRoT-2,0.14518701561271483,0.9892128050501662,1.0190992411550213,2461261.7918113833
CoRoT-2__2026-08-09,32,379.51354870214266,200.02001151310694,12949.0,36.0,88820.0,8,2026-08-09 06:54:16.435000+00:00,61261.288,1.2186190585282548,55.145,100,411.0,281.0,CoRoT-2,0.14578923665841026,0.993315959642597,1.0209125850004928,2461261.793811313
CoRoT-2__2026-08-09,33,375.1260510833914,199.74673821932586,10330.0,38.0,66709.0,8,2026-08-09 06:57:16.086000+00:00,61261.29,1.2239691010398264,54.787,100,413.0,281.0,CoRoT-2,0.15485166919006432,1.0550616623652742,0.814427909727013,2461261.7958112424
CoRoT-2__2026-08-09,34,377.3396650724781,197.49680715000264,13033.0,38.0,88812.0,8,2026-08-09 07:00:15.500000+00:00,61261.292,1.229568028876984,54.419,100,410.0,280.0,CoRoT-2,0.14674818718191235,0.999849644030657,1.027535232088302,2461261.7978111715
CoRoT-2__2026-08-09,35,374.0055925187079,195.32733069702732,13105.0,32.0,89815.0,8,2026-08-09 07:03:15.907000+00:00,61261.294,1.2354416349852595,54.04,100,409.0,282.0,CoRoT-2,0.14591103935868174,0.9941458464633278,1.0332117867349955,2461261.799811101
CoRoT-2__2026-08-09,36,375.54928644744126,198.32194962011832,13001.0,32.0,88818.0,8,2026-08-09 07:06:16.481000+00:00,61261.296,1.2415696864397137,53.652,100,409.0,282.0,CoRoT-2,0.14637798644418923,0.9973273295616305,1.0250123189119937,2461261.80181103
CoRoT-2__2026-08-09,37,374.8228981724788,198.52139929781688,12863.0,34.0,88669.0,8,2026-08-09 07:09:16.062000+00:00,61261.298,1.2480114533830278,53.252,100,409.0,281.0,CoRoT-2,0.14506761100271798,0.988399257304919,1.0141322558391643,2461261.8038109597
CoRoT-2__2026-08-09,38,377.03269728815843,195.97606578246524,12699.5,33.5,87303.0,8,2026-08-09 07:12:15.723000+00:00,61261.3,1.2546648352300442,52.847,100,408.0,281.0,CoRoT-2,0.14546464611754464,0.9911044043043501,1.0012417463289642,2461261.8058108888
CoRoT-2__2026-08-09,39,381.51870441534,196.99105952474315,13056.0,32.0,88837.0,8,2026-08-09 07:15:16.340000+00:00,61261.302,1.2616391770412163,52.431,100,407.0,281.0,CoRoT-2,0.1469657912806601,1.001332261191732,1.0293485759337735,2461261.807810818
CoRoT-2__2026-08-09,40,379.5830380344909,195.42554531852903,12868.0,34.0,88054.0,8,2026-08-09 07:18:17.017000+00:00,61261.304,1.268949004577077,52.004,100,406.0,280.0,CoRoT-2,0.1461375973834238,0.9956894700319776,1.0145264610229625,2461261.8098107474
CoRoT-2__2026-08-09,41,377.392049420024,197.693972305581,12975.0,34.0,88520.0,8,2026-08-09 07:21:15.544000+00:00,61261.306,1.2764860299048884,51.573,100,406.0,280.0,CoRoT-2,0.14657704473565297,0.9986835872823113,1.0229624519562432,2461261.8118106765
CoRoT-2__2026-08-09,42,379.39216399175297,194.9245384631392,12921.0,31.0,88568.0,8,2026-08-09 07:24:17.105000+00:00,61261.309,1.2844210562047675,51.129,100,405.0,281.0,CoRoT-2,0.14588790533827115,0.9939882258308913,1.018705035971223,2461261.81481057
CoRoT-2__2026-08-09,43,378.93494409257954,192.7985769020252,12768.0,34.0,87925.0,8,2026-08-09 07:27:15.858000+00:00,61261.311,1.292570405981271,50.683,100,406.0,280.0,CoRoT-2,0.14521467159510948,0.9894012354811216,1.0066423573469991,2461261.816810499
CoRoT-2__2026-08-09,44,379.3243186472951,195.6019721292888,12820.0,31.0,87849.0,8,2026-08-09 07:30:16.412000+00:00,61261.313,1.301092126677621,50.227,100,406.0,281.0,CoRoT-2,0.14593222461268768,0.9942901894298973,1.0107420912585001,2461261.818810428
CoRoT-2__2026-08-09,45,382.17476116567155,191.51902521714294,12758.0,37.0,87002.5,8,2026-08-09 07:33:16.870000+00:00,61261.315,1.3099652114749598,49.763,100,406.0,279.0,CoRoT-2,0.14663946438320738,0.9991088754142214,1.0058539469794028,2461261.820810357
CoRoT-2__2026-08-09,46,382.78073824175016,199.51875425689425,12500.0,31.0,85148.0,8,2026-08-09 07:36:16.378000+00:00,61261.317,1.3191660846330364,49.293,100,406.0,281.0,CoRoT-2,0.14680321322873116,1.0002245568277466,0.9855129594954174,2461261.822810286
CoRoT-2__2026-08-09,47,383.16856879236616,197.71335679993055,12871.0,31.0,86699.0,8,2026-08-09 07:39:16.063000+00:00,61261.319,1.328749453144013,48.815,100,406.0,281.0,CoRoT-2,0.1484561528968039,1.0114866457875098,1.0147629841332413,2461261.824810215
CoRoT-2__2026-08-09,48,383.23960552268244,198.30074950690334,12890.0,36.0,87731.0,8,2026-08-09 07:42:15.677000+00:00,61261.321,1.338670880912206,48.332,100,405.0,279.0,CoRoT-2,0.14692640001823756,1.001063873960057,1.0162609638316744,2461261.826810144
CoRoT-2__2026-08-09,49,382.5635805102878,200.30121595280445,12592.0,33.0,84951.0,8,2026-08-09 07:45:15.398000+00:00,61261.323,1.348987352885567,47.842,100,406.0,280.0,CoRoT-2,0.14822662476015586,1.009922785748557,0.9927663348773036,2461261.8288100725
CoRoT-2__2026-08-09,50,386.0639975869286,197.08470332576152,12668.0,33.0,85713.0,8,2026-08-09 07:48:17.139000+00:00,61261.325,1.359761030007806,47.343,100,406.0,280.0,CoRoT-2,0.14779555026658733,1.0069857158792652,0.9987582536710358,2461261.8308100016
CoRoT-2__2026-08-09,51,387.7829348929939,199.2730853233405,12647.0,33.0,86433.0,8,2026-08-09 07:51:15.728000+00:00,61261.327,1.370812993003116,46.844,100,405.0,280.0,CoRoT-2,0.1463214281582266,0.9969419770528692,0.9971025918990835,2461261.83280993
CoRoT-2__2026-08-09,52,385.42276161388844,193.86617907088893,12417.0,30.0,85791.0,8,2026-08-09 07:54:15.413000+00:00,61261.329,1.3823359492694305,46.337,100,405.0,281.0,CoRoT-2,0.14473546176172325,0.9861362017486553,0.9789691534443677,2461261.834809859
CoRoT-2__2026-08-09,53,389.52403423178436,197.8769895225146,12743.0,33.0,84707.0,8,2026-08-09 07:57:16.997000+00:00,61261.331,1.394377149900312,45.821,100,405.0,280.0,CoRoT-2,0.15043620952223546,1.0249775034949657,1.0046713314280082,2461261.8368097874
CoRoT-2__2026-08-09,54,389.73999145033144,193.07471211736723,12750.0,33.0,86356.0,8,2026-08-09 08:00:15.527000+00:00,61261.334,1.4067207758853342,45.306,100,406.0,280.0,CoRoT-2,0.14764463384130808,1.0059574664883082,1.0052232186853256,2461261.839809681
CoRoT-2__2026-08-09,55,386.19258102303786,193.8824677860211,12756.0,34.0,86327.0,8,2026-08-09 08:03:16.131000+00:00,61261.336,1.419600274623916,44.783,100,406.0,280.0,CoRoT-2,0.14776373556361277,1.006768950547748,1.0056962649058836,2461261.8418096094
CoRoT-2__2026-08-09,56,391.69139998901375,195.89450204362768,12824.0,36.5,86361.5,8,2026-08-09 08:06:16.686000+00:00,61261.338,1.4329666108196937,44.255,100,406.0,279.0,CoRoT-2,0.14849209427812163,1.011731527703986,1.0110574554055385,2461261.843809538
CoRoT-2__2026-08-09,57,391.2067046203517,202.07200800749612,12710.0,37.0,86167.0,8,2026-08-09 08:09:16.262000+00:00,61261.34,1.4468166692950928,43.723,100,406.0,279.0,CoRoT-2,0.1475042649738299,1.005001081507504,1.0020695772149404,2461261.845809466
CoRoT-2__2026-08-09,58,394.8334996110754,200.40575990273382,12589.0,34.0,86092.0,8,2026-08-09 08:12:15.775000+00:00,61261.342,1.4612001001659691,43.186,100,406.0,280.0,CoRoT-2,0.14622729173442364,0.9963005908004242,0.9925298117670247,2461261.847809395
CoRoT-2__2026-08-09,59,392.24160663691606,200.10522666028263,12455.5,36.0,85711.5,8,2026-08-09 08:15:15.203000+00:00,61261.344,1.4761152227892702,42.645,100,405.0,279.0,CoRoT-2,0.14531888953057642,0.9901113107991156,0.9820045333596137,2461261.8498093234
CoRoT-2__2026-08-09,60,392.3512012792286,196.6001322657481,12588.0,36.0,85550.0,8,2026-08-09 08:18:15.809000+00:00,61261.346,1.4916163651438297,42.099,100,405.0,279.0,CoRoT-2,0.14714202220923436,1.002532987651022,0.9924509707302651,2461261.851809252
CoRoT-2__2026-08-09,61,395.1205548247281,196.82369734720154,12360.0,33.0,84925.0,8,2026-08-09 08:21:15.345000+00:00,61261.348,1.5076739480972714,41.55,100,405.0,280.0,CoRoT-2,0.14554018251398293,0.9916190616949492,0.9744752143490687,2461261.85380918
CoRoT-2__2026-08-09,62,395.77547452835967,198.29983342377477,12487.5,36.0,84527.0,8,2026-08-09 08:24:16.967000+00:00,61261.35,1.524467352843888,40.993,100,405.0,279.0,CoRoT-2,0.1477338601866859,1.006565398561456,0.984527446535922,2461261.855809109
CoRoT-2__2026-08-09,63,397.36479497403064,195.09545736190773,12445.0,36.0,84049.5,8,2026-08-09 08:27:15.473000+00:00,61261.352,1.5416917061950144,40.439,100,405.0,279.0,CoRoT-2,0.1480675078376433,1.0088386633386752,0.9811767024736375,2461261.857809037
CoRoT-2__2026-08-09,64,399.02828185047514,199.39461099760706,12318.0,34.0,83713.0,8,2026-08-09 08:30:16.104000+00:00,61261.354,1.55965264019761,39.879,100,406.0,280.0,CoRoT-2,0.147145604625327,1.002557395976084,0.9711638908051641,2461261.8598089656
CoRoT-2__2026-08-09,65,397.63935371980176,203.26556404610278,12125.0,34.0,82809.0,8,2026-08-09 08:33:15.670000+00:00,61261.356,1.5783577142037404,39.314,100,406.0,280.0,CoRoT-2,0.14642128271081645,0.9976223230304181,0.9559475707105548,2461261.8618088937
CoRoT-2__2026-08-09,66,400.78137339068854,201.33164938781326,12308.0,34.0,82586.0,8,2026-08-09 08:36:17.181000+00:00,61261.359,1.597847892062535,38.744,100,406.0,280.0,CoRoT-2,0.14903252367229314,1.015413672933598,0.9703754804375677,2461261.864808786
CoRoT-2__2026-08-09,67,403.82827694693987,203.29072947292346,12003.5,37.5,82396.0,8,2026-08-09 08:39:16.732000+00:00,61261.361,1.6179157319001385,38.176,100,407.0,279.0,CoRoT-2,0.14568061556386233,0.9925758839741777,0.9463683847442594,2461261.8668087143
CoRoT-2__2026-08-09,68,405.67485153485137,198.42181521516747,12212.0,34.0,81691.0,8,2026-08-09 08:42:16.571000+00:00,61261.363,1.6388799497244668,37.602,100,407.0,280.0,CoRoT-2,0.14949015191391954,1.018531663303873,0.9628067409086429,2461261.8688086425
CoRoT-2__2026-08-09,69,406.9156755172985,197.99394110718524,12124.0,35.0,81968.5,8,2026-08-09 08:45:16.175000+00:00,61261.365,1.6606402847909492,37.026,100,407.0,280.0,CoRoT-2,0.14791047780549846,1.0077687596842777,0.9558687296737952,2461261.8708085706
CoRoT-2__2026-08-09,70,405.7618389529029,203.35896047992233,12224.0,35.0,82309.0,8,2026-08-09 08:48:15.706000+00:00,61261.367,1.6833177500315335,36.446,100,408.0,280.0,CoRoT-2,0.14851352828973746,1.0118775655481038,0.9637528333497586,2461261.872808499
CoRoT-2__2026-08-09,71,408.60053444244153,204.02565200648147,12302.5,38.5,81739.5,8,2026-08-09 08:51:16.434000+00:00,61261.369,1.7068828846476487,35.864,100,408.0,279.0,CoRoT-2,0.15050862801950096,1.0254709174859842,0.9699418547353897,2461261.874808427
CoRoT-2__2026-08-09,72,407.15280049533766,201.19819444587407,12323.0,40.0,81507.5,8,2026-08-09 08:54:17.087000+00:00,61261.371,1.7315973473338786,35.275,100,409.0,279.0,CoRoT-2,0.15118854093181608,1.030103415484119,0.9715580959889623,2461261.876808355
CoRoT-2__2026-08-09,73,409.7642991063807,198.97188256026354,11923.5,41.0,81227.0,8,2026-08-09 08:57:15.534000+00:00,61261.373,1.7570049061065645,34.691,100,410.0,279.0,CoRoT-2,0.14679232274982457,1.000150355969343,0.9400611018034887,2461261.8788082832
CoRoT-2__2026-08-09,74,410.6705938168447,195.40343070853532,12072.0,38.0,81151.0,8,2026-08-09 09:00:16.098000+00:00,61261.375,1.7838169522033211,34.097,100,410.0,280.0,CoRoT-2,0.1487597195351875,1.0135549575067624,0.9517689957622942,2461261.880808211
CoRoT-2__2026-08-09,75,414.97303087810906,206.69562945742157,11850.0,39.0,80876.0,8,2026-08-09 09:03:15.600000+00:00,61261.377,1.8114189272565584,33.508,100,411.0,280.0,CoRoT-2,0.1465205994361739,0.9982990045922274,0.9342662856016557,2461261.882808139
CoRoT-2__2026-08-09,76,415.12006186307093,205.1805796452426,11889.5,41.5,79741.0,8,2026-08-09 09:06:15.219000+00:00,61261.379,1.8403837402607168,32.913,100,411.0,279.0,CoRoT-2,0.14910146599616259,1.0158834024703183,0.9373805065536612,2461261.884808067
CoRoT-2__2026-08-09,77,413.42341992466095,207.23980365539342,11845.5,42.0,79049.0,8,2026-08-09 09:09:15.827000+00:00,61261.381,1.870598119549873,32.316,100,411.0,279.0,CoRoT-2,0.14985009298030336,1.0209840748396268,0.9339115009362373,2461261.886807995
CoRoT-2__2026-08-09,78,417.6863525847178,206.7487039288586,11644.5,46.0,78765.0,8,2026-08-09 09:12:16.358000+00:00,61261.384,1.9021385163458893,31.717,100,412.0,278.0,CoRoT-2,0.14783850695105694,1.0072783956492881,0.918064452547551,2461261.889807887
CoRoT-2__2026-08-09,79,417.9961138164001,208.68811008555855,11540.0,40.0,78897.0,8,2026-08-09 09:15:15.871000+00:00,61261.386,1.9351437300253127,31.115,100,412.0,280.0,CoRoT-2,0.14626665145696288,0.9965687631392158,0.9098255642061693,2461261.8918078146
CoRoT-2__2026-08-09,80,419.7790216270776,207.05199854653029,11517.0,38.0,77795.0,8,2026-08-09 09:18:15.489000+00:00,61261.388,1.9695941499519012,30.512,100,413.0,281.0,CoRoT-2,0.1480429333504724,1.0086712282737391,0.9080122203606977,2461261.8938077427
CoRoT-2__2026-08-09,81,419.4516246477848,205.05943329515122,11531.0,41.0,76910.0,8,2026-08-09 09:21:16.196000+00:00,61261.39,2.005641277445445,29.907,100,414.0,280.0,CoRoT-2,0.1499284878429333,1.021518208017008,0.9091159948753326,2461261.8958076704
CoRoT-2__2026-08-09,82,419.42146755616824,207.9386333288236,11518.5,45.0,76667.5,8,2026-08-09 09:24:15.903000+00:00,61261.392,2.0433916182045806,29.3,100,414.0,279.0,CoRoT-2,0.15023967130792057,1.0236384159914345,0.9081304819158372,2461261.897807598
CoRoT-2__2026-08-09,83,424.0507970351832,213.77495492799164,11432.5,46.0,75813.0,8,2026-08-09 09:27:15.451000+00:00,61261.394,2.082695723969729,28.695,100,415.0,279.0,CoRoT-2,0.150798675688866,1.0274471194720918,0.9013501527545087,2461261.8998075263
CoRoT-2__2026-08-09,84,422.66614995832003,210.94970458426863,11413.0,48.0,75319.5,8,2026-08-09 09:30:16.061000+00:00,61261.396,2.1244081859077526,28.081,100,417.0,279.0,CoRoT-2,0.15152782479968666,1.0324150818905682,0.8998127525376959,2461261.901807454
CoRoT-2__2026-08-09,85,426.4307878909497,210.05272026032094,11251.5,48.0,74348.5,8,2026-08-09 09:33:15.674000+00:00,61261.398,2.168006916903783,27.468,100,418.0,279.0,CoRoT-2,0.15133459316596837,1.031098523342903,0.8870799251010151,2461261.9038073816
CoRoT-2__2026-08-09,86,424.86124606005296,207.620262386697,10940.5,49.5,73455.5,8,2026-08-09 09:36:15.210000+00:00,61261.4,2.213691375358793,26.855,100,419.0,279.0,CoRoT-2,0.14894051500568373,1.0147867838774278,0.8625603626687691,2461261.9058073093
CoRoT-2__2026-08-16,1,399.35387356215347,222.69071634500108,13344.0,29.0,83741.0,8,2026-08-16 04:42:15.468000+00:00,61268.196,1.168278322645315,58.866,86,401.0,280.0,CoRoT-2,0.1593484672979783,0.9970567382239887,1.0706892401508465,2461268.7015370326
CoRoT-2__2026-08-16,2,392.4585030954348,222.81280171749412,12870.0,30.0,80622.0,8,2026-08-16 04:45:15.775000+00:00,61268.198,1.16630328923703,59.027,86,403.0,280.0,CoRoT-2,0.1596338468408127,0.9988423819829727,1.0326566637246248,2461268.703536944
CoRoT-2__2026-08-16,3,388.06308278602125,224.1654909592151,12461.0,31.0,77402.0,8,2026-08-16 04:48:15.283000+00:00,61268.2,1.1645380965360503,59.172,86,404.0,280.0,CoRoT-2,0.16099067207565695,1.007332151391699,0.9998395249939822,2461268.7055368554
CoRoT-2__2026-08-16,4,388.73770785635037,222.9828910852221,13025.0,34.0,81838.5,8,2026-08-16 04:51:15.688000+00:00,61268.202,1.1629663699883843,59.302,86,403.0,279.0,CoRoT-2,0.15915492097240297,0.9958457026153905,1.0450934766910054,2461268.707536767
CoRoT-2__2026-08-16,5,383.9278334384985,223.29239597133042,12934.0,34.0,81046.5,8,2026-08-16 04:54:16.108000+00:00,61268.204,1.1615964892008628,59.416,86,403.0,279.0,CoRoT-2,0.15958739735830665,0.9985517436711961,1.0377918639171948,2461268.709536678
CoRoT-2__2026-08-16,6,385.6271529069297,226.6543219859303,12548.0,32.0,78337.0,8,2026-08-16 04:57:16.545000+00:00,61268.206,1.1604251174558586,59.514,86,404.0,280.0,CoRoT-2,0.16017973626766407,1.0022580579577507,1.006820187755757,2461268.7115365895
CoRoT-2__2026-08-16,7,381.22312511640615,225.83077283670448,10474.0,38.0,65233.75,8,2026-08-16 05:00:15.986000+00:00,61268.209,1.1594612828318087,59.595,86,408.0,279.0,CoRoT-2,0.1605610592676337,1.0046440279831073,0.8404076065152852,2461268.7145364564
CoRoT-2__2026-08-16,8,381.2591611892314,219.70520378179035,9103.0,38.0,56227.0,8,2026-08-16 05:03:15.395000+00:00,61268.211,1.158690666032992,59.66,96,410.0,280.0,CoRoT-2,0.16189730912195208,1.0130050555084462,0.7304019898900747,2461268.7165363673
CoRoT-2__2026-08-16,9,378.4320528413908,220.4219659765438,11451.0,37.0,72011.5,8,2026-08-16 05:06:15.900000+00:00,61268.213,1.1581114011195446,59.709,96,406.0,279.0,CoRoT-2,0.1590162682349347,0.9949781407962522,0.9187996469549867,2461268.7185362787
CoRoT-2__2026-08-16,10,376.6324482106776,218.5279347761325,9592.0,37.0,62151.0,8,2026-08-16 05:09:15.402000+00:00,61268.215,1.157745663570053,59.74,96,409.0,280.0,CoRoT-2,0.1543337999388586,0.9656795435440269,0.7696381288614298,2461268.7205361896
CoRoT-2__2026-08-16,11,376.63252890282877,217.73777994813042,9651.5,40.5,59134.0,8,2026-08-16 05:12:15.864000+00:00,61268.217,1.1575571187238851,59.756,96,410.0,279.0,CoRoT-2,0.16321405621131668,1.0212440525960853,0.7744122602904597,2461268.722536101
CoRoT-2__2026-08-16,12,378.64916030675226,216.2809194365845,7371.5,43.5,46229.0,8,2026-08-16 05:15:15.254000+00:00,61268.219,1.1575806785347056,59.754,96,412.0,279.0,CoRoT-2,0.15945618551125917,0.9977307401281319,0.5914707534301532,2461268.724536012
CoRoT-2__2026-08-16,13,377.8829453125119,220.41755513410706,6027.0,43.0,38299.5,8,2026-08-16 05:18:15.812000+00:00,61268.221,1.1577928234875206,59.736,96,415.0,280.0,CoRoT-2,0.15736497865507382,0.9846458832585593,0.48359143063467863,2461268.726535923
CoRoT-2__2026-08-16,14,382.9242787624261,220.1023644494985,5055.5,47.5,31939.0,8,2026-08-16 05:21:15.229000+00:00,61268.223,1.158194065930904,59.702,96,416.0,279.0,CoRoT-2,0.15828610789317135,0.9904094662361279,0.4056406964615261,2461268.728535834
CoRoT-2__2026-08-16,15,383.8160670814174,218.55585609954016,3839.0,46.0,24533.0,8,2026-08-16 05:24:15.686000+00:00,61268.225,1.1588090587244233,59.65,96,418.0,280.0,CoRoT-2,0.1564831043900053,0.9791279219429435,0.30803177405119153,2461268.7305357447
CoRoT-2__2026-08-16,16,380.3909767938854,219.8170461453014,7907.0,41.0,49142.5,8,2026-08-16 05:30:15.673000+00:00,61268.229,1.1606159685560755,59.498,96,410.0,279.0,CoRoT-2,0.1608994251411711,1.0067612116618472,0.6344379362914226,2461268.7345355665
CoRoT-2__2026-08-16,17,380.20190539359754,218.36867742438866,9458.0,38.0,59220.0,8,2026-08-16 05:33:16.090000+00:00,61268.231,1.161812265880786,59.398,97,408.0,279.0,CoRoT-2,0.159709557581898,0.9993161104463528,0.7588863034582364,2461268.7365354775
CoRoT-2__2026-08-16,18,380.9004168438888,215.28398034257862,10823.0,34.0,67180.0,8,2026-08-16 05:36:16.577000+00:00,61268.234,1.1632195714831928,59.281,97,406.0,280.0,CoRoT-2,0.1611044953855314,1.008044353397791,0.8684104950653936,2461268.7395353434
CoRoT-2__2026-08-16,19,380.37144065512416,211.01043706499692,11036.0,34.0,69339.0,8,2026-08-16 05:39:16.083000+00:00,61268.236,1.1648172383344508,59.149,97,406.0,280.0,CoRoT-2,0.15916006864823548,0.9958779120552554,0.8855010832062906,2461268.7415352543
CoRoT-2__2026-08-16,20,378.90837078232653,213.32937031104856,10531.0,35.0,66851.0,8,2026-08-16 05:42:15.501000+00:00,61268.238,1.1666211630413752,59.001,97,407.0,280.0,CoRoT-2,0.15752943112294507,0.9856748761568843,0.8449811441867929,2461268.7435351647
CoRoT-2__2026-08-16,21,381.8417966339725,212.80663138526947,8114.5,42.0,50432.0,8,2026-08-16 05:45:15.974000+00:00,61268.24,1.168635766665956,58.837,97,411.0,279.0,CoRoT-2,0.16089982550761422,1.0067637167882952,0.6510872181657706,2461268.745535075
CoRoT-2__2026-08-16,22,379.02538531085196,211.49994585074046,9281.0,38.0,58735.0,8,2026-08-16 05:48:15.419000+00:00,61268.242,1.1708411134753505,58.659,97,410.0,280.0,CoRoT-2,0.15801481229250022,0.988711946885698,0.7446842654256599,2461268.747534986
CoRoT-2__2026-08-16,23,378.50140170816013,209.59842841455307,10700.0,36.0,67669.0,8,2026-08-16 05:51:15.915000+00:00,61268.244,1.1732671147785303,58.465,97,408.0,280.0,CoRoT-2,0.15812262631337837,0.989386548266021,0.8585412821952981,2461268.7495348966
CoRoT-2__2026-08-16,24,378.0481087363787,210.72429746025742,10909.0,39.0,67440.0,8,2026-08-16 05:54:15.383000+00:00,61268.246,1.175907086191344,58.256,97,408.0,279.0,CoRoT-2,0.16175860023724792,1.012137142371339,0.8753109203241595,2461268.751534807
CoRoT-2__2026-08-16,25,374.35225847692374,209.91995978164496,10914.0,35.0,69183.0,8,2026-08-16 05:57:15.987000+00:00,61268.248,1.1787415277484197,58.034,97,407.0,280.0,CoRoT-2,0.15775551797406878,0.9870895205658274,0.8757121078392041,2461268.7535347175
CoRoT-2__2026-08-16,26,375.52144973136836,210.83453856922492,7985.0,50.0,50460.0,8,2026-08-16 06:00:15.422000+00:00,61268.25,1.181802235308976,57.797,97,412.0,277.0,CoRoT-2,0.15824415378517637,0.990146955860083,0.6406964615261173,2461268.755534628
CoRoT-2__2026-08-16,27,373.8946760006063,210.33280597636613,6971.0,42.0,43394.0,8,2026-08-16 06:03:15.815000+00:00,61268.252,1.185083291580824,57.546,98,414.0,280.0,CoRoT-2,0.1606443287090381,1.005165051868986,0.5593356334750863,2461268.7575345384
CoRoT-2__2026-08-16,28,372.85566563831264,209.60133721410898,7961.0,40.0,49559.0,8,2026-08-16 06:06:16.120000+00:00,61268.254,1.1886053380773227,57.28,98,412.0,280.0,CoRoT-2,0.16063681672350127,1.0051180487448022,0.6387707614539035,2461268.759534449
CoRoT-2__2026-08-16,29,374.96827528311746,208.870368522358,8029.0,40.0,50523.0,8,2026-08-16 06:09:15.524000+00:00,61268.256,1.192295728184493,57.005,98,412.0,280.0,CoRoT-2,0.15891772064208382,0.9943615202340726,0.6442269116585092,2461268.761534359
CoRoT-2__2026-08-16,30,369.13447201813995,208.40077140842195,6994.0,41.0,39071.0,7,2026-08-16 06:12:15.893000+00:00,61268.259,1.196255975277838,56.714,98,413.0,280.0,CoRoT-2,0.1790074479793197,1.1200646308464697,0.5611810960442911,2461268.7645342243
CoRoT-2__2026-08-16,31,368.18327209208286,207.57048960332298,6136.5,45.5,34096.5,7,2026-08-16 06:15:15.326000+00:00,61268.261,1.2004266923934126,56.412,98,415.0,279.0,CoRoT-2,0.17997448418459372,1.1261154575718502,0.4923774372141539,2461268.7665341347
CoRoT-2__2026-08-16,32,373.4592669206254,207.02805948108514,5204.0,44.0,32338.0,8,2026-08-16 06:18:15.764000+00:00,61268.263,1.204843837789096,56.097,98,416.0,280.0,CoRoT-2,0.16092522728678335,1.0069226578532011,0.41755596565834874,2461268.7685340447
CoRoT-2__2026-08-16,33,370.5211462207739,204.57393461870421,6712.0,42.0,41275.0,8,2026-08-16 06:21:16.107000+00:00,61268.265,1.2094882333778634,55.771,98,415.0,280.0,CoRoT-2,0.1626165960024228,1.0175056939083647,0.5385541201957795,2461268.770533955
CoRoT-2__2026-08-16,34,372.9043175347742,204.40106945896798,9499.0,38.0,59986.0,8,2026-08-16 06:24:15.532000+00:00,61268.267,1.2143832231342122,55.433,98,410.0,280.0,CoRoT-2,0.15835361584369687,0.9908318691502978,0.7621760410816015,2461268.772533865
CoRoT-2__2026-08-16,35,371.2595315381445,205.49618412779182,12444.5,40.0,77855.5,8,2026-08-16 06:27:15.956000+00:00,61268.269,1.2195239878763948,55.084,98,407.0,278.0,CoRoT-2,0.1598409874703778,1.0001384782929652,0.9985156061943352,2461268.774533775
CoRoT-2__2026-08-16,36,371.52266906196087,205.44310195934563,12747.0,36.0,79996.0,8,2026-08-16 06:30:15.330000+00:00,61268.271,1.22492041157565,54.724,98,406.0,279.0,CoRoT-2,0.15934546727336366,0.9970379668181032,1.0227874508545294,2461268.776533685
CoRoT-2__2026-08-16,37,371.11820629733955,205.05247544635662,10841.0,36.0,68597.0,8,2026-08-16 06:33:15.659000+00:00,61268.273,1.2305675831151248,54.354,94,408.0,280.0,CoRoT-2,0.15803898129655816,0.9888631743732336,0.8698547701195539,2461268.778533595
CoRoT-2__2026-08-16,38,368.28243033487666,207.46363947235827,11108.0,36.0,62291.0,7,2026-08-16 06:36:16.066000+00:00,61268.275,1.2364914586626854,53.973,94,408.0,280.0,CoRoT-2,0.17832431651442424,1.115790219917288,0.8912781834229319,2461268.780533505
CoRoT-2__2026-08-16,39,373.5455310589601,205.4112216824652,13351.0,35.5,83777.5,8,2026-08-16 06:39:15.623000+00:00,61268.277,1.2426718229044524,53.583,94,405.0,279.0,CoRoT-2,0.15936259735609204,0.9971451511839167,1.0712509026719088,2461268.782533415
CoRoT-2__2026-08-16,40,371.4248203381926,203.49923413891287,11767.0,35.0,73669.5,8,2026-08-16 06:42:16.067000+00:00,61268.279,1.2491192760021683,53.184,94,407.0,280.0,CoRoT-2,0.15972688833234922,0.9994245504069553,0.9441546979058012,2461268.784533325
CoRoT-2__2026-08-16,41,369.3641170228998,202.74724583456566,9299.5,41.5,51887.0,7,2026-08-16 06:45:15.449000+00:00,61268.281,1.255861677744153,52.775,94,411.0,279.0,CoRoT-2,0.1792260103686858,1.121432194066468,0.7461686592313247,2461268.786533235
CoRoT-2__2026-08-16,42,372.421429235615,205.24593991655914,8649.0,39.0,54616.0,8,2026-08-16 06:48:15.770000+00:00,61268.284,1.2628949284258422,52.357,94,411.0,280.0,CoRoT-2,0.15836018749084518,0.9908729884982372,0.6939741635240312,2461268.7895330996
CoRoT-2__2026-08-16,43,371.6643466831758,203.04049377136192,8112.0,42.5,51569.5,8,2026-08-16 06:51:15.163000+00:00,61268.286,1.2702142607202818,51.931,94,411.0,279.0,CoRoT-2,0.1573022813872541,0.9842535811899679,0.6508866244082484,2461268.7915330096
CoRoT-2__2026-08-16,44,371.9769415032523,202.45654642941707,10761.0,34.0,67013.0,8,2026-08-16 06:54:15.511000+00:00,61268.288,1.2778318795639292,51.497,94,407.0,280.0,CoRoT-2,0.1605807828331816,1.0047674399886624,0.8634357698788414,2461268.793532919
CoRoT-2__2026-08-16,45,369.85233438865225,202.84721885990933,11377.5,36.5,71647.5,8,2026-08-16 06:57:16.031000+00:00,61268.29,1.2857788262311842,51.054,94,406.0,279.0,CoRoT-2,0.15879828326180256,0.9936141905181077,0.9129021904838321,2461268.795532829
CoRoT-2__2026-08-16,46,373.6893083261875,202.66513764127328,12835.0,34.5,80395.5,8,2026-08-16 07:00:15.371000+00:00,61268.292,1.2940328915888688,50.604,94,404.0,279.0,CoRoT-2,0.159648239018353,0.9989324350461595,1.0298483511193133,2461268.7975327387
CoRoT-2__2026-08-16,47,375.9280452672901,200.67427588388773,13630.0,34.5,85495.5,8,2026-08-16 07:03:15.757000+00:00,61268.294,1.3026262752843527,50.146,100,404.0,279.0,CoRoT-2,0.15942359539390963,0.9975268210277234,1.0936371660113937,2461268.799532648
CoRoT-2__2026-08-16,48,373.3383394067616,199.828555931163,13654.0,30.0,85306.0,8,2026-08-16 07:06:15.150000+00:00,61268.296,1.311535444513793,49.682,100,403.0,280.0,CoRoT-2,0.1600590814245188,1.0015031104744316,1.0955628660836074,2461268.8015325577
CoRoT-2__2026-08-16,49,373.0083102151395,203.92964662457427,13416.5,40.5,85500.0,8,2026-08-16 07:09:16.628000+00:00,61268.298,1.3208136270841009,49.21,100,403.0,277.0,CoRoT-2,0.15691812865497076,0.9818499052919498,1.0765064591189921,2461268.803532467
CoRoT-2__2026-08-16,50,372.95552989113105,204.34948951578002,13795.5,33.0,85436.0,8,2026-08-16 07:12:16.056000+00:00,61268.3,1.3304371830655517,48.732,100,402.0,279.0,CoRoT-2,0.16147174493187882,1.0103422646422755,1.1069164727593677,2461268.8055323767
CoRoT-2__2026-08-16,51,374.8154906763559,202.7010627015103,13698.5,35.5,86009.5,8,2026-08-16 07:15:15.401000+00:00,61268.302,1.3404421294672213,48.247,100,402.0,278.0,CoRoT-2,0.1592672902411943,0.9965488065643491,1.0991334349675037,2461268.8075322863
CoRoT-2__2026-08-16,52,371.8975866548812,202.00876080078226,13674.0,29.0,85356.0,8,2026-08-16 07:18:15.816000+00:00,61268.304,1.350824651100933,47.756,100,401.0,280.0,CoRoT-2,0.16019963447209334,1.0023825626934484,1.0971676161437856,2461268.809532196
CoRoT-2__2026-08-16,53,372.5302440012956,203.17464999054914,13670.0,32.0,86022.0,8,2026-08-16 07:21:15.147000+00:00,61268.306,1.3616017725840062,47.259,100,401.0,279.0,CoRoT-2,0.15891283625119157,0.9943309581901835,1.09684666613175,2461268.8115321053
CoRoT-2__2026-08-16,54,376.9637165628809,201.9046180406774,13290.0,29.0,84123.0,8,2026-08-16 07:24:16.605000+00:00,61268.309,1.3727915389572047,46.756,100,402.0,280.0,CoRoT-2,0.15798295353232766,0.988512603948548,1.0663564149883655,2461268.8145319694
CoRoT-2__2026-08-16,55,374.55804284660337,201.10569724396694,13541.5,32.0,84357.5,8,2026-08-16 07:27:15.282000+00:00,61268.311,1.3843899613430672,46.248,100,401.0,279.0,CoRoT-2,0.16052514595619832,1.0044193153783,1.0865361469951056,2461268.816531879
CoRoT-2__2026-08-16,56,375.72931545975104,200.75803451975136,13562.5,32.5,84792.25,8,2026-08-16 07:30:15.826000+00:00,61268.313,1.396439250419073,45.734,100,402.0,279.0,CoRoT-2,0.1599497595593937,1.000819074386062,1.0882211345582926,2461268.818531788
CoRoT-2__2026-08-16,57,375.0887267643836,199.2483401343829,13364.0,32.5,83165.0,8,2026-08-16 07:33:16.349000+00:00,61268.315,1.4089365193833134,45.215,100,402.0,279.0,CoRoT-2,0.16069259905008115,1.0054670834455015,1.0722939902110247,2461268.8205316975
CoRoT-2__2026-08-16,58,378.6195061531944,201.86006548441986,13549.0,29.0,84854.0,8,2026-08-16 07:36:15.829000+00:00,61268.317,1.421902619943504,44.691,100,402.0,280.0,CoRoT-2,0.15967426402998092,0.9990952757288842,1.0871379282676723,2461268.8225316065
CoRoT-2__2026-08-16,59,375.8977634911623,199.59798491762479,13272.0,36.5,83813.0,8,2026-08-16 07:39:15.257000+00:00,61268.319,1.4353339082146923,44.163,100,403.0,278.0,CoRoT-2,0.15835252287831245,0.9908250303741258,1.0649121399342052,2461268.8245315156
CoRoT-2__2026-08-16,60,375.30512917222524,205.6764839077964,13129.5,33.5,81959.0,8,2026-08-16 07:42:15.656000+00:00,61268.321,1.4492782510312543,43.63,100,403.0,279.0,CoRoT-2,0.16019595163435377,1.0023595188685137,1.053478295755436,2461268.826531425
CoRoT-2__2026-08-16,61,380.4674978260412,205.45539681390989,13305.0,34.0,82994.0,8,2026-08-16 07:45:16.046000+00:00,61268.323,1.463760616172145,43.092,100,403.0,279.0,CoRoT-2,0.16031279369592982,1.0030906094574463,1.0675599775334992,2461268.828531334
CoRoT-2__2026-08-16,62,382.8217640670167,203.41561915929623,12875.0,34.0,81930.5,8,2026-08-16 07:48:16.542000+00:00,61268.325,1.4787794859696133,42.55,100,403.0,279.0,CoRoT-2,0.15714538541812878,0.9832718699387133,1.0330578512396693,2461268.8305312432
CoRoT-2__2026-08-16,63,379.4207681158467,201.41262916294934,13503.0,31.0,84471.0,8,2026-08-16 07:51:15.944000+00:00,61268.327,1.494360687682009,42.004,100,403.0,280.0,CoRoT-2,0.15985367759349361,1.000217881458719,1.0834470031292627,2461268.8325311523
CoRoT-2__2026-08-16,64,382.9162877730707,202.23747212381005,13295.0,34.0,83911.5,8,2026-08-16 07:54:15.477000+00:00,61268.329,1.5105317265771434,41.454,100,403.0,279.0,CoRoT-2,0.15844073815865525,0.9913770007894774,1.06675760250341,2461268.8345310614
CoRoT-2__2026-08-16,65,379.438117145174,200.46572040687016,12958.0,35.0,81168.5,8,2026-08-16 07:57:15.914000+00:00,61268.331,1.5273219250262184,40.9,100,404.0,279.0,CoRoT-2,0.1596432113443023,0.9989009764675181,1.0397175639894087,2461268.8365309704
CoRoT-2__2026-08-16,66,384.1359194338716,199.0949018833667,12426.0,38.5,77836.5,8,2026-08-16 08:00:15.413000+00:00,61268.334,1.5447625756446024,40.342,100,404.0,278.0,CoRoT-2,0.15964232718583185,0.9988954442137378,0.9970312123886704,2461268.839530834
CoRoT-2__2026-08-16,67,382.776249889463,203.32434545598213,13299.5,34.0,82806.25,8,2026-08-16 08:03:16.824000+00:00,61268.336,1.5628543483356996,39.781,100,404.0,279.0,CoRoT-2,0.16060985734772434,1.0049493616671508,1.0671186712669503,2461268.8415307426
CoRoT-2__2026-08-16,68,388.26972743176646,203.08865095123062,13118.5,38.0,82028.0,8,2026-08-16 08:06:15.168000+00:00,61268.338,1.5816636259352608,39.216,100,404.0,278.0,CoRoT-2,0.15992709806407568,1.0006772795072774,1.0525956832223382,2461268.8435306516
CoRoT-2__2026-08-16,69,390.0276153269626,203.35490286122075,12226.5,36.0,76633.0,8,2026-08-16 08:09:15.561000+00:00,61268.34,1.6011935866728322,38.648,100,405.0,279.0,CoRoT-2,0.1595461485260919,0.9982936462649206,0.9810238305383936,2461268.8455305607
CoRoT-2__2026-08-16,70,387.80495740004955,202.49244855082105,12710.0,35.5,80201.0,8,2026-08-16 08:12:16.062000+00:00,61268.342,1.6214815708318535,38.077,100,405.0,279.0,CoRoT-2,0.15847682697223225,0.9916028115259194,1.0198186632431998,2461268.8475304693
CoRoT-2__2026-08-16,71,390.4427821969865,201.1574004010425,13146.0,35.5,81435.0,8,2026-08-16 08:15:15.404000+00:00,61268.344,1.642604908723465,37.502,100,405.0,279.0,CoRoT-2,0.1614293608399337,1.0100770638205545,1.054802214555083,2461268.8495303784
CoRoT-2__2026-08-16,72,387.84910107790705,200.99245826793424,13005.0,38.5,81105.0,8,2026-08-16 08:18:15.993000+00:00,61268.346,1.6645330226972392,36.925,100,405.0,278.0,CoRoT-2,0.16034769742925836,1.0033090050472784,1.0434887266308273,2461268.851530287
CoRoT-2__2026-08-16,73,391.09661959232665,204.26861193032303,12898.0,36.5,80747.0,8,2026-08-16 08:21:15.442000+00:00,61268.348,1.6873480110893253,36.345,100,406.0,279.0,CoRoT-2,0.15973348855065822,0.999465848527046,1.0349033138088743,2461268.8535301955
CoRoT-2__2026-08-16,74,389.21687771549347,205.46828640675403,13029.5,35.5,81613.0,8,2026-08-16 08:24:15.996000+00:00,61268.35,1.711099270573407,35.762,100,405.0,279.0,CoRoT-2,0.15964981069192408,0.9989422691396458,1.0454545454545454,2461268.8555301046
CoRoT-2__2026-08-16,75,391.09953647779304,204.5017849505943,13049.0,39.0,80830.0,8,2026-08-16 08:27:15.438000+00:00,61268.352,1.7358399441170933,35.176,100,405.0,278.0,CoRoT-2,0.16143758505505382,1.0101285234250375,1.047019176763219,2461268.857530013
CoRoT-2__2026-08-16,76,396.6716032441619,202.90927880560596,12813.5,37.0,79176.0,8,2026-08-16 08:30:15.910000+00:00,61268.354,1.7615826936766097,34.588,100,406.0,279.0,CoRoT-2,0.16183565726987975,1.0126192946939556,1.0281232448046216,2461268.859529922
CoRoT-2__2026-08-16,77,394.5034618648166,200.12839245382685,12659.0,36.0,79162.5,8,2026-08-16 08:33:16.350000+00:00,61268.356,1.788384201983076,33.998,100,405.0,279.0,CoRoT-2,0.15991157429338387,1.000580145970737,1.0157265505897457,2461268.8615298304
CoRoT-2__2026-08-16,78,394.06636742545686,207.77236293683873,12567.5,38.5,78563.5,8,2026-08-16 08:36:15.745000+00:00,61268.359,1.8163536014510149,33.405,100,405.0,278.0,CoRoT-2,0.15996614203796927,1.0009215809299252,1.0083848190644307,2461268.8645296935
CoRoT-2__2026-08-16,79,400.64146586889876,205.2233320452624,12792.5,34.0,78939.0,8,2026-08-16 08:39:15.255000+00:00,61268.361,1.845562450172947,32.809,100,404.0,279.0,CoRoT-2,0.1620555112175224,1.013994939302525,1.0264382572414346,2461268.866529602
CoRoT-2__2026-08-16,80,401.2486427176806,211.09066236277508,12260.0,34.0,76378.5,8,2026-08-16 08:42:15.763000+00:00,61268.363,1.8759843383701265,32.212,100,404.0,279.0,CoRoT-2,0.16051637568163815,1.0043644390340554,0.983711786889192,2461268.8685295107
CoRoT-2__2026-08-16,81,396.9050615897556,208.75216351512657,12463.0,37.5,77871.5,8,2026-08-16 08:45:17.089000+00:00,61268.365,1.907961143264879,31.609,100,404.0,278.0,CoRoT-2,0.16004571634038126,1.0014194840208972,1.0,2461268.8705294193
CoRoT-2__2026-08-16,82,401.57840597286304,212.82131932175923,12803.0,37.0,78487.75,8,2026-08-16 08:48:16.621000+00:00,61268.367,1.9409838814939808,31.011,100,404.0,278.0,CoRoT-2,0.16312099658863963,1.0206617707240344,1.0272807510230282,2461268.872529328
CoRoT-2__2026-08-16,83,405.38527264715117,210.39403007475772,12541.5,35.0,78281.25,8,2026-08-16 08:51:16.079000+00:00,61268.369,1.975917604358371,30.404,100,404.0,279.0,CoRoT-2,0.16021077844311377,1.0024522914557321,1.0062986439861992,2461268.874529236
CoRoT-2__2026-08-16,84,405.7282181822656,208.61572367697343,12636.5,36.5,77782.0,8,2026-08-16 08:54:15.442000+00:00,61268.371,2.012116537950541,29.801,100,403.0,278.0,CoRoT-2,0.16246046643182227,1.016528778077024,1.0139212067720453,2461268.8765291446
CoRoT-2__2026-08-16,85,405.96897370384204,205.8858878867577,12369.5,33.5,77397.0,8,2026-08-16 08:57:15.925000+00:00,61268.373,2.0501539649854505,29.194,100,403.0,279.0,CoRoT-2,0.1598188560280114,1.0,0.9924977934686673,2461268.878529053
HATP-10__2026-09-05,0,240.31845238095238,244.16220238095238,776.0,58.0,3502.0,4,2026-09-05 07:42:24.011000+00:00,61288.321,1.5398949190941469,40.496,100,426.0,279.0,HATP-10,0.22158766419189035,0.5646968172382222,0.4032216160041569,2461288.8235930535
HATP-10__2026-09-05,1,239.16499282639884,234.41750358680056,857.5,60.5,3434.0,4,2026-09-05 07:48:35.877000+00:00,61288.325,1.5010933236488582,41.773,100,429.0,279.0,HATP-10,0.24970879440885266,0.636361062576846,0.4455702779942842,2461288.82759342
HATP-10__2026-09-05,3,235.3998259664765,245.37736200986407,792.5,62.5,3471.5,4,2026-09-05 07:58:16.201000+00:00,61288.332,1.445550932710692,43.771,100,431.0,279.0,HATP-10,0.2282874837966297,0.5817707225960143,0.4117952714990907,2461288.834594062
HATP-10__2026-09-05,5,239.40665701881332,235.72648335745296,810.5,61.0,3532.0,4,2026-09-05 08:06:14.128000+00:00,61288.338,1.4038873763857165,45.423,100,429.0,279.0,HATP-10,0.22947338618346547,0.5847928912977045,0.4211483502208366,2461288.840594612
HATP-10__2026-09-05,6,244.4900568181818,240.59517045454547,801.5,59.5,3489.5,4,2026-09-05 08:12:25.844000+00:00,61288.342,1.3738067576321995,46.711,100,428.0,279.0,HATP-10,0.2296890672016048,0.5853425355431373,0.41647181085996365,2461288.8445949783
HATP-10__2026-09-05,7,249.11095305832148,234.08534850640115,826.5,61.0,3586.5,4,2026-09-05 08:20:23.877000+00:00,61288.347,1.3378607406435812,48.371,100,426.0,278.0,HATP-10,0.23044751150146384,0.5872753646279368,0.4294621979734996,2461288.8495954364
HATP-10__2026-09-05,9,254.11125654450262,230.47774869109946,883.0,59.5,3691.5,4,2026-09-05 08:30:01.954000+00:00,61288.354,1.2981736802806871,50.382,100,425.0,278.0,HATP-10,0.2391981579303806,0.609575623106708,0.4588204728500909,2461288.8565960773
HATP-10__2026-09-05,10,260.35407407407405,226.88444444444445,828.0,59.5,3627.5,4,2026-09-05 08:36:13.691000+00:00,61288.358,1.2745998097361677,51.68,100,425.0,278.0,HATP-10,0.2282563749138525,0.5816914443241115,0.4302416212003118,2461288.8605964435
HATP-10__2026-09-05,12,257.3996233716723,232.8621247373449,856.0,56.0,3593.5,4,2026-09-05 08:44:11.610000+00:00,61288.364,1.2464052373607986,53.351,100,425.0,279.0,HATP-10,0.23820787533045776,0.6070519743540476,0.44479085476747204,2461288.8665969926
HATP-10__2026-09-05,13,263.7044817927171,239.0952380952381,861.0,56.0,3711.5,4,2026-09-05 08:50:25.469000+00:00,61288.368,1.225935374376954,54.657,100,424.0,279.0,HATP-10,0.23198167856661728,0.5911850554582604,0.4473889321901793,2461288.8705973583
HATP-10__2026-09-05,14,269.42127071823205,228.27762430939225,812.5,57.5,3641.0,4,2026-09-05 08:56:38.366000+00:00,61288.373,1.2066584881498328,55.969,100,423.0,278.0,HATP-10,0.22315297995056302,0.5686858877946491,0.42218758118991945,2461288.8755978155
HATP-10__2026-09-05,15,273.76275900792393,227.09297362680124,890.5,54.0,3655.5,4,2026-09-05 09:02:51.346000+00:00,61288.377,1.1886186667385612,57.279,100,423.0,279.0,HATP-10,0.2436055259198468,0.6208074156576413,0.4627175889841517,2461288.879598181
HATP-10__2026-09-05,16,274.919881305638,222.81305637982197,893.5,57.0,3633.0,4,2026-09-05 09:09:03.281000+00:00,61288.381,1.1717887091540238,58.583,100,423.0,278.0,HATP-10,0.24593999449490778,0.6267566050183722,0.464276435437776,2461288.883598547
HATP-10__2026-09-05,17,278.0567567567568,223.1689189189189,829.5,54.0,3575.0,4,2026-09-05 09:15:16.040000+00:00,61288.386,1.1559021120175648,59.897,100,422.0,279.0,HATP-10,0.23202797202797204,0.5913030303030303,0.4310210444271239,2461288.8885990037
HATP-10__2026-09-05,18,280.1101386878352,224.34314636695836,868.0,54.0,3652.0,4,2026-09-05 09:21:27.901000+00:00,61288.39,1.1410654262707076,61.208,100,423.0,279.0,HATP-10,0.23767798466593648,0.6057015942558112,0.45102624058196933,2461288.8925993694
HATP-10__2026-09-05,19,284.71944444444443,214.25416666666666,827.0,53.0,3766.5,4,2026-09-05 09:29:25.822000+00:00,61288.395,1.123367046325864,62.896,100,421.0,279.0,HATP-10,0.21956723748838444,0.5595479361707956,0.42972200571577035,2461288.8975998256
HATP-10__2026-09-05,20,267.5973524544953,214.10314396028681,1967.0,55.5,5060.0,4,2026-09-05 09:31:09.027000+00:00,61288.397,1.119758591542006,63.259,100,421.0,278.0,HATP-10,0.3887351778656126,0.9906576635924462,1.0220836580930113,2461288.8996000085
HATP-10__2026-09-05,21,267.8428899082569,216.54357798165137,1939.0,50.0,5143.0,4,2026-09-05 09:32:53.212000+00:00,61288.398,1.1161696039473523,63.627,100,421.0,280.0,HATP-10,0.37701730507485903,0.9607956877741051,1.0075344245258508,2461288.9006000995
HATP-10__2026-09-05,22,265.2926292629263,216.1067106710671,1948.0,53.0,5030.0,4,2026-09-05 09:34:36.356000+00:00,61288.399,1.112649302067672,63.995,100,421.0,279.0,HATP-10,0.3872763419483101,0.986939947615892,1.0122109638867238,2461288.901600191
HATP-10__2026-09-05,23,266.08812466415907,214.62654486835035,2023.0,55.5,5129.0,4,2026-09-05 09:36:20.532000+00:00,61288.4,1.1092339157854694,64.359,100,421.0,278.0,HATP-10,0.3944238643010333,1.0051547843417603,1.0511821252273317,2461288.9026002823
HATP-10__2026-09-05,24,265.0905821623449,210.81947945419986,2052.0,53.0,5185.5,4,2026-09-05 09:38:03.688000+00:00,61288.401,1.105847477499136,64.727,100,421.0,279.0,HATP-10,0.39571883135666763,1.0084548948303649,1.0662509742790336,2461288.9036003733
HATP-10__2026-09-05,25,264.6568245125348,215.45459610027856,2003.0,55.5,5061.5,4,2026-09-05 09:39:48.858000+00:00,61288.403,1.102500196476421,65.098,100,421.0,278.0,HATP-10,0.39573249036846786,1.0084897036294844,1.040789815536503,2461288.905600556
HATP-10__2026-09-05,26,263.0928338762215,212.35776330076004,1991.5,53.0,5094.75,4,2026-09-05 09:41:32.055000+00:00,61288.404,1.0992716090647408,65.463,100,421.0,279.0,HATP-10,0.3908925855046862,0.9961556286155138,1.0348142374642764,2461288.906600647
HATP-10__2026-09-05,27,262.013835370867,212.341770201384,2005.0,56.0,5182.25,4,2026-09-05 09:43:16.256000+00:00,61288.405,1.0960547185252756,65.834,100,422.0,278.0,HATP-10,0.38689758309614547,0.9859747137473993,1.041829046505586,2461288.9076007386
HATP-10__2026-09-05,28,264.13572630398204,220.11665731912507,1965.5,56.5,5072.0,4,2026-09-05 09:45:01.405000+00:00,61288.406,1.0929275249452453,66.202,100,422.0,278.0,HATP-10,0.3875197160883281,0.987560165364779,1.021304234866199,2461288.9086008295
HATP-10__2026-09-05,29,264.95803423522915,213.5494202098288,2015.5,54.0,5118.5,4,2026-09-05 09:46:45.550000+00:00,61288.407,1.0898547137108516,66.571,100,422.0,279.0,HATP-10,0.3937677053824363,1.003482620621431,1.047285009093271,2461288.909600921
HATP-10__2026-09-05,30,262.29661941112323,207.48582333696837,2041.0,54.0,4938.5,4,2026-09-05 09:48:30.733000+00:00,61288.409,1.086819861280366,66.943,100,423.0,279.0,HATP-10,0.413283385643414,1.0532166280166686,1.0605352039490776,2461288.9116011034
HATP-10__2026-09-05,31,262.8036187684884,210.37994813173245,1959.5,57.5,5159.0,4,2026-09-05 09:50:13.866000+00:00,61288.41,1.0838790579268345,67.311,100,422.0,278.0,HATP-10,0.37982167086644697,0.9679423691683819,1.0181865419589504,2461288.9126011943
HATP-10__2026-09-05,32,258.65626740947073,208.56211699164345,2001.5,54.0,5059.0,4,2026-09-05 09:51:57.095000+00:00,61288.411,1.081021839918463,67.676,100,422.0,279.0,HATP-10,0.39563154773670683,1.0082324601448933,1.0400103923096908,2461288.913601286
HATP-10__2026-09-05,33,260.4226271818969,208.02703583810444,1961.5,58.5,5012.5,4,2026-09-05 09:53:40.291000+00:00,61288.412,1.0782232881244946,68.041,100,424.0,278.0,HATP-10,0.3913216957605985,0.9972491786406998,1.0192257729280332,2461288.9146013767
HATP-10__2026-09-05,34,259.3820861678005,208.26133786848072,1901.5,62.0,4859.0,4,2026-09-05 09:55:23.491000+00:00,61288.413,1.0754530069397514,68.41,100,427.0,278.0,HATP-10,0.3913356657748508,0.9972847800024174,0.9880488438555469,2461288.915601468
HATP-10__2026-09-05,35,259.4142185663925,209.8307873090482,1890.0,59.5,4816.5,4,2026-09-05 09:57:06.622000+00:00,61288.415,1.0727703880498596,68.775,100,428.0,279.0,HATP-10,0.3924011211460604,1.0,0.9820732657833203,2461288.9176016506
HATP-10__2026-09-05,36,259.08246225319397,209.86411149825784,1857.5,61.5,4671.5,4,2026-09-05 09:58:49.839000+00:00,61288.416,1.0701444400497375,69.14,100,430.0,279.0,HATP-10,0.39762388954297334,1.0133097693035615,0.9651857625357235,2461288.9186017415
HATP-10__2026-09-05,37,257.7777093596059,203.68041871921181,1765.5,64.0,4584.5,4,2026-09-05 10:00:34.034000+00:00,61288.417,1.0675466802521618,69.509,100,432.0,279.0,HATP-10,0.38510197404297086,0.9813987608349043,0.9173811379579111,2461288.919601833
HATP-10__2026-09-05,38,257.996869129618,204.58922980588605,1798.0,64.5,4623.5,4,2026-09-05 10:02:17.190000+00:00,61288.418,1.065026000786732,69.875,100,432.0,279.0,HATP-10,0.3888828809343571,0.9910340719684291,0.9342686412055079,2461288.920601924
HATP-10__2026-09-05,39,257.6205694363742,204.94015107495642,1891.0,61.0,4835.5,4,2026-09-05 10:04:01.407000+00:00,61288.419,1.0625204899306582,70.247,100,426.0,278.0,HATP-10,0.39106607382897324,0.9965977484641533,0.9825928812678618,2461288.921602015
HATP-10__2026-09-05,40,255.93367346938774,206.65816326530611,1961.5,53.5,5088.0,4,2026-09-05 10:05:46.609000+00:00,61288.421,1.060084339401458,70.617,100,422.0,279.0,HATP-10,0.38551493710691825,0.9824511611510433,1.0192257729280332,2461288.9236021973
HATP-10__2026-09-05,41,255.26775067750677,207.31978319783198,1997.0,53.0,5039.5,4,2026-09-05 10:07:31.838000+00:00,61288.422,1.0576906205400964,70.989,100,421.0,279.0,HATP-10,0.3962694711776962,1.0098581523425258,1.0376721226292545,2461288.9246022883
HATP-10__2026-09-05,42,254.47379794705566,209.27984873041598,2012.0,56.0,5122.0,4,2026-09-05 10:09:15.036000+00:00,61288.423,1.055364501006172,71.359,100,421.0,278.0,HATP-10,0.39281530652089025,1.0010555152687133,1.045466354897376,2461288.9256023797
HATP-10__2026-09-05,43,254.73264078731546,208.3624931656643,2023.5,53.0,5142.0,4,2026-09-05 10:10:58.240000+00:00,61288.424,1.053122756290482,71.724,100,421.0,279.0,HATP-10,0.3935239206534422,1.0028613565223834,1.0514419329696025,2461288.9266024707
HATP-10__2026-09-05,44,254.93467610234077,207.73816004354927,2025.0,51.0,5115.0,4,2026-09-05 10:12:41.354000+00:00,61288.425,1.0509034375463755,72.094,100,422.0,280.0,HATP-10,0.39589442815249265,1.008902387934646,1.0522213561964147,2461288.9276025617
HATP-10__2026-09-05,45,254.6193206881341,200.96206440229378,1982.0,53.5,5102.0,4,2026-09-05 10:14:24.489000+00:00,61288.427,1.0487602338848674,72.46,100,422.0,279.0,HATP-10,0.3884751078008624,0.9899948977369597,1.0298778903611328,2461288.929602744
HATP-10__2026-09-05,46,258.31980252331323,201.10422380691168,1996.0,54.0,5095.5,4,2026-09-05 10:16:08.718000+00:00,61288.428,1.0466683766754143,72.826,100,422.0,279.0,HATP-10,0.3917181827102345,0.9982595910179072,1.037152507144713,2461288.930602835
HATP-10__2026-09-05,47,253.47851993091592,203.24760057982195,1986.0,55.0,5022.5,4,2026-09-05 10:17:52.863000+00:00,61288.429,1.0445888464799256,73.199,100,423.0,279.0,HATP-10,0.39542060726729716,1.0076948967740407,1.0319563522992985,2461288.931602926
HATP-10__2026-09-05,48,253.24111822947,202.4612696563774,1893.5,59.0,4814.0,4,2026-09-05 10:19:37.066000+00:00,61288.43,1.0425831236091037,73.568,100,427.0,279.0,HATP-10,0.39333194848358954,1.002372132206989,0.9838919199792154,2461288.932603017
HATP-10__2026-09-05,49,251.43177450352337,202.31390134529147,1723.5,66.5,4423.0,4,2026-09-05 10:21:21.312000+00:00,61288.431,1.0406229382500984,73.938,100,435.0,279.0,HATP-10,0.3896676463938503,0.9930339782306773,0.8955572876071707,2461288.9336031084
HATP-10__2026-09-05,50,255.046699875467,203.42216687422166,1773.0,65.0,4516.5,4,2026-09-05 10:23:04.458000+00:00,61288.433,1.0387184382321235,74.307,100,433.0,279.0,HATP-10,0.39256061109266027,1.0004064462051843,0.921278254091972,2461288.9356032903
HATP-10__2026-09-05,51,251.55599214145383,204.99214145383104,1688.0,70.5,4313.0,4,2026-09-05 10:24:48.674000+00:00,61288.434,1.036878701997825,74.673,100,436.0,278.0,HATP-10,0.391374913053559,0.9973847982658555,0.8771109379059496,2461288.9366033813
HATP-10__2026-09-05,52,251.35658409387224,204.88917861799217,1739.5,66.5,4456.0,4,2026-09-05 10:26:32.821000+00:00,61288.435,1.0350683262955522,75.043,100,435.0,279.0,HATP-10,0.3903725314183124,0.9948303161779375,0.9038711353598338,2461288.9376034723
HATP-10__2026-09-05,53,249.43561819346573,202.0909673286355,1767.5,62.0,4310.0,3,2026-09-05 10:28:17.977000+00:00,61288.436,1.033274432895275,75.42,100,430.0,279.0,HATP-10,0.410092807424594,1.0450857179685487,0.9184203689269941,2461288.9386035632
HATP-10__2026-09-05,54,253.04319852941177,199.84926470588235,1870.0,61.5,4738.0,4,2026-09-05 10:30:01.166000+00:00,61288.438,1.0315632344930517,75.79,100,427.0,278.0,HATP-10,0.3946813001266357,1.0058108370687517,0.9716809560924916,2461288.940603745
HATP-10__2026-09-05,55,252.88463768115943,194.18782608695653,1890.0,57.5,4707.5,4,2026-09-05 10:31:46.337000+00:00,61288.439,1.0299050010160562,76.159,100,426.0,279.0,HATP-10,0.40148698884758366,1.0231545406266596,0.9820732657833203,2461288.941603836
HATP-10__2026-09-05,56,250.87966804979254,196.31772377000593,1871.5,59.5,4697.0,4,2026-09-05 10:33:29.529000+00:00,61288.44,1.0282903729080086,76.529,100,428.0,279.0,HATP-10,0.3984458164786034,1.0154043783434885,0.9724603793193037,2461288.9426039276
HATP-10__2026-09-05,57,249.27252502780868,194.9860956618465,1924.5,56.0,4766.5,4,2026-09-05 10:35:13.704000+00:00,61288.441,1.026723548909388,76.899,100,424.0,279.0,HATP-10,0.40375537606210005,1.0289353274090502,1.0,2461288.9436040185
HATP-10__2026-09-05,58,248.1259259259259,195.10256410256412,1906.0,59.5,4805.0,4,2026-09-05 10:36:56.892000+00:00,61288.442,1.0252203535066264,77.265,100,425.0,278.0,HATP-10,0.3966701352757544,1.0108792098178154,0.9903871135359834,2461288.9446041095
HATP-10__2026-09-05,59,250.2673434856176,196.0575296108291,1944.5,58.0,4894.5,4,2026-09-05 10:38:40.024000+00:00,61288.444,1.023763267021518,77.631,100,423.0,278.0,HATP-10,0.39728266421493513,1.012440186344569,1.0103923096908287,2461288.9466042914
HATP-10__2026-09-05,60,248.24931167248602,196.27052494028538,1998.5,57.0,4959.0,4,2026-09-05 10:40:26.200000+00:00,61288.445,1.0222951070168025,78.012,100,422.0,278.0,HATP-10,0.40300463803186126,1.0270221370796084,1.0384515458560666,2461288.9476043824
HATP-10__2026-09-05,61,249.3311111111111,197.23111111111112,1949.0,61.0,4957.0,4,2026-09-05 10:42:15.484000+00:00,61288.446,1.0208542766067157,78.399,100,422.0,277.0,HATP-10,0.39318135969336293,1.001988369821737,1.0127305793712653,2461288.948604473
HATP-10__2026-09-05,62,248.70804195804195,198.32167832167832,1919.5,58.5,4963.5,4,2026-09-05 10:45:15.931000+00:00,61288.448,1.0185821618377662,79.039,100,424.0,278.0,HATP-10,0.3867230784728518,0.985530003949466,0.9974019225772928,2461288.950604655
HATP-10__2026-09-05,63,247.6745927863758,198.54840330989234,1974.0,54.5,4990.5,4,2026-09-05 10:48:15.330000+00:00,61288.45,1.016446679105951,79.679,100,420.0,278.0,HATP-10,0.39555154794108804,1.008028587649868,1.0257209664848013,2461288.952604837
HATP-10__2026-09-05,64,252.39967811158797,195.61802575107296,2012.0,48.0,5084.5,4,2026-09-05 10:51:15.676000+00:00,61288.452,1.0144494600641143,80.318,100,419.0,280.0,HATP-10,0.3957124594355394,1.0084386565456485,1.045466354897376,2461288.9546050187
HATP-10__2026-09-05,65,249.06043956043956,193.79615384615386,2028.0,51.0,5071.0,4,2026-09-05 10:54:16.054000+00:00,61288.454,1.0125829605944738,80.958,100,419.0,279.0,HATP-10,0.3999211200946559,1.0191640608126509,1.053780202650039,2461288.9566052
HATP-10__2026-09-05,66,249.71767276093195,195.2049511290876,1992.0,51.0,5040.5,4,2026-09-05 10:57:15.385000+00:00,61288.456,1.0108518149592496,81.597,100,420.0,279.0,HATP-10,0.3951988889991072,1.0071298671239153,1.0350740452065472,2461288.958605382
HATP-10__2026-09-05,67,247.2243043725156,189.7115275411698,1983.0,55.5,5011.0,4,2026-09-05 11:00:15.720000+00:00,61288.459,1.0092542971872016,82.235,100,421.0,278.0,HATP-10,0.3957293953302734,1.0084818161948477,1.0303975058456742,2461288.9616056546
HATP-10__2026-09-05,68,247.58693304535637,192.07181425485962,1953.5,56.0,5052.5,4,2026-09-05 11:03:15.256000+00:00,61288.461,1.0077865804942958,82.873,100,421.0,278.0,HATP-10,0.3866402770905492,0.98531899185536,1.0150688490517017,2461288.9636058365
HATP-10__2026-09-05,69,242.9391304347826,191.91304347826087,1989.0,53.5,5088.5,4,2026-09-05 11:06:16.688000+00:00,61288.463,1.006449734256854,83.51,100,419.0,278.0,HATP-10,0.3908813992335659,0.996127121380143,1.0335151987529227,2461288.965606018
HATP-10__2026-09-05,70,243.57173562600752,192.47447608812467,2029.0,48.0,5110.0,4,2026-09-05 11:09:16.116000+00:00,61288.465,1.0052423148799066,84.146,100,419.0,280.0,HATP-10,0.3970645792563601,1.0118844158668034,1.0542998181345804,2461288.9676061994
HATP-10__2026-09-05,71,246.3652561247216,192.15478841870825,2004.0,49.5,5030.0,4,2026-09-05 11:12:15.503000+00:00,61288.467,1.0041645705130842,84.78,100,418.0,279.0,HATP-10,0.3984095427435388,1.015311937896431,1.0413094310210445,2461288.9696063814
HATP-10__2026-09-05,72,246.07542579075425,190.19586374695865,1817.5,61.5,4597.5,4,2026-09-05 11:15:15.881000+00:00,61288.469,1.003216052663444,85.411,100,427.0,278.0,HATP-10,0.3953235454051115,1.0074475430919152,0.944401143154066,2461288.971606563
HATP-10__2026-09-05,73,244.0093131548312,191.3672875436554,1884.5,54.5,4749.5,4,2026-09-05 11:18:15.251000+00:00,61288.471,1.0023932074062334,86.04,100,423.0,279.0,HATP-10,0.3967786082745552,1.0111556437853944,0.9792153806183425,2461288.9736067443
HATP-10__2026-09-05,74,246.0931703054109,192.13021631539837,2025.0,48.0,5135.0,4,2026-09-05 11:21:15.616000+00:00,61288.473,1.0016994641390269,86.662,100,416.0,279.0,HATP-10,0.3943524829600779,1.0049728752260398,1.0522213561964147,2461288.975606926
HATP-10__2026-09-05,75,243.5497287522604,183.7950572634117,1838.5,55.5,4651.5,4,2026-09-05 11:24:16.001000+00:00,61288.475,1.0011320542890123,87.275,100,424.0,279.0,HATP-10,0.3952488444587767,1.0072571742516923,0.9553130683294362,2461288.9776071073
HATP-10__2026-09-05,76,247.1746441371033,184.4897413862801,1289.0,87.0,3003.5,3,2026-09-05 11:27:16.416000+00:00,61288.477,1.0006907580911673,87.871,100,453.0,278.0,HATP-10,0.4291659730314633,1.0936920154000227,0.6697843595739154,2461288.9796072887
HATP-10__2026-09-05,77,246.53708716838116,184.5511640498105,2006.5,53.0,5152.5,4,2026-09-05 11:30:15.787000+00:00,61288.479,1.000376500936472,88.428,100,418.0,278.0,HATP-10,0.38942261038330905,0.9924095253498456,1.042608469732398,2461288.98160747
HATP-10__2026-09-05,78,244.98967391304348,186.09402173913043,1964.5,48.0,5095.5,4,2026-09-05 11:33:16.169000+00:00,61288.481,1.0001880272962649,88.889,100,416.0,279.0,HATP-10,0.385536257482092,0.9825054942658711,1.0207846193816577,2461288.983607651
HATP-10__2026-09-05,79,247.57259825327512,184.13973799126637,1952.5,51.0,4994.5,4,2026-09-05 11:36:15.523000+00:00,61288.484,1.0001255861900278,89.092,100,419.0,279.0,HATP-10,0.39093002302532787,0.9962510348685142,1.0145492335671602,2461288.986607923
HATP-10__2026-09-05,80,250.14020271567802,185.34443143121072,2010.0,58.0,5038.0,4,2026-09-05 11:39:16.927000+00:00,61288.486,1.0001893838795726,88.885,100,419.0,277.0,HATP-10,0.39896784438269156,1.0167347208831925,1.044427123928293,2461288.9886081046
HATP-10__2026-09-05,81,250.21166306695466,183.88498920086394,2054.5,49.5,5112.0,4,2026-09-05 11:42:16.224000+00:00,61288.488,1.000378900546937,88.423,100,418.0,279.0,HATP-10,0.4018974960876369,1.0242006824900016,1.0675500129903872,2461288.990608286
HATP-10__2026-09-05,82,253.71237325534796,186.2858062391695,1479.75,81.25,3535.0,3,2026-09-05 11:45:16.572000+00:00,61288.49,1.0006946592571633,87.865,100,446.0,278.0,HATP-10,0.4185997171145686,1.06676483464673,0.7689010132501949,2461288.992608467
HATP-10__2026-09-05,83,251.80597014925374,186.1576898118105,1761.5,62.0,4379.5,4,2026-09-05 11:48:15.956000+00:00,61288.492,1.0011370496991607,87.269,100,431.0,279.0,HATP-10,0.4022148647105834,1.0250094687187963,0.9153026760197454,2461288.9946086486
HATP-10__2026-09-05,84,254.01919720767887,179.4048865619546,1853.5,57.5,4836.0,4,2026-09-05 11:51:15.353000+00:00,61288.494,1.0017055878382934,86.656,100,425.0,279.0,HATP-10,0.38327129859387926,0.976733444273767,0.9631073005975578,2461288.9966088296
HATP-10__2026-09-05,85,252.8663816141101,179.3848209513629,1983.0,58.0,5116.0,4,2026-09-05 11:54:15.686000+00:00,61288.496,1.002401692665455,86.033,100,419.0,277.0,HATP-10,0.3876075058639562,0.9877838899437805,1.0303975058456742,2461288.9986090106
HATP-10__2026-09-05,86,252.8929912390488,179.6314142678348,1735.0,70.0,4434.5,4,2026-09-05 11:57:15.981000+00:00,61288.498,1.0032244905839436,85.405,100,438.0,279.0,HATP-10,0.39125042282106215,0.9970675457765322,0.9015328656793973,2461289.0006091916
HATP-10__2026-09-05,87,254.29178800232964,180.05882352941177,1875.0,70.0,4739.0,4,2026-09-05 12:00:15.235000+00:00,61288.5,1.0041693753851486,84.777,100,435.0,278.0,HATP-10,0.39565309136948723,1.0082873622122408,0.9742790335151987,2461289.002609373
HATP-10__2026-09-05,88,254.14973802457897,181.20261043240782,1888.0,82.5,4740.5,4,2026-09-05 12:03:15.529000+00:00,61288.502,1.0052549144367138,84.139,98,450.0,279.0,HATP-10,0.398270224659846,1.0149568979228298,0.9810340348142375,2461289.004609554
HATP-10__2026-09-05,89,253.06213704994192,179.27526132404182,1957.5,101.0,4718.0,4,2026-09-05 12:06:15.972000+00:00,61288.504,1.0064637298636971,83.503,98,469.0,279.0,HATP-10,0.4149003815175922,1.0573374008357053,1.0171473109898674,2461289.006609735
HATP-10__2026-09-05,90,254.86406476123426,180.75736089975928,1983.5,131.5,5043.5,4,2026-09-05 12:09:15.358000+00:00,61288.506,1.0078019831249816,82.866,98,499.0,279.0,HATP-10,0.3932784772479429,1.0022358654310672,1.0306573135879449,2461289.008609916
Qatar-1__2026-08-18,0,340.6573552651289,244.2327799497562,1962.0,32.0,15002.0,8,2026-08-18 08:24:49.906000+00:00,61270.351,1.3236282970911022,49.069,100,404.0,280.0,Qatar-1,0.13078256232502333,1.0279390234680934,1.0639913232104121,2461270.8527688826
Qatar-1__2026-08-18,1,341.0713005980551,235.52269913949416,1904.0,28.0,15280.0,8,2026-08-18 08:27:15.461000+00:00,61270.352,1.3278171266481251,48.861,100,405.0,282.0,Qatar-1,0.12460732984293194,0.979402258822407,1.032537960954447,2461270.853768898
Qatar-1__2026-08-18,2,343.0212824578566,238.82233849899617,1937.5,32.5,15009.0,8,2026-08-18 08:30:16.788000+00:00,61270.354,1.3330948812080552,48.602,100,404.0,280.0,Qatar-1,0.1290892131387834,1.0146294531557452,1.050704989154013,2461270.8557689297
Qatar-1__2026-08-18,3,344.2160160038929,241.50408139961272,1914.0,27.0,15067.0,8,2026-08-18 08:33:16.158000+00:00,61270.356,1.338504567748853,48.34,100,404.0,282.0,Qatar-1,0.12703258777460677,0.9984645651851496,1.0379609544468547,2461270.8577689608
Qatar-1__2026-08-18,4,347.5571640272677,240.62199199450902,1904.0,27.0,15196.0,8,2026-08-18 08:36:15.528000+00:00,61270.359,1.344028683698372,48.076,100,404.0,282.0,Qatar-1,0.12529613056067387,0.9848161697029731,1.032537960954447,2461270.860769008
Qatar-1__2026-08-18,5,349.3264004679626,240.11762851489007,1915.0,28.0,15102.0,8,2026-08-18 08:39:16.942000+00:00,61270.361,1.3497127654854295,47.808,100,405.0,282.0,Qatar-1,0.12680439676863992,0.9966710046701412,1.0385032537960954,2461270.8627690393
Qatar-1__2026-08-18,6,349.46403991533145,239.70604863024244,1885.0,29.0,15263.0,8,2026-08-18 08:42:15.374000+00:00,61270.363,1.3554749111060702,47.54,100,403.0,281.0,Qatar-1,0.12350127759942345,0.9707087889676779,1.022234273318872,2461270.864769071
Qatar-1__2026-08-18,7,352.0110090317586,237.19872454368758,1951.0,32.0,15122.0,8,2026-08-18 08:45:15.732000+00:00,61270.365,1.3614041718068957,47.268,100,405.0,280.0,Qatar-1,0.1290173257505621,1.0140644248344295,1.0580260303687636,2461270.866769102
Qatar-1__2026-08-18,8,352.80882352941177,234.71117647058824,1894.0,31.0,14939.0,8,2026-08-18 08:48:15.174000+00:00,61270.367,1.367416485752323,46.996,100,405.0,281.0,Qatar-1,0.12678224780775152,0.996496915855687,1.027114967462039,2461270.8687691335
Qatar-1__2026-08-18,9,354.1579809493402,239.62438852395098,1918.0,28.0,15133.0,8,2026-08-18 08:51:15.476000+00:00,61270.369,1.3736486804555177,46.718,100,405.0,282.0,Qatar-1,0.12674287979911453,0.9961874868948626,1.0401301518438177,2461270.870769165
Qatar-1__2026-08-18,10,355.6812739989323,239.0114126431728,1942.0,29.0,15114.5,8,2026-08-18 08:54:15.830000+00:00,61270.371,1.3799934839121537,46.439,100,404.0,281.0,Qatar-1,0.12848589103179067,1.009887396367184,1.0531453362255965,2461270.872769196
Qatar-1__2026-08-18,11,356.13551212414836,237.2828037829069,1889.0,29.0,15038.0,8,2026-08-18 08:57:16.249000+00:00,61270.373,1.3864766760075815,46.158,100,403.0,281.0,Qatar-1,0.1256151083920734,0.9873233063937341,1.0244034707158352,2461270.8747692276
Qatar-1__2026-08-18,12,358.43377573870384,238.52961973095677,1904.0,28.0,15308.0,8,2026-08-18 09:00:16.671000+00:00,61270.375,1.3930783174983916,45.876,100,402.0,281.0,Qatar-1,0.12437940945910635,0.977610825372771,1.032537960954447,2461270.8767692586
Qatar-1__2026-08-18,13,359.7907832123271,237.3186694843035,1954.0,28.0,15261.0,8,2026-08-18 09:03:16.918000+00:00,61270.377,1.3998489910918888,45.591,100,405.0,282.0,Qatar-1,0.1280387916912391,1.0063732362884295,1.059652928416486,2461270.87876929
Qatar-1__2026-08-18,14,360.0693036365091,234.38089904955942,1935.0,30.0,15094.0,8,2026-08-18 09:06:15.169000+00:00,61270.379,1.4067207758853342,45.306,100,405.0,281.0,Qatar-1,0.12819663442427454,1.0076138657880622,1.049349240780911,2461270.880769321
Qatar-1__2026-08-18,15,360.49462588853726,239.60359930387287,1928.0,27.0,15011.0,8,2026-08-18 09:09:15.591000+00:00,61270.381,1.4138188048137474,45.016,100,404.0,282.0,Qatar-1,0.12843914462727332,1.009519973887031,1.0455531453362257,2461270.8827693528
Qatar-1__2026-08-18,16,362.9361298995295,239.4215796304152,1843.0,30.0,14901.0,8,2026-08-18 09:12:15.971000+00:00,61270.384,1.4210254162818168,44.726,100,404.0,281.0,Qatar-1,0.12368297429702704,0.9721369084553344,0.9994577006507592,2461270.8857693993
Qatar-1__2026-08-18,17,363.9144514547718,238.13329463306235,1903.0,29.0,14929.0,8,2026-08-18 09:15:15.198000+00:00,61270.386,1.4283935039535791,44.434,100,404.0,281.0,Qatar-1,0.12747002478397748,1.001902780221217,1.0319956616052062,2461270.887769431
Qatar-1__2026-08-18,18,366.10466179431074,235.84867611951628,1907.0,28.0,15072.0,8,2026-08-18 09:18:16.537000+00:00,61270.388,1.435901709309784,44.141,100,405.0,282.0,Qatar-1,0.126526008492569,0.9944828981858983,1.0341648590021693,2461270.889769462
Qatar-1__2026-08-18,19,366.6650422995795,233.89988016286785,1916.0,30.0,14990.0,8,2026-08-18 09:21:17.011000+00:00,61270.39,1.443632137782474,43.844,100,405.0,281.0,Qatar-1,0.1278185456971314,1.0046421228427151,1.0390455531453362,2461270.8917694935
Qatar-1__2026-08-18,20,366.9205924169269,239.2143467148412,1844.0,34.0,14935.0,8,2026-08-18 09:24:15.300000+00:00,61270.392,1.4514321646955302,43.549,100,406.0,280.0,Qatar-1,0.12346836290592568,0.9704500824758464,1.0,2461270.8937695245
Qatar-1__2026-08-18,21,370.6833852124466,237.27665483791841,1913.0,32.0,14822.5,8,2026-08-18 09:27:15.667000+00:00,61270.394,1.459437057279929,43.251,100,404.0,280.0,Qatar-1,0.1290605498397706,1.0144041622371947,1.0374186550976139,2461270.8957695556
Qatar-1__2026-08-18,22,370.8690896207453,236.01451870196803,1873.0,30.0,15167.0,8,2026-08-18 09:30:15.977000+00:00,61270.396,1.467598169423308,42.952,100,405.0,281.0,Qatar-1,0.12349179138920023,0.9706342282196706,1.0157266811279826,2461270.897769587
Qatar-1__2026-08-18,23,369.6850555164261,235.09786480855385,1888.0,34.0,14756.0,8,2026-08-18 09:33:16.341000+00:00,61270.398,1.475919448756683,42.652,100,406.0,280.0,Qatar-1,0.12794795337489834,1.0056592553988308,1.0238611713665944,2461270.899769618
Qatar-1__2026-08-18,24,372.0265975090225,234.48200678954808,1861.0,30.0,14943.0,8,2026-08-18 09:36:15.845000+00:00,61270.4,1.4844333992248402,42.35,100,404.0,281.0,Qatar-1,0.12453991835642107,0.9788724106807082,1.0092190889370933,2461270.9017696492
Qatar-1__2026-08-18,25,374.28215389967085,237.90351483148694,1860.0,27.0,14752.0,8,2026-08-18 09:39:16.175000+00:00,61270.402,1.4931167622067123,42.047,100,404.0,282.0,Qatar-1,0.12608459869848157,0.9910134574239423,1.0086767895878526,2461270.9037696803
Qatar-1__2026-08-18,26,375.07238168056654,237.05970686365367,1898.0,29.0,14817.5,8,2026-08-18 09:42:16.561000+00:00,61270.404,1.5019739401239065,41.743,100,404.0,281.0,Qatar-1,0.12809178336426522,1.0067897460100161,1.029284164859002,2461270.905769712
Qatar-1__2026-08-18,27,374.403565742587,239.9215326922669,1857.0,31.0,14941.0,8,2026-08-18 09:45:16.032000+00:00,61270.406,1.5110094893650194,41.438,100,403.0,280.0,Qatar-1,0.1242888695535774,0.9768991899649632,1.0070498915401302,2461270.907769743
Qatar-1__2026-08-18,28,375.3764183264854,235.72172642920032,1835.0,27.0,14549.0,8,2026-08-18 09:48:15.299000+00:00,61270.409,1.5202585089951512,41.131,100,404.0,282.0,Qatar-1,0.12612550690769125,0.9913349922209309,0.995119305856833,2461270.9107697895
Qatar-1__2026-08-18,29,379.6710874215147,240.15606527761722,1827.0,33.0,14664.0,8,2026-08-18 09:51:16.638000+00:00,61270.411,1.5296656409639764,40.824,100,405.0,280.0,Qatar-1,0.12459083469721767,0.9792726084800674,0.9907809110629068,2461270.9127698205
Qatar-1__2026-08-18,30,380.0250028051643,243.47226296736508,1953.0,28.0,14559.0,8,2026-08-18 09:54:16.034000+00:00,61270.413,1.5392658204613578,40.516,100,403.0,281.0,Qatar-1,0.13414382855965382,1.054358269806573,1.0591106290672452,2461270.9147698516
Qatar-1__2026-08-18,31,380.4519981379236,242.54651040300317,1932.0,29.0,14571.0,8,2026-08-18 09:57:15.381000+00:00,61270.415,1.549032307763723,40.208,100,404.0,281.0,Qatar-1,0.13259213506279596,1.0421621003056434,1.0477223427331888,2461270.9167698827
Qatar-1__2026-08-18,32,383.6309327739524,243.19598967711846,1943.0,29.0,14497.0,8,2026-08-18 10:00:15.797000+00:00,61270.417,1.559033945834779,39.898,100,404.0,281.0,Qatar-1,0.13402772987514658,1.0534457447248138,1.0536876355748372,2461270.918769914
Qatar-1__2026-08-18,33,384.2051052130063,242.31921651805743,1877.0,31.0,14530.0,8,2026-08-18 10:03:15.243000+00:00,61270.419,1.5691455764237785,39.59,100,405.0,281.0,Qatar-1,0.1291810048176187,1.0153509273876842,1.0178958785249457,2461270.9207699453
Qatar-1__2026-08-18,34,386.32374276678297,238.35109794901953,1817.0,30.0,14676.0,8,2026-08-18 10:06:16.554000+00:00,61270.421,1.5796036964986688,39.277,100,404.0,281.0,Qatar-1,0.1238075769964568,0.9731162743195312,0.985357917570499,2461270.9227699763
Qatar-1__2026-08-18,35,386.43441846750716,240.5265918342363,1889.0,29.0,14557.0,8,2026-08-18 10:09:15.930000+00:00,61270.423,1.5902156139759207,38.965,100,404.0,281.0,Qatar-1,0.129765748437178,1.0199469589578194,1.0244034707158352,2461270.9247700074
Qatar-1__2026-08-18,36,388.7803796037127,246.67982231984863,1927.0,29.0,14349.0,8,2026-08-18 10:12:15.259000+00:00,61270.425,1.6010188748976035,38.653,100,404.0,281.0,Qatar-1,0.13429507282737474,1.0555470359700605,1.045010845986985,2461270.9267700384
Qatar-1__2026-08-18,37,392.88488299405276,243.54490377123903,1833.0,30.0,14504.0,8,2026-08-18 10:15:15.654000+00:00,61270.427,1.6120180530213497,38.341,100,405.0,281.0,Qatar-1,0.12637892995035852,0.9933268742453578,0.9940347071583514,2461270.9287700695
Qatar-1__2026-08-18,38,393.6452514602679,241.4762893547187,1811.0,32.0,14307.0,8,2026-08-18 10:18:17.049000+00:00,61270.429,1.6233265536045651,38.026,100,404.0,280.0,Qatar-1,0.1265813937233522,0.9949182210533639,0.9821041214750542,2461270.9307701006
Qatar-1__2026-08-18,39,393.75766374063517,241.01101404048885,1859.0,29.0,14363.0,8,2026-08-18 10:21:15.414000+00:00,61270.431,1.6347338991678535,37.714,100,404.0,281.0,Qatar-1,0.12942978486388637,1.0173063158834623,1.0081344902386118,2461270.9327701316
Qatar-1__2026-08-18,40,396.1004549576428,244.44675718015995,1871.0,31.0,14295.0,8,2026-08-18 10:24:15.801000+00:00,61270.434,1.6464270301821493,37.4,100,406.0,281.0,Qatar-1,0.13088492479888073,1.0287435831857357,1.014642082429501,2461270.935770178
Qatar-1__2026-08-18,41,397.7648856427411,243.57129126197816,1895.0,31.0,14249.0,8,2026-08-18 10:27:16.223000+00:00,61270.436,1.6583388119176747,37.086,100,406.0,281.0,Qatar-1,0.1329917888974665,1.0453033430312257,1.0276572668112798,2461270.9377702093
Qatar-1__2026-08-18,42,398.9478748462396,242.16864459104278,1829.0,32.0,14444.0,8,2026-08-18 10:30:15.814000+00:00,61270.438,1.6704747481837254,36.772,100,406.0,281.0,Qatar-1,0.126626973137635,0.9952764710966049,0.9918655097613883,2461270.9397702403
Qatar-1__2026-08-18,43,399.52142078392313,248.3900577390865,1834.0,29.0,14331.0,8,2026-08-18 10:33:15.292000+00:00,61270.44,1.6828007811082524,36.459,100,406.0,282.0,Qatar-1,0.12797432140115833,1.0058665056826808,0.9945770065075922,2461270.9417702714
Qatar-1__2026-08-18,44,401.1701991314048,246.26145694217138,1799.0,30.0,14279.0,8,2026-08-18 10:36:15.674000+00:00,61270.442,1.6954825771596806,36.143,100,407.0,282.0,Qatar-1,0.12598921493101758,0.9902637497026793,0.9755965292841648,2461270.9437703025
Qatar-1__2026-08-18,45,403.40153075781376,244.923017478575,1828.0,34.0,13972.0,8,2026-08-18 10:39:16.084000+00:00,61270.444,1.708368027959155,35.828,100,409.0,281.0,Qatar-1,0.13083309476095048,1.0283362038101587,0.9913232104121475,2461270.9457703335
Qatar-1__2026-08-18,46,405.04512433792115,242.19274809974556,1803.0,35.0,14107.0,8,2026-08-18 10:42:16.433000+00:00,61270.446,1.7215032661149816,35.513,100,410.0,281.0,Qatar-1,0.12780888920394132,1.0045662236861037,0.9777657266811279,2461270.947770364
Qatar-1__2026-08-18,47,405.50878102795593,248.47053027958398,1787.0,33.0,14157.0,8,2026-08-18 10:45:15.777000+00:00,61270.448,1.7348949013505746,35.198,100,407.0,281.0,Qatar-1,0.12622730804548987,0.9921351398882979,0.9690889370932755,2461270.949770395
Qatar-1__2026-08-18,48,405.9199384706632,248.88763598171383,1800.0,34.0,14129.0,8,2026-08-18 10:48:15.250000+00:00,61270.45,1.7485497833514867,34.883,100,409.0,281.0,Qatar-1,0.1273975511359615,1.0013331439513329,0.9761388286334056,2461270.9517704262
Qatar-1__2026-08-18,49,407.4140662418426,242.74227367393976,1774.0,33.0,13915.0,8,2026-08-18 10:51:15.620000+00:00,61270.452,1.7624750126877633,34.568,100,407.0,281.0,Qatar-1,0.12748832195472512,1.0020465943161254,0.9620390455531453,2461270.9537704573
Qatar-1__2026-08-18,50,409.9371459278445,250.70272212527541,1743.0,33.0,14163.0,8,2026-08-18 10:54:15.852000+00:00,61270.454,1.776677952339134,34.253,100,407.0,281.0,Qatar-1,0.12306714679093413,0.9672965603692898,0.9452277657266811,2461270.9557704884
Qatar-1__2026-08-18,51,409.6677289813919,249.4428163147823,1808.5,38.0,13995.0,8,2026-08-18 10:57:15.254000+00:00,61270.456,1.791119785535087,33.939,100,407.0,279.0,Qatar-1,0.12922472311539834,1.0156945492247882,0.9807483731019523,2461270.9577705194
Qatar-1__2026-08-18,52,411.552874665496,247.90335604145085,1804.0,34.0,14095.0,8,2026-08-18 11:00:15.648000+00:00,61270.459,1.805900402036989,33.624,100,406.0,280.0,Qatar-1,0.1279886484568996,1.0059791150353807,0.9783080260303688,2461270.960770566
Qatar-1__2026-08-18,53,413.8376940881688,251.54163247361848,1774.0,34.0,14282.0,8,2026-08-18 11:03:16.063000+00:00,61270.461,1.8209341252197508,33.31,100,406.0,280.0,Qatar-1,0.12421229519675116,0.9762973224974713,0.9620390455531453,2461270.9627705966
Qatar-1__2026-08-18,54,415.82952409098704,249.45741224055976,1744.0,32.0,13896.0,8,2026-08-18 11:06:15.572000+00:00,61270.463,1.836275868149089,32.996,100,406.0,281.0,Qatar-1,0.12550374208405296,0.9864479773599653,0.9457700650759219,2461270.9647706277
Qatar-1__2026-08-18,55,416.39473044841054,249.2900163021757,1711.0,35.0,13939.0,8,2026-08-18 11:09:17.023000+00:00,61270.465,1.8519847995451912,32.681,100,407.0,280.0,Qatar-1,0.1227491211708157,0.9647969079724363,0.9278741865509761,2461270.9667706587
Qatar-1__2026-08-18,56,418.7573592113647,253.23919458145966,1751.0,34.0,13929.0,8,2026-08-18 11:12:15.445000+00:00,61270.467,1.867867462164127,32.369,100,406.0,280.0,Qatar-1,0.1257089525450499,0.9880609128854093,0.9495661605206074,2461270.96877069
Qatar-1__2026-08-18,57,420.2333031449485,251.18126690710955,1731.0,31.0,13981.0,8,2026-08-18 11:15:16.800000+00:00,61270.469,1.8840812525914368,32.057,100,406.0,281.0,Qatar-1,0.12381088620270367,0.9731422843791093,0.9387201735357917,2461270.970770721
Qatar-1__2026-08-18,58,420.42161262202717,249.85596926559617,1818.0,37.0,13901.0,8,2026-08-18 11:18:16.265000+00:00,61270.471,1.9006894618526728,31.744,100,406.0,279.0,Qatar-1,0.13078195813250845,1.0279342745699782,0.9859002169197397,2461270.972770752
Qatar-1__2026-08-18,59,420.5798286264287,256.7497826532344,1780.0,29.0,13811.0,8,2026-08-18 11:21:15.755000+00:00,61270.473,1.9175960527941092,31.432,100,406.0,282.0,Qatar-1,0.12888277459995656,1.0130068650504558,0.96529284164859,2461270.9747707825
Qatar-1__2026-08-18,60,421.4493091894405,261.7819759425741,1756.0,32.0,13802.0,8,2026-08-18 11:24:15.210000+00:00,61270.475,1.934696206673416,31.123,100,407.0,281.0,Qatar-1,0.1272279379800029,1.0,0.9522776572668112,2461270.9767708136
Qatar-1__2026-08-18,61,424.2522520664906,259.9300417489953,1704.0,30.0,13626.0,8,2026-08-18 11:27:15.441000+00:00,61270.477,1.952389902877239,30.81,100,407.0,282.0,Qatar-1,0.12505504183179217,0.9829212342610453,0.9240780911062907,2461270.9787708446
Qatar-1__2026-08-18,62,424.13069131857753,262.12365875469374,1805.0,33.0,13645.0,8,2026-08-18 11:30:15.918000+00:00,61270.479,1.970294411178184,30.5,100,408.0,281.0,Qatar-1,0.13228288750458042,1.0397314426755233,0.9788503253796096,2461270.9807708757
Qatar-1__2026-08-18,63,425.41042990139806,259.6948058232592,1775.0,34.0,13557.0,8,2026-08-18 11:33:15.255000+00:00,61270.481,1.9885890996633349,30.19,100,409.0,281.0,Qatar-1,0.13092867153500037,1.0290874285456009,0.9625813449023861,2461270.9827709063
Qatar-1__2026-08-18,64,427.17906768810514,257.7430931289422,1665.0,37.0,13541.0,8,2026-08-18 11:36:15.666000+00:00,61270.484,2.007225052734683,29.881,100,411.0,281.0,Qatar-1,0.12295989956428624,0.9664536069397942,0.9029284164859002,2461270.985770953
Qatar-1__2026-08-18,65,427.73624713100423,260.50133781001057,1714.0,43.0,13325.0,8,2026-08-18 11:39:16.126000+00:00,61270.486,2.0263354206666966,29.571,100,415.0,280.0,Qatar-1,0.12863039399624765,1.0110231765012585,0.9295010845986985,2461270.987770984
Qatar-1__2026-08-18,66,429.28491400586205,260.07358134055255,1720.0,50.0,13427.0,8,2026-08-18 11:42:15.504000+00:00,61270.488,2.0455550456128098,29.266,100,422.0,280.0,Qatar-1,0.1281000968198406,1.0068550890133485,0.9327548806941431,2461270.989771015
Qatar-1__2026-08-18,67,427.8823794814826,268.9909248406472,1740.0,64.0,13839.0,8,2026-08-18 11:45:16.900000+00:00,61270.49,2.065332107642223,28.959,100,435.0,280.0,Qatar-1,0.12573162800780402,0.9882391399565553,0.9436008676789588,2461270.9917710456
Qatar-1__2026-08-18,68,430.2067701323123,264.6460049064495,1754.0,84.0,13348.0,8,2026-08-18 11:48:15.188000+00:00,61270.492,2.085489169573752,28.653,100,458.0,281.0,Qatar-1,0.13140545400059933,1.032834895282615,0.9511930585683297,2461270.9937710767
Qatar-1__2026-08-18,69,432.7374709163099,263.22486718123815,1662.0,128.0,13351.0,8,2026-08-18 11:51:15.609000+00:00,61270.494,2.106036097186954,28.348,100,499.0,280.0,Qatar-1,0.12448505729907872,0.9784412077687269,0.9013015184381779,2461270.9957711077
Qatar-1__2026-08-18,70,432.79398310382015,267.7611903217831,1672.0,199.0,13272.0,8,2026-08-18 11:54:15.992000+00:00,61270.496,2.126983106219826,28.044,100,571.0,280.0,Qatar-1,0.12597950572634117,0.9901874362385882,0.9067245119305857,2461270.997771139
Qatar-1__2026-08-21,1,380.6147631248179,299.9609612893124,6243.0,50.0,43295.0,8,2026-08-21 04:39:27.733000+00:00,61273.194,1.2177020827266725,55.207,100,424.0,281.0,Qatar-1,0.14419678946760595,1.010294330118895,1.0113397051676656,2461273.6958134165
Qatar-1__2026-08-21,2,378.64288800908895,300.31714001958886,6148.0,50.0,43205.0,8,2026-08-21 04:42:19.066000+00:00,61273.196,1.2160380234570294,55.32,100,424.0,281.0,Qatar-1,0.14229834509894687,0.9969931492203195,0.9959501052972622,2461273.697813447
Qatar-1__2026-08-21,3,378.02546356269175,299.91006968827634,6182.0,50.0,43170.0,8,2026-08-21 04:45:15.463000+00:00,61273.198,1.214412431439397,55.431,100,424.0,281.0,Qatar-1,0.14320129719712762,1.0033195548811467,1.0014579620929855,2461273.699813478
Qatar-1__2026-08-21,4,377.5875464277461,302.0853462922525,6174.0,48.0,43189.0,8,2026-08-21 04:48:16.847000+00:00,61273.2,1.212839303886359,55.539,100,424.0,282.0,Qatar-1,0.14295306675310843,1.001580363522716,1.0001619957881096,2461273.7018135088
Qatar-1__2026-08-21,5,375.10140608887343,301.5637684068862,6119.0,50.0,43185.0,8,2026-08-21 04:51:16.189000+00:00,61273.202,1.211375711618075,55.64,100,424.0,281.0,Qatar-1,0.14169271737871947,0.992749904594918,0.9912522274420865,2461273.7038135394
Qatar-1__2026-08-21,6,374.21142909388533,305.2350233915801,6086.0,48.0,43028.0,8,2026-08-21 04:54:15.602000+00:00,61273.204,1.209991326331794,55.736,100,424.0,282.0,Qatar-1,0.1414427814446407,0.9909987639625568,0.9859063664344727,2461273.7058135704
Qatar-1__2026-08-21,7,374.21582937175873,295.4366131308613,6119.0,50.0,43203.0,8,2026-08-21 04:57:15.895000+00:00,61273.206,1.208699414179954,55.826,100,424.0,281.0,Qatar-1,0.14163368284609865,0.9923362875247443,0.9912522274420865,2461273.707813601
Qatar-1__2026-08-21,8,373.56512429620864,293.2184405072125,6206.0,47.0,43250.0,8,2026-08-21 05:00:15.306000+00:00,61273.209,1.2074988013664791,55.91,100,424.0,282.0,Qatar-1,0.14349132947976878,1.0053516248862118,1.0053458610076138,2461273.710813647
Qatar-1__2026-08-21,9,374.92803131477774,300.1388103824256,6082.0,48.0,43274.0,8,2026-08-21 05:03:15.579000+00:00,61273.211,1.2063883999229872,55.988,100,424.0,282.0,Qatar-1,0.14054628645375977,0.9847175991071461,0.9852583832820346,2461273.7128136777
Qatar-1__2026-08-21,10,376.0209558130725,299.0185407936655,6152.5,49.5,43319.0,8,2026-08-21 05:06:15.933000+00:00,61273.213,1.2053672060834375,56.06,100,424.0,281.0,Qatar-1,0.14202774763960388,0.9950972465450368,0.996679086343755,2461273.7148137083
Qatar-1__2026-08-21,11,370.7257644627962,301.98148644652076,6168.0,47.0,43289.0,8,2026-08-21 05:09:15.234000+00:00,61273.215,1.20444841105956,56.125,100,423.0,282.0,Qatar-1,0.14248423387003628,0.9982955524996004,0.9991900210594524,2461273.716813739
Qatar-1__2026-08-21,12,371.88329433231047,300.3617316882556,6248.0,47.0,43376.0,8,2026-08-21 05:12:16.638000+00:00,61273.217,1.2036029088349582,56.185,100,423.0,282.0,Qatar-1,0.14404278863887865,1.0092153451798318,1.0121496841082132,2461273.7188137695
Qatar-1__2026-08-21,13,371.36665478035445,295.62365974128545,6218.0,47.0,42949.0,8,2026-08-21 05:15:16.077000+00:00,61273.219,1.2028581318340668,56.238,100,423.0,282.0,Qatar-1,0.14477636266269295,1.0143550274135238,1.007289810464928,2461273.7208138
Qatar-1__2026-08-21,14,372.30112745275034,290.37613192169414,6240.0,27.0,43266.0,8,2026-08-21 05:18:15.424000+00:00,61273.221,1.2021992999994635,56.285,100,423.0,283.0,Qatar-1,0.1442241020662876,1.0104856919632936,1.0108537178033372,2461273.7228138307
Qatar-1__2026-08-21,15,373.3399269820922,287.9238031627635,6185.0,47.0,43364.0,8,2026-08-21 05:21:16.649000+00:00,61273.223,1.2016258234672927,56.326,100,423.0,282.0,Qatar-1,0.1426298311963841,0.9993156594925007,1.0019439494573141,2461273.7248138613
Qatar-1__2026-08-21,16,372.4468726131556,288.7624184370087,6175.0,49.0,43174.0,8,2026-08-21 05:24:16.983000+00:00,61273.225,1.201137189455809,56.361,100,422.0,281.0,Qatar-1,0.14302589521471257,1.0020906257976365,1.000323991576219,2461273.726813892
Qatar-1__2026-08-21,17,373.5463691698305,293.87162881530844,6150.0,46.0,43427.0,8,2026-08-21 05:27:15.287000+00:00,61273.227,1.200746890775829,56.389,100,422.0,282.0,Qatar-1,0.14161696640338958,0.9922191661425618,0.9962740968734813,2461273.7288139225
Qatar-1__2026-08-21,18,374.13644536135934,293.2648462116918,6186.0,45.0,43407.0,8,2026-08-21 05:30:15.874000+00:00,61273.229,1.2004406064890465,56.411,100,421.0,282.0,Qatar-1,0.14251157647384063,0.9984871245706307,1.0021059452454235,2461273.730813953
Qatar-1__2026-08-21,19,372.55015641051807,296.019397330263,6146.0,49.0,43270.0,8,2026-08-21 05:33:15.288000+00:00,61273.231,1.2002180635259991,56.427,100,420.0,280.0,Qatar-1,0.14203836376242202,0.9951716269021211,0.9956261137210433,2461273.7328139837
Qatar-1__2026-08-21,20,373.6536012144694,294.56149397569294,6189.0,24.0,43285.0,8,2026-08-21 05:36:16.718000+00:00,61273.234,1.2000929604867925,56.436,100,420.0,283.0,Qatar-1,0.14298255746794503,1.0017869860286719,1.002591932609752,2461273.7358140294
Qatar-1__2026-08-21,21,375.7323024746257,288.5440994570808,6173.0,46.0,43276.0,8,2026-08-21 05:39:16.949000+00:00,61273.236,1.200051271848687,56.439,100,420.0,281.0,Qatar-1,0.14264257325076254,0.9994049348871897,1.0,2461273.73781406
Qatar-1__2026-08-21,22,376.4517055709053,289.64613927986716,6186.0,46.0,43215.0,8,2026-08-21 05:42:15.366000+00:00,61273.238,1.2001068580743175,56.435,100,420.0,281.0,Qatar-1,0.14314474140923292,1.002923304783926,1.0021059452454235,2461273.73981409
Qatar-1__2026-08-21,23,377.46232959076735,283.5988790834273,6164.0,45.0,43087.0,8,2026-08-21 05:45:15.790000+00:00,61273.24,1.2002458717655171,56.425,100,419.0,281.0,Qatar-1,0.14305939146378258,1.002325312510431,0.9985420379070145,2461273.7418141207
Qatar-1__2026-08-21,24,376.89178265405883,287.9452095237365,6181.0,22.0,43222.0,8,2026-08-21 05:48:15.156000+00:00,61273.242,1.200468436745075,56.409,100,418.0,283.0,Qatar-1,0.14300587663689787,1.0019503684747244,1.0012959663048762,2461273.7438141513
Qatar-1__2026-08-21,25,379.2012058321801,285.97362433403845,6139.0,48.0,42958.0,8,2026-08-21 05:51:15.486000+00:00,61273.244,1.200774751331661,56.387,100,422.0,281.0,Qatar-1,0.14290702546673495,1.0012577817873929,0.9944921432042767,2461273.7458141814
Qatar-1__2026-08-21,26,381.3517245190379,284.9420318691509,6222.0,41.0,42903.0,8,2026-08-21 05:54:15.858000+00:00,61273.246,1.201179039237704,56.358,100,418.0,282.0,Qatar-1,0.14502482343892034,1.016095832561865,1.007937793617366,2461273.747814212
Qatar-1__2026-08-21,27,379.466394590141,285.7195721662747,6270.0,41.0,43316.0,8,2026-08-21 05:57:15.228000+00:00,61273.248,1.2016677457501108,56.323,100,418.0,282.0,Qatar-1,0.14475020777541786,1.0141717769097056,1.0157135914466224,2461273.749814242
Qatar-1__2026-08-21,28,381.39449528871336,287.28295050793093,6273.0,41.0,43226.0,8,2026-08-21 06:00:16.582000+00:00,61273.25,1.202255311204271,56.281,100,417.0,282.0,Qatar-1,0.14512099199555822,1.0167696238984523,1.016199578810951,2461273.7518142727
Qatar-1__2026-08-21,29,380.82726682400494,286.56952592627067,6176.0,53.0,43426.0,8,2026-08-21 06:03:16.966000+00:00,61273.252,1.2029283104726445,56.233,100,431.0,282.0,Qatar-1,0.14221894717450376,0.9964368589368516,1.0004859873643286,2461273.753814303
Qatar-1__2026-08-21,30,382.97984251349743,285.91722991674465,6187.0,41.0,43480.0,8,2026-08-21 06:06:15.335000+00:00,61273.254,1.2036873462476614,56.179,100,417.0,282.0,Qatar-1,0.1422953081876725,0.9969718715327032,1.0022679410335331,2461273.7558143334
Qatar-1__2026-08-21,31,384.0180763486446,286.4290953078625,6226.0,41.0,43176.0,8,2026-08-21 06:09:15.711000+00:00,61273.256,1.2045330992914984,56.119,100,418.0,282.0,Qatar-1,0.14420048174911987,1.010320199565035,1.0085857767698039,2461273.7578143636
Qatar-1__2026-08-21,32,382.87061098055887,285.3105059979064,6219.0,41.0,43422.0,8,2026-08-21 06:12:16.144000+00:00,61273.259,1.2054663294202292,56.053,100,417.0,282.0,Qatar-1,0.14322232969462484,1.0034669160883423,1.0074518062530373,2461273.7608144092
Qatar-1__2026-08-21,33,383.75740552565446,285.2604034968412,6234.0,39.0,43311.0,8,2026-08-21 06:15:16.607000+00:00,61273.261,1.2064878766083242,55.981,100,416.0,282.0,Qatar-1,0.1439357207176006,1.0084651889925533,1.00988174307468,2461273.7628144394
Qatar-1__2026-08-21,34,384.9338252484043,287.306190547707,6192.0,38.0,43286.0,8,2026-08-21 06:18:16.040000+00:00,61273.263,1.207612930872743,55.902,100,415.0,282.0,Qatar-1,0.1430485607355727,1.0022494285511425,1.0030779199740807,2461273.76481447
Qatar-1__2026-08-21,35,385.13278409523986,286.52278960226135,6179.0,38.0,43335.0,8,2026-08-21 06:21:15.427000+00:00,61273.265,1.2088140183496296,55.818,100,414.0,282.0,Qatar-1,0.1425868235837083,0.9990143327611725,1.000971974728657,2461273.7668145
Qatar-1__2026-08-21,36,384.1371233668512,286.9976550324303,6194.0,39.0,43297.0,8,2026-08-21 06:24:15.982000+00:00,61273.267,1.2101208337493072,55.727,100,413.0,281.0,Qatar-1,0.1430584105134305,1.0023184396210796,1.0034019115502997,2461273.76881453
Qatar-1__2026-08-21,37,384.40379493532123,286.7786955764804,6173.0,36.0,43428.0,8,2026-08-21 06:27:15.420000+00:00,61273.269,1.2115058346223269,55.631,100,412.0,282.0,Qatar-1,0.14214331767523256,0.9959069715892517,1.0,2461273.7708145604
Qatar-1__2026-08-21,38,385.95749234933703,286.01143302121045,6241.0,39.0,43488.0,8,2026-08-21 06:30:15.871000+00:00,61273.271,1.212984611620547,55.529,100,411.0,280.0,Qatar-1,0.14351085356880058,1.0054884176436816,1.0110157135914466,2461273.7728145905
Qatar-1__2026-08-21,39,386.9900490551301,286.1670931327851,6173.0,34.0,43248.0,8,2026-08-21 06:33:15.360000+00:00,61273.273,1.2145585162438697,55.421,100,410.0,282.0,Qatar-1,0.14273492415834257,1.000051978407742,1.0,2461273.774814621
Qatar-1__2026-08-21,40,387.2719555179959,279.44027701020406,6269.0,32.0,43596.0,8,2026-08-21 06:36:15.843000+00:00,61273.275,1.216228991619951,55.307,100,408.0,282.0,Qatar-1,0.14379759610973483,1.0074974385406055,1.0155515956585128,2461273.776814651
Qatar-1__2026-08-21,41,387.93339434213306,278.2301238997633,6248.0,34.0,43488.0,8,2026-08-21 06:39:15.176000+00:00,61273.277,1.2179827932082827,55.188,100,408.0,281.0,Qatar-1,0.1436718175128771,1.0066161886617084,1.0121496841082132,2461273.7788146813
Qatar-1__2026-08-21,42,389.80725348431514,278.0353727917828,6199.0,31.0,43387.0,8,2026-08-21 06:42:15.503000+00:00,61273.279,1.219836152058937,55.063,100,408.0,282.0,Qatar-1,0.14287689861018277,1.0010467022448362,1.0042118904908472,2461273.7808147115
Qatar-1__2026-08-21,43,392.1307660825339,279.07215360604056,6114.0,33.0,43196.0,8,2026-08-21 06:45:15.874000+00:00,61273.281,1.221775816492724,54.933,100,407.0,281.0,Qatar-1,0.14154088341513102,0.9916861014887652,0.990442248501539,2461273.7828147416
Qatar-1__2026-08-21,44,391.4804652103005,278.6160392751056,6129.0,33.0,43307.0,8,2026-08-21 06:48:15.170000+00:00,61273.284,1.223818371262202,54.797,100,407.0,281.0,Qatar-1,0.14152446486711157,0.9915710672634258,0.9928721853231816,2461273.785814787
Qatar-1__2026-08-21,45,392.31554926235054,278.5207710151677,6098.0,32.0,43417.5,8,2026-08-21 06:51:15.492000+00:00,61273.286,1.225950548515891,54.656,100,405.0,281.0,Qatar-1,0.14045027926527323,0.9840449383735976,0.9878503158917868,2461273.787814817
Qatar-1__2026-08-21,46,392.14604979431834,278.852689622845,6162.0,29.0,43241.5,8,2026-08-21 06:54:15.786000+00:00,61273.288,1.2281893153108847,54.509,100,405.0,282.0,Qatar-1,0.14250199461165777,0.9984199906138272,0.9982180463307954,2461273.789814847
Qatar-1__2026-08-21,47,392.6758697106766,277.88209787968026,6151.0,33.0,43324.0,8,2026-08-21 06:57:15.172000+00:00,61273.29,1.2305059794198148,54.358,100,405.0,280.0,Qatar-1,0.1419767334502816,0.9947398228713324,0.9964360926615908,2461273.791814877
Qatar-1__2026-08-21,48,395.9066868131039,279.06817326423624,6163.0,28.0,43233.0,8,2026-08-21 07:00:15.575000+00:00,61273.292,1.2329330802171434,54.201,100,404.0,282.0,Qatar-1,0.14255314227557653,0.9987783494583392,0.9983800421189049,2461273.7938149073
Qatar-1__2026-08-21,49,395.7094173912343,284.54321481948165,6212.0,30.0,43395.0,8,2026-08-21 07:03:15.933000+00:00,61273.294,1.235457278474366,54.039,100,404.0,281.0,Qatar-1,0.14315013250374467,1.002961076722112,1.0063178357362708,2461273.795814937
Qatar-1__2026-08-21,50,396.64363562611373,283.2341820403743,6212.0,33.0,43451.0,8,2026-08-21 07:06:16.302000+00:00,61273.296,1.2380806083457851,53.872,100,405.0,280.0,Qatar-1,0.14296563945593888,1.0016684523798314,1.0063178357362708,2461273.797814967
Qatar-1__2026-08-21,51,398.4514019242893,284.3098313764978,6234.0,30.0,43223.0,8,2026-08-21 07:09:15.690000+00:00,61273.298,1.240789288109857,53.701,100,404.0,281.0,Qatar-1,0.14422876709159474,1.0105183768006958,1.00988174307468,2461273.7998149972
Qatar-1__2026-08-21,52,398.67687660107646,282.7714146103975,6160.0,35.5,43406.5,8,2026-08-21 07:12:16.208000+00:00,61273.3,1.2436172141249866,53.524,100,404.0,279.0,Qatar-1,0.1419142294356836,0.9943018973683362,0.9978940547545764,2461273.8018150274
Qatar-1__2026-08-21,53,400.08647792151817,285.34658802799424,6173.0,30.0,43228.0,8,2026-08-21 07:15:15.597000+00:00,61273.302,1.2465347408617535,53.343,100,404.0,281.0,Qatar-1,0.14280096233922457,1.0005146655449715,1.0,2461273.803815057
Qatar-1__2026-08-21,54,399.6363160311082,283.5165780973508,6210.0,32.0,43420.0,8,2026-08-21 07:18:17.025000+00:00,61273.304,1.2495601808634011,53.157,100,404.0,280.0,Qatar-1,0.14302164900967296,1.0020608753649682,1.0059938441600518,2461273.805815087
Qatar-1__2026-08-21,55,400.4698335220432,279.0945760470692,6117.0,29.0,43237.0,8,2026-08-21 07:21:15.362000+00:00,61273.306,1.252663054253546,52.968,100,403.0,281.0,Qatar-1,0.14147605060480606,0.9912318596091865,0.9909282358658675,2461273.8078151173
Qatar-1__2026-08-21,56,402.68431543689064,278.1333968661789,6189.0,26.0,43461.0,8,2026-08-21 07:24:15.672000+00:00,61273.309,1.25589498428431,52.773,100,403.0,282.0,Qatar-1,0.14240353420307864,0.9977301417420461,1.002591932609752,2461273.810815162
Qatar-1__2026-08-21,57,403.7893159620427,278.4162958334196,6126.0,29.0,43487.0,8,2026-08-21 07:27:17.117000+00:00,61273.311,1.2592423457959132,52.573,100,403.0,281.0,Qatar-1,0.14086968519327614,0.9869834464544227,0.9923861979588531,2461273.812815192
Qatar-1__2026-08-21,58,405.09297608368564,278.62101272237885,6188.0,34.5,43352.0,8,2026-08-21 07:30:15.537000+00:00,61273.313,1.2626570005697586,52.371,100,403.0,279.0,Qatar-1,0.1427385126407086,1.0000771205998915,1.0024299368216427,2461273.814815222
Qatar-1__2026-08-21,59,405.04597982372746,279.5300275446228,6096.0,29.0,43131.0,8,2026-08-21 07:33:16.018000+00:00,61273.315,1.2661918146975184,52.164,100,403.0,281.0,Qatar-1,0.14133685748069832,0.9902566227499139,0.9875263243155677,2461273.816815252
Qatar-1__2026-08-21,60,408.1741769568754,279.81786656883503,6161.0,31.0,43517.0,8,2026-08-21 07:36:15.462000+00:00,61273.317,1.2698324680792454,51.953,100,402.0,280.0,Qatar-1,0.14157685502217524,0.9919381314457165,0.9980560505426859,2461273.8188152816
Qatar-1__2026-08-21,61,408.1779970569372,280.0571591891044,6148.0,29.0,43455.0,8,2026-08-21 07:39:16.778000+00:00,61273.319,1.273599086280654,51.737,100,403.0,281.0,Qatar-1,0.14147969163502475,0.991257369970404,0.9959501052972622,2461273.8208153117
Qatar-1__2026-08-21,62,407.9351892981541,278.16502026449575,6105.0,27.0,43168.0,8,2026-08-21 07:42:17.046000+00:00,61273.321,1.277477215572667,51.517,100,403.0,282.0,Qatar-1,0.14142420311341736,0.9908685975228787,0.9889842864085534,2461273.8228153414
Qatar-1__2026-08-21,63,410.6606781826045,275.62404094775025,6165.0,31.0,43579.0,8,2026-08-21 07:45:15.332000+00:00,61273.323,1.281433825377342,51.295,100,403.0,280.0,Qatar-1,0.14146722045021684,0.9911699923848988,0.998704033695124,2461273.8248153715
Qatar-1__2026-08-21,64,413.0902214819564,274.6377721225158,6164.0,29.0,43449.0,8,2026-08-21 07:48:15.873000+00:00,61273.325,1.2855068663734297,51.069,100,403.0,281.0,Qatar-1,0.1418674768118944,0.9939743317484163,0.9985420379070145,2461273.826815401
Qatar-1__2026-08-21,65,413.6406988291705,275.10178502670027,6145.0,29.0,43223.0,8,2026-08-21 07:51:15.291000+00:00,61273.327,1.289699334946172,50.839,100,403.0,281.0,Qatar-1,0.14216967818059828,0.9960916627270252,0.9954641179329338,2461273.828815431
Qatar-1__2026-08-21,66,414.5971170571379,280.443213418658,6138.0,29.0,43191.0,8,2026-08-21 07:54:15.752000+00:00,61273.329,1.2940143430535738,50.605,100,403.0,281.0,Qatar-1,0.14211294019587414,0.9956941360935904,0.9943301474161672,2461273.830815461
Qatar-1__2026-08-21,67,414.8459126677241,277.5235916685208,6116.5,31.5,43112.0,8,2026-08-21 07:57:15.235000+00:00,61273.331,1.2984363537639398,50.368,100,403.0,280.0,Qatar-1,0.1418746520690295,0.9940246041686797,0.9908472379718127,2461273.8328154907
Qatar-1__2026-08-21,68,416.581448953983,281.06992018480094,6096.0,32.0,43054.0,8,2026-08-21 08:00:16.681000+00:00,61273.334,1.3029870385870357,50.127,100,403.0,280.0,Qatar-1,0.14158963162540067,0.9920276489019962,0.9875263243155677,2461273.8358155354
Qatar-1__2026-08-21,69,418.1144088714732,278.4955874492515,6174.0,29.0,43184.0,8,2026-08-21 08:03:16.050000+00:00,61273.336,1.3076314059288312,49.884,100,403.0,281.0,Qatar-1,0.14296961837717673,1.0016963301264956,1.0001619957881096,2461273.837815565
Qatar-1__2026-08-21,70,419.7935855402719,280.5319765895647,6171.0,29.0,43065.0,8,2026-08-21 08:06:15.381000+00:00,61273.338,1.3124105582304697,49.637,100,403.0,281.0,Qatar-1,0.14329501915708812,1.0039762044855194,0.999676008423781,2461273.8398155947
Qatar-1__2026-08-21,71,419.4940170554332,281.0745201999121,6168.0,31.0,42999.0,8,2026-08-21 08:09:16.781000+00:00,61273.34,1.3173281987655836,49.386,100,402.0,280.0,Qatar-1,0.14344519639991626,1.005028400012912,0.9991900210594524,2461273.8418156244
Qatar-1__2026-08-21,72,421.05038624608795,280.5100717416603,6131.0,34.0,42850.5,8,2026-08-21 08:12:15.185000+00:00,61273.342,1.3223083030838056,49.135,100,402.0,279.0,Qatar-1,0.14307884388746922,1.0024616031548361,0.9931961768994007,2461273.8438156545
Qatar-1__2026-08-21,73,423.07046122726797,277.6210777464017,6134.0,28.0,42977.0,8,2026-08-21 08:15:15.581000+00:00,61273.344,1.3274731186767894,48.878,100,402.0,281.0,Qatar-1,0.1427275054098704,1.0,0.9936821642637291,2461273.845815684
TRES-3__2026-08-10,19,358.96875,198.83333333333334,217.0,59.0,732.0,2,2026-08-10 07:03:16.513000+00:00,61262.294,1.2604217755869118,52.503,35,420.0,277.0,TRES-3,0.296448087431694,1.9110848237795817,0.036061487328624846,2461262.7966366843
TRES-3__2026-08-10,20,359.1874364631157,197.49966548656184,491.0,53.0,3101.5,7,2026-08-10 07:06:16.012000+00:00,61262.296,1.2705964703993244,51.909,35,419.0,278.0,TRES-3,0.15831049492181204,1.020565816130692,0.08159534690486082,2461262.798636609
TRES-3__2026-08-10,21,364.2470554173198,196.49401004740415,593.0,49.5,3542.0,6,2026-08-10 07:09:15.500000+00:00,61262.298,1.2810755808317131,51.315,35,418.0,279.0,TRES-3,0.16741953698475437,1.0792882460727304,0.09854590776900707,2461262.8006365336
TRES-3__2026-08-10,22,363.6784442672046,199.31407139731553,1363.0,49.5,8962.25,8,2026-08-10 07:12:17.114000+00:00,61262.3,1.291905866752569,50.719,35,415.0,278.0,TRES-3,0.15208234539317694,0.9804153731053276,0.22650602409638554,2461262.8026364585
TRES-3__2026-08-10,23,368.07364345896514,198.7652069437527,1623.0,45.5,11306.25,8,2026-08-10 07:15:16.629000+00:00,61262.302,1.302949047344858,50.129,35,414.0,279.0,TRES-3,0.14354892205638475,0.9254037318594123,0.26971333610303283,2461262.8046363834
TRES-3__2026-08-10,24,366.87065416158333,197.5406661195875,1608.0,49.5,9350.5,8,2026-08-10 07:18:17.143000+00:00,61262.304,1.3144210542698072,49.534,35,415.0,278.0,TRES-3,0.17196941340035293,1.1086195190225907,0.2672206065641878,2461262.8066363083
TRES-3__2026-08-10,25,370.30163947005934,195.85273590098998,2558.0,47.0,17723.25,8,2026-08-10 07:21:15.535000+00:00,61262.306,1.3261201922757375,48.945,35,412.0,278.0,TRES-3,0.14433018774773249,0.930440246073451,0.4250934773577067,2461262.8086362327
TRES-3__2026-08-10,26,369.97893821050184,193.56638001878275,2775.5,43.0,18677.5,8,2026-08-10 07:24:17.094000+00:00,61262.309,1.338275997207244,48.351,35,411.0,279.0,TRES-3,0.14860125819836703,0.9579741660599709,0.4612380556709597,2461262.81163612
TRES-3__2026-08-10,27,370.54019638881647,195.6231968174126,6495.5,38.5,41971.5,8,2026-08-10 07:27:15.589000+00:00,61262.311,1.3506748026838244,47.763,35,404.0,278.0,TRES-3,0.15475977746804379,0.9976757300511544,1.0794349813045285,2461262.8136360445
TRES-3__2026-08-10,28,374.9468793040728,199.39967385011687,7831.0,33.5,49519.75,8,2026-08-10 07:30:16.164000+00:00,61262.313,1.3635607306922064,47.17,35,402.0,279.0,TRES-3,0.15813892436856003,1.0194597679069775,1.3013710012463648,2461262.8156359694
TRES-3__2026-08-10,29,378.0041232469644,197.12701258599446,6017.5,37.0,41446.0,8,2026-08-10 07:33:15.736000+00:00,61262.315,1.3767073690298917,46.583,65,405.0,279.0,TRES-3,0.1451889205230903,0.9359761602663418,1.0,2461262.817635894
TRES-3__2026-08-10,30,377.5298810716101,196.19579680527707,7261.5,35.0,45023.0,8,2026-08-10 07:36:16.322000+00:00,61262.317,1.39030419550381,45.994,65,404.0,279.0,TRES-3,0.16128423250338716,1.0397363387381644,1.2067303697548817,2461262.8196358187
TRES-3__2026-08-10,31,377.60934317718943,193.604633401222,8060.0,40.0,51917.0,8,2026-08-10 07:39:15.959000+00:00,61262.319,1.4043221598721398,45.405,65,402.0,277.0,TRES-3,0.15524779937207467,1.0008218163104572,1.3394266722060657,2461262.821635743
TRES-3__2026-08-10,32,378.4227717976711,194.4316195700677,8005.0,40.0,50988.0,8,2026-08-10 07:42:15.553000+00:00,61262.321,1.4187272985558703,44.818,65,402.0,277.0,TRES-3,0.15699772495489134,1.0121029018220482,1.3302866638969673,2461262.8236356676
TRES-3__2026-08-10,33,382.5952364284573,198.97189723269125,8189.0,32.5,51535.5,8,2026-08-10 07:45:16.360000+00:00,61262.323,1.4336087594964,44.23,65,401.0,279.0,TRES-3,0.1589001756071058,1.0243672567751707,1.360864146240133,2461262.8256355925
TRES-3__2026-08-10,34,380.93649677757105,201.30146701056447,8848.5,31.0,55548.0,8,2026-08-10 07:48:15.974000+00:00,61262.325,1.4489069107515873,43.644,65,400.0,279.0,TRES-3,0.1592946640743141,1.0269103695655732,1.4704611549646864,2461262.827635517
TRES-3__2026-08-10,35,382.8060286322139,201.18837548357115,9670.0,30.0,61342.5,8,2026-08-10 07:51:16.512000+00:00,61262.327,1.4646899434350102,43.058,65,399.0,279.0,TRES-3,0.15763948322940866,1.0162400663070361,1.6069796427087661,2461262.8296354413
TRES-3__2026-08-10,36,386.4449801423185,198.71008520072263,10037.0,30.5,64788.5,8,2026-08-10 07:54:16.228000+00:00,61262.329,1.4809772355417974,42.472,65,399.0,279.0,TRES-3,0.15491946873287699,0.9987051971506282,1.6679684254258413,2461262.831635366
TRES-3__2026-08-10,37,386.3332429016475,203.3605349846458,9357.5,31.0,61640.5,8,2026-08-10 07:57:16.675000+00:00,61262.331,1.497730969230309,41.888,65,400.0,279.0,TRES-3,0.15180765892554407,0.9786445769293807,1.5550477773161613,2461262.8336352906
TRES-3__2026-08-10,38,387.9957635498526,199.6170363838276,8337.5,32.0,52761.0,8,2026-08-10 08:00:16.242000+00:00,61262.334,1.515027295576984,41.304,65,401.0,279.0,TRES-3,0.15802391918272968,1.018718374473812,1.3855421686746987,2461262.836635177
TRES-3__2026-08-10,39,390.0217507104544,199.8766402607583,8152.5,35.5,52197.5,8,2026-08-10 08:03:15.778000+00:00,61262.336,1.5328578093933365,40.721,85,401.0,278.0,TRES-3,0.15618564107476413,1.0068677148036642,1.3547985043622768,2461262.838635102
TRES-3__2026-08-10,40,389.4177576652747,197.59636567225442,7031.0,37.5,45032.5,8,2026-08-10 08:06:15.385000+00:00,61262.338,1.5512755442685686,40.138,85,403.0,278.0,TRES-3,0.1561316826736246,1.0065198661046675,1.1684254258412963,2461262.8406350263
TRES-3__2026-08-10,41,391.5706399843688,201.59036435712795,7167.0,37.5,47954.0,8,2026-08-10 08:09:15.895000+00:00,61262.34,1.5702394487176727,39.557,85,403.0,278.0,TRES-3,0.14945572840638946,0.963482601149132,1.191026173660158,2461262.8426349508
TRES-3__2026-08-10,42,392.0866478402561,203.63979125804482,9519.0,36.0,63557.5,8,2026-08-10 08:12:16.996000+00:00,61262.342,1.5899411425211163,38.973,85,401.0,278.0,TRES-3,0.1497698934036109,0.9655078999579529,1.5818861653510594,2461262.844634875
TRES-3__2026-08-10,43,395.01333675632657,201.98963767723097,9962.0,35.5,62525.5,8,2026-08-10 08:15:15.580000+00:00,61262.344,1.6100646645594854,38.396,85,401.0,278.0,TRES-3,0.15932699458620883,1.027118791725292,1.655504777731616,2461262.8466347996
TRES-3__2026-08-10,44,400.4177127630157,197.93251098171598,10741.0,32.0,68869.0,8,2026-08-10 08:18:15.985000+00:00,61262.346,1.6309449748616969,37.817,85,401.0,279.0,TRES-3,0.15596276989647012,1.0054309515235043,1.7849605317823016,2461262.848634724
TRES-3__2026-08-10,45,401.8278571618238,206.68733617557308,11614.0,31.0,75188.5,8,2026-08-10 08:21:15.481000+00:00,61262.348,1.652507007584432,37.239,85,400.0,279.0,TRES-3,0.1544651110209673,0.9957761307656144,1.9300373909430826,2461262.850634648
TRES-3__2026-08-10,46,404.1795241124455,203.81733353176722,11791.5,31.5,75853.0,8,2026-08-10 08:24:17.038000+00:00,61262.35,1.6748980777848357,36.659,85,400.0,279.0,TRES-3,0.15545199267003282,1.0021381706044792,1.9595346904860822,2461262.8526345724
TRES-3__2026-08-10,47,408.25314594017607,204.32487293522584,11258.0,35.5,71567.0,8,2026-08-10 08:27:15.517000+00:00,61262.352,1.6977960094916489,36.086,85,401.0,278.0,TRES-3,0.1573071387650733,1.014097571587097,1.8708766098878271,2461262.854634497
TRES-3__2026-08-10,48,407.94163196799815,201.85799390688638,10671.5,33.0,70269.0,8,2026-08-10 08:30:15.939000+00:00,61262.354,1.7216295855090546,35.51,85,402.0,279.0,TRES-3,0.15186639912336877,0.9790232520005581,1.7734108849189862,2461262.8566344213
TRES-3__2026-08-10,49,407.7630134744397,205.9404774776171,9318.0,34.5,60069.5,8,2026-08-10 08:33:15.297000+00:00,61262.356,1.7462335751379925,34.936,95,403.0,279.0,TRES-3,0.15512031896386685,1.0,1.548483589530536,2461262.8586343457
TRES-3__2026-08-10,50,409.85605927148583,204.36054564733928,7535.0,37.0,49476.0,8,2026-08-10 08:36:15.668000+00:00,61262.359,1.7717313917444106,34.362,95,405.0,279.0,TRES-3,0.15229606273748889,0.9817931251995695,1.2521811383464894,2461262.861634232
TRES-3__2026-08-10,51,413.83189497159464,203.37388321602774,7988.0,37.0,51509.0,8,2026-08-10 08:39:16.045000+00:00,61262.361,1.7980742064603483,33.79,95,405.0,279.0,TRES-3,0.15507969481061562,0.9997381119796389,1.3274615704196095,2461262.8636341565
TRES-3__2026-08-10,52,417.7174470367342,207.48464526645964,5373.5,39.5,34412.5,8,2026-08-10 08:42:15.414000+00:00,61262.363,1.8253968694717049,33.218,95,408.0,279.0,TRES-3,0.15614965492190339,1.0066357261570376,0.8929788117989198,2461262.8656340805
TRES-3__2026-08-10,53,416.57981545640484,211.21871628481694,6131.5,42.0,38419.0,8,2026-08-10 08:45:16.017000+00:00,61262.365,1.8536493179893216,32.648,95,407.0,278.0,TRES-3,0.1595955126369765,1.028849822531322,1.0189447444952222,2461262.867634005
TRES-3__2026-08-10,54,420.07146913020546,209.3582934838948,5757.5,41.5,37708.0,8,2026-08-10 08:48:16.526000+00:00,61262.367,1.8829793525451184,32.078,95,408.0,278.0,TRES-3,0.1526864325872494,0.984309686874842,0.9567926879933527,2461262.8696339293
TRES-3__2026-08-10,55,421.3252043286833,212.76929621607525,5713.5,38.5,38072.5,8,2026-08-10 08:51:17.138000+00:00,61262.369,1.9134993786060648,31.507,95,407.0,279.0,TRES-3,0.15006894740298116,0.9674357840763443,0.949480681346074,2461262.8716338533
TRES-3__2026-08-10,56,421.7418838274044,211.22640587518603,4077.0,41.5,27395.5,8,2026-08-10 08:54:16.608000+00:00,61262.371,1.944825011572443,30.943,95,410.0,279.0,TRES-3,0.14882006168896353,0.9593847065491731,0.6775238886580806,2461262.8736337777
TRES-3__2026-08-10,57,422.83479420817247,210.0004495791396,4525.0,41.0,29025.5,8,2026-08-10 08:57:17.142000+00:00,61262.373,1.9776825808692595,30.374,95,410.0,279.0,TRES-3,0.15589740056157517,1.0050095409995212,0.751973410884919,2461262.875633702
TRES-3__2026-08-10,58,423.26976831792,214.2201810855954,5351.0,44.0,34017.5,8,2026-08-10 09:00:15.866000+00:00,61262.375,2.011442312875238,29.812,95,410.0,278.0,TRES-3,0.15730138899096052,1.0140605050431963,0.8892397174906522,2461262.877633626
TRES-3__2026-08-10,59,439.6158022166569,234.42110492086954,2238.5,42.0,15065.0,8,2026-08-10 09:07:08.523000+00:00,61262.38,2.09419039466248,28.523,100,410.0,279.0,TRES-3,0.1485894457351477,0.9578980157316436,0.3719983381803074,2461262.882633437
TRES-3__2026-08-10,60,447.8020307338439,238.52655183573503,2157.5,43.0,13838.25,8,2026-08-10 09:12:49.988000+00:00,61262.384,2.168735064359494,27.458,100,411.0,279.0,TRES-3,0.15590844218018896,1.0050807219942972,0.35853759867054424,2461262.8866332853
TRES-3__2026-08-10,61,454.76814924192524,215.1290290001374,2483.5,42.5,15711.0,8,2026-08-10 09:14:36.194000+00:00,61262.385,2.1930044532599275,27.129,100,411.0,279.0,TRES-3,0.15807396091910125,1.0190409739675845,0.41271292064810966,2461262.8876332473
TRES-3__2026-08-10,62,456.0285072249659,239.4246386333233,2876.5,41.5,18920.5,8,2026-08-10 09:20:14.756000+00:00,61262.389,2.274419128604669,26.083,100,409.0,279.0,TRES-3,0.15203086599191354,0.9800835055485351,0.4780224345658496,2461262.8916330957
TRES-3__2026-08-10,63,460.4439965056434,239.33574750445234,3696.0,41.0,23180.0,8,2026-08-10 09:25:52.331000+00:00,61262.393,2.362576632663361,25.041,100,409.0,279.0,TRES-3,0.15944779982743745,1.0278975758461315,0.6142085583714167,2461262.895632944
TRES-3__2026-08-10,64,460.73866209359744,235.2348990817653,4483.0,42.5,29574.25,8,2026-08-10 09:33:18.323000+00:00,61262.398,2.4904601629599465,23.674,100,410.0,279.0,TRES-3,0.1515845710373044,0.9772064166049965,0.7449937681761529,2461262.9006327544
TRES-3__2026-08-10,65,464.7681400197729,239.4487209153729,4252.5,44.5,27783.5,8,2026-08-10 09:38:56.827000+00:00,61262.402,2.597700424842771,22.641,100,409.0,278.0,TRES-3,0.15305846995518924,0.9867080662130543,0.7066888242625675,2461262.904632603
TRES-3__2026-08-10,66,468.4456297602856,217.06788514910923,4675.0,41.5,30588.5,8,2026-08-10 09:40:42.061000+00:00,61262.403,2.6328857831604204,22.322,100,410.0,279.0,TRES-3,0.15283521584909363,0.9852688343471914,0.7769007062733694,2461262.905632565
TRES-3__2026-08-10,67,469.8856647149834,238.23145309053058,5246.5,43.0,33860.0,8,2026-08-10 09:48:09.946000+00:00,61262.408,2.7947489786510857,20.966,100,410.0,279.0,TRES-3,0.1549468399291199,0.9988816485428491,0.8718737017033652,2461262.910632375
TRES-3__2026-08-10,68,472.4011786765807,221.6226847409487,4963.0,45.5,32128.0,8,2026-08-10 09:49:56.192000+00:00,61262.41,2.8359993956752274,20.647,100,410.0,278.0,TRES-3,0.15447584661354583,0.9958453389302845,0.824761113419194,2461262.912632299
TRES-3__2026-08-10,69,477.83227804189465,241.52043263697863,5851.5,47.5,38928.0,8,2026-08-10 09:55:34.777000+00:00,61262.414,2.9766796449989217,19.63,100,412.0,278.0,TRES-3,0.1503159679408138,0.9690282288281514,0.9724137931034482,2461262.9166321475
TRES-3__2026-08-14,0,323.2047810400762,218.71739365927075,3368.5,43.5,21053.5,8,2026-08-14 04:09:28.759000+00:00,61266.173,1.00878495327329,82.433,11,409.0,278.0,TRES-3,0.15999715011755766,0.9881670221527498,0.4872703601909446,2461266.6754900333
TRES-3__2026-08-14,1,320.2024269167126,216.13017098731385,3931.0,39.0,24751.0,8,2026-08-14 04:13:19.572000+00:00,61266.176,1.0100167487597338,81.924,11,411.0,280.0,TRES-3,0.15882186578320068,0.9809082852314296,0.568638796470418,2461266.678489917
TRES-3__2026-08-14,2,320.97206254965624,214.0539351746161,7615.5,37.0,47034.5,8,2026-08-14 04:17:12.331000+00:00,61266.179,1.0114919327673733,81.355,11,406.0,279.0,TRES-3,0.16191306381485931,1.0,1.1016201359756979,2461266.6814898
TRES-3__2026-08-14,3,320.8892369947353,215.4324638083797,9528.5,34.0,59382.0,8,2026-08-14 04:18:58.704000+00:00,61266.18,1.0122894447368451,81.063,11,403.0,279.0,TRES-3,0.16046108248290727,0.9910323398387896,1.378345146824823,2461266.682489761
TRES-3__2026-08-14,4,320.02477876106195,216.51872021783527,7579.5,35.5,49244.5,8,2026-08-14 04:21:16.578000+00:00,61266.181,1.013310669999989,80.703,11,404.0,279.0,TRES-3,0.1539156657088609,0.9506068385245114,1.0964125560538116,2461266.683489722
TRES-3__2026-08-14,5,322.1109552750506,215.77653108929405,6658.0,32.0,43126.0,8,2026-08-14 04:24:16.888000+00:00,61266.184,1.0147592763766904,80.216,11,404.0,280.0,TRES-3,0.1543848258591105,0.9535044438146324,0.9631129755533053,2461266.6864896053
TRES-3__2026-08-14,6,321.71364272186435,214.19408731142343,14255.5,30.0,87317.5,8,2026-08-14 04:27:16.306000+00:00,61266.186,1.016340246285438,79.712,11,399.0,279.0,TRES-3,0.16326051478798637,1.0083220645782345,2.0621293215680603,2461266.6884895274
TRES-3__2026-08-14,7,320.6293235918308,213.94505142166915,14682.5,29.5,90477.0,8,2026-08-14 04:30:15.613000+00:00,61266.188,1.018028758927652,79.201,11,398.0,279.0,TRES-3,0.1622788111895841,1.002258912073599,2.123897005641545,2461266.6904894495
TRES-3__2026-08-14,8,321.8579391688069,213.629181917367,14476.0,30.0,89827.0,8,2026-08-14 04:33:17.109000+00:00,61266.19,1.019857577991966,78.675,19,399.0,279.0,TRES-3,0.16115421866476673,0.9953132555692955,2.0940257485896137,2461266.6924893716
TRES-3__2026-08-14,9,321.5968920990672,213.66244322544128,15369.0,26.0,94858.0,8,2026-08-14 04:36:15.871000+00:00,61266.192,1.0217904778584253,78.146,19,398.0,280.0,TRES-3,0.16202112631512366,1.0006674106320903,2.22320266165196,2461266.6944892937
TRES-3__2026-08-14,10,319.4362675190004,212.7668797405521,16154.0,28.0,99805.0,8,2026-08-14 04:39:17.187000+00:00,61266.194,1.0238731165209032,77.603,19,397.0,279.0,TRES-3,0.16185561845598917,0.9996452086229692,2.3367568349486474,2461266.6964892154
TRES-3__2026-08-14,11,319.8498983156327,212.2299696694919,16294.0,22.0,100691.0,8,2026-08-14 04:42:16.238000+00:00,61266.196,1.026073067651209,77.056,19,396.0,281.0,TRES-3,0.16182181128402737,0.9994364103261224,2.357008534644872,2461266.6984891375
TRES-3__2026-08-14,12,320.9645181301508,211.8398589906124,15743.5,28.0,97004.0,8,2026-08-14 04:45:17.169000+00:00,61266.198,1.0284022675499498,76.503,19,397.0,279.0,TRES-3,0.1622974310337718,1.0023739110968342,2.2773759583393605,2461266.7004890596
TRES-3__2026-08-14,13,323.10806580974,212.701814885576,16311.0,25.0,101128.0,8,2026-08-14 04:48:16.416000+00:00,61266.2,1.0308473170032155,75.948,19,397.0,280.0,TRES-3,0.16129064156316747,0.9961558243848467,2.359467669607985,2461266.702488981
TRES-3__2026-08-14,14,322.6541151894397,212.04164589221838,15121.0,29.5,92606.5,8,2026-08-14 04:51:16.376000+00:00,61266.202,1.0334341264941185,75.386,19,398.0,279.0,TRES-3,0.16328227500229467,1.0084564590106269,2.1873282221900765,2461266.7044889033
TRES-3__2026-08-14,15,321.840088820782,212.6604944620707,13258.0,32.0,82090.0,8,2026-08-14 04:54:17.330000+00:00,61266.204,1.0361731423200915,74.816,19,401.0,279.0,TRES-3,0.1615056645145572,0.9974838392239432,1.9178359612324605,2461266.706488825
TRES-3__2026-08-14,16,321.520144238355,209.6299742279522,11796.0,34.0,72411.75,8,2026-08-14 04:57:16.238000+00:00,61266.206,1.0390298211268068,74.246,19,402.0,279.0,TRES-3,0.16290173901335073,1.006106210179692,1.7063503544047447,2461266.7084887465
TRES-3__2026-08-14,17,322.033477167318,210.540994452817,10274.5,38.0,63521.0,8,2026-08-14 05:00:17.184000+00:00,61266.209,1.0420216874289896,73.673,19,404.0,278.0,TRES-3,0.16174965759355173,0.998990778029533,1.4862577752061334,2461266.711488629
TRES-3__2026-08-14,18,315.4970420932878,208.01149032992038,9028.0,36.0,54316.5,8,2026-08-14 05:03:15.807000+00:00,61266.211,1.045135663479243,73.1,45,405.0,279.0,TRES-3,0.16621100402271868,1.0265447401623744,1.3059453204108202,2461266.7134885513
TRES-3__2026-08-14,19,316.63584103974006,208.78167958010496,8236.0,34.0,49888.0,8,2026-08-14 05:06:16.081000+00:00,61266.213,1.0484253261203609,72.518,45,406.0,280.0,TRES-3,0.16508980115458627,1.019620018699414,1.1913785621293216,2461266.715488473
TRES-3__2026-08-14,20,316.48649760109663,209.14900616860862,7449.0,35.0,45382.0,8,2026-08-14 05:09:16.965000+00:00,61266.215,1.0518326611400874,71.938,45,406.0,280.0,TRES-3,0.16413996738795117,1.0137536991804332,1.0775350788369737,2461266.7174883946
TRES-3__2026-08-14,21,319.5032023541631,208.3335641336334,5938.5,39.5,36624.5,8,2026-08-14 05:12:16.911000+00:00,61266.217,1.055370714755969,71.358,45,408.0,279.0,TRES-3,0.16214555830113722,1.0014359217273767,0.8590337046144945,2461266.719488316
TRES-3__2026-08-14,22,319.28948537950185,207.07809602736413,6913.0,40.5,43007.0,8,2026-08-14 05:15:17.111000+00:00,61266.219,1.0590866620857355,70.771,45,406.0,278.0,TRES-3,0.1607412746762155,0.9927628499453033,1.0,2461266.721488238
TRES-3__2026-08-14,23,320.04654211733856,206.67453294001967,6260.0,38.5,38676.25,8,2026-08-14 05:18:17.561000+00:00,61266.221,1.0629341461089523,70.185,45,407.0,279.0,TRES-3,0.16185643644355385,0.9996502606400542,0.9055402864168957,2461266.7234881595
TRES-3__2026-08-14,24,319.9117110543597,206.00601970083912,5736.25,42.25,34755.5,8,2026-08-14 05:21:16.561000+00:00,61266.223,1.0669078469279427,69.601,45,408.0,278.0,TRES-3,0.16504582008602955,1.0193483848514682,0.8297772313033416,2461266.725488081
TRES-3__2026-08-14,25,320.15623207700526,206.0479518690014,5820.0,38.0,35451.25,8,2026-08-14 05:24:16.775000+00:00,61266.225,1.071058907960151,69.012,45,407.0,279.0,TRES-3,0.1641691054617256,1.0139336604083162,0.8418920873716187,2461266.7274880027
TRES-3__2026-08-14,26,321.5197181990113,203.58448050218018,5097.0,36.0,31382.0,8,2026-08-14 05:27:17.124000+00:00,61266.227,1.0753861736485042,68.419,45,408.0,280.0,TRES-3,0.16241794659358869,1.003118233741205,0.7373065239404022,2461266.729487924
TRES-3__2026-08-14,27,319.7973751043461,203.63237715223266,1875.0,42.0,12128.0,8,2026-08-14 05:30:17.926000+00:00,61266.229,1.0798723702323825,67.825,45,413.0,280.0,TRES-3,0.1546009234828496,0.9548390959955471,0.27122812093157816,2461266.7314878455
TRES-3__2026-08-14,28,320.77243063090134,201.633194190719,4275.0,41.5,25612.0,8,2026-08-14 05:33:17.183000+00:00,61266.231,1.0844655444619886,67.237,68,410.0,279.0,TRES-3,0.16691394658753708,1.0308862216232042,0.6184001157239982,2461266.733487767
TRES-3__2026-08-14,29,322.71945388437445,202.227645395098,5339.0,47.0,33607.0,8,2026-08-14 05:36:16.217000+00:00,61266.234,1.089254205545658,66.644,68,409.0,277.0,TRES-3,0.15886571250037196,0.9811790893045427,0.7723130334153046,2461266.7364876494
TRES-3__2026-08-14,30,321.7939520669133,202.27923435740712,6410.0,37.0,38212.5,8,2026-08-14 05:39:16.231000+00:00,61266.236,1.0942030727607792,66.051,68,406.0,279.0,TRES-3,0.16774615636244683,1.0360260772673502,0.9272385360914219,2461266.7384875705
TRES-3__2026-08-14,31,322.6538749263067,201.2946205514022,4384.0,42.0,25623.0,8,2026-08-14 05:42:17.171000+00:00,61266.238,1.0993241685434725,65.457,68,407.0,278.0,TRES-3,0.1710962806853218,1.0567169606583635,0.6341675104874873,2461266.740487492
TRES-3__2026-08-14,32,325.49625397316765,200.47706619364965,5184.0,34.0,30476.0,8,2026-08-14 05:45:17.181000+00:00,61266.24,1.1046127062566626,64.863,68,406.0,280.0,TRES-3,0.17010106313164458,1.0505703438861975,0.7498915087516274,2461266.7424874133
TRES-3__2026-08-14,33,322.51085103068465,198.92842669633418,13641.5,32.0,84126.75,8,2026-08-14 05:48:16.195000+00:00,61266.242,1.1100815969231177,64.268,68,398.0,278.0,TRES-3,0.16215413052328778,1.001488865090615,1.9733111529003327,2461266.7444873345
TRES-3__2026-08-14,34,323.21282203778986,197.1138159613863,15459.5,31.0,95926.5,8,2026-08-14 05:51:17.030000+00:00,61266.244,1.1157258294177688,63.673,68,396.0,278.0,TRES-3,0.16115984634068792,0.9953480129618654,2.236293938955591,2461266.746487256
TRES-3__2026-08-14,35,326.6056662443856,203.3869630312104,17514.5,25.0,108615.5,8,2026-08-14 05:54:17.031000+00:00,61266.246,1.1215493190179064,63.078,68,394.0,279.0,TRES-3,0.16125230745151475,0.9959190670117878,2.5335599594966007,2461266.7484871773
TRES-3__2026-08-14,36,328.22764091513056,201.76948157201647,18304.5,28.0,113516.0,8,2026-08-14 05:57:16.324000+00:00,61266.248,1.1275664058013972,62.482,68,393.0,278.0,TRES-3,0.16125039641988795,0.9959072641863593,2.647837407782439,2461266.7504870985
TRES-3__2026-08-14,37,328.1832132026393,200.27097027061893,18575.0,24.5,115232.0,8,2026-08-14 06:00:17.420000+00:00,61266.25,1.1337717442647568,61.886,68,393.0,279.0,TRES-3,0.16119654262704805,0.9955746548738613,2.6869665846955013,2461266.7524870196
TRES-3__2026-08-14,38,329.71314236343954,199.4437201060369,17586.0,23.0,107389.0,8,2026-08-14 06:03:16.846000+00:00,61266.252,1.1401698140309666,61.29,82,395.0,280.0,TRES-3,0.1637597891776625,1.0114056600455343,2.5439027918414583,2461266.754486941
TRES-3__2026-08-14,39,329.08062793082894,199.41559088535868,1023.0,38.5,7587.0,8,2026-08-14 06:06:16.900000+00:00,61266.254,1.1467652932364578,60.694,82,407.0,279.0,TRES-3,0.13483590351917754,0.8327672909293882,0.14798206278026907,2461266.7564868624
TRES-3__2026-08-14,40,329.7904702338594,197.76378225452015,114.5,45.0,359.5,2,2026-08-14 06:09:16.187000+00:00,61266.256,1.153563067823996,60.098,82,410.0,278.0,TRES-3,0.3184979137691238,1.9670921312026592,0.01656299725155504,2461266.7584867836
TRES-3__2026-08-14,41,326.8773006134969,196.90797546012269,267.5,40.0,1300.0,6,2026-08-14 06:12:16.648000+00:00,61266.259,1.1605324523398373,59.505,82,409.0,279.0,TRES-3,0.20576923076923076,1.2708624364277308,0.03869521191957182,2461266.761486665
TRES-3__2026-08-14,42,329.8033937975424,199.18665886483325,1863.5,34.0,12538.0,8,2026-08-14 06:15:16.468000+00:00,61266.261,1.1677615627529931,58.908,82,403.0,279.0,TRES-3,0.14862817036209922,0.9179504535350477,0.2695645884565312,2461266.763486586
TRES-3__2026-08-14,43,333.6630800268998,195.70544720914594,1655.0,36.0,14532.5,8,2026-08-14 06:18:16.449000+00:00,61266.263,1.1751970268189855,58.312,82,406.0,279.0,TRES-3,0.11388267675898847,0.703356937826885,0.23940402140893968,2461266.765486507
TRES-3__2026-08-14,44,333.3184749450889,205.38867980850026,977.5,37.0,6395.5,8,2026-08-14 06:21:16.337000+00:00,61266.265,1.182856594993558,57.716,82,406.0,279.0,TRES-3,0.15284184192010006,0.943974737547232,0.14140026037899608,2461266.7674864284
TRES-3__2026-08-14,47,335.4578188230702,203.68004920656747,2124.0,36.0,12917.25,8,2026-08-14 06:30:16.591000+00:00,61266.271,1.2072421748725306,55.928,82,404.0,279.0,TRES-3,0.16443128374847588,1.015552913855648,0.3072472153912918,2461266.7734861914
TRES-3__2026-08-14,48,337.81719223571696,201.0310323545813,822.0,38.5,5257.5,8,2026-08-14 06:33:16.557000+00:00,61266.273,1.2159058865192445,55.329,81,407.0,279.0,TRES-3,0.15634807417974322,0.9656297675802157,0.11890640821640387,2461266.7754861126
TRES-3__2026-08-14,49,339.5706857328567,199.27364315892103,3310.5,36.5,18216.5,8,2026-08-14 06:36:16.678000+00:00,61266.275,1.2247238670645948,54.737,81,406.0,279.0,TRES-3,0.18173084840666429,1.1223976875298078,0.4788803703167944,2461266.7774860333
TRES-3__2026-08-14,50,336.6470952667774,200.96400251579934,4471.5,35.5,26326.0,8,2026-08-14 06:39:16.613000+00:00,61266.277,1.2338967470732711,54.139,81,404.0,279.0,TRES-3,0.16985109777406365,1.0490265193689445,0.6468248227976277,2461266.7794859544
TRES-3__2026-08-27,0,308.67473579598453,294.37768549447117,4433.0,209.0,34288.0,8,2026-08-27 05:39:37.519000+00:00,61279.236,1.208556222652459,55.836,100,582.0,281.0,TRES-3,0.12928721418572095,1.0027518013477965,1.1198686371100164,2461279.737947133
TRES-3__2026-08-27,1,305.7154218143423,268.98405800213595,4536.0,211.0,34389.0,8,2026-08-27 05:42:15.162000+00:00,61279.238,1.2161408372356233,55.313,100,584.0,281.0,TRES-3,0.1319026432870976,1.0230370728591425,1.1458885941644563,2461279.7399470434
TRES-3__2026-08-27,2,306.46057992358436,266.05965796605534,4476.0,215.0,34314.0,8,2026-08-27 05:45:15.673000+00:00,61279.24,1.225056554759595,54.715,100,588.0,281.0,TRES-3,0.1304423850323483,1.0117113079364068,1.1307313376278894,2461279.741946954
TRES-3__2026-08-27,3,308.36507936507934,265.67326007326005,4410.0,216.0,34176.0,8,2026-08-27 05:48:16.323000+00:00,61279.242,1.2341926553852007,54.12,100,589.0,281.0,TRES-3,0.1290379213483146,1.0008182857766958,1.1140583554376657,2461279.7439468647
TRES-3__2026-08-27,4,310.794584044889,268.2224932910466,4440.0,216.0,34327.0,8,2026-08-27 05:51:15.888000+00:00,61279.244,1.2436011675728924,53.525,100,589.0,281.0,TRES-3,0.12934424796807178,1.0031941554378756,1.1216369837059492,2461279.745946775
TRES-3__2026-08-27,5,309.20857679575056,268.00034041908583,3827.0,256.0,29701.0,8,2026-08-27 05:54:15.483000+00:00,61279.246,1.2532904224457315,52.93,100,623.0,280.0,TRES-3,0.12885088044173598,0.9993675962620465,0.966780346090691,2461279.7479466856
TRES-3__2026-08-27,6,309.1313454623458,267.215641906697,4360.0,229.0,33761.0,8,2026-08-27 05:57:16.044000+00:00,61279.248,1.2632521298368142,52.336,100,600.0,280.0,TRES-3,0.12914309410266284,1.0016340057961859,1.1014273083238602,2461279.749946596
TRES-3__2026-08-27,7,311.96668349318526,264.7228672387683,4335.0,227.0,33922.0,8,2026-08-27 06:00:15.701000+00:00,61279.25,1.2735114385938155,51.742,100,600.0,281.0,TRES-3,0.1277931725723719,0.9911640126518299,1.0951117847669571,2461279.7519465066
TRES-3__2026-08-27,8,311.45971075108713,263.0015509490894,4232.0,243.0,33050.0,8,2026-08-27 06:03:15.336000+00:00,61279.252,1.284005688300936,51.152,100,614.0,280.0,TRES-3,0.12804841149773072,0.993143646088822,1.0690918277125174,2461279.753946417
TRES-3__2026-08-27,9,310.93904531640317,267.50028664201136,3892.0,276.0,30187.0,8,2026-08-27 06:06:16.031000+00:00,61279.254,1.2949243111513586,50.556,100,649.0,280.0,TRES-3,0.12892967171298902,0.9999787014643443,0.9832007073386384,2461279.7559463275
TRES-3__2026-08-27,10,313.35853747057513,267.4850987637699,4089.0,258.0,31556.0,8,2026-08-27 06:09:15.504000+00:00,61279.256,1.3061153022701857,49.963,100,631.0,281.0,TRES-3,0.12957916085688934,1.005016140109022,1.032967032967033,2461279.757946238
TRES-3__2026-08-27,11,317.18652762370215,267.71572063706867,3746.0,284.0,30124.0,8,2026-08-27 06:12:15.171000+00:00,61279.259,1.317624050780016,49.371,100,654.0,280.0,TRES-3,0.12435267560748904,0.9644795137182226,0.9463180497663256,2461279.760946104
TRES-3__2026-08-27,12,319.1713817463169,266.211949576587,4152.0,250.0,32726.0,8,2026-08-27 06:15:15.652000+00:00,61279.261,1.3294806118514133,48.779,100,621.0,280.0,TRES-3,0.12687160056224409,0.9840162989428787,1.0488821523304281,2461279.762946014
TRES-3__2026-08-27,13,317.392738430069,264.82664280235235,4258.0,242.0,33551.0,8,2026-08-27 06:18:15.200000+00:00,61279.263,1.3415923062829962,48.192,100,613.0,280.0,TRES-3,0.12691126941074782,0.9843239705834584,1.0756599722116964,2461279.7649459243
TRES-3__2026-08-27,14,320.7694512195541,268.8629484882837,4313.0,238.0,33382.0,8,2026-08-27 06:21:15.793000+00:00,61279.265,1.3542211975471694,47.598,100,611.0,281.0,TRES-3,0.12920136600563178,1.0020859627513892,1.0895541240368827,2461279.7669458347
TRES-3__2026-08-27,15,322.72888979434566,272.44920436428885,4269.0,246.0,33145.0,8,2026-08-27 06:24:15.423000+00:00,61279.267,1.367149466549717,47.008,100,616.0,280.0,TRES-3,0.12879770704480314,0.9989551833262895,1.0784388025767335,2461279.768945745
TRES-3__2026-08-27,16,320.8848392811946,270.38142242470263,4256.0,250.0,33359.0,8,2026-08-27 06:27:16.076000+00:00,61279.269,1.3804747494463632,46.418,100,621.0,280.0,TRES-3,0.12758176204322672,0.9895243123128643,1.075154730327144,2461279.770945655
TRES-3__2026-08-27,17,321.8741791886167,269.62657630046533,4219.0,251.0,33269.0,8,2026-08-27 06:30:15.625000+00:00,61279.271,1.3941879984643797,45.829,100,624.0,281.0,TRES-3,0.12681475247227147,0.9835753850831266,1.065807755462928,2461279.7729455656
TRES-3__2026-08-27,18,326.65274244643155,266.86045139600986,4287.0,252.0,32863.0,8,2026-08-27 06:33:15.391000+00:00,61279.273,1.4083023752976336,45.241,100,623.0,280.0,TRES-3,0.130450658795606,1.0117754792549924,1.0829859795377037,2461279.774945476
TRES-3__2026-08-27,19,326.64207103672254,270.78072818591113,4213.0,253.0,32700.5,8,2026-08-27 06:36:15.943000+00:00,61279.275,1.4228568410914493,44.653,100,626.0,281.0,TRES-3,0.12883595052063423,0.9992517997745667,1.0642920298092713,2461279.776945386
TRES-3__2026-08-27,20,328.74972591317083,268.91169436141934,4239.0,260.0,32674.0,8,2026-08-27 06:39:15.557000+00:00,61279.277,1.4378423704522538,44.066,100,631.0,280.0,TRES-3,0.12973618167350187,1.0062339937668565,1.0708601743084503,2461279.7789452965
TRES-3__2026-08-27,21,327.2802925461779,267.87992544266103,4206.0,261.0,32672.0,8,2026-08-27 06:42:15.160000+00:00,61279.279,1.453301078188113,43.479,100,636.0,282.0,TRES-3,0.12873408423114593,0.99846172470083,1.0625236832133385,2461279.7809452065
TRES-3__2026-08-27,22,330.7348048065512,269.2941784519298,4171.0,268.0,32621.0,8,2026-08-27 06:45:15.725000+00:00,61279.281,1.4692240890740111,42.893,100,639.0,280.0,TRES-3,0.12786241991355263,0.9917010951200758,1.0536819502336743,2461279.782945117
TRES-3__2026-08-27,23,334.2663130399838,263.44194292278826,4198.0,269.0,32559.0,8,2026-08-27 06:48:15.536000+00:00,61279.284,1.4856285223126808,42.308,100,640.0,280.0,TRES-3,0.1289351638563838,1.000021298535656,1.0605027156751294,2461279.7859449824
TRES-3__2026-08-27,24,332.4959124822158,270.53955207408177,4202.0,272.0,32294.0,8,2026-08-27 06:51:16.121000+00:00,61279.286,1.5025324116509196,41.724,100,643.0,280.0,TRES-3,0.1301170496067381,1.0091880059523122,1.061513199444234,2461279.7879448924
TRES-3__2026-08-27,25,335.7794295465887,268.90035261141736,4155.0,273.0,32565.0,8,2026-08-27 06:54:16.729000+00:00,61279.288,1.5199851322509674,41.14,100,646.0,281.0,TRES-3,0.12759097190234914,0.9895957439921942,1.0496400151572565,2461279.7899448024
TRES-3__2026-08-27,26,338.5770967755594,267.71593569691225,4146.0,276.0,32470.0,8,2026-08-27 06:57:15.270000+00:00,61279.29,1.5379783593075027,40.557,100,649.0,281.0,TRES-3,0.12768709578072066,0.9903412809178418,1.0473664266767715,2461279.791944713
TRES-3__2026-08-27,27,339.9981142241379,266.6320043103448,4183.0,281.0,32130.0,8,2026-08-27 07:00:15.929000+00:00,61279.292,1.5565333732962154,39.975,100,652.0,280.0,TRES-3,0.13018985371926547,1.009752674743748,1.0567134015409878,2461279.793944623
TRES-3__2026-08-27,28,341.66799787007454,269.3511714589989,4184.0,287.0,31639.0,8,2026-08-27 07:03:15.517000+00:00,61279.294,1.5756726498150722,39.394,100,658.0,280.0,TRES-3,0.13224185340876765,1.0256679870039196,1.0569660224832638,2461279.795944533
TRES-3__2026-08-27,29,341.57146695325093,268.4261149919398,4090.0,289.0,31816.0,8,2026-08-27 07:06:15.221000+00:00,61279.296,1.5954199428499272,38.814,100,659.0,280.0,TRES-3,0.1285516721146593,0.9970469360881532,1.033219653909309,2461279.7979444433
TRES-3__2026-08-27,30,341.9119073275862,265.3572198275862,4101.0,290.0,31728.0,8,2026-08-27 07:09:16.758000+00:00,61279.298,1.6158361683055136,38.234,100,663.0,281.0,TRES-3,0.1292549167927383,1.0025013027258238,1.0359984842743464,2461279.7999443533
TRES-3__2026-08-27,31,348.42958709324586,267.8969100355483,4122.0,295.0,31454.0,8,2026-08-27 07:12:15.357000+00:00,61279.3,1.6369145815829578,37.655,100,668.0,281.0,TRES-3,0.1310485152921727,1.0164124550198084,1.0413035240621447,2461279.8019442633
TRES-3__2026-08-27,32,348.01146120021116,271.74749343671283,4046.0,297.0,31382.0,8,2026-08-27 07:15:16.088000+00:00,61279.302,1.6587984505291675,37.074,100,670.0,281.0,TRES-3,0.12892741061755147,0.9999611644051903,1.02210433244916,2461279.8039441733
TRES-3__2026-08-27,33,352.59983361064894,269.44065446478095,4012.0,302.0,31003.0,8,2026-08-27 07:18:16.716000+00:00,61279.304,1.6811729850861248,36.5,100,672.0,280.0,TRES-3,0.12940683159694222,1.0036795541447774,1.013515220411772,2461279.8059440833
TRES-3__2026-08-27,34,355.55651137488115,270.49779340993234,4059.0,306.0,31297.0,8,2026-08-27 07:21:15.278000+00:00,61279.306,1.7044148690597491,35.924,100,677.0,280.0,TRES-3,0.12969294181550947,1.005898625372039,1.0253884046987496,2461279.8079439932
TRES-3__2026-08-27,35,354.946508199374,273.021175541827,3961.0,306.0,30640.0,8,2026-08-27 07:24:16.820000+00:00,61279.309,1.728442996498983,35.349,100,681.0,282.0,TRES-3,0.12927545691906006,1.0026606119722856,1.0006315523556903,2461279.8109438587
TRES-3__2026-08-27,36,359.0892879166214,271.987562169474,3993.0,313.0,30983.0,8,2026-08-27 07:27:15.337000+00:00,61279.311,1.7532933265554853,34.775,100,686.0,281.0,TRES-3,0.12887712616596197,0.9995711581332729,1.008715422508526,2461279.8129437687
TRES-3__2026-08-27,37,361.1641673882297,272.575474304643,4065.0,316.0,30677.0,8,2026-08-27 07:30:15.822000+00:00,61279.313,1.7790041107214534,34.202,100,689.0,281.0,TRES-3,0.1325096978192131,1.0277453885996357,1.0269041303524062,2461279.8149436787
TRES-3__2026-08-27,38,362.43336151230096,270.60116063434145,3956.0,321.0,30783.0,8,2026-08-27 07:33:15.455000+00:00,61279.315,1.805663456577832,33.629,100,692.0,280.0,TRES-3,0.12851249066042947,0.9967430446781957,0.9993684476443098,2461279.8169435887
TRES-3__2026-08-27,39,362.65799048418694,275.65966974531204,3909.5,328.0,30467.5,8,2026-08-27 07:36:16.028000+00:00,61279.317,1.8332217882030384,33.058,100,695.0,279.0,TRES-3,0.1283170591614015,0.9952272777175982,0.9876215738284704,2461279.8189434987
TRES-3__2026-08-27,40,366.04140566322127,280.1505807243254,3917.0,327.0,30178.0,8,2026-08-27 07:39:16.621000+00:00,61279.319,1.8617711025616928,32.488,100,699.0,281.0,TRES-3,0.12979654052621115,1.0067021371069595,0.9895162308955412,2461279.8209434086
TRES-3__2026-08-27,41,368.3087023836674,278.1846155616768,3862.5,337.0,30053.0,8,2026-08-27 07:42:15.182000+00:00,61279.321,1.891201888211815,31.922,100,704.0,279.0,TRES-3,0.12852294280105148,0.9968241114944518,0.975748389541493,2461279.8229433186
TRES-3__2026-08-27,42,369.05756913509725,278.66667709449916,3901.0,338.0,29890.5,8,2026-08-27 07:45:16.778000+00:00,61279.323,1.922043916565931,31.351,100,708.0,280.0,TRES-3,0.13050969371539453,1.0122333541696407,0.9854742958191234,2461279.824943228
TRES-3__2026-08-27,43,370.2495801684219,280.21470513929006,3809.0,344.0,29803.0,8,2026-08-27 07:48:16.276000+00:00,61279.325,1.953876868399796,30.784,100,713.0,280.0,TRES-3,0.12780592557796194,0.99126292497977,0.9622331691297209,2461279.826943138
TRES-3__2026-08-27,44,371.6555693985972,278.54836543544866,3647.0,349.0,29470.0,8,2026-08-27 07:51:15.866000+00:00,61279.327,1.9869203349526343,30.218,100,719.0,280.0,TRES-3,0.12375296912114014,0.9598281894302503,0.9213085764809903,2461279.828943048
TRES-3__2026-08-27,45,374.224791615738,285.5776375510835,3793.0,349.0,29037.0,8,2026-08-27 07:54:15.395000+00:00,61279.329,2.021177384254449,29.654,100,722.0,281.0,TRES-3,0.13062644212556393,1.0131388549907325,0.958191234053303,2461279.830942958
TRES-3__2026-08-27,46,375.39005740147644,281.952595073544,3737.5,366.5,28138.0,8,2026-08-27 07:57:16.033000+00:00,61279.331,2.056839225852676,29.09,100,734.0,279.0,TRES-3,0.13282749306986993,1.0302102089769867,0.9441707717569786,2461279.832942868
TRES-3__2026-08-27,47,377.6479045579688,280.2780666870603,3674.0,366.0,28446.0,8,2026-08-27 08:00:16.702000+00:00,61279.334,2.093854190199836,28.528,100,738.0,281.0,TRES-3,0.12915699922660479,1.0017418539555618,0.9281293419224453,2461279.835942733
TRES-3__2026-08-27,48,378.4393782122987,283.9315056710009,3580.0,371.0,28658.0,8,2026-08-27 08:03:16.278000+00:00,61279.336,2.1323646432277026,27.967,100,741.0,280.0,TRES-3,0.12492148789168818,0.9688912225341468,0.9043829733484906,2461279.8379426426
TRES-3__2026-08-27,49,384.79891601935,281.7821011279955,3652.0,382.0,28035.0,8,2026-08-27 08:06:15.799000+00:00,61279.338,2.172457268243018,27.407,100,755.0,281.0,TRES-3,0.1302657392545033,1.010341243053733,0.9225716811923709,2461279.8399425526
TRES-3__2026-08-27,50,386.55343095067946,279.31127000024424,3635.5,394.0,27815.0,8,2026-08-27 08:09:15.414000+00:00,61279.34,2.2141493097403897,26.849,100,762.0,279.0,TRES-3,0.13070285817005212,1.0137315379311533,0.918403435644815,2461279.8419424626
TRES-3__2026-08-27,51,383.3255085544739,287.95829087666954,3599.0,395.0,27798.0,8,2026-08-27 08:12:16.057000+00:00,61279.342,2.2576114690702767,26.292,100,768.0,281.0,TRES-3,0.1294697460248939,1.0041675185297838,0.9091827712517367,2461279.8439423726
TRES-3__2026-08-27,52,389.28830506797027,285.96255832629566,3560.0,397.0,27647.0,8,2026-08-27 08:15:15.700000+00:00,61279.344,2.3029526769296083,25.736,100,769.0,281.0,TRES-3,0.12876623141751364,0.9987110583201017,0.8993305545029683,2461279.845942282
TRES-3__2026-08-27,53,389.9612625902079,283.6052840361278,3676.0,402.0,27927.0,8,2026-08-27 08:18:15.294000+00:00,61279.346,2.350291064877281,25.181,100,773.0,280.0,TRES-3,0.1316288896050417,1.0209138389451313,0.9286345838069976,2461279.847942192
TRES-3__2026-08-27,54,389.8953723294707,289.7344355713289,3477.0,406.0,27359.0,8,2026-08-27 08:21:15.883000+00:00,61279.348,2.3996635914271165,24.628,100,778.0,281.0,TRES-3,0.12708797836178223,0.9856945254374713,0.8783630162940508,2461279.849942102
TRES-3__2026-08-27,55,392.4572604921852,287.75225450411773,3609.5,415.0,27015.5,8,2026-08-27 08:24:15.491000+00:00,61279.35,2.451292466418305,24.076,100,782.0,279.0,TRES-3,0.13360848401843387,1.0362675757896387,0.911835291145636,2461279.851942012
TRES-3__2026-08-27,56,394.91782118041186,284.19699991513795,3557.0,415.0,27174.0,8,2026-08-27 08:27:16.111000+00:00,61279.352,2.5052285590807752,23.526,100,786.0,280.0,TRES-3,0.13089718112902038,1.015238707053606,0.89857269167614,2461279.8539419216
TRES-3__2026-08-27,57,397.19267602174364,288.1994908447117,3444.0,419.0,26802.0,8,2026-08-27 08:30:15.655000+00:00,61279.354,2.5617274966396,22.977,100,791.0,281.0,TRES-3,0.12849787329303783,0.996629672357698,0.870026525198939,2461279.8559418316
TRES-3__2026-08-27,58,396.7146982427728,289.566494897578,3449.5,425.5,26243.5,8,2026-08-27 08:33:15.186000+00:00,61279.356,2.620968973091608,22.429,100,793.0,279.0,TRES-3,0.13144207137005354,1.0194648764716272,0.8714159403814576,2461279.8579417416
TRES-3__2026-08-27,59,400.6044760888642,293.4880998734562,3372.0,426.0,26168.0,8,2026-08-27 08:36:16.784000+00:00,61279.359,2.682916791215472,21.884,100,797.0,280.0,TRES-3,0.1288596759400795,0.9994358141586364,0.8518378173550587,2461279.860941606
TRES-3__2026-08-27,60,402.80540065173875,289.6079509707382,3332.0,437.0,25936.0,8,2026-08-27 08:39:15.305000+00:00,61279.361,2.7481184923480093,21.339,100,808.0,280.0,TRES-3,0.12847008019740902,0.9964141090718591,0.8417329796640142,2461279.862941516
TRES-3__2026-08-27,61,403.45927937275957,285.92464488934587,3286.0,442.0,25586.0,8,2026-08-27 08:42:15.911000+00:00,61279.363,2.8165705732866946,20.796,100,812.0,280.0,TRES-3,0.12842960994293753,0.9961002217255513,0.8301124163193129,2461279.864941426
TRES-3__2026-08-27,62,404.5358477170444,294.11337863560965,3173.0,446.0,25544.0,8,2026-08-27 08:45:15.564000+00:00,61279.365,2.8885126959394767,20.255,100,819.0,281.0,TRES-3,0.124217037269026,0.9634275025887209,0.8015662498421119,2461279.8669413356
TRES-3__2026-08-27,63,404.7033240376107,290.74178599034974,3216.0,455.0,25333.0,8,2026-08-27 08:48:16.148000+00:00,61279.367,2.9647863534963474,19.712,100,825.0,280.0,TRES-3,0.12694903880314215,0.9846169100399836,0.8124289503599849,2461279.8689412456
TRES-3__2026-08-27,64,410.36150941714027,288.78794715392473,3228.0,458.0,24531.0,8,2026-08-27 08:51:15.763000+00:00,61279.369,3.044255653961764,19.177,100,830.0,281.0,TRES-3,0.13158860217683746,1.02060136959959,0.8154604016672983,2461279.870941155
TRES-3__2026-08-27,65,409.13157108738073,292.02168113845363,3244.0,468.0,24652.5,8,2026-08-27 08:54:15.355000+00:00,61279.371,3.128544676039513,18.641,100,835.0,279.0,TRES-3,0.13158908832775582,1.0206051401867449,0.8195023367437161,2461279.872941065
TRES-3__2026-08-27,66,409.07664923977677,292.923552145503,3112.0,475.0,23913.0,8,2026-08-27 08:57:16.001000+00:00,61279.373,3.217752047659187,18.106,100,845.0,280.0,TRES-3,0.13013841843348806,1.0093537426003727,0.786156372363269,2461279.874940975
TRES-3__2026-08-27,67,410.585397024793,292.9072946111934,2940.0,496.0,22980.0,8,2026-08-27 09:00:15.688000+00:00,61279.375,3.3121282418143148,17.573,100,863.0,281.0,TRES-3,0.1279373368146214,0.9922821507021862,0.7427055702917772,2461279.8769408846
TRES-3__2026-08-27,68,412.0384616559306,288.7979447061251,2797.0,508.0,22823.0,8,2026-08-27 09:03:16.288000+00:00,61279.377,3.4121234247880787,17.042,100,874.0,281.0,TRES-3,0.12255181176882969,0.9505120114437616,0.7065807755462928,2461279.8789407946
TRES-3__2026-08-27,69,410.75657174055885,292.5242917046406,2908.5,515.0,22649.5,8,2026-08-27 09:06:17.095000+00:00,61279.379,3.5190704307746863,16.509,100,883.0,279.0,TRES-3,0.12841343076006093,0.9959747359621212,0.7347480106100795,2461279.8809407046
TRES-3__2026-08-31,1,316.65291964370084,196.10742061236448,8884.0,102.0,68178.0,8,2026-08-31 03:48:55.498000+00:00,61283.159,1.0375766566205713,74.533,40,473.0,280.0,TRES-3,0.1303059638006395,0.9992843364393219,1.3640411484722863,2461283.660772198
TRES-3__2026-08-31,2,317.8273479484773,195.66424976541842,11990.0,81.0,92083.0,8,2026-08-31 03:50:40.690000+00:00,61283.16,1.0392655372532946,74.2,40,455.0,281.0,TRES-3,0.13020861613978693,0.9985378012091477,1.8409335175802242,2461283.6617721524
TRES-3__2026-08-31,3,313.0808431163287,197.89176449662043,11463.0,80.0,80336.0,8,2026-08-31 03:52:24.056000+00:00,61283.161,1.0409688727758657,73.872,40,452.0,280.0,TRES-3,0.14268820952001593,1.0942407285830174,1.7600184246890833,2461283.662772107
TRES-3__2026-08-31,4,315.25740090316106,197.968489713999,10206.0,80.0,81435.0,8,2026-08-31 03:54:16.367000+00:00,61283.163,1.0428680756181512,73.515,40,453.0,281.0,TRES-3,0.12532694787253637,0.9611014898318749,1.5670198065407646,2461283.6647720155
TRES-3__2026-08-31,5,315.7007257121859,196.2751646281651,7636.0,90.0,61645.0,8,2026-08-31 03:57:15.802000+00:00,61283.165,1.0460384322902063,72.938,40,462.0,280.0,TRES-3,0.12387054911185011,0.9499327265096525,1.1724243820052203,2461283.6667719246
TRES-3__2026-08-31,6,315.3825769450822,194.81497857337803,14794.0,67.0,114449.0,8,2026-08-31 04:00:15.337000+00:00,61283.167,1.0493290434730382,72.362,40,442.0,282.0,TRES-3,0.12926281575199433,0.9912846910263677,2.2714570858283434,2461283.6687718336
TRES-3__2026-08-31,7,314.3642738453267,194.61092426269846,16964.0,67.0,127388.0,8,2026-08-31 04:03:15.811000+00:00,61283.169,1.0527955341218644,71.778,26,440.0,281.0,TRES-3,0.13316795930542907,1.0212322749333076,2.604636880085982,2461283.6707717427
TRES-3__2026-08-31,8,310.00627438977733,195.3217537684597,13215.0,85.0,96808.0,8,2026-08-31 04:06:15.261000+00:00,61283.171,1.0563888387716125,71.195,26,462.0,282.0,TRES-3,0.1365073134451698,1.046840959204828,2.0290188853063102,2461283.6727716513
TRES-3__2026-08-31,9,310.9448837766595,196.0122214234364,4423.0,178.0,35430.0,8,2026-08-31 04:09:16.729000+00:00,61283.173,1.060129915069321,70.61,26,552.0,281.0,TRES-3,0.12483770815692916,0.957349630973609,0.6791033317979426,2461283.6747715604
TRES-3__2026-08-31,10,311.3041770796144,194.99464476972508,5922.0,170.0,40792.0,8,2026-08-31 04:12:15.178000+00:00,61283.175,1.0640223970721074,70.023,26,550.0,282.0,TRES-3,0.14517552461266914,1.113315335296185,0.9092584062643942,2461283.6767714694
TRES-3__2026-08-31,11,314.9580664145738,193.77405383496054,1960.0,267.0,14969.0,8,2026-08-31 04:15:15.622000+00:00,61283.177,1.0680560856407095,69.436,26,640.0,281.0,TRES-3,0.1309372703587414,1.0041256709155228,0.3009365883617381,2461283.678771378
TRES-3__2026-08-31,12,311.2826242605956,194.03367696547815,1519.0,327.0,9342.0,8,2026-08-31 04:18:16.052000+00:00,61283.179,1.072247926019554,68.847,26,706.0,280.0,TRES-3,0.16259901520017128,1.2469317924587038,0.233225855980347,2461283.6807712866
TRES-3__2026-08-31,13,313.4455350208586,193.04942992048808,2334.0,264.0,14895.0,8,2026-08-31 04:21:15.484000+00:00,61283.181,1.0765945124516465,68.257,26,644.0,281.0,TRES-3,0.1566968781470292,1.2016697573476594,0.3583602026715799,2461283.6827711957
TRES-3__2026-08-31,16,310.12669219746255,191.7140001298176,866.0,314.0,6510.0,8,2026-08-31 04:30:15.736000+00:00,61283.188,1.090598416580986,66.481,26,687.0,282.0,TRES-3,0.13302611367127495,1.0201444957076433,0.1329648395516659,2461283.689770876
TRES-3__2026-08-31,17,311.82307819232153,191.1064718904076,1826.0,248.0,13217.0,8,2026-08-31 04:33:15.152000+00:00,61283.19,1.0955662127185966,65.891,22,621.0,281.0,TRES-3,0.13815540591662254,1.0594797743725355,0.28036235221863964,2461283.6917707846
TRES-3__2026-08-31,18,315.2721021611002,189.60707269155208,2309.0,236.0,16857.0,8,2026-08-31 04:36:16.638000+00:00,61283.192,1.100758582307903,65.294,22,607.0,280.0,TRES-3,0.13697573708251765,1.0504331846868156,0.3545217257792108,2461283.693770693
TRES-3__2026-08-31,19,315.35370607622076,189.36645286457872,2802.0,258.0,20910.0,8,2026-08-31 04:39:17.030000+00:00,61283.194,1.1061301918012694,64.696,22,630.0,281.0,TRES-3,0.1340028694404591,1.027634995084677,0.43021649009672963,2461283.6957706017
TRES-3__2026-08-31,20,315.3790355675346,190.03394998353835,3817.0,250.0,30053.0,8,2026-08-31 04:42:15.335000+00:00,61283.196,1.11161023191517,64.105,22,620.0,281.0,TRES-3,0.12700895085349218,0.9740003563433488,0.5860586519269154,2461283.6977705103
TRES-3__2026-08-31,21,314.7962243800442,189.98264995256517,2346.0,314.0,17279.0,8,2026-08-31 04:45:16.722000+00:00,61283.198,1.1173031752896847,63.51,22,687.0,281.0,TRES-3,0.13577174605011863,1.0412000740539789,0.3602026715799171,2461283.699770419
TRES-3__2026-08-31,22,315.90448574145023,195.23398327224072,7928.0,220.0,61817.0,8,2026-08-31 04:48:16.133000+00:00,61283.2,1.1231865033681585,62.914,22,592.0,281.0,TRES-3,0.12824951065240953,0.9835139038381592,1.2172577921080916,2461283.7017703275
TRES-3__2026-08-31,23,317.4115937348619,192.75423865654773,6426.0,232.0,50800.0,8,2026-08-31 04:51:15.464000+00:00,61283.202,1.1292549552529705,62.318,22,604.0,282.0,TRES-3,0.12649606299212598,0.9700671456808098,0.9866421004145555,2461283.703770236
TRES-3__2026-08-31,24,317.590697795082,192.91165272353615,6524.0,270.0,49346.0,8,2026-08-31 04:54:15.990000+00:00,61283.204,1.1355128721802294,61.722,22,646.0,282.0,TRES-3,0.1322092976127751,1.013880534571837,1.0016889298326423,2461283.7057701447
TRES-3__2026-08-31,25,320.31973862100045,192.20211807120324,4700.0,287.0,35131.0,8,2026-08-31 04:57:16.489000+00:00,61283.206,1.1419647875022012,61.126,22,658.0,281.0,TRES-3,0.13378497623181806,1.0259640257440517,0.7216336557653923,2461283.7077700533
TRES-3__2026-08-31,26,320.49365981218995,190.7698948286199,3907.0,280.0,27109.0,8,2026-08-31 05:00:16.959000+00:00,61283.209,1.1486494229554556,60.527,22,655.0,282.0,TRES-3,0.14412187834298573,1.1052351816122508,0.5998771687394442,2461283.710769916
TRES-3__2026-08-31,27,320.737772297575,191.06699547883272,2767.0,348.0,21001.0,8,2026-08-31 05:03:15.463000+00:00,61283.211,1.155469761263492,59.934,33,720.0,281.0,TRES-3,0.13175563068425314,1.0104014746546244,0.4248426224474129,2461283.712769824
TRES-3__2026-08-31,28,321.2170064922728,188.0783808872317,1569.0,439.0,12580.0,8,2026-08-31 05:06:15.997000+00:00,61283.213,1.1625329298597915,59.338,33,809.0,281.0,TRES-3,0.12472178060413354,0.9564606111291478,0.2409028097650852,2461283.7147697327
TRES-3__2026-08-31,29,323.92747609042993,191.90619419665816,766.0,459.0,6262.0,8,2026-08-31 05:09:15.477000+00:00,61283.215,1.1698227314345186,58.741,33,828.0,281.0,TRES-3,0.12232513573938039,0.9380813320577797,0.11761093198218947,2461283.716769641
TRES-3__2026-08-31,30,324.33217951420244,190.88084766065816,583.0,478.0,3041.0,5,2026-08-31 05:12:16.148000+00:00,61283.217,1.1773203916125952,58.145,33,850.0,281.0,TRES-3,0.1917132522196646,1.4702017040758935,0.0895132811300476,2461283.7187695494
TRES-3__2026-08-31,31,325.14120017443327,193.77943816611085,728.0,519.0,3687.0,5,2026-08-31 05:15:15.559000+00:00,61283.219,1.185043833790265,57.549,33,885.0,279.0,TRES-3,0.1974505017629509,1.5141992574927197,0.11177644710578842,2461283.7207694575
TRES-3__2026-08-31,32,323.4145562271839,196.19726316200183,871.0,511.0,7489.0,8,2026-08-31 05:18:16.014000+00:00,61283.221,1.192999219307201,56.953,33,877.0,281.0,TRES-3,0.11630391240486046,0.8919060535909074,0.13373253493013973,2461283.7227693656
TRES-3__2026-08-31,33,328.0202698051562,194.94954920697037,798.0,512.0,6491.0,8,2026-08-31 05:21:16.461000+00:00,61283.223,1.2011929905448868,56.357,33,883.0,281.0,TRES-3,0.12293945462948698,0.9427923922929159,0.12252418240442192,2461283.7247692742
TRES-3__2026-08-31,34,328.58133187772927,198.00873362445415,2184.0,416.0,17690.0,8,2026-08-31 05:24:16.882000+00:00,61283.225,1.2096318854709267,55.761,33,785.0,281.0,TRES-3,0.12345958168456755,0.9467811185487266,0.33532934131736525,2461283.7267691824
TRES-3__2026-08-31,35,330.8149036001956,195.77589771401483,4305.0,348.0,33901.0,8,2026-08-31 05:27:15.396000+00:00,61283.227,1.2183081555446715,55.166,33,719.0,281.0,TRES-3,0.12698740450134213,0.9738351226765007,0.6609857208659604,2461283.7287690905
TRES-3__2026-08-31,36,330.49469612771736,191.81035556606795,9897.0,231.0,74916.0,8,2026-08-31 05:30:16.960000+00:00,61283.229,1.227304051382927,54.567,33,604.0,281.0,TRES-3,0.13210796091622617,1.0131034084095778,1.5195762321510824,2461283.7307689986
TRES-3__2026-08-31,37,331.70363022111525,192.53444094370906,6937.0,285.0,53881.0,8,2026-08-31 05:33:16.350000+00:00,61283.231,1.236460070319774,53.975,47,657.0,281.0,TRES-3,0.12874668250403667,0.9873265922935367,1.06510056809458,2461283.732768907
TRES-3__2026-08-31,38,334.6978631770747,195.92877256915688,6298.0,307.0,49010.0,8,2026-08-31 05:36:16.718000+00:00,61283.234,1.2459200550600824,53.381,47,679.0,281.0,TRES-3,0.12850438685982452,0.985468486685883,0.9669890987256257,2461283.7357687694
TRES-3__2026-08-31,39,332.8495842781557,194.61073318216177,5576.0,340.0,42529.0,8,2026-08-31 05:39:15.145000+00:00,61283.236,1.2556785506924362,52.786,47,713.0,281.0,TRES-3,0.13111053633990924,1.0054544050422565,0.8561338860740059,2461283.7377686775
TRES-3__2026-08-31,40,336.8282306582171,191.80912087136952,6513.0,315.0,50313.0,8,2026-08-31 05:42:15.497000+00:00,61283.238,1.2657115516677544,52.192,47,687.0,281.0,TRES-3,0.12944964522091706,0.9927174401994248,1.0,2461283.7397685857
TRES-3__2026-08-31,41,341.32583711300845,191.39516974479463,5633.0,344.0,42581.0,8,2026-08-31 05:45:16.038000+00:00,61283.24,1.2760444261018309,51.598,47,713.0,280.0,TRES-3,0.13228904910640896,1.0144921291303013,0.8648856133886074,2461283.741768494
TRES-3__2026-08-31,42,341.19546868401335,189.3337554413753,4846.0,358.0,36696.0,8,2026-08-31 05:48:15.509000+00:00,61283.242,1.2866686457947414,51.005,47,733.0,282.0,TRES-3,0.13205798997165905,1.0127201935456795,0.7440503608168278,2461283.743768402
TRES-3__2026-08-31,43,339.37331094275777,195.61055319120996,5707.0,335.0,42467.0,8,2026-08-31 05:51:16.062000+00:00,61283.244,1.297611427037962,50.412,47,708.0,281.0,TRES-3,0.13438670026137942,1.030578499096321,0.8762475049900199,2461283.7457683096
TRES-3__2026-08-31,44,341.6612438348795,195.4465546099122,4211.0,381.0,32062.0,8,2026-08-31 05:54:15.471000+00:00,61283.246,1.3088640512520389,49.82,47,752.0,281.0,TRES-3,0.1313392801447196,1.0072085849319372,0.6465530477506526,2461283.7477682177
TRES-3__2026-08-31,45,343.43549097313957,194.6334214002642,4990.0,364.0,37157.5,8,2026-08-31 05:57:15.940000+00:00,61283.248,1.320455743988765,49.228,47,738.0,281.0,TRES-3,0.13429321133014868,1.029861555513046,0.766159987716874,2461283.749768126
TRES-3__2026-08-31,46,346.8948014993614,193.69640084160338,2250.0,485.0,16436.0,8,2026-08-31 06:00:15.350000+00:00,61283.25,1.3323981034974497,48.636,47,854.0,280.0,TRES-3,0.13689462156242393,1.0498111297454487,0.34546292031321973,2461283.751768034
TRES-3__2026-08-31,47,345.03548443557884,192.49664423934746,5113.5,379.0,39445.0,8,2026-08-31 06:03:15.761000+00:00,61283.252,1.3446822178724678,48.045,85,744.0,279.0,TRES-3,0.12963620230700976,0.9941481005356577,0.7851220635651773,2461283.7537679416
TRES-3__2026-08-31,48,349.2649218081614,200.01899944999553,3221.0,346.0,25961.0,8,2026-08-31 06:06:16.314000+00:00,61283.254,1.357318965296862,47.455,85,715.0,280.0,TRES-3,0.12407072146681561,0.9514677989888465,0.49454936281283585,2461283.7557678497
TRES-3__2026-08-31,49,352.7177182770884,199.38988794783137,12944.0,190.0,99934.0,8,2026-08-31 06:09:16.737000+00:00,61283.256,1.3703421599960437,46.865,85,559.0,280.0,TRES-3,0.12952548682130205,0.9932990507497381,1.9874097957930292,2461283.757767758
TRES-3__2026-08-31,50,350.8099560824779,196.67405706975575,15427.0,170.0,119055.0,8,2026-08-31 06:12:15.238000+00:00,61283.259,1.3836965429761243,46.278,85,540.0,280.0,TRES-3,0.12957876611650077,0.9937076365396414,2.368647320743129,2461283.7607676196
TRES-3__2026-08-31,51,354.22210323540406,195.83279007564275,11540.0,219.0,88914.5,8,2026-08-31 06:15:15.681000+00:00,61283.261,1.3975809547845155,45.686,85,590.0,281.0,TRES-3,0.12978760494632485,0.9953091700796014,1.7718409335175802,2461283.7627675277
TRES-3__2026-08-31,52,353.13256568240047,196.91043568190835,10856.0,223.0,84521.0,8,2026-08-31 06:18:15.175000+00:00,61283.263,1.4118008525146044,45.098,85,596.0,282.0,TRES-3,0.1284414524201086,0.9849858579711535,1.6668202057423613,2461283.7647674354
TRES-3__2026-08-31,53,352.65200300882606,202.06625620653625,16211.0,149.0,125018.0,8,2026-08-31 06:21:15.626000+00:00,61283.265,1.4264648674153135,44.51,85,522.0,281.0,TRES-3,0.12966932761682318,0.9944021303764323,2.489021956087824,2461283.7667673435
TRES-3__2026-08-31,54,354.54906143523516,199.27642669800798,17475.0,134.0,133639.0,8,2026-08-31 06:24:15.191000+00:00,61283.267,1.4414595119215967,43.927,85,505.0,280.0,TRES-3,0.13076272644961426,1.0027871366740782,2.6830953477660064,2461283.768767251
TRES-3__2026-08-31,55,356.5519240671482,197.5820900188773,17632.0,129.0,134697.0,8,2026-08-31 06:27:15.594000+00:00,61283.269,1.4571138215779122,43.337,85,502.0,281.0,TRES-3,0.13090120789624118,1.0038491167743402,2.7072009826500842,2461283.7707671593
TRES-3__2026-08-31,56,357.16061355137634,195.50459543117623,17610.0,131.0,135524.0,8,2026-08-31 06:30:16.942000+00:00,61283.271,1.4732419938358707,42.748,85,501.0,280.0,TRES-3,0.12994008441309288,0.9964784975480128,2.7038231229847995,2461283.772767067
TRES-3__2026-08-31,57,359.12906578503294,202.52398356072965,17579.0,127.0,136104.0,8,2026-08-31 06:33:15.418000+00:00,61283.273,1.4896607005470412,42.167,95,500.0,281.0,TRES-3,0.12915858461176746,0.9904853680885682,2.699063411638262,2461283.7747669746
TRES-3__2026-08-31,58,360.9620859770948,199.95333176380632,17635.0,130.0,134528.0,8,2026-08-31 06:36:15.848000+00:00,61283.275,1.5067246956990574,41.582,95,501.0,280.0,TRES-3,0.1310879519505233,1.0052812109235596,2.7076615998771687,2461283.7767668827
TRES-3__2026-08-31,59,361.91448057403124,202.19874267633264,17530.0,130.0,133931.0,8,2026-08-31 06:39:15.368000+00:00,61283.277,1.5242836910735102,40.999,95,503.0,281.0,TRES-3,0.13088829322561618,1.0037500773467543,2.6915399969292184,2461283.7787667904
TRES-3__2026-08-31,60,362.93097324277824,200.41269406007316,17445.0,135.0,132169.0,8,2026-08-31 06:42:15.812000+00:00,61283.279,1.5424183460012408,40.416,95,506.0,280.0,TRES-3,0.13199010357950805,1.0121995895276035,2.6784891754951636,2461283.780766698
TRES-3__2026-08-31,61,362.5082294405907,200.35800017778513,17090.0,135.0,131059.0,8,2026-08-31 06:45:15.260000+00:00,61283.281,1.5609899773338949,39.838,95,508.0,281.0,TRES-3,0.13039928581783777,1.0,2.623982803623522,2461283.7827666057
TRES-3__2026-08-31,62,365.75746636280996,202.8638634449906,16814.0,137.0,131714.0,8,2026-08-31 06:48:15.712000+00:00,61283.284,1.5804133062381571,39.253,95,510.0,281.0,TRES-3,0.127655374523589,0.9789576202274458,2.581606018731767,2461283.7857664675
TRES-3__2026-08-31,63,366.0572999270525,201.32463768878858,16872.0,138.0,130199.0,8,2026-08-31 06:51:15.179000+00:00,61283.286,1.600215848460414,38.676,95,511.0,281.0,TRES-3,0.12958624874230984,0.9937650189536796,2.5905112851220635,2461283.787766375
TRES-3__2026-08-31,64,373.1642030086857,200.59313524086474,16679.0,144.0,128070.0,8,2026-08-31 06:54:15.590000+00:00,61283.288,1.620867793383329,38.094,95,515.0,280.0,TRES-3,0.13023346607324118,0.998728369227204,2.560878243512974,2461283.789766283
TRES-3__2026-08-31,65,373.8955628042527,205.5256292968059,16285.0,147.0,124954.0,8,2026-08-31 06:57:16.940000+00:00,61283.29,1.642119423761058,37.515,95,520.0,281.0,TRES-3,0.13032796068953376,0.9994530251614747,2.500383847689237,2461283.7917661904
TRES-3__2026-08-31,66,374.61008608119204,205.29470547128957,16134.0,150.0,126090.0,8,2026-08-31 07:00:15.403000+00:00,61283.292,1.664069293249676,36.937,95,521.0,280.0,TRES-3,0.12795622174637164,0.9812647434673915,2.4771994472593275,2461283.793766098
TRES-3__2026-08-31,67,379.36297620265157,202.99100322824418,16741.0,150.0,126880.0,8,2026-08-31 07:03:15.979000+00:00,61283.294,1.6867479060599044,36.36,100,521.0,280.0,TRES-3,0.1319435687263556,1.0118427252023077,2.5703976662060493,2461283.7957660058
TRES-3__2026-08-31,68,380.73752356215266,200.17195467306533,16376.0,153.0,125319.0,8,2026-08-31 07:06:15.432000+00:00,61283.296,1.7101462254133617,35.785,100,524.0,280.0,TRES-3,0.13067451862846016,1.002110692623017,2.5143559035774605,2461283.7977659134
TRES-3__2026-08-31,69,379.86721126007774,209.50770086533896,16196.0,156.0,124564.0,8,2026-08-31 07:09:15.183000+00:00,61283.298,1.7342512903114211,35.213,100,527.0,280.0,TRES-3,0.13002151504447512,0.9971029690002261,2.4867188699524028,2461283.799765821
TRES-5__2026-08-17,0,311.07056503911565,292.33229164342026,38808.0,35.0,142549.5,8,2026-08-17 09:17:50.399000+00:00,61269.387,1.3590618709677638,47.375,100,403.0,279.0,TRES-5,0.2722422737364915,0.9262879100952225,0.967002846837643,2461269.8893158333
TRES-5__2026-08-17,2,316.75432852995857,292.40580281070334,41739.0,34.0,141599.5,8,2026-08-17 09:26:06.717000+00:00,61269.393,1.381507789241334,46.373,100,402.0,279.0,TRES-5,0.2947679899999647,1.0029303005466277,1.0400363797195522,2461269.8953159126
TRES-5__2026-08-17,4,321.6981276530745,314.03219087957444,42195.5,35.5,140428.5,8,2026-08-17 09:37:30.855000+00:00,61269.401,1.4148310335327985,44.975,100,404.0,279.0,TRES-5,0.30047675507464655,1.0223540292632414,1.0514112714836572,2461269.9033160177
TRES-5__2026-08-17,5,323.33404336750664,295.87545180934563,41604.0,32.0,141222.0,8,2026-08-17 09:39:14.112000+00:00,61269.402,1.4202248116281573,44.758,100,403.0,280.0,TRES-5,0.29459999150274035,1.0023586957963542,1.0366725015417775,2461269.904316031
TRES-5__2026-08-17,6,324.5292949516622,294.6465446030395,40808.0,36.0,140604.5,8,2026-08-17 09:40:59.288000+00:00,61269.403,1.4256045528504722,44.544,100,404.0,279.0,TRES-5,0.2902325316757287,0.987498677254549,1.0168380791009723,2461269.9053160436
TRES-5__2026-08-17,7,326.43552169403677,295.2207955869215,42065.0,33.0,141204.0,8,2026-08-17 09:42:42.458000+00:00,61269.405,1.4310708129659055,44.329,100,404.0,280.0,TRES-5,0.2979023257131526,1.0135946886942078,1.048159522578475,2461269.90731607
TRES-5__2026-08-17,8,327.4345137853053,290.9230861762017,41102.0,31.0,141073.0,8,2026-08-17 09:44:27.649000+00:00,61269.406,1.4366253217682554,44.113,100,404.0,281.0,TRES-5,0.2913527039192475,0.9913099957252433,1.0241638582436818,2461269.9083160833
TRES-5__2026-08-17,9,327.44377002704664,290.86498732728245,41344.5,35.5,140772.0,8,2026-08-17 09:46:10.829000+00:00,61269.407,1.4422436940805885,43.897,100,404.0,279.0,TRES-5,0.29369832068877333,0.9992908152559801,1.0302063801556105,2461269.9093160965
TRES-5__2026-08-17,10,329.2814435676917,295.89014179941455,40479.0,36.0,141862.0,8,2026-08-17 09:47:53.996000+00:00,61269.408,1.4478739210871436,43.683,100,404.0,279.0,TRES-5,0.2853406831991654,0.9708544579727036,1.0086401833936547,2461269.9103161097
TRES-5__2026-08-17,11,330.65885704740447,296.83434984779575,40613.0,34.0,140796.0,8,2026-08-17 09:49:38.113000+00:00,61269.409,1.4536221647073149,43.467,100,405.0,280.0,TRES-5,0.2884527969544589,0.981443237249355,1.0119791439552979,2461269.9113161224
TRES-5__2026-08-17,12,330.14585774299263,296.18433344740635,42030.5,36.5,140595.5,8,2026-08-17 09:51:22.291000+00:00,61269.411,1.4595182935038062,43.248,100,405.0,279.0,TRES-5,0.29894626783929784,1.017146638790038,1.0472998648219325,2461269.913316149
TRES-5__2026-08-17,13,331.37348473440426,293.9153668400465,40887.5,36.5,140017.5,8,2026-08-17 09:54:15.561000+00:00,61269.413,1.469389725993108,42.887,100,405.0,279.0,TRES-5,0.29201706929490956,0.9935704588300925,1.0188190295834398,2461269.9153161747
TRES-5__2026-08-17,14,332.6735103711323,292.64459544951035,39175.0,33.0,140018.5,8,2026-08-17 09:57:16.047000+00:00,61269.415,1.4799053789741572,42.51,100,404.0,280.0,TRES-5,0.2797844570538893,0.9519497337596456,0.976147611957964,2461269.917316201
TRES-5__2026-08-17,15,334.3445973902217,301.29957442201083,41008.0,36.0,139129.0,8,2026-08-17 10:00:15.435000+00:00,61269.417,1.490637628949964,42.133,100,404.0,279.0,TRES-5,0.29474803958915824,1.0028624204776075,1.0218216023273055,2461269.9193162275
TRES-5__2026-08-17,16,335.8679235016514,298.1535951461649,41236.0,35.0,139974.0,8,2026-08-17 10:03:15.829000+00:00,61269.419,1.501621520172386,41.755,100,403.0,279.0,TRES-5,0.29459756811979365,1.0023504503820977,1.0275028188053248,2461269.9213162535
TRES-5__2026-08-17,17,334.99673811702473,297.18926547756877,41286.0,31.0,139771.0,8,2026-08-17 10:06:16.073000+00:00,61269.421,1.5128348191236936,41.377,100,402.0,280.0,TRES-5,0.295383162458593,1.0050233877194248,1.0287486996119082,2461269.92331628
TRES-5__2026-08-17,18,338.1082623178057,295.00502229843136,40999.5,34.5,140175.0,8,2026-08-17 10:09:15.603000+00:00,61269.423,1.5243142971345387,40.998,100,403.0,279.0,TRES-5,0.2924879614767255,0.9951726410664805,1.0216098025901863,2461269.925316306
TRES-5__2026-08-17,19,340.94171545472517,299.87010047271565,40816.5,35.0,138964.0,8,2026-08-17 10:12:16.977000+00:00,61269.425,1.536130825211063,40.616,100,403.0,279.0,TRES-5,0.2937199562476613,0.9993644289396707,1.0170498788380915,2461269.927316332
TRES-5__2026-08-17,20,341.7332191976267,295.86144964369663,41147.0,32.0,138512.0,8,2026-08-17 10:15:15.269000+00:00,61269.427,1.5480416834411936,40.239,100,403.0,280.0,TRES-5,0.29706451426591196,1.0107440857960348,1.0252851509696068,2461269.929316358
TRES-5__2026-08-17,21,344.07463286215295,294.7841357869705,40974.0,32.0,138479.0,8,2026-08-17 10:18:15.662000+00:00,61269.429,1.560337231552893,39.858,100,403.0,280.0,TRES-5,0.2958860188187379,1.006734326143953,1.0209744033788288,2461269.931316384
TRES-5__2026-08-17,22,344.2387931457905,292.839776492435,40814.0,31.0,138989.0,8,2026-08-17 10:21:16.069000+00:00,61269.431,1.572866441199216,39.478,100,402.0,280.0,TRES-5,0.2936491377015447,0.9991234731094906,1.0169875847977623,2461269.9333164105
TRES-5__2026-08-17,23,347.3705928433729,299.59965873084894,40992.0,35.0,138299.0,8,2026-08-17 10:24:15.511000+00:00,61269.434,1.585702864377144,39.097,100,403.0,279.0,TRES-5,0.2964012754972921,1.0084874559036705,1.0214229204691987,2461269.9363164497
TRES-5__2026-08-17,24,350.52753904048205,297.14553860400605,40637.0,33.0,138879.0,8,2026-08-17 10:27:15.746000+00:00,61269.436,1.5988218109732957,38.716,100,404.0,280.0,TRES-5,0.2926072336350348,0.9955784573885988,1.0125771667424577,2461269.9383164756
TRES-5__2026-08-17,25,350.20786257090447,298.0697053964983,40973.0,35.0,137416.0,8,2026-08-17 10:30:15.192000+00:00,61269.438,1.6122315266414196,38.335,100,403.0,279.0,TRES-5,0.2981676078477033,1.0144972951506774,1.020949485762697,2461269.9403165015
TRES-5__2026-08-17,26,351.1473110930949,302.5818568792593,40698.5,33.5,137732.0,8,2026-08-17 10:33:16.611000+00:00,61269.44,1.6259405907534474,37.954,100,405.0,280.0,TRES-5,0.29549051781721025,1.0053886578496154,1.014109600134555,2461269.942316528
TRES-5__2026-08-17,27,354.0766485869481,298.8098319150909,39882.0,35.5,137422.0,8,2026-08-17 10:36:16.255000+00:00,61269.442,1.639995137925288,37.572,100,404.0,279.0,TRES-5,0.29021554045203823,0.9874408656411423,0.9937643665630509,2461269.944316554
TRES-5__2026-08-17,28,355.5559554529344,299.2219608745548,39868.0,35.0,136497.0,8,2026-08-17 10:39:15.707000+00:00,61269.444,1.6543309035070937,37.191,100,403.0,279.0,TRES-5,0.2920796794068734,0.9937834859583407,0.9934155199372076,2461269.94631658
TRES-5__2026-08-17,29,355.0929964007673,295.2765966182459,40235.0,32.0,136936.0,8,2026-08-17 10:42:16.150000+00:00,61269.446,1.6689939580737834,36.81,100,403.0,280.0,TRES-5,0.29382339194952384,0.9997163626742539,1.0025602850575286,2461269.9483166058
TRES-5__2026-08-17,30,357.8379387784992,298.8618854659962,39983.0,33.0,136326.0,8,2026-08-17 10:45:15.653000+00:00,61269.448,1.683994396634596,36.429,100,404.0,280.0,TRES-5,0.29328961460029634,0.9979002174500531,0.996281045792349,2461269.9503166317
TRES-5__2026-08-17,31,358.1504414017851,299.9807145115397,39990.0,32.0,135833.0,8,2026-08-17 10:48:15.985000+00:00,61269.45,1.6993834952804328,36.047,100,403.0,280.0,TRES-5,0.2944056304432649,1.00169739401866,0.9964554691052707,2461269.952316658
TRES-5__2026-08-17,32,361.06517432548037,298.3138107160322,40280.5,34.5,135451.5,8,2026-08-17 10:51:15.347000+00:00,61269.452,1.715049975662456,35.667,100,403.0,279.0,TRES-5,0.2973795048412162,1.0118158222229083,1.0036940365915192,2461269.954316684
TRES-5__2026-08-17,33,362.11665985911065,305.9298355496006,40188.0,32.0,136178.0,8,2026-08-17 10:54:15.761000+00:00,61269.454,1.7311275462352975,35.286,100,403.0,280.0,TRES-5,0.29511374818252584,1.0041067219007664,1.0013891570993403,2461269.95631671
TRES-5__2026-08-17,34,362.35137667359885,301.07131403406856,40076.5,36.0,135633.5,8,2026-08-17 10:57:15.255000+00:00,61269.456,1.7475436985016346,34.906,100,404.0,279.0,TRES-5,0.2954764125382004,1.005340665488855,0.9986108429006597,2461269.958316736
TRES-5__2026-08-17,35,366.0668889485085,298.8195845771851,39903.0,33.0,135606.0,8,2026-08-17 11:00:15.837000+00:00,61269.459,1.7643525286348003,34.526,100,403.0,280.0,TRES-5,0.2942568912879961,1.0011913180173384,0.9942876365018158,2461269.961316775
TRES-5__2026-08-17,36,365.75477145390505,295.3414987039897,39810.0,37.0,135467.25,8,2026-08-17 11:03:15.195000+00:00,61269.461,1.7814752908784963,34.148,100,405.0,279.0,TRES-5,0.293871766054157,0.9998809526465179,0.991970298201571,2461269.963316801
TRES-5__2026-08-17,37,367.9017255851773,305.0934449876658,39802.0,36.0,134229.0,8,2026-08-17 11:06:16.522000+00:00,61269.463,1.7991536079564736,33.767,100,407.0,280.0,TRES-5,0.2965231060352085,1.0089019769580367,0.9917709572725177,2461269.965316827
TRES-5__2026-08-17,38,369.5217093520177,302.91398146736014,39325.5,39.5,134657.5,8,2026-08-17 11:09:15.850000+00:00,61269.465,1.8171712136581557,33.388,100,407.0,279.0,TRES-5,0.29204091862688675,0.9936516047431468,0.9798977131857796,2461269.967316853
TRES-5__2026-08-17,39,369.76879896473423,300.69270578723643,39319.0,39.0,133094.0,8,2026-08-17 11:12:15.211000+00:00,61269.467,1.835634475545867,33.009,100,407.0,279.0,TRES-5,0.2954227838970953,1.0051581972732886,0.9797357486809237,2461269.969316879
TRES-5__2026-08-17,40,374.45108430309494,306.4447062662421,39339.0,38.0,132630.0,8,2026-08-17 11:15:15.713000+00:00,61269.469,1.8544576563065431,32.632,100,409.0,280.0,TRES-5,0.29660710246550553,1.0091877697440266,0.980234101003557,2461269.9713169048
TRES-5__2026-08-17,41,373.0294422268815,303.4423819885904,38964.5,41.0,132038.0,8,2026-08-17 11:18:15.268000+00:00,61269.471,1.873804661749848,32.254,100,409.0,279.0,TRES-5,0.2951006528423636,1.0040621657959985,0.9709024537622486,2461269.973316931
TRES-5__2026-08-17,42,375.33352791238883,301.7092416801846,38433.0,44.0,132471.5,8,2026-08-17 11:21:15.600000+00:00,61269.473,1.893536608403576,31.878,100,409.0,278.0,TRES-5,0.29012278112650647,0.9871252576328436,0.9576587407882687,2461269.975316957
TRES-5__2026-08-17,43,376.94565854016344,305.93685775966946,38670.5,40.5,131663.5,8,2026-08-17 11:24:16.967000+00:00,61269.475,1.9138808554309423,31.5,100,409.0,279.0,TRES-5,0.29370706384077594,0.999320563303133,0.9635766746195391,2461269.977316983
TRES-5__2026-08-17,44,378.2979075727887,306.4633600750553,38967.0,39.0,131692.0,8,2026-08-17 11:27:15.257000+00:00,61269.477,1.934472536749927,31.127,100,410.0,280.0,TRES-5,0.2958949670443155,1.0067647719415713,0.9709647478025777,2461269.979317009
TRES-5__2026-08-17,45,378.4995729003695,303.6867534924198,39010.5,43.5,130772.25,8,2026-08-17 11:30:15.588000+00:00,61269.479,1.955710645393647,30.752,100,412.0,279.0,TRES-5,0.29830870081381944,1.0149773554547554,0.9720486641043051,2461269.981317035
TRES-5__2026-08-17,46,380.1520921526089,308.1308667592965,38286.5,44.0,130252.0,8,2026-08-17 11:33:15.936000+00:00,61269.481,1.977388161529961,30.379,100,412.0,279.0,TRES-5,0.29394174369683385,1.000119047353482,0.9540083100249799,2461269.983317061
TRES-5__2026-08-17,47,379.8559849661131,308.11428617320524,37845.0,44.0,130328.0,8,2026-08-17 11:36:15.345000+00:00,61269.484,1.9996373168754968,30.006,100,415.0,280.0,TRES-5,0.2903827266588914,0.9880097066224393,0.94300718250285,2461269.9863170995
TRES-5__2026-08-17,48,381.7650509934482,309.71013253679956,38281.0,48.0,129856.0,8,2026-08-17 11:39:15.697000+00:00,61269.486,2.0224174937309285,29.634,100,419.0,280.0,TRES-5,0.2947957737801873,1.003024833182444,0.9538712631362558,2461269.9883171255
TRES-5__2026-08-17,49,379.56437905532476,309.2375629263953,37637.0,58.5,128989.5,8,2026-08-17 11:42:16.076000+00:00,61269.488,2.045809915079844,29.262,100,426.0,279.0,TRES-5,0.29178343973734294,0.9927755483569883,0.9378243183474637,2461269.9903171514
TRES-5__2026-08-17,50,383.73228635319595,305.38912532715136,37463.5,73.0,128442.5,8,2026-08-17 11:45:16.424000+00:00,61269.49,2.069707154821072,28.892,100,438.0,278.0,TRES-5,0.29167526325009246,0.9924074843861677,0.9335011119486198,2461269.9923171774
TRES-5__2026-08-17,51,384.8190140072829,311.3078447291651,37413.75,89.25,127974.0,8,2026-08-17 11:48:15.753000+00:00,61269.492,2.09419039466248,28.523,100,457.0,279.0,TRES-5,0.29235430634347603,0.9947178875399544,0.9322614605460695,2461269.9943172033
TRES-5__2026-08-17,52,383.94994846280264,309.67525060924834,37300.0,123.75,128622.75,8,2026-08-17 11:51:16.048000+00:00,61269.494,2.1194178863330477,28.153,100,492.0,279.0,TRES-5,0.28999535463205384,0.9866916966740061,0.9294270817110927,2461269.9963172292
TRES-5__2026-08-17,53,386.3800058851284,307.08868411357446,37056.0,185.5,126814.0,8,2026-08-17 11:54:16.357000+00:00,61269.496,2.1449958696422304,27.788,100,553.0,279.0,TRES-5,0.29220748497799925,0.9942183367026864,0.9233471833749665,2461269.998317255
TRES-5__2026-08-20,3,315.7925384926594,271.2441787342503,10889.0,50.0,35601.0,8,2026-08-20 08:36:15.197000+00:00,61272.359,1.2890948499216452,50.872,2,411.0,277.0,TRES-5,0.3058621948821662,1.0108256110725156,1.1639764831640833,2461272.8613545513
TRES-5__2026-08-20,4,317.7356442178907,271.890459594446,4217.0,53.0,14016.5,8,2026-08-20 08:39:15.485000+00:00,61272.361,1.2954452933670435,50.528,2,418.0,278.0,TRES-5,0.3008597010666001,0.9942931694938687,0.4507749866381614,2461272.8633545754
TRES-5__2026-08-20,5,318.9993837304848,271.38824979457684,5073.5,53.5,16262.0,8,2026-08-20 08:42:16.014000+00:00,61272.363,1.3019247198998054,50.183,2,419.0,278.0,TRES-5,0.31198499569548643,1.0310604880110794,0.5423303046499198,2461272.865354599
TRES-5__2026-08-20,6,319.75783169336216,269.9839719959853,4011.5,54.0,13214.0,8,2026-08-20 08:45:15.422000+00:00,61272.365,1.3085555190153542,49.836,2,419.0,278.0,TRES-5,0.3035795368548509,1.0032817915552996,0.4288081239978621,2461272.867354623
TRES-5__2026-08-20,7,322.2160777754547,276.5463098473761,9812.5,50.0,31434.5,8,2026-08-20 08:48:15.761000+00:00,61272.367,1.3153419269660274,49.487,2,415.0,278.0,TRES-5,0.3121570249248437,1.0316290170865816,1.0489043292357028,2461272.8693546467
TRES-5__2026-08-20,8,323.74736515809053,276.567679272577,9929.5,47.5,32244.5,8,2026-08-20 08:51:15.172000+00:00,61272.369,1.322248407580731,49.138,2,416.0,279.0,TRES-5,0.3079439904479834,1.0177056122957981,1.0614110101549974,2461272.8713546707
TRES-5__2026-08-20,9,325.9337893996693,273.4417067718557,10796.5,46.0,35684.5,8,2026-08-20 08:54:16.558000+00:00,61272.371,1.329419631178352,48.782,2,414.0,279.0,TRES-5,0.30255433031147977,0.9998936479794716,1.1540887226082308,2461272.8733546943
TRES-5__2026-08-20,10,325.0731766446995,273.24675409203303,8611.5,51.5,27803.5,8,2026-08-20 08:57:16.034000+00:00,61272.373,1.3367002579410043,48.427,2,421.0,279.0,TRES-5,0.3097271926196342,1.0235988101312457,0.9205237840726884,2461272.875354718
TRES-5__2026-08-20,11,325.293653261751,273.4793175432618,8396.5,55.0,28179.5,8,2026-08-20 09:00:15.389000+00:00,61272.375,1.3441550938955644,48.07,2,420.0,278.0,TRES-5,0.297964832591068,0.9847260924090998,0.8975414216996259,2461272.877354742
TRES-5__2026-08-20,12,327.3726603018676,274.26898793613356,9408.0,54.0,31976.0,8,2026-08-20 09:03:15.680000+00:00,61272.377,1.3518106992657946,47.71,4,419.0,278.0,TRES-5,0.29422066549912435,0.9723522192989248,1.0056654195617316,2461272.8793547656
TRES-5__2026-08-20,13,325.73250059772954,279.40040035169426,6638.0,61.0,21725.0,8,2026-08-20 09:06:17.072000+00:00,61272.379,1.3596735725935756,47.347,4,423.0,277.0,TRES-5,0.30554660529344074,1.0097826379813348,0.7095670764297167,2461272.8813547892
TRES-5__2026-08-20,14,328.43926987376324,278.0585124530877,6055.5,59.5,19955.5,8,2026-08-20 09:09:15.416000+00:00,61272.381,1.3676168579885948,46.987,4,425.0,278.0,TRES-5,0.30345017664303076,1.0028542767550088,0.6473009086050241,2461272.883354813
TRES-5__2026-08-20,15,329.0141762890134,276.75465874013946,8951.0,58.0,29435.25,8,2026-08-20 09:12:15.826000+00:00,61272.384,1.3757988752798442,46.623,4,423.0,278.0,TRES-5,0.3040911831902226,1.0049727008218219,0.9568145376803848,2461272.8863548487
TRES-5__2026-08-20,16,332.40170907184137,275.2377687469227,7207.5,58.0,24249.0,8,2026-08-20 09:15:15.235000+00:00,61272.386,1.3841818230215908,46.257,4,426.0,279.0,TRES-5,0.2972287517011011,0.9822934628528833,0.7704436130411545,2461272.8883548724
TRES-5__2026-08-20,17,334.574447788803,273.5002807889339,7586.5,59.5,25687.5,8,2026-08-20 09:18:15.730000+00:00,61272.388,1.3927482966892115,45.89,4,425.0,278.0,TRES-5,0.29533819951338197,0.9760454903921093,0.8109567076429717,2461272.890354896
TRES-5__2026-08-20,18,333.2137377119479,279.50015577496026,10420.0,51.0,34096.0,8,2026-08-20 09:21:16.030000+00:00,61272.39,1.4015033408227096,45.522,4,422.0,280.0,TRES-5,0.30560769591740966,1.0099845327180412,1.1138428647781935,2461272.8923549196
TRES-5__2026-08-20,19,335.26816393759873,277.8297925475248,12530.0,55.5,41035.5,8,2026-08-20 09:24:15.448000+00:00,61272.392,1.4104766759160758,45.152,4,421.0,278.0,TRES-5,0.3053453716903657,1.0091175931238787,1.339390700160342,2461272.894354943
TRES-5__2026-08-20,20,337.19561476418517,276.72160396476664,12536.5,53.5,41668.0,8,2026-08-20 09:27:16.763000+00:00,61272.394,1.419625240369223,44.782,4,422.0,279.0,TRES-5,0.30086637227608715,0.9943152167737195,1.3400855157669695,2461272.896354967
TRES-5__2026-08-20,21,336.31322046524565,273.63196914219236,10773.5,56.5,35375.0,8,2026-08-20 09:30:16.109000+00:00,61272.396,1.4290041537646412,44.41,4,425.0,279.0,TRES-5,0.3045512367491166,1.0064931042177836,1.1516301443078567,2461272.8983549904
TRES-5__2026-08-20,22,338.450817363366,275.90111188209096,7136.5,61.0,23177.5,8,2026-08-20 09:33:15.478000+00:00,61272.398,1.4385948278461993,44.037,15,430.0,279.0,TRES-5,0.307906374716859,1.0175812983235715,0.7628540887226082,2461272.900355014
TRES-5__2026-08-20,23,340.28079333582656,280.02572826783813,6345.0,62.0,21624.0,8,2026-08-20 09:36:15.859000+00:00,61272.4,1.448403391484172,43.663,15,430.0,279.0,TRES-5,0.2934239733629301,0.9697192792727294,0.6782469267771245,2461272.9023550376
TRES-5__2026-08-20,24,340.87039470765114,278.19923328161985,11741.0,53.0,38798.0,8,2026-08-20 09:39:15.155000+00:00,61272.402,1.4583821723589545,43.29,15,424.0,280.0,TRES-5,0.3026186916851384,1.0001063520205284,1.2550507749866382,2461272.9043550612
TRES-5__2026-08-20,25,344.1463586200931,277.9642541584871,7334.0,64.5,24107.0,8,2026-08-20 09:42:15.678000+00:00,61272.404,1.468672351893436,42.913,15,430.0,278.0,TRES-5,0.30422698801178083,1.005421514026053,0.7839657936932122,2461272.906355085
TRES-5__2026-08-20,26,343.07227138643066,276.3200589970501,804.0,74.0,2573.5,8,2026-08-20 09:45:16.036000+00:00,61272.406,1.4791732716011,42.536,15,443.0,279.0,TRES-5,0.31241499902856035,1.032481580219239,0.08594334580438269,2461272.9083551085
TRES-5__2026-08-20,28,347.74044943820223,279.31011235955054,1077.0,73.0,3583.0,8,2026-08-20 09:51:15.810000+00:00,61272.411,1.500858736431612,41.781,15,441.0,279.0,TRES-5,0.3005861010326542,0.9933889651622109,0.11512560128273651,2461272.913355167
TRES-5__2026-08-20,29,347.14548605142915,278.66601932807885,746.5,80.5,1741.5,5,2026-08-20 09:54:15.201000+00:00,61272.413,1.5120560611522882,41.403,15,446.0,278.0,TRES-5,0.4286534596612116,1.4166310925327634,0.07979690005344735,2461272.9153551906
TRES-5__2026-08-20,30,348.6036789483847,276.3658254430752,656.0,77.0,1622.0,5,2026-08-20 09:57:15.611000+00:00,61272.415,1.5235190895673212,41.024,15,448.0,280.0,TRES-5,0.40443896424167697,1.336606059891206,0.0701229289150187,2461272.9173552142
TRES-5__2026-08-20,31,348.80187089907986,279.21767799643055,656.0,78.0,1006.0,3,2026-08-20 10:00:15.895000+00:00,61272.417,1.5352561507868911,40.644,15,449.0,280.0,TRES-5,0.6520874751491054,2.1550447605800556,0.0701229289150187,2461272.919355238
TRES-5__2026-08-20,33,354.0293287979477,273.6225609935635,902.0,76.0,3050.0,8,2026-08-20 10:06:16.488000+00:00,61272.421,1.5594897616600216,39.884,22,449.0,281.0,TRES-5,0.2957377049180328,0.977365791827004,0.09641902725815073,2461272.9233552846
TRES-5__2026-08-20,34,353.48144946015844,279.09435257743286,1445.0,70.0,4636.0,8,2026-08-20 10:09:15.851000+00:00,61272.423,1.572000561541463,39.504,22,445.0,281.0,TRES-5,0.3116911130284728,1.0300892528226897,0.1544628540887226,2461272.925355308
TRES-5__2026-08-20,35,355.5985507772852,278.93145741611386,638.0,76.0,1932.0,5,2026-08-20 10:12:15.171000+00:00,61272.425,1.5848179973777548,39.123,22,449.0,281.0,TRES-5,0.3302277432712215,1.0913498496073637,0.06819882415820416,2461272.9273553314
TRES-5__2026-08-20,36,358.61737059285133,277.0015657165917,5723.0,68.0,18512.0,8,2026-08-20 10:15:15.610000+00:00,61272.427,1.597917405694998,38.742,22,440.0,280.0,TRES-5,0.3091508210890233,1.02169399445156,0.6117584179583111,2461272.929355355
TRES-5__2026-08-20,37,358.97704278115185,274.3465050678018,3628.5,72.0,12422.0,8,2026-08-20 10:18:16.045000+00:00,61272.429,1.6113070099643962,38.361,22,440.0,279.0,TRES-5,0.2921027209789084,0.9653527515657851,0.3878674505611972,2461272.9313553786
TRES-5__2026-08-20,38,358.7840423969892,281.5206134637803,4417.0,65.0,15425.0,8,2026-08-20 10:21:15.325000+00:00,61272.431,1.6249953662588386,37.98,22,438.0,281.0,TRES-5,0.28635332252836304,0.9463519096856345,0.47215392838054515,2461272.9333554017
TRES-5__2026-08-20,39,362.1886632825719,278.6269035532995,1337.0,78.0,4469.0,8,2026-08-20 10:24:15.651000+00:00,61272.434,1.6390285278902177,37.598,22,449.0,280.0,TRES-5,0.2991720742895502,0.9887158330439326,0.14291822554783537,2461272.936355437
TRES-5__2026-08-20,40,362.74510939551664,281.1607654177611,3263.0,73.0,10637.0,8,2026-08-20 10:27:15.952000+00:00,61272.436,1.653342316374992,37.217,22,447.0,281.0,TRES-5,0.30675942464980727,1.0137908118829577,0.3487974345269909,2461272.9383554603
TRES-5__2026-08-20,41,365.2743712974762,272.611805932915,9302.0,61.0,31195.0,8,2026-08-20 10:30:15.242000+00:00,61272.438,1.6679827200489068,36.836,22,435.0,281.0,TRES-5,0.298188812309665,0.9854663095386011,0.9943345804382683,2461272.940355484
TRES-5__2026-08-20,42,366.0746913427867,281.2338946622573,14605.0,55.0,48256.0,8,2026-08-20 10:33:15.637000+00:00,61272.44,1.682959805418183,36.455,36,427.0,280.0,TRES-5,0.3026566644562334,1.0002318459527255,1.5611972207375735,2461272.942355507
TRES-5__2026-08-20,43,366.4208593727423,282.6935908087777,1347.0,81.5,5292.5,8,2026-08-20 10:36:16.033000+00:00,61272.442,1.6983247543515256,36.073,36,448.0,279.0,TRES-5,0.2545111006140765,0.8411184615413962,0.14398717263495456,2461272.9443555307
TRES-5__2026-08-20,44,370.37689799462487,280.3205165115603,12657.0,58.0,42719.0,8,2026-08-20 10:39:15.422000+00:00,61272.444,1.713966449498935,35.693,36,432.0,281.0,TRES-5,0.29628502539853463,0.9791745984347278,1.3529663281667557,2461272.9463555543
TRES-5__2026-08-20,45,369.5671646726763,282.96832910637795,17174.0,55.0,58579.0,8,2026-08-20 10:42:15.828000+00:00,61272.446,1.730018373354884,35.312,36,426.0,280.0,TRES-5,0.2931767356902644,0.9689021983266887,1.8358097274184928,2461272.9483555774
TRES-5__2026-08-20,46,370.8679658077643,279.85053503842124,24515.5,50.5,82681.0,8,2026-08-20 10:45:16.243000+00:00,61272.448,1.74640811708585,34.932,36,419.0,279.0,TRES-5,0.29650705724410686,0.9799083781555742,2.6205772314270446,2461272.950355601
TRES-5__2026-08-20,47,371.64802858400043,274.91186788135167,23618.0,47.0,77634.0,8,2026-08-20 10:48:15.529000+00:00,61272.45,1.7632343639202133,34.551,36,418.0,280.0,TRES-5,0.30422237679367287,1.0054062746880774,2.524639230358097,2461272.952355624
TRES-5__2026-08-20,48,372.3178977854809,280.38074707028096,3491.0,71.0,12014.0,8,2026-08-20 10:51:15.859000+00:00,61272.452,1.7803759462868252,34.172,36,443.0,280.0,TRES-5,0.29057765939736974,0.960312667073892,0.3731694281133084,2461272.9543556473
TRES-5__2026-08-20,49,376.28606736537387,282.6181553645241,7510.0,66.0,24394.0,8,2026-08-20 10:54:15.228000+00:00,61272.454,1.7979804203552356,33.792,36,439.0,280.0,TRES-5,0.3078625891612692,1.0174365940687606,0.8027792624265099,2461272.956355671
TRES-5__2026-08-20,50,377.0630730558688,282.9113870375411,1072.0,80.0,3484.0,8,2026-08-20 10:57:15.645000+00:00,61272.456,1.815921110421769,33.414,36,451.0,280.0,TRES-5,0.3076923076923077,1.0168738410616962,0.11459112773917692,2461272.958355694
TRES-5__2026-08-20,51,377.1722760656425,286.6688212349405,3980.5,76.0,12693.0,8,2026-08-20 11:00:16.932000+00:00,61272.459,1.8343533167273844,33.035,36,445.0,279.0,TRES-5,0.31359804616717873,1.036391361705252,0.4254943880277926,2461272.9613557295
TRES-5__2026-08-20,52,381.6584235983378,285.440697595204,14873.0,58.0,50942.0,8,2026-08-20 11:03:15.371000+00:00,61272.461,1.8531950007775089,32.657,78,430.0,280.0,TRES-5,0.2919594833339877,0.964879374069716,1.5898450026723676,2461272.9633557526
TRES-5__2026-08-20,53,382.4331362601836,280.0290692731853,20472.0,56.0,68431.5,8,2026-08-20 11:06:15.666000+00:00,61272.463,1.8724583783602116,32.28,78,424.0,279.0,TRES-5,0.2991604743429561,0.9886774970766224,2.188348476750401,2461272.965355776
TRES-5__2026-08-20,54,382.34872478188686,281.8395041969327,8749.0,61.0,31566.0,8,2026-08-20 11:09:16.123000+00:00,61272.465,1.8921561699192389,31.904,78,430.0,280.0,TRES-5,0.2771653044414877,0.9159869801434624,0.9352218065205772,2461272.9673557994
TRES-5__2026-08-20,55,384.4001032191471,285.62047609831626,15726.5,59.0,50463.0,8,2026-08-20 11:12:16.421000+00:00,61272.467,1.912356031208948,31.528,78,429.0,279.0,TRES-5,0.3116441749400551,1.0299341299513403,1.6810796365579903,2461272.9693558225
TRES-5__2026-08-20,56,387.28726594449955,287.435205547102,16543.0,57.0,56206.0,8,2026-08-20 11:15:16.990000+00:00,61272.469,1.9331876204140488,31.15,78,428.0,280.0,TRES-5,0.2943280076860122,0.9727069680500627,1.768359166221272,2461272.9713558457
TRES-5__2026-08-20,57,388.14991534649516,285.3341788623636,22085.5,56.0,71959.0,8,2026-08-20 11:18:15.410000+00:00,61272.471,1.9542203931697744,30.778,78,425.0,279.0,TRES-5,0.3069178282077294,1.0143143102946997,2.3608230892570816,2461272.9733558693
TRES-5__2026-08-20,58,388.48190138428146,289.6352982171866,23644.0,50.0,77484.0,8,2026-08-20 11:21:15.746000+00:00,61272.473,1.975917604358371,30.404,78,424.0,281.0,TRES-5,0.3051468690310258,1.0084615735984708,2.5274184927846073,2461272.9753558924
TRES-5__2026-08-20,59,388.01826094224975,289.0673178441926,23035.0,54.0,78951.0,8,2026-08-20 11:24:16.108000+00:00,61272.475,1.9981277877172985,30.031,78,425.0,280.0,TRES-5,0.29176324555737104,0.9642308396192898,2.4623196151790485,2461272.9773559156
TRES-5__2026-08-20,60,389.86860247533104,290.0576309369072,14296.0,62.0,49266.0,8,2026-08-20 11:27:16.465000+00:00,61272.477,2.0208676329404818,29.659,78,433.0,280.0,TRES-5,0.2901798400519628,0.958997937795001,1.5281667557455907,2461272.979355939
TRES-5__2026-08-20,61,391.12785749120576,289.3627765348784,36615.0,44.0,120964.0,8,2026-08-20 11:30:15.883000+00:00,61272.479,2.044154575898172,29.288,78,415.0,280.0,TRES-5,0.3026933633147052,1.0003531298075503,3.9139497594869055,2461272.9813559623
TRES-5__2026-08-20,62,390.1394723168412,285.842181598772,23746.0,56.0,80768.0,8,2026-08-20 11:33:16.141000+00:00,61272.481,2.068072177668265,28.917,94,427.0,280.0,TRES-5,0.2940025752773376,0.9716314660139643,2.5383217530732227,2461272.9833559855
TRES-5__2026-08-20,63,393.90043868811364,291.53323584708585,24025.0,57.0,80325.0,8,2026-08-20 11:36:15.570000+00:00,61272.484,2.092510610428947,28.548,94,429.0,280.0,TRES-5,0.29909741674447554,0.9884691018039035,2.568145376803848,2461272.9863560204
TRES-5__2026-08-20,64,394.61142377941894,290.89068804280026,32443.0,52.0,106041.0,8,2026-08-20 11:39:15.889000+00:00,61272.486,2.117553423938335,28.18,94,424.0,280.0,TRES-5,0.3059476994747315,1.011108190068794,3.46798503474078,2461272.988356044
TRES-5__2026-08-20,65,396.1570044968222,290.0260826570176,28129.0,60.0,95114.0,8,2026-08-20 11:42:16.266000+00:00,61272.488,2.1432214902500943,27.813,94,431.0,280.0,TRES-5,0.2957398490232773,0.9773728777517449,3.006841261357563,2461272.990356067
TRES-5__2026-08-20,66,397.6369008487372,293.71901920056655,28641.0,69.5,94916.5,8,2026-08-20 11:45:15.673000+00:00,61272.49,2.169609574466171,27.446,94,439.0,279.0,TRES-5,0.3017494323958427,0.9972335891652782,3.061571352218065,2461272.9923560903
TRES-5__2026-08-20,67,397.46839427985316,289.76082435598727,21988.0,90.0,74187.0,8,2026-08-20 11:48:17.145000+00:00,61272.492,2.196746810104301,27.079,94,463.0,280.0,TRES-5,0.29638615930014695,0.9795088297964585,2.3504008551576696,2461272.994356114
TRES-5__2026-08-20,68,399.20230550811004,290.04709080785653,9725.0,143.0,35147.0,8,2026-08-20 11:51:15.525000+00:00,61272.494,2.22420108237258,26.718,94,512.0,280.0,TRES-5,0.27669502375736194,0.9144327777351191,1.03955104222341,2461272.996356137
TRES-5__2026-08-20,69,398.9804059142064,295.3415532670356,24499.5,149.0,84104.5,8,2026-08-20 11:54:15.870000+00:00,61272.496,2.252599519137187,26.355,94,517.0,279.0,TRES-5,0.2912983252976951,0.9626943525559967,2.618866916087654,2461272.9983561602
TRES-5__2026-08-20,70,399.65547157680305,293.06118825270926,30698.0,195.0,102953.0,8,2026-08-20 11:57:16.276000+00:00,61272.498,2.281743607953116,25.993,94,563.0,279.0,TRES-5,0.2981748953405923,0.9854203161827614,3.281453768038482,2461273.0003561834
TRES-5__2026-08-26,0,279.020107599193,267.3094373458866,44320.0,158.0,129671.0,8,2026-08-26 06:44:46.938000+00:00,61278.281,1.1635575882431886,59.253,100,530.0,281.0,TRES-5,0.3417880636379761,1.0258076246813965,1.0413656175471986,2461278.7834198866
TRES-5__2026-08-26,1,282.4434185929877,248.8644052341221,43193.0,155.0,129999.0,8,2026-08-26 06:46:30.182000+00:00,61278.282,1.1650359214782748,59.131,100,530.0,282.0,TRES-5,0.33225640197232287,0.9972002733642159,1.014885043292332,2461278.784419896
TRES-5__2026-08-26,2,283.2771440465633,248.12757247859514,44414.0,136.0,130160.5,8,2026-08-26 06:48:15.285000+00:00,61278.284,1.1665844641911385,59.004,100,529.0,283.0,TRES-5,0.34122487236911353,1.0241173201938614,1.043574290111491,2461278.7864199146
TRES-5__2026-08-26,3,282.1613807214982,247.12168053022552,44202.0,135.0,129558.0,8,2026-08-26 06:51:16.826000+00:00,61278.286,1.1693398403748825,58.78,100,528.0,283.0,TRES-5,0.3411753809104803,1.0239687816080423,1.0385930285835125,2461278.7884199335
TRES-5__2026-08-26,4,283.41291270606604,246.7062037929926,42972.0,157.0,130209.0,8,2026-08-26 06:54:16.151000+00:00,61278.288,1.172176261491911,58.552,100,529.0,281.0,TRES-5,0.33002327028085615,0.9904979810382597,1.0096923131145807,2461278.7904199525
TRES-5__2026-08-26,5,287.4872882311805,246.1794085136141,43972.0,136.0,129887.0,8,2026-08-26 06:57:15.561000+00:00,61278.29,1.1751337249357805,58.317,100,530.0,283.0,TRES-5,0.3385404235989745,1.0160604910958388,1.0331888297559886,2461278.7924199714
TRES-5__2026-08-26,6,287.12234573502724,249.6940335753176,43813.0,154.0,129349.0,8,2026-08-26 07:00:15.915000+00:00,61278.292,1.178190065861888,58.077,100,530.0,282.0,TRES-5,0.3387192788502424,1.0165972888953643,1.0294528836100048,2461278.7944199904
TRES-5__2026-08-26,7,287.8240078184711,244.91713433043546,43044.0,137.0,129932.0,8,2026-08-26 07:03:15.462000+00:00,61278.294,1.181373896595611,57.83,100,530.0,283.0,TRES-5,0.3312809777422036,0.9942727351643589,1.0113840623127621,2461278.796420009
TRES-5__2026-08-26,8,288.49886748446994,247.42369536453543,44137.0,157.0,129397.0,8,2026-08-26 07:06:15.907000+00:00,61278.296,1.1846495789368796,57.579,100,532.0,282.0,TRES-5,0.34109755249348905,1.023735195382951,1.037065755001821,2461278.798420028
TRES-5__2026-08-26,9,289.67011382566136,246.28128713671254,44061.0,158.0,129660.0,8,2026-08-26 07:09:15.178000+00:00,61278.298,1.188032830531548,57.323,100,532.0,282.0,TRES-5,0.339819527996298,1.0198994637901215,1.035280019737074,2461278.8004200463
TRES-5__2026-08-26,10,292.7933847158,244.34233417095217,43379.0,138.0,129603.0,8,2026-08-26 07:12:15.486000+00:00,61278.3,1.1915670955243065,57.059,100,532.0,283.0,TRES-5,0.3347067583312115,1.004554521518408,1.0192553953876338,2461278.8024200653
TRES-5__2026-08-26,11,290.89170428895113,243.3605734436495,43806.0,158.0,129631.0,8,2026-08-26 07:15:16.786000+00:00,61278.302,1.1952025162296764,56.791,100,532.0,282.0,TRES-5,0.33792842761376524,1.0142237091403197,1.029288407993515,2461278.804420084
TRES-5__2026-08-26,12,292.59580931750963,244.04094403106248,43163.0,138.0,129400.0,8,2026-08-26 07:18:16.058000+00:00,61278.304,1.198955694677521,56.518,100,532.0,283.0,TRES-5,0.3335625965996909,1.0011205518953328,1.0141801477930896,2461278.8064201027
TRES-5__2026-08-26,13,295.95714655929805,243.2462381452641,43403.0,140.0,129311.0,8,2026-08-26 07:21:15.402000+00:00,61278.306,1.2028160329778212,56.241,100,533.0,283.0,TRES-5,0.33564816604929204,1.0073799660493319,1.0198193117870276,2461278.808420121
TRES-5__2026-08-26,14,295.2712409336579,242.68976237680747,42915.0,159.0,129145.0,8,2026-08-26 07:24:15.946000+00:00,61278.309,1.2068007417411195,55.959,100,533.0,282.0,TRES-5,0.33230090208680163,0.9973338314418316,1.0083530116660204,2461278.8114201496
TRES-5__2026-08-26,15,296.90513845646785,241.89835261343794,43839.0,161.0,128942.0,8,2026-08-26 07:27:16.276000+00:00,61278.311,1.2109135202429735,55.672,100,534.0,281.0,TRES-5,0.33999007305610274,1.0204113202336653,1.0300637930426815,2461278.813420168
TRES-5__2026-08-26,16,296.95733130530783,239.99019760862979,43385.0,140.0,128736.0,8,2026-08-26 07:30:16.840000+00:00,61278.313,1.2151435773768418,55.381,100,534.0,283.0,TRES-5,0.33700751926423067,1.0114597893107906,1.0193963744874823,2461278.8154201866
TRES-5__2026-08-26,17,297.50192768132536,237.90106313731116,44140.0,140.0,128912.0,8,2026-08-26 07:33:15.153000+00:00,61278.315,1.2194794194067504,55.087,100,534.0,283.0,TRES-5,0.3424041206404369,1.0276565949574095,1.0371362445517451,2461278.8174202056
TRES-5__2026-08-26,18,300.69817700419463,237.96602601204233,42613.0,162.0,130449.0,8,2026-08-26 07:36:15.494000+00:00,61278.317,1.223984178110458,54.786,100,532.0,280.0,TRES-5,0.3266640602840957,0.9804159928292369,1.0012570636403153,2461278.819420224
TRES-5__2026-08-26,19,300.589689147837,244.34842734629737,43919.0,157.0,129388.0,8,2026-08-26 07:39:15.966000+00:00,61278.319,1.2286022863666888,54.482,100,532.0,282.0,TRES-5,0.3394364237796395,1.0187496541030514,1.0319435143739941,2461278.8214202425
TRES-5__2026-08-26,20,302.82954406557855,242.7601003851764,43321.0,158.0,129833.0,8,2026-08-26 07:42:15.489000+00:00,61278.321,1.2333368394378934,54.175,100,532.0,282.0,TRES-5,0.33366709542258133,1.0014341839401453,1.0178925974224322,2461278.823420261
TRES-5__2026-08-26,21,306.01608549219026,242.31456436987276,42810.0,160.0,130160.5,8,2026-08-26 07:45:16.822000+00:00,61278.323,1.238206820724779,53.864,100,532.0,281.0,TRES-5,0.3289016253010706,0.9871315908834872,1.0058858774186727,2461278.8254202795
TRES-5__2026-08-26,22,305.76692508059364,241.21086364878693,43392.0,139.0,130095.0,8,2026-08-26 07:48:15.159000+00:00,61278.325,1.243216288102269,53.549,100,533.0,283.0,TRES-5,0.33354087397670934,1.0010553558435884,1.0195608501039721,2461278.827420298
TRES-5__2026-08-26,23,306.46805276760995,240.00150395693055,44122.0,159.0,130167.0,8,2026-08-26 07:51:15.531000+00:00,61278.327,1.2483531776565826,53.231,100,531.0,281.0,TRES-5,0.3389645609102153,1.0173334533027447,1.0367133072522,2461278.829420317
TRES-5__2026-08-26,24,307.65405974986027,239.01018378316536,43725.0,158.0,129725.0,8,2026-08-26 07:54:16.985000+00:00,61278.329,1.2536210902680307,52.91,100,532.0,282.0,TRES-5,0.33705916361534016,1.011614789367188,1.0273851901455608,2461278.8314203355
TRES-5__2026-08-26,25,310.4906671510968,241.64514737272356,43866.0,158.0,129937.0,8,2026-08-26 07:57:16.437000+00:00,61278.331,1.259040568041198,52.585,100,533.0,282.0,TRES-5,0.3375943726575186,1.0132211108706992,1.0306981989919994,2461278.833420354
TRES-5__2026-08-26,26,310.93162806071905,237.49502079843805,43403.0,159.0,129661.0,8,2026-08-26 08:00:15.998000+00:00,61278.334,1.264599222163183,52.257,100,534.0,282.0,TRES-5,0.33474213526040986,1.004660698203817,1.0198193117870276,2461278.8364203814
TRES-5__2026-08-26,27,311.4085986521032,240.61894027422727,42781.0,161.0,129508.0,8,2026-08-26 08:03:15.405000+00:00,61278.336,1.270301089918791,51.926,100,534.0,281.0,TRES-5,0.33033480557185657,0.9914329910952642,1.0052044784360719,2461278.8384204
TRES-5__2026-08-26,28,313.86952196479,247.24502442991204,42538.0,140.0,129163.0,8,2026-08-26 08:06:15.786000+00:00,61278.338,1.2761503609895506,51.592,100,534.0,283.0,TRES-5,0.3293358005001432,0.9884346797769835,0.9994948248922098,2461278.8404204184
TRES-5__2026-08-26,29,315.5166970512595,246.07053494315008,43519.0,140.0,128500.0,8,2026-08-26 08:09:16.034000+00:00,61278.34,1.2821334283905064,51.256,100,534.0,283.0,TRES-5,0.3386692607003891,1.0164471695525592,1.022544907717431,2461278.842420437
TRES-5__2026-08-26,30,316.4507715167448,241.89898274088466,43441.0,160.0,128450.0,8,2026-08-26 08:12:15.515000+00:00,61278.342,1.2882721530831784,50.917,100,535.0,282.0,TRES-5,0.33819384974698324,1.0150203198970447,1.0207121794194012,2461278.8444204554
TRES-5__2026-08-26,31,317.3380149578127,243.61279158190627,42221.0,142.0,128821.0,8,2026-08-26 08:15:16.870000+00:00,61278.344,1.2945712021114415,50.575,100,536.0,283.0,TRES-5,0.3277493576357892,0.9836732929425402,0.9920464291168835,2461278.846420474
TRES-5__2026-08-26,32,319.1125441805692,241.76046854404805,42589.0,161.0,128230.0,8,2026-08-26 08:18:15.252000+00:00,61278.346,1.3010165272231082,50.231,100,536.0,282.0,TRES-5,0.33212976682523593,0.9968202036272809,1.0006931472409215,2461278.848420492
TRES-5__2026-08-26,33,322.0926334555943,241.55985139631406,42581.0,166.0,128223.0,8,2026-08-26 08:21:15.808000+00:00,61278.348,1.3076314059288312,49.884,100,536.0,280.0,TRES-5,0.33208550728028513,0.9966873675703624,1.0005051751077902,2461278.8504205104
TRES-5__2026-08-26,34,321.8803399628879,240.6876918481682,41558.0,141.0,128925.0,8,2026-08-26 08:24:15.183000+00:00,61278.35,1.3144014848494865,49.535,100,535.0,283.0,TRES-5,0.3223424471592011,0.9674455466198112,0.97646823858363,2461278.852420529
TRES-5__2026-08-26,35,323.640348809924,243.55439394977392,42853.0,161.0,128128.0,8,2026-08-26 08:27:15.586000+00:00,61278.352,1.3213311422616467,49.184,100,536.0,282.0,TRES-5,0.3344546078921079,1.003797743062642,1.0068962276342532,2461278.854420547
TRES-5__2026-08-26,36,324.13955066326776,241.72833499239437,42621.0,160.0,128333.0,8,2026-08-26 08:30:15.930000+00:00,61278.354,1.3284249200788465,48.831,100,535.0,282.0,TRES-5,0.33211255094169073,0.996768533640862,1.0014450357734466,2461278.8564205654
TRES-5__2026-08-26,37,324.77473974436106,241.49995968215265,42336.0,161.0,128379.0,8,2026-08-26 08:33:16.321000+00:00,61278.356,1.335708174445047,48.475,100,534.0,281.0,TRES-5,0.329773561096441,0.9897485295138281,0.9947485285306453,2461278.858420584
TRES-5__2026-08-26,38,328.6274713551205,241.25967738050628,43147.0,159.0,127466.0,8,2026-08-26 08:36:16.690000+00:00,61278.359,1.343144889841981,48.118,100,534.0,282.0,TRES-5,0.33849810929973484,1.0159334932998039,1.013804203526827,2461278.8614206114
TRES-5__2026-08-26,39,331.9332242049801,237.45852273261232,42869.0,140.0,127660.0,8,2026-08-26 08:39:15.949000+00:00,61278.361,1.3507604238107809,47.759,100,534.0,283.0,TRES-5,0.33580604731317565,1.0078538146751799,1.0072721719005158,2461278.8634206294
TRES-5__2026-08-26,40,330.6954967905585,243.68184293466223,42054.0,160.0,127289.5,8,2026-08-26 08:42:15.381000+00:00,61278.363,1.3585382513168556,47.399,100,533.0,281.0,TRES-5,0.3303807462516547,0.9915708727378187,0.9881225108377683,2461278.865420648
TRES-5__2026-08-26,41,332.7520993255758,241.08142901240794,42428.0,157.0,127428.0,8,2026-08-26 08:45:15.749000+00:00,61278.365,1.3665270601286543,47.036,100,532.0,282.0,TRES-5,0.3329566500298208,0.999301926034306,0.9969102080616549,2461278.867420666
TRES-5__2026-08-26,42,333.7466861841595,241.80248297642703,41767.0,138.0,126943.0,8,2026-08-26 08:48:16.157000+00:00,61278.367,1.3746658843033324,46.673,100,533.0,283.0,TRES-5,0.32902168689884437,0.9874919314439997,0.9813790105616842,2461278.8694206844
TRES-5__2026-08-26,43,336.19037490186344,238.8287562788931,42644.0,158.0,126571.0,8,2026-08-26 08:51:16.477000+00:00,61278.369,1.3830272587735726,46.307,100,533.0,282.0,TRES-5,0.33691761935988496,1.0111899729621612,1.001985455656199,2461278.8714207024
TRES-5__2026-08-26,44,335.53584150098965,237.90198359579654,40812.0,158.0,126973.0,8,2026-08-26 08:54:17.089000+00:00,61278.371,1.3916186132883812,45.938,100,532.0,282.0,TRES-5,0.3214226646609909,0.9646850058049281,0.9589398371691397,2461278.873420721
TRES-5__2026-08-26,45,338.38476640342424,237.33548326325786,42192.0,138.0,126582.0,8,2026-08-26 08:57:15.521000+00:00,61278.373,1.400303944304382,45.572,100,533.0,283.0,TRES-5,0.3333175332985733,1.0003850440483346,0.9913650301342826,2461278.875420739
TRES-5__2026-08-26,46,339.94148801761725,243.4196192432348,42405.0,158.0,126032.0,8,2026-08-26 09:00:15.978000+00:00,61278.375,1.4092294918307615,45.203,100,533.0,282.0,TRES-5,0.3364621683381998,1.0098230289977037,0.9963697881789024,2461278.877420757
TRES-5__2026-08-26,47,342.61776988042,241.08694141744107,41655.0,160.0,126386.0,8,2026-08-26 09:03:15.330000+00:00,61278.377,1.4183785568236666,44.832,100,533.0,281.0,TRES-5,0.32958555536214457,0.9891842683934357,0.9787474006978465,2461278.8794207755
TRES-5__2026-08-26,48,342.6359011540997,240.18802019666106,42016.0,139.0,125769.0,8,2026-08-26 09:06:15.712000+00:00,61278.379,1.427707445734101,44.461,100,533.0,283.0,TRES-5,0.33407278423140835,1.0026517767048342,0.9872296432053947,2461278.8814207935
TRES-5__2026-08-26,49,342.9600468053287,238.8038395071784,41415.0,139.0,125595.0,8,2026-08-26 09:09:16.026000+00:00,61278.381,1.4372723110811343,44.088,100,534.0,283.0,TRES-5,0.3297503881523946,0.9896789806172513,0.9731082367039087,2461278.8834208115
TRES-5__2026-08-26,50,345.6042820567069,245.23059234919234,42131.0,159.0,125324.5,8,2026-08-26 09:12:15.469000+00:00,61278.384,1.4470543548228652,43.714,100,533.0,282.0,TRES-5,0.3361752889498861,1.0089620186371784,0.9899317426191567,2461278.886420839
TRES-5__2026-08-26,51,347.74557128893093,244.18706916169035,41959.0,159.0,125206.0,8,2026-08-26 09:15:15.843000+00:00,61278.386,1.4570599198810943,43.339,100,534.0,282.0,TRES-5,0.33511972269699536,1.0057939503932312,0.9858903417568345,2461278.888420857
TRES-5__2026-08-26,52,347.0814439493669,245.74826362950319,41431.0,163.0,125190.0,8,2026-08-26 09:18:15.335000+00:00,61278.388,1.4672681045046236,42.964,100,533.0,280.0,TRES-5,0.330944963655244,0.9932642569608351,0.9734841809701712,2461278.890420875
TRES-5__2026-08-26,53,349.69310760757367,244.81631121333976,39996.0,158.0,124282.0,8,2026-08-26 09:21:15.647000+00:00,61278.39,1.4777121398683748,42.588,100,533.0,282.0,TRES-5,0.32181651405674194,0.9658670649700063,0.9397666795897508,2461278.892420893
TRES-5__2026-08-26,54,350.93514622683415,242.34823625863154,41464.0,158.0,124329.0,8,2026-08-26 09:24:15.181000+00:00,61278.392,1.4884277557693073,42.21,100,533.0,282.0,TRES-5,0.3335022400244513,1.0009394038633581,0.9742595660193376,2461278.8944209116
TRES-5__2026-08-26,55,354.79500174636985,247.07195501131307,41257.0,157.0,124226.0,8,2026-08-26 09:27:15.488000+00:00,61278.394,1.4993364168862957,41.833,100,532.0,282.0,TRES-5,0.33211244022990355,0.9967682013618636,0.9693957870745662,2461278.8964209296
TRES-5__2026-08-26,56,354.4065950206859,245.71514602560651,40617.0,159.0,123995.0,8,2026-08-26 09:30:16.947000+00:00,61278.396,1.510591423960859,41.452,100,532.0,281.0,TRES-5,0.32756966006693816,0.9831339670974476,0.9543580164240651,2461278.8984209476
TRES-5__2026-08-26,57,355.53232676420026,244.97665530673913,40234.0,157.0,124300.0,8,2026-08-26 09:33:15.303000+00:00,61278.398,1.5219321002905215,41.076,100,531.0,282.0,TRES-5,0.32368463395012065,0.9714738483375982,0.9453588505504059,2461278.9004209656
TRES-5__2026-08-26,58,357.48802576458337,248.3626413540935,41051.0,159.0,123854.0,8,2026-08-26 09:36:15.700000+00:00,61278.4,1.533635366149209,40.696,100,532.0,281.0,TRES-5,0.3314467033765563,0.994770127078853,0.9645555046464361,2461278.9024209836
TRES-5__2026-08-26,59,357.56724379951123,246.20600571336732,41419.0,159.0,123443.0,8,2026-08-26 09:39:16.030000+00:00,61278.402,1.545588529027272,40.316,100,532.0,281.0,TRES-5,0.3355313788550181,1.0070294529475101,0.9732022227704743,2461278.9044210017
TRES-5__2026-08-26,60,360.8298594208198,245.52493017583967,40977.0,159.0,123591.0,8,2026-08-26 09:42:15.461000+00:00,61278.404,1.557798542090094,39.936,100,531.0,281.0,TRES-5,0.3315532684418768,0.9950899605316862,0.9628167624149719,2461278.9064210197
TRES-5__2026-08-26,61,364.12700933517243,243.00105676639737,41210.0,156.0,123385.0,8,2026-08-26 09:45:15.817000+00:00,61278.406,1.570272628304998,39.556,100,531.0,282.0,TRES-5,0.3339952182193946,1.0024189780351178,0.9682914507924201,2461278.9084210377
TRES-5__2026-08-26,62,366.5913626265059,247.8076114997559,40431.0,156.0,122269.0,8,2026-08-26 09:48:16.183000+00:00,61278.409,1.5830521998051028,39.175,100,531.0,282.0,TRES-5,0.33067253351217396,0.9924466130824043,0.9499876643287632,2461278.9114210648
TRES-5__2026-08-26,63,369.2529126834489,246.71458283322937,40272.0,156.0,122610.0,8,2026-08-26 09:51:15.537000+00:00,61278.411,1.5961126463308355,38.794,100,531.0,282.0,TRES-5,0.3284560802544654,0.9857943776962217,0.9462517181827794,2461278.913421083
TRES-5__2026-08-26,64,369.3889153928352,244.5783702120363,40508.0,158.0,122287.0,8,2026-08-26 09:54:15.968000+00:00,61278.413,1.6094621472094714,38.413,100,530.0,281.0,TRES-5,0.3312535265400247,0.9941903459427984,0.9517968961101517,2461278.915421101
TRES-5__2026-08-26,65,370.10924838086066,242.4817352906162,40680.0,156.0,121546.0,8,2026-08-26 09:57:15.334000+00:00,61278.415,1.623109212150425,38.032,100,531.0,282.0,TRES-5,0.3346881016240765,1.004498527191904,0.9558382969724738,2461278.917421119
TRES-5__2026-08-26,66,373.35052589484525,246.6803778668995,40105.0,156.0,121633.0,8,2026-08-26 10:00:15.755000+00:00,61278.417,1.6370997324531986,37.65,100,530.0,282.0,TRES-5,0.32972137495580967,0.9895919033859507,0.9423277999036643,2461278.919421137
TRES-5__2026-08-26,67,373.0474420162276,244.65812187566547,40351.0,158.0,121152.0,8,2026-08-26 10:03:15.142000+00:00,61278.419,1.6513697015526123,37.269,100,530.0,281.0,TRES-5,0.33306094823032223,0.9996149559516652,0.9481079429974506,2461278.921421155
TRES-5__2026-08-26,68,374.42462844426643,246.17756317615758,40086.0,154.0,120658.0,8,2026-08-26 10:06:15.497000+00:00,61278.421,1.6659649439200008,36.888,100,529.0,282.0,TRES-5,0.3322282815892854,0.9971158757318885,0.9418813660874775,2461278.923421173
TRES-5__2026-08-26,69,376.61293284861466,251.4609659094673,40000.0,154.0,120406.0,8,2026-08-26 10:09:15.880000+00:00,61278.423,1.6809351073133798,36.506,100,529.0,282.0,TRES-5,0.3322093583376244,0.9970590814259932,0.9398606656563164,2461278.925421191
TRES-5__2026-08-26,70,379.2197955432971,248.41344002330743,39785.0,155.0,119800.0,8,2026-08-26 10:12:15.321000+00:00,61278.425,1.6962122720078716,36.125,100,528.0,281.0,TRES-5,0.33209515859766275,0.996716334044056,0.9348089145784138,2461278.9274212085
TRES-5__2026-08-26,71,381.1646102694939,244.9842567255032,39555.0,151.0,120178.0,8,2026-08-26 10:15:16.712000+00:00,61278.427,1.7118460657954775,35.744,100,526.0,282.0,TRES-5,0.32913678044234385,0.9878373613961656,0.9294047157508899,2461278.9294212265
TRES-5__2026-08-26,72,381.2729314352373,251.1553076499322,39858.0,150.0,119362.0,8,2026-08-26 10:18:17.153000+00:00,61278.429,1.727890337594857,35.362,100,525.0,282.0,TRES-5,0.3339253698832124,1.0022093424057623,0.9365241602932365,2461278.9314212445
TRES-5__2026-08-26,73,383.03533649002617,249.70670461414468,39390.0,149.0,119081.0,8,2026-08-26 10:21:15.525000+00:00,61278.431,1.744185953816754,34.983,100,524.0,282.0,TRES-5,0.33078324837715506,0.9927789013181441,0.9255277905050576,2461278.9334212625
TRES-5__2026-08-29,0,315.88300642249607,297.73199097378927,6120.0,235.0,40006.0,7,2026-08-29 05:52:50.942000+00:00,61281.245,1.1385195279298022,61.442,94,608.0,281.0,TRES-5,0.1529770534419837,1.122739152152387,1.0161049310974597,2461281.747446523
TRES-5__2026-08-29,2,308.21688272395863,267.5606594815817,6212.0,233.0,45533.0,8,2026-08-29 06:02:07.961000+00:00,61281.251,1.142713451761691,61.058,99,606.0,281.0,TRES-5,0.13642852436694267,1.0012851099608435,1.0313797111074217,2461281.753446572
TRES-5__2026-08-29,3,309.2743926860303,275.3058420338815,6242.0,239.0,44773.0,8,2026-08-29 06:07:06.017000+00:00,61281.255,1.14534308903955,60.821,99,610.0,280.0,TRES-5,0.13941437920175107,1.0231990901968027,1.0363606176324092,2461281.757446605
TRES-5__2026-08-29,4,311.82599791584084,248.91493978274698,6094.0,241.0,45111.0,8,2026-08-29 06:08:51.200000+00:00,61281.256,1.1463387910733396,60.732,99,611.0,280.0,TRES-5,0.1350890026822726,0.9914540051859921,1.0117881454424704,2461281.758446613
TRES-5__2026-08-29,5,312.22724890829693,251.2347598253275,6110.0,241.0,45005.0,8,2026-08-29 06:10:35.381000+00:00,61281.257,1.1473615250269646,60.641,99,611.0,280.0,TRES-5,0.13576269303410732,0.9963983972854189,1.0144446289224638,2461281.759446621
TRES-5__2026-08-29,6,312.8950629330056,251.00836018680442,6208.5,237.5,45516.0,8,2026-08-29 06:12:19.532000+00:00,61281.259,1.1484116197113312,60.548,99,610.0,281.0,TRES-5,0.13640258370682837,1.0010947245789337,1.030798605346173,2461281.761446637
TRES-5__2026-08-29,7,312.24149819918597,251.2736622238857,6194.0,237.0,45469.0,8,2026-08-29 06:14:02.685000+00:00,61281.26,1.149489413315106,60.453,99,610.0,281.0,TRES-5,0.1362246805515846,0.9997890461573045,1.028391167192429,2461281.7624466456
TRES-5__2026-08-29,8,314.9598292280873,250.67068630586232,6026.0,238.0,45498.0,8,2026-08-29 06:15:46.847000+00:00,61281.261,1.1506066822417227,60.355,99,610.0,281.0,TRES-5,0.13244538221460284,0.97205177370289,1.0004980906524987,2461281.7634466537
TRES-5__2026-08-29,9,313.14205344585093,251.6587552742616,6179.0,238.0,45308.0,8,2026-08-29 06:18:15.305000+00:00,61281.263,1.152258453120612,60.211,99,609.0,280.0,TRES-5,0.1363776816456255,1.000911961749786,1.0259007139299352,2461281.76544667
TRES-5__2026-08-29,10,315.69958192810145,249.87554063877184,6135.0,235.0,45476.0,8,2026-08-29 06:21:15.772000+00:00,61281.265,1.1543633544688487,60.029,99,608.0,281.0,TRES-5,0.13490632421497054,0.9901132794831466,1.0185953843599536,2461281.767446686
TRES-5__2026-08-29,11,316.01888457465583,249.72396752559123,6158.0,235.0,45182.0,8,2026-08-29 06:24:15.338000+00:00,61281.267,1.1565580143792815,59.841,99,608.0,281.0,TRES-5,0.13629321411181444,1.0002920321252988,1.0224140793624439,2461281.769446702
TRES-5__2026-08-29,12,317.5258407562671,248.1309205446777,6114.0,234.0,45393.0,8,2026-08-29 06:27:15.729000+00:00,61281.269,1.15886827738228,59.645,99,607.0,281.0,TRES-5,0.13469037076201176,0.9885283398387753,1.0151087497924622,2461281.7714467184
TRES-5__2026-08-29,13,316.00346140533054,249.39771547248182,6224.0,231.0,45383.0,8,2026-08-29 06:30:15.212000+00:00,61281.271,1.1612731892665085,59.443,99,606.0,282.0,TRES-5,0.1371438644426327,1.0065351804257283,1.0333720737174166,2461281.7734467345
TRES-5__2026-08-29,14,315.5472530586545,248.27280114121288,6186.0,235.0,45486.0,8,2026-08-29 06:33:15.700000+00:00,61281.273,1.1637993192910483,59.233,100,607.0,281.0,TRES-5,0.13599788946049335,0.9981245662134279,1.0270629254524324,2461281.7754467507
TRES-5__2026-08-29,15,314.4011036096348,248.93766594962113,6168.0,237.0,45419.0,8,2026-08-29 06:36:16.131000+00:00,61281.275,1.1664132756916237,59.018,100,610.0,281.0,TRES-5,0.13580219731830293,0.9966883297004199,1.0240743815374398,2461281.777446767
TRES-5__2026-08-29,16,316.3329883656613,248.48279584826483,6050.0,237.0,45013.0,8,2026-08-29 06:39:15.551000+00:00,61281.277,1.1691420031926845,58.796,100,609.0,281.0,TRES-5,0.1344056161553329,0.9864384502868409,1.0044828158724888,2461281.7794467825
TRES-5__2026-08-29,17,315.836623346726,247.43734249863746,6188.5,233.5,45597.0,8,2026-08-29 06:42:16.888000+00:00,61281.279,1.172001163631064,58.566,100,609.0,282.0,TRES-5,0.1357216483540584,0.9960971594968642,1.0274780009961813,2461281.7814467987
TRES-5__2026-08-29,18,316.6467411600628,246.82276414696886,6271.0,238.0,45809.0,8,2026-08-29 06:45:15.161000+00:00,61281.281,1.1749312648486443,58.333,100,609.0,280.0,TRES-5,0.1368944967146194,1.0047050045580124,1.0411754939398972,2461281.783446815
TRES-5__2026-08-29,19,317.46779746459526,246.7332867824485,6106.0,236.0,45542.0,8,2026-08-29 06:48:15.637000+00:00,61281.284,1.1779851717610832,58.093,100,609.0,281.0,TRES-5,0.1340740415440692,0.9840049363084413,1.0137805080524656,2461281.786446839
TRES-5__2026-08-29,20,319.804133419748,245.32456598955918,6172.0,239.0,45329.0,8,2026-08-29 06:51:15.957000+00:00,61281.286,1.1811535112904683,57.847,100,612.0,281.0,TRES-5,0.13616007412473252,0.9993148824623226,1.0247385024074382,2461281.788446855
TRES-5__2026-08-29,21,317.56809004005936,246.38394371134734,6096.0,241.0,45085.0,8,2026-08-29 06:54:15.369000+00:00,61281.288,1.1844264283814558,57.596,100,614.0,281.0,TRES-5,0.1352112676056338,0.9923513398731487,1.0121202058774696,2461281.790446871
TRES-5__2026-08-29,22,318.27897517891824,245.08236221879721,6222.0,239.0,45295.0,8,2026-08-29 06:57:15.811000+00:00,61281.29,1.187820115965172,57.339,100,614.0,282.0,TRES-5,0.13736615520476875,1.0081666312622852,1.0330400132824173,2461281.792446887
TRES-5__2026-08-29,23,320.09017659557406,246.85580422608177,6055.0,241.0,45333.0,8,2026-08-29 07:00:15.243000+00:00,61281.292,1.1913246509111168,57.077,100,616.0,282.0,TRES-5,0.1335671585820484,0.9802847878664689,1.0053129669599867,2461281.794446903
TRES-5__2026-08-29,24,321.3180955205809,247.00037926461647,6025.0,248.0,45088.0,8,2026-08-29 07:03:15.751000+00:00,61281.294,1.1949568316733474,56.809,100,618.0,280.0,TRES-5,0.13362757274662881,0.9807281834371956,1.0003320604349992,2461281.796446919
TRES-5__2026-08-29,25,321.24282960686776,243.3428409853168,6095.0,249.0,44899.0,8,2026-08-29 07:06:15.168000+00:00,61281.296,1.1986651849849372,56.539,100,620.0,280.0,TRES-5,0.13574912581571974,0.9962988238727613,1.0119541756599701,2461281.7984469347
TRES-5__2026-08-29,26,322.22474721412715,241.18826340909945,6092.0,247.0,45295.0,8,2026-08-29 07:09:15.569000+00:00,61281.298,1.2025495518533746,56.26,100,620.0,281.0,TRES-5,0.13449608124517054,0.987102397565066,1.0114560850074714,2461281.800446951
TRES-5__2026-08-29,27,322.8948116560057,241.26492537313433,6097.0,250.0,44908.0,8,2026-08-29 07:12:15.980000+00:00,61281.3,1.2065305200089265,55.978,100,623.0,281.0,TRES-5,0.13576645586532465,0.9964260137013166,1.0122862360949694,2461281.8024469665
TRES-5__2026-08-29,28,325.73348803998573,241.692252766869,6079.0,252.0,44727.0,8,2026-08-29 07:15:16.498000+00:00,61281.302,1.2106250214013352,55.692,100,625.0,281.0,TRES-5,0.13591343036644532,0.9975046985305993,1.0092976921799768,2461281.804446982
TRES-5__2026-08-29,29,325.7220554476426,241.68532579904644,6074.0,253.0,44534.0,8,2026-08-29 07:18:15.850000+00:00,61281.304,1.214850902357382,55.401,100,626.0,281.0,TRES-5,0.13639017379979343,1.0010036449811168,1.0084675410924788,2461281.8064469984
TRES-5__2026-08-29,30,325.52079598422375,241.5258157045536,6069.0,253.0,44542.0,8,2026-08-29 07:21:15.178000+00:00,61281.306,1.2191973056704042,55.106,100,626.0,281.0,TRES-5,0.1362534237349019,1.0,1.0076373900049809,2461281.808447014
TRES-5__2026-08-29,31,328.10055466094116,239.23098944354982,6086.0,256.0,44401.0,8,2026-08-29 07:24:15.633000+00:00,61281.309,1.223682778066951,54.806,100,627.0,280.0,TRES-5,0.13706898493277178,1.0059856198509673,1.010459903702474,2461281.811447038
TRES-5__2026-08-29,32,328.34218238234786,245.2032408205482,5869.0,255.0,44312.0,8,2026-08-29 07:27:16.103000+00:00,61281.311,1.228281039092231,54.503,100,628.0,281.0,TRES-5,0.13244719263404947,0.9720650608511833,0.9744313465050639,2461281.8134470535
TRES-5__2026-08-29,33,329.80027266530334,243.53732106339467,5976.0,258.0,44490.0,8,2026-08-29 07:30:16.518000+00:00,61281.313,1.2330106859715502,54.196,100,629.0,280.0,TRES-5,0.13432231962238705,0.9858271149481568,0.9921965797775195,2461281.8154470692
TRES-5__2026-08-29,34,329.2685900738451,241.60329726944875,6095.0,256.0,44262.0,8,2026-08-29 07:33:15.964000+00:00,61281.315,1.2378756195619949,53.885,100,629.0,281.0,TRES-5,0.13770276987031765,1.010637135535292,1.0119541756599701,2461281.8174470854
TRES-5__2026-08-29,35,331.30581937489205,242.7573821447073,5991.0,259.0,44352.0,8,2026-08-29 07:36:15.339000+00:00,61281.317,1.2428638826554717,53.571,100,630.0,280.0,TRES-5,0.1350784632034632,0.9913766531568063,0.9946870330400133,2461281.819447101
TRES-5__2026-08-29,36,333.8240474409167,240.39627593400104,6046.0,262.0,44271.0,8,2026-08-29 07:39:15.722000+00:00,61281.319,1.2479951896464414,53.253,100,632.0,280.0,TRES-5,0.1365679564500463,1.00230843898467,1.0038186950024905,2461281.821447117
TRES-5__2026-08-29,37,332.36547207567764,240.26632708750228,6087.0,259.0,44270.0,8,2026-08-29 07:42:17.091000+00:00,61281.321,1.2532904224457315,52.93,100,633.0,281.0,TRES-5,0.13749717641743844,1.0091282306781253,1.0106259339199735,2461281.8234471325
TRES-5__2026-08-29,38,334.8700176668723,239.6802205035405,6002.0,262.0,44080.0,8,2026-08-29 07:45:15.537000+00:00,61281.323,1.2586709534175815,52.607,100,633.0,280.0,TRES-5,0.13616152450090743,0.9993255271575908,0.9965133654325087,2461281.825447148
TRES-5__2026-08-29,39,336.85725196156056,238.7365275978415,6035.0,260.0,44114.0,8,2026-08-29 07:48:15.862000+00:00,61281.325,1.2642235524807215,52.279,100,633.0,281.0,TRES-5,0.13680464251711474,1.0040455407805775,1.001992362609995,2461281.827447164
TRES-5__2026-08-29,40,336.25219454174635,237.37327610078967,5963.0,263.0,43930.0,8,2026-08-29 07:51:15.293000+00:00,61281.327,1.2699018539257454,51.949,100,636.0,281.0,TRES-5,0.1357386751650353,0.9962221237767345,0.9900381869500249,2461281.8294471796
TRES-5__2026-08-29,41,338.11174311926607,243.56018348623854,5961.0,265.0,43640.0,8,2026-08-29 07:54:15.677000+00:00,61281.329,1.2757444487012026,51.615,100,636.0,280.0,TRES-5,0.1365948670944088,1.0025059433381374,0.9897061265150258,2461281.8314471953
TRES-5__2026-08-29,42,338.0536864710093,243.16607015032213,6032.0,263.0,43787.0,8,2026-08-29 07:57:16.066000+00:00,61281.331,1.2817206777788306,51.279,100,633.0,280.0,TRES-5,0.1377577819900884,1.0110408840669824,1.0014942719574962,2461281.833447211
TRES-5__2026-08-29,43,339.45383496910216,242.05034532897128,6023.0,260.0,43764.0,8,2026-08-29 08:00:15.420000+00:00,61281.334,1.287852375618785,50.94,100,636.0,282.0,TRES-5,0.13762453157846632,1.0100629239690306,1.0,2461281.8364472343
TRES-5__2026-08-29,44,342.5463880381913,244.0345883624572,5926.0,266.0,43744.0,8,2026-08-29 08:03:15.854000+00:00,61281.336,1.2941442022475278,50.598,100,636.0,280.0,TRES-5,0.13547000731528896,0.9942502991988137,0.9838950689025403,2461281.83844725
TRES-5__2026-08-29,45,343.4223223718434,243.3646648069943,6011.0,266.0,43788.0,8,2026-08-29 08:06:15.282000+00:00,61281.338,1.3005821237776023,50.254,100,639.0,281.0,TRES-5,0.13727505252580616,1.0074980045484359,0.998007637390005,2461281.840447265
TRES-5__2026-08-29,46,342.84257469320585,238.26200453351797,5983.0,268.0,43711.0,8,2026-08-29 08:09:15.663000+00:00,61281.34,1.3071701825467084,49.908,100,641.0,281.0,TRES-5,0.1368763011598911,1.0045714625578956,0.9933587913000166,2461281.842447281
TRES-5__2026-08-29,47,343.4299274537728,240.40952745097914,5819.0,269.0,43446.0,8,2026-08-29 08:12:16.129000+00:00,61281.342,1.3139321135567144,49.559,100,641.0,281.0,TRES-5,0.13393638079454956,0.9829946075713999,0.9661298356300847,2461281.8444472966
TRES-5__2026-08-29,48,346.9186008245538,242.85490146233985,5942.0,269.0,43175.0,8,2026-08-29 08:15:15.528000+00:00,61281.344,1.320853411895764,49.208,100,642.0,281.0,TRES-5,0.13762594093804284,1.010073267632609,0.9865515523825337,2461281.8464473123
TRES-5__2026-08-29,49,347.68527448071217,245.09458456973294,5880.0,271.0,43321.5,8,2026-08-29 08:18:15.920000+00:00,61281.346,1.327938611714573,48.855,100,644.0,281.0,TRES-5,0.13572937225165332,0.9961538472290562,0.9762576788975593,2461281.8484473275
TRES-5__2026-08-29,50,348.5706957099113,242.9331358789368,5967.0,269.0,43080.0,8,2026-08-29 08:21:15.467000+00:00,61281.348,1.3351924182467427,48.5,100,645.0,282.0,TRES-5,0.13850974930362117,1.0165597715409282,0.9907023078200232,2461281.850447343
TRES-5__2026-08-29,51,350.2129128568763,241.87982832618025,5740.0,276.0,42861.0,8,2026-08-29 08:24:15.856000+00:00,61281.35,1.34261971605077,48.143,100,646.0,280.0,TRES-5,0.1339212804180957,0.9828837819052263,0.9530134484476175,2461281.852447359
TRES-5__2026-08-29,52,353.09170224614815,241.6634490439948,5820.0,278.0,42896.0,8,2026-08-29 08:27:15.404000+00:00,61281.352,1.350225577731836,47.784,100,651.0,281.0,TRES-5,0.13567698619917942,0.9957693721014746,0.9662958658475843,2461281.854447374
TRES-5__2026-08-29,53,352.6967000467974,239.80978841000223,5870.5,283.0,42939.5,8,2026-08-29 08:30:16.906000+00:00,61281.354,1.3580152731762296,47.423,100,651.0,279.0,TRES-5,0.13671561149990102,1.0033921185415375,0.9746803918313133,2461281.85644739
TRES-5__2026-08-29,54,352.0922384701912,245.6355455568054,5826.0,280.0,42731.0,8,2026-08-29 08:33:15.277000+00:00,61281.356,1.3659277277924835,47.063,100,652.0,281.0,TRES-5,0.1363412978867801,1.000644931697637,0.9672920471525818,2461281.858447405
TRES-5__2026-08-29,55,355.6400793165274,244.9687750208182,5773.0,277.0,43173.0,8,2026-08-29 08:36:15.754000+00:00,61281.359,1.3741230827015554,46.697,100,649.0,281.0,TRES-5,0.13371783290482478,0.9813906266677714,0.9584924456251037,2461281.8614474284
TRES-5__2026-08-29,56,356.4302655520055,243.57918444877066,5855.0,277.0,42868.0,8,2026-08-29 08:39:15.249000+00:00,61281.361,1.3824050320660797,46.334,100,648.0,280.0,TRES-5,0.1365820658766446,1.002411991807135,0.9721069234600698,2461281.8634474436
TRES-5__2026-08-29,57,358.3214985652857,243.06127296474975,5821.0,278.0,42651.0,8,2026-08-29 08:42:15.643000+00:00,61281.363,1.3909844001240017,45.965,100,651.0,281.0,TRES-5,0.13647980117699468,1.001661444064211,0.9664618960650838,2461281.8654474593
TRES-5__2026-08-29,58,358.8131698313492,239.84168493389777,5726.0,283.0,42396.0,8,2026-08-29 08:45:16.078000+00:00,61281.365,1.3997054150404489,45.597,100,655.0,281.0,TRES-5,0.13505991131238795,0.9912404959097683,0.9506890254026232,2461281.8674474745
TRES-5__2026-08-29,59,360.2251417769376,245.41398865784498,5688.0,291.0,42042.0,8,2026-08-29 08:48:15.461000+00:00,61281.367,1.4086193397112965,45.228,100,661.0,280.0,TRES-5,0.135293278150421,0.9929532370037982,0.944379877137639,2461281.86944749
TRES-5__2026-08-29,60,364.10660635524437,243.81536405901176,5688.0,288.0,42075.0,8,2026-08-29 08:51:15.906000+00:00,61281.369,1.4177315727514652,44.858,100,661.0,281.0,TRES-5,0.13518716577540107,0.9921744501512464,0.944379877137639,2461281.8714475054
TRES-5__2026-08-29,61,364.84729761465024,246.96249418713919,5804.0,289.0,42001.0,8,2026-08-29 08:54:15.345000+00:00,61281.371,1.4270730764251596,44.486,100,662.0,281.0,TRES-5,0.1381871860193805,1.014192394080614,0.963639382367591,2461281.8734475207
TRES-5__2026-08-29,62,363.88108392239286,244.79690459627344,5727.0,291.0,42331.0,8,2026-08-29 08:57:15.871000+00:00,61281.373,1.4366253217682554,44.113,100,661.0,280.0,TRES-5,0.1352909215468569,0.9929359412654638,0.9508550556201228,2461281.8754475364
TRES-5__2026-08-29,63,364.52521967657856,251.47822891714205,5807.0,292.0,41905.0,8,2026-08-29 09:00:15.275000+00:00,61281.375,1.4463680180596346,43.74,100,663.0,280.0,TRES-5,0.13857534900369883,1.0170412251314471,0.9641374730200897,2461281.8774475516
TRES-5__2026-08-29,64,368.10971146135364,248.88399466789195,5718.0,292.0,41937.0,8,2026-08-29 09:03:15.642000+00:00,61281.377,1.4563597219730395,43.365,100,665.0,281.0,TRES-5,0.1363473782101724,1.000689556803015,0.9493607836626266,2461281.879447567
TRES-5__2026-08-29,65,368.51884416711954,246.99922968546963,5662.0,298.0,41876.0,8,2026-08-29 09:06:17.119000+00:00,61281.379,1.466636074633169,42.987,100,669.0,280.0,TRES-5,0.13520871143375682,0.9923325794500569,0.9400630914826499,2461281.881447582
TRES-5__2026-08-29,66,369.78223709028026,246.46809521175078,5705.0,299.0,41700.0,8,2026-08-29 09:09:15.603000+00:00,61281.381,1.4770111324776074,42.613,100,669.0,280.0,TRES-5,0.136810551558753,1.0040889088037528,0.947202390835132,2461281.8834475977
TRES-5__2026-08-29,67,369.58904495755615,243.22156301925463,5736.0,297.0,41752.0,8,2026-08-29 09:12:16.082000+00:00,61281.384,1.4876836501447834,42.236,100,668.0,280.0,TRES-5,0.13738264035255796,1.0082876201324165,0.9523493275776191,2461281.8864476206
TRES-5__2026-08-29,68,374.021550869117,250.15648608968056,5723.0,296.0,41753.0,8,2026-08-29 09:15:16.553000+00:00,61281.386,1.4985768771627233,41.859,100,666.0,280.0,TRES-5,0.13706799511412354,1.0059783553094892,0.9501909347501245,2461281.888447636
TRES-5__2026-08-29,69,374.672268907563,251.14438502673798,5714.0,296.0,41736.0,8,2026-08-29 09:18:17.035000+00:00,61281.388,1.5098158692789314,41.478,100,667.0,280.0,TRES-5,0.13690818478052522,1.0048054649026452,0.9486966627926282,2461281.890447651
TRES-5__2026-08-29,70,374.3025465544826,250.2614968166912,5783.0,296.0,41699.0,8,2026-08-29 09:21:15.391000+00:00,61281.39,1.5211707466407227,41.101,100,667.0,280.0,TRES-5,0.13868438092040578,1.0178414392744626,0.9601527478000996,2461281.8924476663
TRES-5__2026-08-29,71,376.9715148689747,252.06170919290986,5667.5,300.5,41788.0,8,2026-08-29 09:24:15.733000+00:00,61281.392,1.5328267295913771,40.722,100,668.0,279.0,TRES-5,0.13562505982578732,0.9953882706805435,0.9409762576788976,2461281.8944476815
TRES-5__2026-08-29,72,378.76866709298804,250.1857330162562,5690.0,296.0,41532.0,8,2026-08-29 09:27:16.120000+00:00,61281.394,1.5448260678857446,40.34,100,668.0,281.0,TRES-5,0.13700279302706347,1.0054998199063208,0.9447119375726383,2461281.8964476967
TRES-5__2026-08-29,73,379.97557292441087,247.70530885349666,5691.0,300.0,41396.0,8,2026-08-29 09:30:15.547000+00:00,61281.396,1.5569547876849992,39.962,100,670.0,280.0,TRES-5,0.13747705092279447,1.008980524337306,0.9448779677901378,2461281.898447712
TRES-5__2026-09-01,0,359.6735587042425,292.23564442349567,2517.0,119.0,16387.0,7,2026-09-01 05:00:38.463000+00:00,61284.209,1.1310621504390448,62.144,42,491.0,280.0,TRES-5,0.15359736376395924,1.1463540383622768,0.6375783674244823,2461284.711469028
TRES-5__2026-09-01,1,360.756674915558,278.7597741548027,2927.0,117.0,21525.0,8,2026-09-01 05:03:16.101000+00:00,61284.211,1.1310204235677253,62.148,61,485.0,278.0,TRES-5,0.1359814169570267,1.0148797000869436,0.741434994617187,2461284.713469042
TRES-5__2026-09-01,2,361.982824220611,279.78480356542934,3011.0,116.0,22658.5,8,2026-09-01 05:06:15.402000+00:00,61284.213,1.1310621504390448,62.144,61,486.0,279.0,TRES-5,0.13288611337908512,0.9917783025786934,0.7627129377493509,2461284.715469056
TRES-5__2026-09-01,3,365.0851881601763,283.55056188835533,2816.5,126.0,20760.5,8,2026-09-01 05:09:15.809000+00:00,61284.215,1.1311978221167056,62.131,61,493.0,278.0,TRES-5,0.13566628934755906,1.0125277859729238,0.7134443670445191,2461284.7174690696
TRES-5__2026-09-01,4,367.0313233330534,272.2243456905711,2835.5,132.0,20963.0,8,2026-09-01 05:12:15.242000+00:00,61284.217,1.131427627217399,62.109,61,499.0,279.0,TRES-5,0.13526212851214045,1.0095113839040577,0.718257235133937,2461284.7194690835
TRES-5__2026-09-01,5,368.21706851397465,274.06000343325854,1380.5,216.5,10583.0,8,2026-09-01 05:15:15.609000+00:00,61284.219,1.1317518853069477,62.078,61,585.0,279.0,TRES-5,0.13044505338750828,0.9735597673730435,0.3496928630232411,2461284.721469097
TRES-5__2026-09-01,6,368.1339331969281,273.6914054225439,2058.0,183.0,15770.5,8,2026-09-01 05:18:16.067000+00:00,61284.221,1.1321815375736086,62.037,61,551.0,279.0,TRES-5,0.13049681367109475,0.9739460735482414,0.5213096067380153,2461284.7234691107
TRES-5__2026-09-01,7,367.9633697385875,273.91484082188134,3603.5,102.5,26901.0,8,2026-09-01 05:21:15.437000+00:00,61284.223,1.132696213672017,61.988,61,469.0,278.0,TRES-5,0.13395412809932716,0.9997492921684711,0.9127984294851498,2461284.7254691245
TRES-5__2026-09-01,8,367.784069203457,273.87107129333754,3587.5,104.0,26570.5,8,2026-09-01 05:24:15.888000+00:00,61284.225,1.1333070989647993,61.93,61,474.0,279.0,TRES-5,0.1350181592367475,1.0076905508036094,0.9087454879361662,2461284.727469138
TRES-5__2026-09-01,9,370.4253866340736,274.4170551693563,2365.0,178.5,17919.0,8,2026-09-01 05:27:16.284000+00:00,61284.227,1.1340256297413684,61.862,61,546.0,279.0,TRES-5,0.1319828115408226,0.9850366262583652,0.5990754227091382,2461284.7294691517
TRES-5__2026-09-01,10,370.2699389127879,273.6161884014062,2047.0,184.0,15155.75,8,2026-09-01 05:30:15.759000+00:00,61284.229,1.1348316654270725,61.786,61,553.0,279.0,TRES-5,0.13506424954225293,1.0080345398314856,0.518523209423089,2461284.731469165
TRES-5__2026-09-01,11,369.0658890067454,274.9187073063804,1388.0,229.0,9899.0,8,2026-09-01 05:33:16.046000+00:00,61284.231,1.135726207741148,61.702,70,602.0,280.0,TRES-5,0.14021618345287404,1.0464853315579112,0.35159267937432714,2461284.733469179
TRES-5__2026-09-01,12,370.27173598310844,274.2937869106244,1368.0,236.5,9859.5,8,2026-09-01 05:36:15.477000+00:00,61284.234,1.1367318161008673,61.608,70,605.0,278.0,TRES-5,0.13874942948425376,1.0355384032122161,0.34652650243809763,2461284.7364691994
TRES-5__2026-09-01,13,369.9792753755275,274.8923672565265,2610.0,165.5,19226.25,8,2026-09-01 05:39:16.007000+00:00,61284.236,1.137828492550056,61.506,70,534.0,279.0,TRES-5,0.13575190169689877,1.0131667426580795,0.6611360901779495,2461284.738469213
TRES-5__2026-09-01,14,370.83169538431764,272.4220146939008,3718.5,100.0,27466.0,8,2026-09-01 05:42:15.410000+00:00,61284.238,1.1390176065480864,61.396,70,471.0,279.0,TRES-5,0.13538556761086434,1.0104326556358525,0.9419289468684694,2461284.740469226
TRES-5__2026-09-01,15,370.4860934045882,273.3405072870978,4044.0,87.5,30015.5,8,2026-09-01 05:45:16.706000+00:00,61284.24,1.1403115517864548,61.277,70,453.0,278.0,TRES-5,0.13473038929886225,1.0055428171294756,1.0243809765056044,2461284.74246924
TRES-5__2026-09-01,16,369.98389980402635,273.32764828185833,3910.0,82.0,29809.0,8,2026-09-01 05:48:17.082000+00:00,61284.242,1.14170117102878,61.15,70,453.0,280.0,TRES-5,0.13116843906202824,0.9789586626988366,0.9904375910328668,2461284.7444692533
TRES-5__2026-09-01,17,371.2361289317515,274.98043574848805,4052.0,88.0,29741.5,8,2026-09-01 05:51:15.516000+00:00,61284.244,1.1431882101275452,61.015,70,454.0,278.0,TRES-5,0.13624060655985742,1.016814128130664,1.0264074472800964,2461284.7464692667
TRES-5__2026-09-01,18,371.0627281816171,274.6557868496684,4018.5,85.5,29913.5,8,2026-09-01 05:54:15.828000+00:00,61284.246,1.1447745415603916,60.872,70,455.0,279.0,TRES-5,0.13433733932839687,1.0026093395626758,1.0179216009119119,2461284.74846928
TRES-5__2026-09-01,19,370.28710533005227,275.3174217146245,4075.5,88.0,29900.5,8,2026-09-01 05:57:16.309000+00:00,61284.248,1.1464621677385087,60.721,70,454.0,278.0,TRES-5,0.13630206852728216,1.017272841567122,1.032360205180166,2461284.750469294
TRES-5__2026-09-01,20,372.8165368917761,274.1006204609939,3982.0,84.5,30130.0,8,2026-09-01 06:00:15.818000+00:00,61284.25,1.148241914949777,60.563,70,453.0,279.0,TRES-5,0.13216063723863258,0.9863638053310629,1.008675828003293,2461284.7524693073
TRES-5__2026-09-01,21,372.2319515512886,271.33152702961434,4020.5,85.5,30044.0,8,2026-09-01 06:03:15.197000+00:00,61284.252,1.150138579852883,60.396,97,455.0,279.0,TRES-5,0.13382039675143123,0.9987512055675075,1.018428218605535,2461284.7544693206
TRES-5__2026-09-01,22,374.16281000782357,271.02625962903284,4092.0,86.5,29913.5,8,2026-09-01 06:06:15.643000+00:00,61284.254,1.1521203463657352,60.223,97,456.0,279.0,TRES-5,0.13679442392230934,1.020947472313169,1.0365398011525553,2461284.756469334
TRES-5__2026-09-01,23,372.3500560143718,272.19527028906367,4059.5,86.5,29973.5,8,2026-09-01 06:09:16.056000+00:00,61284.256,1.1542123629431575,60.042,97,456.0,279.0,TRES-5,0.1354363020668257,1.010811305679383,1.0283072636311823,2461284.7584693474
TRES-5__2026-09-01,24,373.1482803937482,274.083677122616,3999.0,84.0,29976.0,8,2026-09-01 06:12:15.444000+00:00,61284.259,1.1564055865300586,59.854,97,456.0,280.0,TRES-5,0.13340672538030424,0.995663822846701,1.0129820783990882,2461284.7614693674
TRES-5__2026-09-01,25,376.7929787580186,271.01583921927863,4001.0,88.5,29771.75,8,2026-09-01 06:15:15.835000+00:00,61284.261,1.158702502625213,59.659,97,457.0,279.0,TRES-5,0.13438914407114128,1.0029959775530428,1.013488696092711,2461284.763469381
TRES-5__2026-09-01,26,374.96619404168257,271.71259748479025,3983.0,86.0,29707.0,8,2026-09-01 06:18:15.219000+00:00,61284.263,1.1611057245940792,59.457,97,458.0,280.0,TRES-5,0.13407614366984213,1.0006599395817812,1.0089291368501045,2461284.765469394
TRES-5__2026-09-01,27,375.1614670469918,268.9142442072198,4007.0,89.0,29760.0,8,2026-09-01 06:21:15.654000+00:00,61284.265,1.163617998298638,59.248,97,458.0,279.0,TRES-5,0.13464381720430108,1.0048966975101168,1.0150085491735799,2461284.767469407
TRES-5__2026-09-01,28,374.88485703389966,273.14525727532896,3965.5,89.0,29888.5,8,2026-09-01 06:24:16.078000+00:00,61284.267,1.166229992441974,59.033,97,458.0,279.0,TRES-5,0.13267644746307108,0.9902134881597495,1.0044962320309037,2461284.7694694204
TRES-5__2026-09-01,29,375.89117950615275,270.3786462094384,3977.5,90.5,29783.0,8,2026-09-01 06:27:15.489000+00:00,61284.269,1.1689566743988018,58.811,97,459.0,279.0,TRES-5,0.13354934022764664,0.9967282102956458,1.0075359381926414,2461284.771469434
TRES-5__2026-09-01,30,377.11816484395837,270.19125100026673,4013.5,93.0,29729.25,8,2026-09-01 06:30:15.919000+00:00,61284.271,1.1717887091540238,58.583,97,459.0,278.0,TRES-5,0.1350017238914537,1.007567887731876,1.0166550566778545,2461284.773469447
TRES-5__2026-09-01,31,376.56745817593094,269.4268753372909,3972.0,90.0,29960.0,8,2026-09-01 06:33:15.289000+00:00,61284.273,1.1747163277868198,58.35,100,459.0,279.0,TRES-5,0.13257676902536716,0.9894695510452093,1.0061427395351783,2461284.77546946
TRES-5__2026-09-01,32,378.0749427980029,270.0670070124719,4008.5,94.0,29804.5,8,2026-09-01 06:36:15.686000+00:00,61284.275,1.1777676504656922,58.11,100,460.0,278.0,TRES-5,0.13449311345602175,1.0037719395962907,1.0153885124437971,2461284.7774694734
TRES-5__2026-09-01,33,379.0868869936034,269.0221215351812,3950.5,92.0,29724.0,8,2026-09-01 06:39:16.065000+00:00,61284.277,1.1809333121391532,57.864,100,461.0,279.0,TRES-5,0.13290606916969452,0.9919272400382513,1.0006965993287316,2461284.779469487
TRES-5__2026-09-01,34,381.40749601275917,270.0784157363105,3993.5,91.5,29566.0,8,2026-09-01 06:42:15.426000+00:00,61284.279,1.1842034661102765,57.613,100,461.0,279.0,TRES-5,0.1350706893052831,1.0080826021691118,1.011588879741625,2461284.7814694997
TRES-5__2026-09-01,35,381.23545331529095,268.77780784844384,3947.0,92.0,29761.0,8,2026-09-01 06:45:16.939000+00:00,61284.281,1.1876075701527793,57.355,100,461.0,279.0,TRES-5,0.13262323174624507,0.9898163195470018,0.9998100183648914,2461284.783469513
TRES-5__2026-09-01,36,382.0770474137931,268.7602370689655,3954.0,90.0,29849.0,8,2026-09-01 06:48:15.440000+00:00,61284.284,1.1910824224680343,57.095,100,462.0,280.0,TRES-5,0.13246674930483432,0.9886484331051506,1.0015831802925717,2461284.7864695326
TRES-5__2026-09-01,37,381.602710660459,267.55423601824776,3979.5,93.0,29581.0,8,2026-09-01 06:51:16.998000+00:00,61284.286,1.19472499723406,56.826,100,462.0,279.0,TRES-5,0.13452892059091984,1.0040391815116902,1.0080425558862642,2461284.7884695455
TRES-5__2026-09-01,38,383.5430499325236,266.0715249662618,3917.0,96.0,29569.0,8,2026-09-01 06:54:16.579000+00:00,61284.288,1.1984302314546669,56.556,100,462.0,278.0,TRES-5,0.1324698163617302,0.9886713236872042,0.9922107529605472,2461284.790469559
TRES-5__2026-09-01,39,382.9954691341667,264.22171552804105,3983.5,95.5,29867.5,8,2026-09-01 06:57:16.013000+00:00,61284.29,1.2022833209614043,56.279,100,462.0,278.0,TRES-5,0.13337239474345025,0.9954076005832929,1.0090557912735103,2461284.792469572
TRES-5__2026-09-01,40,383.5789752131098,265.3010667287569,3995.5,92.0,29638.0,8,2026-09-01 07:00:16.416000+00:00,61284.292,1.2062605518824865,55.997,100,461.0,279.0,TRES-5,0.13481004116337134,1.0061372885077957,1.0120954974352478,2461284.7944695847
TRES-5__2026-09-01,41,387.1398392574361,264.16365887087034,3961.5,95.0,29828.5,8,2026-09-01 07:03:15.860000+00:00,61284.294,1.2103512113733934,55.711,100,461.0,278.0,TRES-5,0.13280922607573295,0.9912044641446432,1.0034829966436578,2461284.796469598
TRES-5__2026-09-01,42,385.1190412921572,263.9981159759337,3932.5,92.0,29483.5,8,2026-09-01 07:06:15.288000+00:00,61284.296,1.2145585162438697,55.421,100,461.0,279.0,TRES-5,0.13337968694354468,0.9954620249745841,0.996137040086125,2461284.798469611
TRES-5__2026-09-01,43,386.91104927026515,267.0562188545193,3959.5,91.5,29662.5,8,2026-09-01 07:09:15.655000+00:00,61284.298,1.218900629593762,55.126,100,461.0,279.0,TRES-5,0.1334850400337126,0.996248314123098,1.0029763789500348,2461284.800469624
TRES-5__2026-09-01,44,387.66130349160954,265.6026108682288,3937.0,99.0,29813.0,8,2026-09-01 07:12:15.223000+00:00,61284.3,1.2233666281235909,54.827,100,460.0,277.0,TRES-5,0.13205648542582096,0.9855864817605697,0.9972769298967766,2461284.802469637
TRES-5__2026-09-01,45,389.2722738223291,268.03542968990195,3948.5,94.5,29855.5,8,2026-09-01 07:15:15.634000+00:00,61284.302,1.2279601246858065,54.524,100,461.0,278.0,TRES-5,0.13225368860009043,0.9870582821200412,1.0001899816351085,2461284.80446965
TRES-5__2026-09-01,46,389.8274751811108,269.36785618459885,3978.5,94.0,29804.0,8,2026-09-01 07:18:17.004000+00:00,61284.304,1.232715886002315,54.215,100,460.0,278.0,TRES-5,0.13348879345054354,0.9962763272636648,1.007789247039453,2461284.806469663
TRES-5__2026-09-01,47,390.7537941147387,267.6161745247787,3954.5,97.5,29744.5,8,2026-09-01 07:21:15.502000+00:00,61284.306,1.237529015160154,53.907,100,460.0,276.0,TRES-5,0.1329489485451092,0.9922472647051108,1.0017098347159774,2461284.808469676
TRES-5__2026-09-01,48,388.29153071751256,269.335485251397,3985.0,91.5,29712.0,8,2026-09-01 07:24:16.035000+00:00,61284.309,1.2425278528035832,53.592,100,461.0,279.0,TRES-5,0.13412089391491652,1.0009939272421267,1.0094357545437274,2461284.811469695
TRES-5__2026-09-01,49,392.4405061808042,266.5652533822528,4011.0,94.0,29687.0,8,2026-09-01 07:27:15.413000+00:00,61284.311,1.2476375907891026,53.275,100,460.0,278.0,TRES-5,0.13510964395189815,1.0083733351307058,1.0160217845608257,2461284.813469708
TRES-5__2026-09-01,50,393.7225033288948,265.7427430093209,3912.0,94.0,29734.0,8,2026-09-01 07:30:15.790000+00:00,61284.313,1.2528940527004528,52.954,100,460.0,278.0,TRES-5,0.1315665568036591,0.981929962919611,0.9909442087264898,2461284.815469721
TRES-5__2026-09-01,51,395.00038818772634,264.09772589636844,3987.0,93.5,29749.0,8,2026-09-01 07:33:15.372000+00:00,61284.315,1.258301741207737,52.629,100,460.0,278.0,TRES-5,0.13402131164072742,1.000250707831529,1.0099423722373504,2461284.817469734
TRES-5__2026-09-01,52,396.2234592030746,263.996861096014,3975.0,93.5,29691.5,8,2026-09-01 07:36:16.756000+00:00,61284.317,1.2638312446444102,52.302,100,460.0,278.0,TRES-5,0.13387669871848845,0.9991714080092824,1.0069026660756126,2461284.8194697467
TRES-5__2026-09-01,53,396.57521645021643,263.3952922077922,3876.0,99.0,29636.0,8,2026-09-01 07:39:15.234000+00:00,61284.319,1.269520402134262,51.971,100,461.0,277.0,TRES-5,0.13078688082062356,0.9761109521640592,0.9818250902412766,2461284.8214697596
TRES-5__2026-09-01,54,398.3955925826391,268.0521365224402,3967.5,91.0,29621.5,8,2026-09-01 07:42:15.613000+00:00,61284.321,1.2753389999984452,51.638,100,460.0,279.0,TRES-5,0.1339398747531354,0.9996429141645348,1.0050028497245267,2461284.8234697725
TRES-5__2026-09-01,55,398.8185745949756,267.56805844134976,3971.0,98.0,29456.0,8,2026-09-01 07:45:16.047000+00:00,61284.323,1.2813083992379244,51.302,100,460.0,277.0,TRES-5,0.13481124388919066,1.0061462648962325,1.0058894306883668,2461284.8254697854
TRES-5__2026-09-01,56,399.1922418928323,267.0778627445524,3941.0,94.0,29499.0,8,2026-09-01 07:48:15.566000+00:00,61284.325,1.2874330790230852,50.963,100,460.0,278.0,TRES-5,0.13359774907623986,0.9970895034696784,0.9982901652840226,2461284.827469798
TRES-5__2026-09-01,57,400.82528283916514,269.2245895604978,3921.0,94.0,29275.5,8,2026-09-01 07:51:15.969000+00:00,61284.327,1.2936991595754823,50.622,100,460.0,278.0,TRES-5,0.13393451862478864,0.999602939394071,0.993223988347793,2461284.8294698107
TRES-5__2026-09-01,58,403.484185613732,268.7116946080108,4047.0,97.0,29436.0,8,2026-09-01 07:54:15.373000+00:00,61284.329,1.3001293656928214,50.278,100,460.0,277.0,TRES-5,0.1374847125968202,1.0260993524644284,1.0251409030460388,2461284.8314698236
TRES-5__2026-09-01,59,405.41458785249455,268.6602494577007,3952.0,97.0,29634.0,8,2026-09-01 07:57:15.770000+00:00,61284.331,1.3067286970854948,49.931,100,459.0,277.0,TRES-5,0.13336032935142067,0.9953175520919738,1.0010765625989488,2461284.833469836
TRES-5__2026-09-01,60,404.0240499749607,268.81055284537734,3967.0,97.0,29326.0,8,2026-09-01 08:00:15.175000+00:00,61284.334,1.3134242660958904,49.585,100,459.0,277.0,TRES-5,0.13527245447725567,1.0095884504078032,1.004876195301121,2461284.836469855
TRES-5__2026-09-01,61,407.3673216198117,276.4927034366213,3912.0,93.0,29314.5,8,2026-09-01 08:03:15.604000+00:00,61284.336,1.3203762584430916,49.232,100,459.0,278.0,TRES-5,0.1334493168909584,0.99598169907219,0.9909442087264898,2461284.838469868
TRES-5__2026-09-01,62,408.10387968824057,274.9857433149501,3860.5,94.0,29068.5,8,2026-09-01 08:06:16.015000+00:00,61284.338,1.3274528921036493,48.879,100,460.0,278.0,TRES-5,0.13280699038478078,0.9911877783546742,0.9778988031156988,2461284.840469881
TRES-5__2026-09-01,63,410.0949043454479,274.1320914624487,3913.0,99.0,29241.0,8,2026-09-01 08:09:16.386000+00:00,61284.34,1.3346979058502408,48.524,100,461.0,277.0,TRES-5,0.13381895284019013,0.9987404291229013,0.9911975175733012,2461284.8424698934
TRES-5__2026-09-01,64,409.3587547219691,273.57693646425787,3877.5,95.0,29113.5,8,2026-09-01 08:12:15.774000+00:00,61284.342,1.342116175744314,48.167,100,462.0,278.0,TRES-5,0.1331856355299088,0.9940137473725464,0.9822050535114939,2461284.8444699063
TRES-5__2026-09-01,65,411.31989368007146,274.4614956625865,3906.5,96.0,29016.5,8,2026-09-01 08:15:15.201000+00:00,61284.344,1.3496700594018178,47.81,100,462.0,278.0,TRES-5,0.13463029655540812,1.0047957878976086,0.9895510100690267,2461284.8464699187
TRES-5__2026-09-01,66,412.83243349369593,271.3616341754138,3920.5,96.0,28843.0,8,2026-09-01 08:18:15.653000+00:00,61284.346,1.3574711854451158,47.448,100,462.0,278.0,TRES-5,0.13592552785771245,1.014462579030115,0.9930973339243873,2461284.8484699316
TRES-5__2026-09-01,67,413.72480925521785,276.8021709412184,3884.5,99.5,29118.0,8,2026-09-01 08:21:16.147000+00:00,61284.348,1.365417838998031,47.086,100,462.0,276.0,TRES-5,0.13340545367126863,0.9956543316109606,0.9839782154391742,2461284.850469944
TRES-5__2026-09-01,68,414.1888927824957,275.6784386030859,3874.0,101.0,29217.5,8,2026-09-01 08:24:15.598000+00:00,61284.35,1.373558376176581,46.722,100,462.0,277.0,TRES-5,0.13259176863181313,0.9895814986659355,0.9813184725476537,2461284.8524699565
TRES-5__2026-09-01,69,416.01191191420327,274.24557409360085,3914.0,100.0,25782.0,7,2026-09-01 08:27:15.858000+00:00,61284.352,1.381875670476134,46.357,100,462.0,277.0,TRES-5,0.15181134124583043,1.1330242905326897,0.9914508264201127,2461284.8544699694
TRES-5__2026-09-01,70,417.84066997024723,273.2357641971164,3831.5,96.0,25604.5,7,2026-09-01 08:30:15.361000+00:00,61284.354,1.39039795610228,45.99,100,462.0,278.0,TRES-5,0.14964166455115313,1.116831189427738,0.9705528465581661,2461284.856469982
TRES-5__2026-09-01,71,419.976427328685,272.6012936561301,3871.0,101.0,25581.0,7,2026-09-01 08:33:15.782000+00:00,61284.356,1.3990837695668668,45.623,100,463.0,277.0,TRES-5,0.15132324772291936,1.1293814677174008,0.9805585460072193,2461284.8584699947
TRES-5__2026-09-01,72,419.08445548011065,278.3410706842929,3918.0,101.0,25501.0,7,2026-09-01 08:36:16.076000+00:00,61284.359,1.408009983665799,45.253,100,463.0,277.0,TRES-5,0.15364103368495352,1.1466799631637186,0.9924640618073586,2461284.8614700134
TRES-5__2026-09-01,73,419.8348529069352,277.27719725950425,3912.5,100.5,25381.0,7,2026-09-01 08:39:15.461000+00:00,61284.361,1.4170606378136386,44.885,100,463.0,276.0,TRES-5,0.15415074268153342,1.150484110268202,0.9910708631498956,2461284.863470026
TRES-5__2026-09-04,1,278.08437254848917,301.77769361863284,36530.0,26.0,102267.5,8,2026-09-04 04:12:29.912000+00:00,61287.175,1.139158579997528,61.383,94,394.0,279.0,TRES-5,0.35720047913560027,0.9614997828966123,0.9743411927877947,2461287.677487348
TRES-5__2026-09-04,2,274.8063264983303,304.63908626342146,38073.5,26.0,101279.0,8,2026-09-04 04:15:15.673000+00:00,61287.177,1.1380441984546918,61.486,94,394.0,279.0,TRES-5,0.3759268950127865,1.011906895574395,1.0155099754614318,2461287.6794873592
TRES-5__2026-09-04,3,273.1362628076476,305.79534171331994,37425.0,23.0,101530.5,8,2026-09-04 04:18:17.080000+00:00,61287.179,1.136924931829558,61.59,94,394.0,280.0,TRES-5,0.36860844770783163,0.9922073545438717,0.9982129520964472,2461287.6814873703
TRES-5__2026-09-04,4,272.391882183908,308.30185242200326,38450.5,26.75,101563.0,8,2026-09-04 04:21:15.406000+00:00,61287.181,1.1359077148456092,61.685,94,395.0,279.0,TRES-5,0.3785876746452941,1.0190690893239185,1.0255654539635122,2461287.6834873813
TRES-5__2026-09-04,5,267.2281502629159,303.36864586023694,39741.5,27.0,101503.0,8,2026-09-04 04:24:15.892000+00:00,61287.184,1.1349911228723286,61.771,94,395.0,279.0,TRES-5,0.39153029959705626,1.0539075954517547,1.0599994665528647,2461287.686487398
TRES-5__2026-09-04,6,268.76857837181046,305.3845686512758,40529.5,28.0,101085.0,8,2026-09-04 04:27:15.222000+00:00,61287.186,1.1341632816250815,61.849,94,396.0,279.0,TRES-5,0.4009447494682693,1.079249083036451,1.0810172836871865,2461287.688487409
TRES-5__2026-09-04,7,268.6231776503408,304.16918475951326,39613.0,31.0,101395.5,8,2026-09-04 04:30:15.587000+00:00,61287.188,1.1334337163498287,61.918,94,396.0,278.0,TRES-5,0.39067808729184234,1.0516136401120868,1.0565720687079911,2461287.69048742
TRES-5__2026-09-04,8,267.64464491260003,297.8574028963782,36674.5,28.5,101278.0,8,2026-09-04 04:33:16.921000+00:00,61287.19,1.132801408926065,61.978,100,396.0,279.0,TRES-5,0.36211714291356467,0.9747342868550849,0.9781953483409794,2461287.692487431
TRES-5__2026-09-04,9,266.87510170870627,303.27935991320857,36329.5,28.5,101135.0,8,2026-09-04 04:36:15.325000+00:00,61287.192,1.1322654778154353,62.029,100,396.0,279.0,TRES-5,0.35921787709497205,0.9669301443133888,0.9689933852555211,2461287.6944874423
TRES-5__2026-09-04,10,268.8019648829794,302.439736878566,38518.0,28.0,101093.0,8,2026-09-04 04:39:15.736000+00:00,61287.194,1.1318251764609737,62.071,100,396.0,279.0,TRES-5,0.38101550057867506,1.025604226436572,1.0273658380454498,2461287.6964874533
TRES-5__2026-09-04,11,268.58649159655755,301.56443708414923,37078.5,29.0,101357.0,8,2026-09-04 04:42:15.163000+00:00,61287.196,1.1314798919391351,62.104,100,397.0,279.0,TRES-5,0.36582081158676755,0.9847036929259365,0.9889709804758349,2461287.6984874643
TRES-5__2026-09-04,12,265.37881983882306,299.8915571420845,36381.0,27.0,100760.0,8,2026-09-04 04:45:16.540000+00:00,61287.198,1.131229143858394,62.128,100,398.0,280.0,TRES-5,0.36106589916633586,0.9719045856263018,0.9703670116291475,2461287.700487475
TRES-5__2026-09-04,13,264.1237463920552,301.0105914583435,40213.5,33.0,100732.5,8,2026-09-04 04:48:16.926000+00:00,61287.2,1.1310725834993292,62.143,100,398.0,278.0,TRES-5,0.39921078102896285,1.0745816473096645,1.0725888189480421,2461287.702487486
TRES-5__2026-09-04,14,267.54863201641047,300.27402296400885,36887.5,29.5,101048.0,8,2026-09-04 04:51:15.330000+00:00,61287.202,1.1310204235677253,62.148,100,397.0,279.0,TRES-5,0.3650492835088275,0.9826269205732421,0.983876560332871,2461287.704487497
TRES-5__2026-09-04,15,269.427579037991,300.86519331732103,39705.0,29.0,100474.5,8,2026-09-04 04:54:15.642000+00:00,61287.204,1.1310517179157633,62.145,100,397.0,279.0,TRES-5,0.39517489512264303,1.063717990485596,1.05902592553078,2461287.706487508
TRES-5__2026-09-04,16,268.5716737248126,300.0426277329314,37758.0,33.0,100930.0,8,2026-09-04 04:57:17.017000+00:00,61287.206,1.131187382610729,62.132,100,398.0,278.0,TRES-5,0.37410086198355297,1.0069916435976374,1.0070948469006722,2461287.7084875186
TRES-5__2026-09-04,17,271.6265108037344,295.41017164317265,37242.5,33.0,101499.5,8,2026-09-04 05:00:15.285000+00:00,61287.209,1.1314067250930795,62.111,100,398.0,278.0,TRES-5,0.3669229897684225,0.9876704976876186,0.9933452469860237,2461287.711487535
TRES-5__2026-09-04,18,270.45738208350616,294.79367238614924,39100.0,27.0,102101.0,8,2026-09-04 05:03:15.718000+00:00,61287.211,1.1317309498232058,62.08,100,398.0,280.0,TRES-5,0.38295413365197206,1.0308225712820267,1.0428891496852661,2461287.713487546
TRES-5__2026-09-04,19,269.1990606364452,295.819990500818,37308.0,27.0,102328.0,8,2026-09-04 05:06:16.077000+00:00,61287.213,1.1321500688816648,62.04,100,398.0,280.0,TRES-5,0.3645922914549293,0.9813968053122774,0.9950922863544223,2461287.7154875565
TRES-5__2026-09-04,20,269.54122225017267,297.51698657360714,36511.5,29.5,102547.75,8,2026-09-04 05:09:15.465000+00:00,61287.215,1.1326541507008834,61.992,100,397.0,279.0,TRES-5,0.35604389174799056,0.9583865213333053,0.97384775418756,2461287.7174875676
TRES-5__2026-09-04,21,270.4156505045848,296.102499802138,38089.5,29.0,102404.5,8,2026-09-04 05:12:16.750000+00:00,61287.217,1.1332649105021486,61.934,100,397.0,279.0,TRES-5,0.3719514279157654,1.0012058719924886,1.0159367331697429,2461287.719487578
TRES-5__2026-09-04,22,273.7184743056101,297.01500039268046,37591.0,29.0,102305.5,8,2026-09-04 05:15:16.155000+00:00,61287.219,1.1339727111489155,61.867,100,397.0,279.0,TRES-5,0.3674387007541139,0.989058670519804,1.002640563320175,2461287.721487589
TRES-5__2026-09-04,23,272.00805348731194,295.79519323304464,38855.0,27.0,101771.0,8,2026-09-04 05:18:16.504000+00:00,61287.221,1.134767916769063,61.792,100,397.0,280.0,TRES-5,0.38178852521838247,1.0276850271819993,1.0363544222767525,2461287.7234875998
TRES-5__2026-09-04,24,270.58704803022124,295.89516999460335,36422.5,32.0,101279.5,8,2026-09-04 05:21:15.936000+00:00,61287.223,1.135662184126468,61.708,100,397.0,278.0,TRES-5,0.3596236158353862,0.9680222976939358,0.9714739144350795,2461287.7254876103
TRES-5__2026-09-04,25,272.46158359335413,292.6867482731952,36848.0,26.0,101085.0,8,2026-09-04 05:24:15.287000+00:00,61287.225,1.1366567635492266,61.615,100,397.0,280.0,TRES-5,0.36452490478310334,0.9812154162209538,0.9828230022404779,2461287.7274876214
TRES-5__2026-09-04,26,272.60021548892337,296.88297900296953,37438.5,29.0,100324.0,8,2026-09-04 05:27:15.861000+00:00,61287.227,1.1377422718942265,61.514,100,397.0,279.0,TRES-5,0.37317591005143336,1.0045018902689886,0.9985730289128347,2461287.729487632
TRES-5__2026-09-04,27,272.7955957086392,294.7559947299078,26456.5,32.0,62249.0,8,2026-09-04 05:30:16.202000+00:00,61287.229,1.1389309001374814,61.404,100,400.0,279.0,TRES-5,0.42501084354768753,1.1440293551361025,0.7056572068707991,2461287.7314876425
TRES-5__2026-09-04,28,272.461126174412,293.2807238791853,16115.0,31.0,38213.0,8,2026-09-04 05:33:15.515000+00:00,61287.231,1.1402134156432076,61.286,100,403.0,280.0,TRES-5,0.42171512312563786,1.13515804992969,0.42982502933959243,2461287.733487653
TRES-5__2026-09-04,29,271.0067671847146,290.61940232697526,19011.0,32.0,41001.0,8,2026-09-04 05:36:15.772000+00:00,61287.234,1.141602397860825,61.159,100,403.0,280.0,TRES-5,0.4636716177654204,1.2480950778555104,0.5070681745439027,2461287.736487669
TRES-5__2026-09-04,30,272.1983603737889,290.94533623803244,34406.5,31.5,88322.0,8,2026-09-04 05:39:16.211000+00:00,61287.236,1.143077708547741,61.025,100,400.0,279.0,TRES-5,0.38955752813568534,1.0485973580847643,0.9177024431878801,2461287.7384876795
TRES-5__2026-09-04,31,273.2887938268128,294.8481205831646,36525.0,31.0,89814.5,8,2026-09-04 05:42:15.602000+00:00,61287.238,1.1446632341695502,60.882,100,399.0,279.0,TRES-5,0.4066715285393784,1.0946642270667533,0.9742078310039475,2461287.74048769
TRES-5__2026-09-04,32,275.0547634734484,290.02880484912373,37253.0,28.0,99103.0,8,2026-09-04 05:45:15.930000+00:00,61287.24,1.1463387910733396,60.732,100,399.0,280.0,TRES-5,0.37590183950031786,1.0118394520204077,0.9936253067321028,2461287.7424877007
TRES-5__2026-09-04,33,274.2123880175578,292.02289704032654,38358.0,28.0,99078.0,8,2026-09-04 05:48:15.180000+00:00,61287.242,1.1481175466708546,60.574,100,399.0,280.0,TRES-5,0.38714951856113367,1.0421155619551865,1.0230982609623387,2461287.744487711
TRES-5__2026-09-04,34,273.87950374773845,290.7311449987077,37993.5,31.5,99975.5,8,2026-09-04 05:51:16.491000+00:00,61287.244,1.1500017576935986,60.408,100,400.0,279.0,TRES-5,0.3800281068861871,1.022946394556676,1.0133761869198763,2461287.746487722
TRES-5__2026-09-04,35,274.0444432756535,292.3121548414243,37371.0,30.0,100528.0,8,2026-09-04 05:54:15.969000+00:00,61287.246,1.1519823232386797,60.235,100,400.0,280.0,TRES-5,0.3717471749164412,1.0006560708976484,0.9967726448308972,2461287.7484877324
TRES-5__2026-09-04,36,274.6982664064139,291.6440971004765,36478.5,32.0,102084.5,8,2026-09-04 05:57:15.288000+00:00,61287.248,1.1540730739308602,60.054,100,400.0,279.0,TRES-5,0.3573363243195588,0.9618654462215881,0.9729675664141684,2461287.750487743
TRES-5__2026-09-04,37,274.1686590505474,292.48331433721205,37173.0,29.0,101235.0,8,2026-09-04 06:00:15.773000+00:00,61287.25,1.156253258370281,59.867,100,400.0,280.0,TRES-5,0.3671951400207438,0.9884030622383589,0.9914915181905474,2461287.7524877535
TRES-5__2026-09-04,38,276.2565733781392,291.45658363902214,38400.0,30.0,101844.0,8,2026-09-04 06:03:17.117000+00:00,61287.252,1.1585605027683423,59.671,100,400.0,280.0,TRES-5,0.3770472487333569,1.0149226246173757,1.0242184999466553,2461287.7544877636
TRES-5__2026-09-04,39,277.74464646904505,290.79504195159126,37003.5,33.0,102122.5,8,2026-09-04 06:06:15.451000+00:00,61287.254,1.1609383775179636,59.471,100,401.0,279.0,TRES-5,0.36234424343313176,0.9753455881075016,0.9869705537181266,2461287.756487774
TRES-5__2026-09-04,40,275.2651316982207,288.39561264924504,38099.5,33.5,102835.25,8,2026-09-04 06:09:16.814000+00:00,61287.256,1.1634488882743583,59.262,100,401.0,279.0,TRES-5,0.3704906634641332,0.9972738372244884,1.0162034567374374,2461287.758487785
TRES-5__2026-09-04,41,275.9058038893331,288.3010734681606,37479.0,33.5,102688.0,8,2026-09-04 06:12:15.168000+00:00,61287.259,1.1660468466903906,59.048,100,402.0,279.0,TRES-5,0.3649793549392334,0.9824386892902223,0.9996532593619972,2461287.7614878
TRES-5__2026-09-04,42,275.9688367870113,288.571085238197,36913.0,34.5,102783.0,8,2026-09-04 06:15:15.642000+00:00,61287.261,1.1687714844447452,58.826,100,403.0,279.0,TRES-5,0.35913526555947967,0.9667077734654187,0.9845567054304918,2461287.7634878107
TRES-5__2026-09-04,43,277.26443179206984,288.3251461689688,38559.0,35.0,102456.5,8,2026-09-04 06:18:16.992000+00:00,61287.263,1.1716013989161471,58.598,100,403.0,279.0,TRES-5,0.37634508303523934,1.0130325594978349,1.028459404672997,2461287.765487821
TRES-5__2026-09-04,44,279.06946428111695,289.8373333804467,39353.5,36.0,102376.5,8,2026-09-04 06:21:15.308000+00:00,61287.265,1.1745142003425406,58.366,100,404.0,279.0,TRES-5,0.38439974017474715,1.034713804466164,1.0496505921263204,2461287.7674878314
TRES-5__2026-09-04,45,277.2466375242033,287.94586267544764,40375.0,34.0,102256.0,8,2026-09-04 06:24:15.809000+00:00,61287.267,1.1775630925932492,58.126,100,405.0,280.0,TRES-5,0.394842356438742,1.0628228744623776,1.0768964045663074,2461287.7694878415
TRES-5__2026-09-04,46,277.96162446050647,288.33625396495245,37959.0,37.0,102458.0,8,2026-09-04 06:27:15.201000+00:00,61287.269,1.1807132989988132,57.881,100,405.0,279.0,TRES-5,0.37048351519647077,0.9972545957670802,1.0124559906113304,2461287.771487852
TRES-5__2026-09-04,47,280.79596087426506,287.6900261014,37505.0,37.5,102348.0,8,2026-09-04 06:30:15.668000+00:00,61287.271,1.183980691977785,57.63,100,405.0,279.0,TRES-5,0.3664458514089186,0.9863861533043612,1.0003467406380029,2461287.773487862
TRES-5__2026-09-04,48,280.4213896563299,286.9855921918975,38160.5,40.5,102312.5,8,2026-09-04 06:33:15.190000+00:00,61287.273,1.1873553910122672,57.374,100,405.0,278.0,TRES-5,0.3729798411728772,1.0039741189047935,1.0178304705003733,2461287.7754878723
TRES-5__2026-09-04,49,281.82502933664335,283.9049265791401,37047.0,38.0,102375.5,8,2026-09-04 06:36:15.663000+00:00,61287.275,1.1908404100154282,57.113,100,406.0,279.0,TRES-5,0.36187369048258616,0.9740789700982374,0.9881308012375973,2461287.777487883
TRES-5__2026-09-04,50,279.77793099644225,283.5262141813067,35773.5,38.0,102713.0,8,2026-09-04 06:39:17.022000+00:00,61287.277,1.1944661189982115,56.845,100,406.0,279.0,TRES-5,0.348286000798341,0.9375041012372449,0.9541635548917102,2461287.779487893
TRES-5__2026-09-04,51,282.0349023803156,284.35688686814655,36959.5,38.0,102868.5,8,2026-09-04 06:42:15.504000+00:00,61287.279,1.198181672449391,56.574,100,406.0,279.0,TRES-5,0.3592888007504727,0.9671210541339219,0.985796970020271,2461287.781487903
TRES-5__2026-09-04,52,283.9838924075377,281.9794875804728,37828.0,38.5,102665.0,8,2026-09-04 06:45:15.812000+00:00,61287.281,1.2020173400772174,56.298,100,406.0,279.0,TRES-5,0.3684605269566064,0.9918091866283831,1.0089619118745332,2461287.783487913
TRES-5__2026-09-04,53,282.46911032148097,282.6751193435614,39497.0,36.0,101873.0,8,2026-09-04 06:48:16.272000+00:00,61287.284,1.20597664863346,56.017,100,407.0,280.0,TRES-5,0.38770822494674745,1.0436194683042783,1.0534780753227355,2461287.7864879286
TRES-5__2026-09-04,54,284.63810346633153,281.8912713373128,37570.0,36.0,102271.0,8,2026-09-04 06:51:16.529000+00:00,61287.286,1.2100632677885963,55.731,100,407.0,280.0,TRES-5,0.3673573153679929,0.9888396001779174,1.0020804438280166,2461287.7884879387
TRES-5__2026-09-04,55,286.2688835858062,281.225643286989,37973.0,39.0,102281.5,8,2026-09-04 06:54:16.926000+00:00,61287.288,1.2142956155250495,55.439,100,407.0,279.0,TRES-5,0.37125970972267713,0.9993439291023517,1.0128294036061027,2461287.790487949
TRES-5__2026-09-04,56,286.96134242923233,280.7577824825531,37605.5,40.0,102013.0,8,2026-09-04 06:57:15.220000+00:00,61287.29,1.218574624078573,55.148,100,407.0,279.0,TRES-5,0.3686343897346417,0.9922771843862227,1.003027312493332,2461287.792487959
WASP-2__2026-08-24,1,192.59992698473707,220.3113451992491,5246.0,808.0,3227.0,3,2026-08-24 04:54:15.499000+00:00,61276.204,1.131427627217399,62.109,0,1174.0,280.0,WASP-2,1.6256585063526494,1.2122128581727003,0.18410570460966152,2461276.7098567793
WASP-2__2026-08-24,2,190.16382400241528,224.19072229545054,4763.0,794.0,2014.0,2,2026-08-24 04:57:15.947000+00:00,61276.206,1.128367713424228,62.404,0,1164.0,281.0,WASP-2,2.364945382323734,1.763480577332945,0.1671550650125463,2461276.7118567214
WASP-2__2026-08-24,3,184.64926576317995,226.880011579135,7499.0,802.0,3608.5,2,2026-08-24 05:00:15.372000+00:00,61276.209,1.1254960409559829,62.685,0,1169.0,279.0,WASP-2,2.0781488152972147,1.5496235557808928,0.2631735949042798,2461276.7148566344
WASP-2__2026-08-24,4,180.4268052758317,225.0004781928566,9083.0,785.0,4291.0,2,2026-08-24 05:03:16.712000+00:00,61276.211,1.1228159173941146,62.951,2,1146.0,280.0,WASP-2,2.1167560009321837,1.5784119677762087,0.3187632701047571,2461276.7168565765
WASP-2__2026-08-24,5,177.64551147646628,227.48771088003298,7302.0,813.0,3463.0,2,2026-08-24 05:06:16.030000+00:00,61276.213,1.1203305758002275,63.201,2,1177.0,280.0,WASP-2,2.1085763788622582,1.572312628333509,0.2562599799961396,2461276.7188565186
WASP-2__2026-08-24,6,170.1129018216286,226.8082299844119,7858.0,757.0,3446.0,2,2026-08-24 05:09:15.374000+00:00,61276.215,1.11804324634824,63.434,2,1121.0,281.0,WASP-2,2.280325014509576,1.7003812870903892,0.27577251750337783,2461276.7208564603
WASP-2__2026-08-24,7,165.6728220105056,220.62156467821794,5083.0,796.0,3015.0,3,2026-08-24 05:12:15.762000+00:00,61276.217,1.1159379356333414,63.651,2,1166.0,280.0,WASP-2,1.6859038142620233,1.2571362763487401,0.1783853024267841,2461276.7228564024
WASP-2__2026-08-24,8,163.52544050208908,221.31607336498882,3719.0,824.0,2169.0,3,2026-08-24 05:15:16.092000+00:00,61276.219,1.1140186919258523,63.851,2,1197.0,280.0,WASP-2,1.714615029967727,1.2785455112626034,0.13051641544859535,2461276.724856344
WASP-2__2026-08-24,9,161.64465813412744,221.37100691162502,6422.0,889.5,4433.0,3,2026-08-24 05:18:15.475000+00:00,61276.221,1.1122896674589395,64.033,2,1246.0,278.0,WASP-2,1.4486803519061584,1.0802446781414312,0.22537682710698556,2461276.7268562857
WASP-2__2026-08-24,10,160.56596542519702,220.029748038959,20572.0,782.0,14374.0,3,2026-08-24 05:21:15.856000+00:00,61276.223,1.1107364493123522,64.198,2,1148.0,280.0,WASP-2,1.4311952135800752,1.0672064481423391,0.7219638877678148,2461276.728856228
WASP-2__2026-08-24,11,152.08340559854977,220.5360400563236,19851.0,773.0,14010.0,3,2026-08-24 05:24:15.159000+00:00,61276.225,1.1093826620800658,64.343,2,1138.0,280.0,WASP-2,1.4169164882226981,1.0565591600379245,0.6966607590938603,2461276.7308561695
WASP-2__2026-08-24,12,150.58560577865458,219.38905449498031,25216.0,716.0,18259.0,3,2026-08-24 05:27:15.512000+00:00,61276.227,1.1081869883801845,64.472,2,1081.0,280.0,WASP-2,1.3810175803713238,1.0297902429980055,0.8849427082419414,2461276.732856111
WASP-2__2026-08-24,13,151.73919757092133,224.06425840997503,22121.5,714.5,10029.5,2,2026-08-24 05:30:17.002000+00:00,61276.229,1.1071830680333916,64.581,2,1083.0,279.0,WASP-2,2.205643352111272,1.6446930407119713,0.7763428029970696,2461276.734856053
WASP-2__2026-08-24,14,151.76576452359063,221.60930603203,28494.5,703.0,19183.5,3,2026-08-24 05:33:16.452000+00:00,61276.231,1.10635852848605,64.671,20,1062.0,279.0,WASP-2,1.4853650272369485,1.107599522323096,1.0,2461276.736855994
WASP-2__2026-08-24,15,147.13968778528672,215.29905577485354,34248.5,676.0,24906.0,3,2026-08-24 05:36:16.852000+00:00,61276.234,1.105710848314554,64.742,20,1044.0,279.0,WASP-2,1.3751104151610054,1.0253854177562243,1.2019337065047642,2461276.7398559065
WASP-2__2026-08-24,16,147.57542875811447,214.85072541874806,33883.5,663.5,27817.0,3,2026-08-24 05:39:15.244000+00:00,61276.236,1.1052471279632372,64.793,20,1019.0,278.0,WASP-2,1.2180860624797785,0.9082962882603295,1.189124216954149,2461276.741855848
WASP-2__2026-08-24,17,146.82430841460993,214.7733052669242,45132.0,657.0,31119.0,3,2026-08-24 05:42:16.637000+00:00,61276.238,1.1049568115618764,64.825,20,1023.0,280.0,WASP-2,1.4503036729972043,1.081455148047515,1.5838846093105687,2461276.7438557893
WASP-2__2026-08-24,18,140.1547045595598,214.79823531760073,37490.5,592.0,30837.5,3,2026-08-24 05:45:16.148000+00:00,61276.24,1.1048480710650384,64.837,20,960.0,279.0,WASP-2,1.2157438184029186,0.9065497354782702,1.3157100493077611,2461276.745855731
WASP-2__2026-08-24,19,141.65318341654228,216.1777836843525,37135.0,620.0,24875.0,3,2026-08-24 05:48:15.409000+00:00,61276.242,1.1049114945302632,64.83,20,989.0,280.0,WASP-2,1.4928643216080402,1.1131915584292864,1.3032339574303813,2461276.747855672
WASP-2__2026-08-24,20,142.8330802971205,214.31776871248232,32918.0,644.0,24622.0,3,2026-08-24 05:51:15.942000+00:00,61276.244,1.1051563506686573,64.803,20,1007.0,280.0,WASP-2,1.336934448866867,0.9969185552300035,1.1552404850058784,2461276.749855614
WASP-2__2026-08-24,21,145.5235262863212,215.2267296594399,40220.5,643.0,32685.5,3,2026-08-24 05:54:15.429000+00:00,61276.246,1.1055834265574032,64.756,20,1002.0,278.0,WASP-2,1.2305303574979731,0.9175756875763612,1.4115180122479776,2461276.751855555
WASP-2__2026-08-24,22,144.19695009608324,215.28216870591316,49322.5,613.0,41984.0,3,2026-08-24 05:57:15.770000+00:00,61276.248,1.1061849648032929,64.69,20,981.0,278.0,WASP-2,1.1747927782012195,0.8760135697989094,1.730948077699205,2461276.753855496
WASP-2__2026-08-24,23,140.183488523262,215.7287618254279,50675.0,648.0,43161.5,3,2026-08-24 06:00:15.198000+00:00,61276.25,1.106962803580774,64.605,20,1015.0,280.0,WASP-2,1.1740787507385053,0.8754811373919751,1.7784133780203197,2461276.7558554374
WASP-2__2026-08-24,24,143.8617550752591,214.67587963620466,618.0,920.0,0.0,0,2026-08-24 06:03:15.545000+00:00,61276.252,1.1079193210516534,64.501,32,1288.0,280.0,WASP-2,inf,inf,0.02168839600624682,2461276.7578553786
WASP-2__2026-08-24,28,136.81815001122118,205.13537574854453,1462.0,632.0,1702.0,3,2026-08-24 06:15:16.138000+00:00,61276.261,1.1135705945491108,63.898,32,1004.0,280.0,WASP-2,0.8589894242068156,0.6405269132408947,0.05130814718629911,2461276.7668551137
WASP-2__2026-08-24,29,140.23079385324513,206.8286990902464,2520.0,688.0,2401.0,3,2026-08-24 06:18:15.403000+00:00,61276.263,1.1154466092367532,63.702,32,1074.0,280.0,WASP-2,1.0495626822157433,0.7826326217150534,0.08843811963712295,2461276.7688550544
WASP-2__2026-08-24,30,129.7827866391392,203.8703056856532,810.5,756.5,2258.0,3,2026-08-24 06:21:15.825000+00:00,61276.265,1.1175073740631911,63.489,32,1113.0,279.0,WASP-2,0.35894596988485383,0.26765702537363134,0.02844408570074927,2461276.7708549956
WASP-2__2026-08-24,32,131.24088023977475,205.65191305271577,33722.0,476.0,27442.0,3,2026-08-24 06:27:15.578000+00:00,61276.269,1.122186558287602,63.014,32,841.0,279.0,WASP-2,1.228846294001895,0.9163199235792193,1.183456456509151,2461276.774854877
WASP-2__2026-08-24,33,126.18216810969976,206.54801943230422,33287.0,395.0,25534.0,3,2026-08-24 06:30:16.047000+00:00,61276.271,1.1248174823587662,62.752,32,774.0,281.0,WASP-2,1.3036343698597948,0.9720875198109429,1.1681903525241712,2461276.7768548178
WASP-2__2026-08-24,34,127.6554821360968,206.42647845680983,98017.0,255.0,88269.0,3,2026-08-24 06:33:15.370000+00:00,61276.273,1.1276381861930107,62.475,41,625.0,280.0,WASP-2,1.1104351471071383,0.8280236951549312,3.4398568144729684,2461276.778854759
WASP-2__2026-08-24,35,131.6091088401461,205.4052503692852,82802.0,327.0,72551.0,3,2026-08-24 06:36:15.679000+00:00,61276.275,1.1306556797408758,62.183,41,697.0,280.0,WASP-2,1.1412937106311423,0.8510341535890731,2.9058941199178787,2461276.7808546997
WASP-2__2026-08-24,36,126.26160631617194,202.84451474289352,56629.0,464.0,50715.0,3,2026-08-24 06:39:16.023000+00:00,61276.277,1.1338669146817608,61.877,41,812.0,280.0,WASP-2,1.1166124420782806,0.8326299493980471,1.9873659829089825,2461276.7828546404
WASP-2__2026-08-24,37,124.77612007164993,198.85640195269934,55270.0,433.0,45157.0,3,2026-08-24 06:42:15.428000+00:00,61276.279,1.137290191400992,61.556,41,816.0,280.0,WASP-2,1.2239519897247382,0.9126703633835234,1.939672568390391,2461276.7848545806
WASP-2__2026-08-24,38,122.56285316273357,198.98352085369083,22601.0,649.0,16853.0,3,2026-08-24 06:45:16.891000+00:00,61276.281,1.1409122518141743,61.222,41,1009.0,280.0,WASP-2,1.3410668723669377,1.0,0.7931706118724666,2461276.7868545214
WASP-2__2026-08-24,39,123.10535541783301,202.84606650440784,15187.0,532.0,8764.0,3,2026-08-24 06:48:15.312000+00:00,61276.284,1.1447188808004451,60.877,41,907.0,280.0,WASP-2,1.732884527612962,1.2921686183735785,0.5329800487813438,2461276.7898544325
WASP-2__2026-08-24,40,125.98737083022486,199.47614449026202,2810.0,596.0,1186.0,2,2026-08-24 06:51:15.705000+00:00,61276.286,1.1487854240446782,60.515,41,971.0,280.0,WASP-2,2.369308600337268,1.7667341197948754,0.09861552229377599,2461276.7918543727
WASP-2__2026-08-24,41,118.46901136607335,201.03860175852455,5093.0,619.0,3835.0,3,2026-08-24 06:54:16.053000+00:00,61276.288,1.1530426397404856,60.143,41,990.0,280.0,WASP-2,1.328031290743155,0.9902796930620057,0.17873624734597904,2461276.7938543134
WASP-2__2026-08-24,42,122.66933674253606,200.68117171595972,3995.0,585.0,2451.0,3,2026-08-24 06:57:15.424000+00:00,61276.29,1.1575100062101815,59.76,41,961.0,281.0,WASP-2,1.6299469604243166,1.2154106510345122,0.14020249521837547,2461276.7958542537
WASP-2__2026-08-24,43,123.37181310539371,200.13259032928818,11315.0,651.0,7610.0,3,2026-08-24 07:00:15.856000+00:00,61276.292,1.1622083627388118,59.365,41,1015.0,280.0,WASP-2,1.4868593955321945,1.1087138353570227,0.39709417606906594,2461276.7978541944
WASP-2__2026-08-24,44,119.6588590413719,200.09984699321976,4362.0,717.0,3246.0,3,2026-08-24 07:03:15.326000+00:00,61276.294,1.1671355255714733,58.959,42,1094.0,280.0,WASP-2,1.343807763401109,1.0020438138400465,0.15308217375282948,2461276.7998541347
WASP-2__2026-08-24,45,120.85830859329509,196.2285935732808,12448.0,660.0,9183.0,3,2026-08-24 07:06:15.690000+00:00,61276.296,1.1722763723325749,58.544,42,1027.0,280.0,WASP-2,1.3555482957639116,1.0107984349590373,0.4368562354138518,2461276.801854075
WASP-2__2026-08-24,46,116.13282284374982,195.41287951687835,21678.0,576.0,13268.0,3,2026-08-24 07:09:16.135000+00:00,61276.298,1.1777037086308244,58.115,42,940.0,281.0,WASP-2,1.633855893880012,1.2183254448723437,0.7607783958307743,2461276.803854015
WASP-2__2026-08-24,47,117.53269095925783,193.9587750236299,26009.0,626.0,18354.0,3,2026-08-24 07:12:15.530000+00:00,61276.3,1.1833004315909266,57.682,42,1005.0,281.0,WASP-2,1.4170752969379972,1.056677579721962,0.9127726403340995,2461276.8058539554
WASP-2__2026-08-24,48,115.83299114399293,193.33525403138705,46742.0,468.0,36617.0,3,2026-08-24 07:15:15.898000+00:00,61276.302,1.1891657113299556,57.238,42,842.0,281.0,WASP-2,1.276510910232952,0.9518622348637643,1.6403867413009527,2461276.8078538957
WASP-2__2026-08-24,49,114.48150404716519,194.4010639720085,67118.0,381.0,56880.0,3,2026-08-24 07:18:15.311000+00:00,61276.304,1.1952981193726502,56.784,42,770.0,280.0,WASP-2,1.1799929676511955,0.8798912209117118,2.355472108652547,2461276.809853836
WASP-2__2026-08-24,50,120.05798824797024,194.5791906607068,77147.0,362.0,66347.0,3,2026-08-24 07:21:15.686000+00:00,61276.306,1.2016817212265485,56.322,42,743.0,280.0,WASP-2,1.1627805326540763,0.8670563389593003,2.7074347681131448,2461276.811853776
WASP-2__2026-08-24,51,116.28137271431268,192.31223232434533,101815.0,217.0,91402.0,3,2026-08-24 07:24:16.019000+00:00,61276.309,1.2083129593607795,55.853,42,582.0,281.0,WASP-2,1.1139252970394522,0.8306262126014728,3.5731456947832037,2461276.8148536864
WASP-2__2026-08-24,52,111.5297688586646,192.30466102684287,63196.0,450.0,50855.5,3,2026-08-24 07:27:16.402000+00:00,61276.311,1.2152314362612184,55.375,42,827.0,281.0,WASP-2,1.2426581195740873,0.9266190562002607,2.2178315113442943,2461276.8168536266
WASP-2__2026-08-24,54,108.41641025532844,188.812791719294,12555.0,443.0,5560.0,3,2026-08-24 07:33:15.185000+00:00,61276.315,1.2298445074514175,54.401,61,824.0,280.0,WASP-2,2.258093525179856,1.6838038219484144,0.4406113460492376,2461276.8208535067
WASP-2__2026-08-24,55,112.51797420116013,188.61626915166627,40350.0,559.0,35125.0,3,2026-08-24 07:36:15.533000+00:00,61276.317,1.2376550095524548,53.899,61,879.0,280.0,WASP-2,1.1487544483985765,0.8565974390009827,1.416062748951552,2461276.8228534465
WASP-2__2026-08-24,56,109.89570974297834,191.87116836822227,108574.0,226.0,92930.0,3,2026-08-24 07:39:15.978000+00:00,61276.319,1.2457100327173527,53.394,61,629.0,280.0,WASP-2,1.1683417626170236,0.8712032089458298,3.8103493656670584,2461276.8248533863
WASP-2__2026-08-24,57,112.8038493715007,186.29909059715948,54397.0,237.0,56765.0,3,2026-08-24 07:42:15.350000+00:00,61276.321,1.2540845752656753,52.882,61,604.0,280.0,WASP-2,0.9582841539681142,0.7145685078901212,1.9090350769446736,2461276.826853326
WASP-2__2026-08-24,58,116.36706631170316,194.74938659369417,102675.0,207.0,90845.0,3,2026-08-24 07:45:15.661000+00:00,61276.323,1.2627759438661588,52.364,61,582.0,281.0,WASP-2,1.1302218063734932,0.8427781117124233,3.603326957833968,2461276.8288532663
WASP-2__2026-08-24,60,111.85327826261891,193.95583752488685,85625.0,274.0,63267.0,3,2026-08-24 07:51:15.384000+00:00,61276.327,1.281129294792707,51.312,61,704.0,281.0,WASP-2,1.3533911833973478,1.009189930259524,3.0049658706066085,2461276.832853146
WASP-2__2026-08-24,61,114.0455636267766,193.31915236657431,91651.5,275.5,74918.75,3,2026-08-24 07:54:16.831000+00:00,61276.329,1.2908193383057616,50.778,61,658.0,279.0,WASP-2,1.223345290731626,0.9122179631299541,3.216462826159434,2461276.8348530857
WASP-2__2026-08-24,62,110.32077510001763,193.05325805643963,3585.0,565.0,2054.0,3,2026-08-24 07:57:15.233000+00:00,61276.331,1.30080870670187,50.242,61,959.0,280.0,WASP-2,1.7453748782862706,1.3014823602388619,0.12581375353138324,2461276.8368530255
WASP-2__2026-08-24,63,114.12722457127165,195.29300894043726,107284.0,213.0,92019.0,3,2026-08-24 08:00:15.668000+00:00,61276.334,1.3112635897908078,49.696,61,608.0,281.0,WASP-2,1.1658896532237908,0.8693747323472654,3.7650774710909123,2461276.8398529347
WASP-2__2026-08-24,64,115.16182932545367,193.06348585591545,1718.0,539.0,0.0,0,2026-08-24 08:03:16.078000+00:00,61276.336,1.3220687753683886,49.147,83,925.0,280.0,WASP-2,inf,inf,0.06029233711768938,2461276.8418528745
WASP-2__2026-08-24,65,114.28552287746697,192.15646985395946,9713.0,343.0,7895.0,3,2026-08-24 08:06:15.465000+00:00,61276.338,1.3332590030754423,48.594,83,712.0,281.0,WASP-2,1.2302723242558582,0.9173832786462536,0.3408728000140378,2461276.843852814
WASP-2__2026-08-24,66,116.0169187409672,192.20683570131024,63715.0,197.0,52332.5,3,2026-08-24 08:09:15.785000+00:00,61276.34,1.3448510389606718,48.037,83,568.0,280.0,WASP-2,1.2175034634309463,0.9078618587319914,2.2360455526505114,2461276.8458527536
WASP-2__2026-08-24,67,113.82902976962443,191.1741057485656,110427.5,189.5,101327.5,3,2026-08-24 08:12:15.341000+00:00,61276.342,1.356775765748525,47.48,83,556.0,279.0,WASP-2,1.089807801435938,0.812642399787614,3.8753970064398393,2461276.847852693
WASP-2__2026-08-24,68,119.63086692873674,194.1404391979067,67523.0,269.0,62168.0,3,2026-08-24 08:15:15.751000+00:00,61276.344,1.369290228097978,46.912,83,657.0,281.0,WASP-2,1.086137562733239,0.809905594652594,2.3696853778799416,2461276.8498526327
WASP-2__2026-08-24,69,118.30298292334777,192.84522350732618,29804.0,131.0,25324.0,3,2026-08-24 08:18:16.150000+00:00,61276.346,1.3821978157548445,46.343,83,496.0,280.0,WASP-2,1.1769072816300743,0.877590302080069,1.0459562371685764,2461276.851852572
WASP-2__2026-08-24,72,117.87454695343807,190.9638518293874,3499.0,130.0,0.0,0,2026-08-24 08:27:15.273000+00:00,61276.352,1.4237626002871555,44.617,83,492.0,280.0,WASP-2,inf,inf,0.12279562722630682,2461276.8578523905
WASP-2__2026-08-24,74,122.29071077771147,188.7784389075323,1352.0,100.0,0.0,0,2026-08-24 08:33:16.153000+00:00,61276.356,1.4541845611846158,43.446,88,473.0,280.0,WASP-2,inf,inf,0.04744775307515486,2461276.861852269
WASP-2__2026-08-24,75,121.68088854095312,197.37479205401704,30801.0,101.0,14842.0,3,2026-08-24 08:36:15.447000+00:00,61276.359,1.470080455599126,42.862,88,487.0,280.0,WASP-2,2.07525939900283,1.5474689903718726,1.080945445612311,2461276.864852178
WASP-2__2026-08-24,76,123.74720064842968,195.60885996776764,65071.0,118.0,57347.0,3,2026-08-24 08:39:16.874000+00:00,61276.361,1.4867692686001777,42.268,88,491.0,280.0,WASP-2,1.1346888241756325,0.846109055078622,2.283633683693344,2461276.8668521172
