target,session_id,phase,phase_hours,norm_flux,bjd_tdb
CoRoT-2,CoRoT-2__2026-08-09,-0.03990344750218355,-1.6692347909735321,0.9927652448378025,2461261.7298135506
CoRoT-2,CoRoT-2__2026-08-09,-0.038182330249583174,-1.5972372825570447,1.0004696849457284,2461261.732813447
CoRoT-2,CoRoT-2__2026-08-09,-0.03760862458784686,-1.5732381168133742,0.9981911961202454,2461261.733813412
CoRoT-2,CoRoT-2__2026-08-09,-0.03646121326437424,-1.525239785326034,0.9903093120265793,2461261.7358133425
CoRoT-2,CoRoT-2__2026-08-09,-0.035887507602637925,-1.5012406195823638,0.9914762620930119,2461261.7368133077
CoRoT-2,CoRoT-2__2026-08-09,-0.03416639061742899,-1.429243122351353,1.0016283504421408,2461261.7398132035
CoRoT-2,CoRoT-2__2026-08-09,-0.03301897929395636,-1.3812447908640129,0.9932101666369623,2461261.741813134
CoRoT-2,CoRoT-2__2026-08-09,-0.03187156797048374,-1.3332464593766724,0.9782580527619288,2461261.7438130644
CoRoT-2,CoRoT-2__2026-08-09,-0.030724156647011114,-1.285248127889332,0.9984127578119276,2461261.745812995
CoRoT-2,CoRoT-2__2026-08-09,-0.02957674532353849,-1.2372497964019917,1.006698935647499,2461261.7478129254
CoRoT-2,CoRoT-2__2026-08-09,-0.028429334000065865,-1.1892514649146513,1.0017799492304431,2461261.749812856
CoRoT-2,CoRoT-2__2026-08-09,-0.027281922943984682,-1.141253144612788,0.9947041092781765,2461261.751812786
CoRoT-2,CoRoT-2__2026-08-09,-0.026134511620512058,-1.0932548131254478,0.9874006717601899,2461261.7538127163
CoRoT-2,CoRoT-2__2026-08-09,-0.024987100563976128,-1.0452564928045613,0.9948470906040684,2461261.7558126464
CoRoT-2,CoRoT-2__2026-08-09,-0.023839689507894946,-0.9972581725026981,0.9890755346930458,2461261.7578125764
CoRoT-2,CoRoT-2__2026-08-09,-0.02269227818442232,-0.9492598410153579,0.9839683823918015,2461261.759812507
CoRoT-2,CoRoT-2__2026-08-09,-0.02154486712788639,-0.9012615206944716,0.990927892758592,2461261.761812437
CoRoT-2,CoRoT-2__2026-08-09,-0.01982375067700559,-0.8292640458153924,0.994942910049897,2461261.7648123316
CoRoT-2,CoRoT-2__2026-08-09,-0.01867633962092441,-0.7812657255135291,0.995384522174985,2461261.7668122617
CoRoT-2,CoRoT-2__2026-08-09,-0.01752892856438848,-0.7332674051926429,1.0006168519659284,2461261.7688121917
CoRoT-2,CoRoT-2__2026-08-09,-0.016381517508307297,-0.6852690848907796,0.9869610684774298,2461261.7708121217
CoRoT-2,CoRoT-2__2026-08-09,-0.01523410671916281,-0.6372707757553705,0.990533925352129,2461261.7728120512
CoRoT-2,CoRoT-2__2026-08-09,-0.01408669566262688,-0.5892724554344844,1.0050177977663988,2461261.7748119812
CoRoT-2,CoRoT-2__2026-08-09,-0.012939284606545698,-0.541274135132621,1.0151055966500153,2461261.7768119113
CoRoT-2,CoRoT-2__2026-08-09,-0.01179187381740121,-0.4932758259972119,0.9962463767965045,2461261.778811841
CoRoT-2,CoRoT-2__2026-08-09,-0.010644463028256723,-0.4452775168618029,0.9202031615888134,2461261.7808117704
CoRoT-2,CoRoT-2__2026-08-09,-0.009497051971720794,-0.39727919654091665,0.9859472694748471,2461261.7828117004
CoRoT-2,CoRoT-2__2026-08-09,-0.008349641182576306,-0.34928088740550756,1.011617044367572,2461261.78481163
CoRoT-2,CoRoT-2__2026-08-09,-0.007202230393431819,-0.3012825782700985,0.9865638649809513,2461261.7868115595
CoRoT-2,CoRoT-2__2026-08-09,-0.0054811142099424615,-0.2292851145764963,1.001581695626663,2461261.789811454
CoRoT-2,CoRoT-2__2026-08-09,-0.004333703420797974,-0.18128680544108722,0.9892128050501662,2461261.7918113833
CoRoT-2,CoRoT-2__2026-08-09,-0.0031862926316534868,-0.13328849630567813,0.993315959642597,2461261.793811313
CoRoT-2,CoRoT-2__2026-08-09,-0.0020388818425089994,-0.08529018717026904,1.0550616623652742,2461261.7958112424
CoRoT-2,CoRoT-2__2026-08-09,-0.000891471320301207,-0.03729188920131413,0.999849644030657,2461261.7978111715
CoRoT-2,CoRoT-2__2026-08-09,0.00025593946884328034,0.010706419934094965,0.9941458464633278,2461261.799811101
CoRoT-2,CoRoT-2__2026-08-09,0.0014033499905963254,0.05870471788402695,0.9973273295616305,2461261.80181103
CoRoT-2,CoRoT-2__2026-08-09,0.0025507607797408127,0.10670302701943604,0.988399257304919,2461261.8038109597
CoRoT-2,CoRoT-2__2026-08-09,0.003698171301948605,0.15470132498839095,0.9911044043043501,2461261.8058108888
CoRoT-2,CoRoT-2__2026-08-09,0.00484558182370165,0.20269962293832294,1.001332261191732,2461261.807810818
CoRoT-2,CoRoT-2__2026-08-09,0.0059929926128461375,0.25069793207373203,0.9956894700319776,2461261.8098107474
CoRoT-2,CoRoT-2__2026-08-09,0.00714040313505393,0.29869623004268697,0.9986835872823113,2461261.8118106765
CoRoT-2,CoRoT-2__2026-08-09,0.00886151878421515,0.3706936713843578,0.9939882258308913,2461261.81481057
CoRoT-2,CoRoT-2__2026-08-09,0.010008929306422942,0.4186919693533127,0.9894012354811216,2461261.816810499
CoRoT-2,CoRoT-2__2026-08-09,0.011156339828175987,0.4666902673032447,0.9942901894298973,2461261.818810428
CoRoT-2,CoRoT-2__2026-08-09,0.01230375035038378,0.5146885652721996,0.9991088754142214,2461261.820810357
CoRoT-2,CoRoT-2__2026-08-09,0.013451160872136825,0.5626868632221316,1.0002245568277466,2461261.822810286
CoRoT-2,CoRoT-2__2026-08-09,0.014598571126953175,0.6106851500056094,1.0114866457875098,2461261.824810215
CoRoT-2,CoRoT-2__2026-08-09,0.015745981649160967,0.6586834479745644,1.001063873960057,2461261.826810144
CoRoT-2,CoRoT-2__2026-08-09,0.016893391903977317,0.7066817347580422,1.009922785748557,2461261.8288100725
CoRoT-2,CoRoT-2__2026-08-09,0.018040802425730362,0.7546800327079741,1.0069857158792652,2461261.8308100016
CoRoT-2,CoRoT-2__2026-08-09,0.019188212680546712,0.802678319491452,0.9969419770528692,2461261.83280993
CoRoT-2,CoRoT-2__2026-08-09,0.020335622935363062,0.8506766062749298,0.9861362017486553,2461261.834809859
CoRoT-2,CoRoT-2__2026-08-09,0.021483033190179412,0.8986748930584075,1.0249775034949657,2461261.8368097874
CoRoT-2,CoRoT-2__2026-08-09,0.02320414883979538,0.9706723344191013,1.0059574664883082,2461261.839809681
CoRoT-2,CoRoT-2__2026-08-09,0.02435155909461173,1.0186706212025793,1.006768950547748,2461261.8418096094
CoRoT-2,CoRoT-2__2026-08-09,0.02549896934942808,1.066668907986057,1.011731527703986,2461261.843809538
CoRoT-2,CoRoT-2__2026-08-09,0.026646379336852988,1.1146671835840576,1.005001081507504,2461261.845809466
CoRoT-2,CoRoT-2__2026-08-09,0.027793789591669338,1.1626654703675356,0.9963005908004242,2461261.847809395
CoRoT-2,CoRoT-2__2026-08-09,0.028941199846485688,1.2106637571510133,0.9901113107991156,2461261.8498093234
CoRoT-2,CoRoT-2__2026-08-09,0.030088610101302038,1.258662043934491,1.002532987651022,2461261.851809252
CoRoT-2,CoRoT-2__2026-08-09,0.031236020089181693,1.3066603195515147,0.9916190616949492,2461261.85380918
CoRoT-2,CoRoT-2__2026-08-09,0.03238343034399804,1.3546586063349926,1.006565398561456,2461261.855809109
CoRoT-2,CoRoT-2__2026-08-09,0.0335308403318777,1.4026568819520162,1.0088386633386752,2461261.857809037
CoRoT-2,CoRoT-2__2026-08-09,0.03467825058669405,1.450655168735494,1.002557395976084,2461261.8598089656
CoRoT-2,CoRoT-2__2026-08-09,0.035825660574118956,1.4986534443334947,0.9976223230304181,2461261.8618088937
CoRoT-2,CoRoT-2__2026-08-09,0.037546775689406786,1.5706508633422573,1.015413672933598,2461261.864808786
CoRoT-2,CoRoT-2__2026-08-09,0.038694185676831694,1.6186491389402577,0.9925758839741777,2461261.8668087143
CoRoT-2,CoRoT-2__2026-08-09,0.03984159566471135,1.6666474145572814,1.018531663303873,2461261.8688086425
CoRoT-2,CoRoT-2__2026-08-09,0.04098900565213626,1.7146456901552822,1.0077687596842777,2461261.8708085706
CoRoT-2,CoRoT-2__2026-08-09,0.04213641564001591,1.7626439657723059,1.0118775655481038,2461261.872808499
CoRoT-2,CoRoT-2__2026-08-09,0.04328382562744082,1.8106422413703067,1.0254709174859842,2461261.874808427
CoRoT-2,CoRoT-2__2026-08-09,0.044431235615320475,1.8586405169873303,1.030103415484119,2461261.876808355
CoRoT-2,CoRoT-2__2026-08-09,0.04557864560274538,1.9066387925853308,1.000150355969343,2461261.8788082832
CoRoT-2,CoRoT-2__2026-08-09,0.046726055323233595,1.9546370570168774,1.0135549575067624,2461261.880808211
CoRoT-2,CoRoT-2__2026-08-09,0.04787346531111325,2.002635332633901,0.9982990045922274,2461261.882808139
CoRoT-2,CoRoT-2__2026-08-09,0.04902087529853816,2.0506336082319017,1.0158834024703183,2461261.884808067
CoRoT-2,CoRoT-2__2026-08-09,0.05016828501902637,2.0986318726634483,1.0209840748396268,2461261.886807995
CoRoT-2,CoRoT-2__2026-08-09,0.05188939986692276,2.1706292804867338,1.0072783956492881,2461261.889807887
CoRoT-2,CoRoT-2__2026-08-09,0.05303680958741097,2.21862754491828,0.9965687631392158,2461261.8918078146
CoRoT-2,CoRoT-2__2026-08-09,0.054184219575290626,2.2666258205353036,1.0086712282737391,2461261.8938077427
CoRoT-2,CoRoT-2__2026-08-09,0.05533162929577884,2.3146240849668507,1.021518208017008,2461261.8958076704
CoRoT-2,CoRoT-2__2026-08-09,0.05647903901626705,2.362622349398397,1.0236384159914345,2461261.897807598
CoRoT-2,CoRoT-2__2026-08-09,0.05762644900369196,2.4106206249963975,1.0274471194720918,2461261.8998075263
CoRoT-2,CoRoT-2__2026-08-09,0.05877385872418017,2.458618889427944,1.0324150818905682,2461261.901807454
CoRoT-2,CoRoT-2__2026-08-09,0.059921268444668385,2.506617153859491,1.031098523342903,2461261.9038073816
CoRoT-2,CoRoT-2__2026-08-09,0.0610686781651566,2.5546154182910374,1.0147867838774278,2461261.9058073093
CoRoT-2,CoRoT-2__2026-08-16,-0.04004717608586361,-1.6752472226643773,0.9970567382239887,2461268.7015370326
CoRoT-2,CoRoT-2__2026-08-16,-0.03889977571589043,-1.6272493493821167,0.9988423819829727,2461268.703536944
CoRoT-2,CoRoT-2__2026-08-16,-0.037752375345917244,-1.5792514760998562,1.007332151391699,2461268.7055368554
CoRoT-2,CoRoT-2__2026-08-16,-0.03660497497639881,-1.5312536028366186,0.9958457026153905,2461268.707536767
CoRoT-2,CoRoT-2__2026-08-16,-0.035457574606425624,-1.483255729554358,0.9985517436711961,2461268.709536678
CoRoT-2,CoRoT-2__2026-08-16,-0.03431017423645244,-1.4352578562720977,1.0022580579577507,2461268.7115365895
CoRoT-2,CoRoT-2__2026-08-16,-0.03258907381541576,-1.363261051950957,1.0046440279831073,2461268.7145364564
CoRoT-2,CoRoT-2__2026-08-16,-0.03144167371283402,-1.3152631898541733,1.0130050555084462,2461268.7165363673
CoRoT-2,CoRoT-2__2026-08-16,-0.030294273342860834,-1.267265316571913,0.9949781407962522,2461268.7185362787
CoRoT-2,CoRoT-2__2026-08-16,-0.029146873240279092,-1.2192674544751294,0.9656795435440269,2461268.7205361896
CoRoT-2,CoRoT-2__2026-08-16,-0.027999472870305908,-1.171269581192869,1.0212440525960853,2461268.722536101
CoRoT-2,CoRoT-2__2026-08-16,-0.026852072767724167,-1.1232717190960857,0.9977307401281319,2461268.724536012
CoRoT-2,CoRoT-2__2026-08-16,-0.025704672665142425,-1.0752738569993023,0.9846458832585593,2461268.726535923
CoRoT-2,CoRoT-2__2026-08-16,-0.024557272562560684,-1.0272759949025188,0.9904094662361279,2461268.728535834
CoRoT-2,CoRoT-2__2026-08-16,-0.023409872459524195,-0.9792781327867124,0.9791279219429435,2461268.7305357447
CoRoT-2,CoRoT-2__2026-08-16,-0.02111507225436071,-0.8832824085931457,1.0067612116618472,2461268.7345355665
CoRoT-2,CoRoT-2__2026-08-16,-0.01996767215177897,-0.8352845464963622,0.9993161104463528,2461268.7365354775
CoRoT-2,CoRoT-2__2026-08-16,-0.018246572265070427,-0.7632877645271527,1.008044353397791,2461268.7395353434
CoRoT-2,CoRoT-2__2026-08-16,-0.017099172162033938,-0.7152899024113464,0.9958779120552554,2461268.7415352543
CoRoT-2,CoRoT-2__2026-08-16,-0.01595177232684364,-0.6672920515000401,0.9856748761568843,2461268.7435351647
CoRoT-2,CoRoT-2__2026-08-16,-0.014804372491198592,-0.6192942005697109,1.0067637167882952,2461268.745535075
CoRoT-2,CoRoT-2__2026-08-16,-0.01365697238861685,-0.5712963384729275,0.988711946885698,2461268.747534986
CoRoT-2,CoRoT-2__2026-08-16,-0.012509572552971804,-0.5232984875425982,0.989386548266021,2461268.7495348966
CoRoT-2,CoRoT-2__2026-08-16,-0.011362172717326757,-0.475300636612269,1.012137142371339,2461268.751534807
CoRoT-2,CoRoT-2__2026-08-16,-0.010214772882136458,-0.4273027857009627,0.9870895205658274,2461268.7535347175
CoRoT-2,CoRoT-2__2026-08-16,-0.009067373046491412,-0.3793049347706335,0.990146955860083,2461268.755534628
CoRoT-2,CoRoT-2__2026-08-16,-0.007919973210846365,-0.3313070838403043,1.005165051868986,2461268.7575345384
CoRoT-2,CoRoT-2__2026-08-16,-0.006772573375201318,-0.28330923290997506,1.0051180487448022,2461268.759534449
CoRoT-2,CoRoT-2__2026-08-16,-0.005625173806947714,-0.2353113931651229,0.9943615202340726,2461268.761534359
CoRoT-2,CoRoT-2__2026-08-16,-0.0039040741871758655,-0.16331462236236763,1.1200646308464697,2461268.7645342243
CoRoT-2,CoRoT-2__2026-08-16,-0.0027566743519855663,-0.11531677145106131,1.1261154575718502,2461268.7665341347
CoRoT-2,CoRoT-2__2026-08-16,-0.001609274783731962,-0.06731893170620917,1.0069226578532011,2461268.7685340447
CoRoT-2,CoRoT-2__2026-08-16,-0.00046187494808691554,-0.019321080775879948,1.0175056939083647,2461268.770533955
CoRoT-2,CoRoT-2__2026-08-16,0.0006855246201666887,0.028676758968972177,0.9908318691502978,2461268.772533865
CoRoT-2,CoRoT-2__2026-08-16,0.0018329241888750403,0.07667459873284722,1.0001384782929652,2461268.774533775
CoRoT-2,CoRoT-2__2026-08-16,0.0029803237571286445,0.12467243847769935,0.9970379668181032,2461268.776533685
CoRoT-2,CoRoT-2__2026-08-16,0.004127723325382249,0.1726702782225515,0.9888631743732336,2461268.778533595
CoRoT-2,CoRoT-2__2026-08-16,0.005275122893635853,0.2206681179674036,1.115790219917288,2461268.780533505
CoRoT-2,CoRoT-2__2026-08-16,0.006422522461889457,0.26866595771225577,0.9971451511839167,2461268.782533415
CoRoT-2,CoRoT-2__2026-08-16,0.007569922030597809,0.3166637974761308,0.9994245504069553,2461268.784533325
CoRoT-2,CoRoT-2__2026-08-16,0.008717321598851413,0.3646616372209829,1.121432194066468,2461268.786533235
CoRoT-2,CoRoT-2__2026-08-16,0.010438420684295124,0.4366583856718069,0.9908729884982372,2461268.7895330996
CoRoT-2,CoRoT-2__2026-08-16,0.011585820252548729,0.484656225416659,0.9842535811899679,2461268.7915330096
CoRoT-2,CoRoT-2__2026-08-16,0.012733219553865638,0.532654053995057,1.0047674399886624,2461268.793532919
CoRoT-2,CoRoT-2__2026-08-16,0.013880619122119242,0.5806518937399091,0.9936141905181077,2461268.795532829
CoRoT-2,CoRoT-2__2026-08-16,0.015028018423436151,0.6286497223183071,0.9989324350461595,2461268.7975327387
CoRoT-2,CoRoT-2__2026-08-16,0.016175417724298313,0.676647550877682,0.9975268210277234,2461268.799532648
CoRoT-2,CoRoT-2__2026-08-16,0.017322817025615223,0.7246453794560801,1.0015031104744316,2461268.8015325577
CoRoT-2,CoRoT-2__2026-08-16,0.018470216326932132,0.7726432080344781,0.9818499052919498,2461268.803532467
CoRoT-2,CoRoT-2__2026-08-16,0.019617615627794294,0.820641036593853,1.0103422646422755,2461268.8055323767
CoRoT-2,CoRoT-2__2026-08-16,0.020765014929111203,0.868638865172251,0.9965488065643491,2461268.8075322863
CoRoT-2,CoRoT-2__2026-08-16,0.021912414230428112,0.9166366937506489,1.0023825626934484,2461268.809532196
CoRoT-2,CoRoT-2__2026-08-16,0.02305981353174502,0.9646345223290468,0.9943309581901835,2461268.8115321053
CoRoT-2,CoRoT-2__2026-08-16,0.02478091234979729,1.0366312595943938,0.988512603948548,2461268.8145319694
CoRoT-2,CoRoT-2__2026-08-16,0.0259283116511142,1.0846290881727918,1.0044193153783,2461268.816531879
CoRoT-2,CoRoT-2__2026-08-16,0.027075710685039667,1.1326269055657125,1.000819074386062,2461268.818531788
CoRoT-2,CoRoT-2__2026-08-16,0.028223109986356576,1.1806247341441103,1.0054670834455015,2461268.8205316975
CoRoT-2,CoRoT-2__2026-08-16,0.029370509020282043,1.2286225515370313,0.9990952757288842,2461268.8225316065
CoRoT-2,CoRoT-2__2026-08-16,0.03051790805420751,1.2766203689299522,0.9908250303741258,2461268.8245315156
CoRoT-2,CoRoT-2__2026-08-16,0.03166530735552442,1.32461819750835,1.0023595188685137,2461268.826531425
CoRoT-2,CoRoT-2__2026-08-16,0.032812706389449886,1.372616014901271,1.0030906094574463,2461268.828531334
CoRoT-2,CoRoT-2__2026-08-16,0.03396010542337535,1.4206138322941917,0.9832718699387133,2461268.8305312432
CoRoT-2,CoRoT-2__2026-08-16,0.03510750445730082,1.4686116496871127,1.000217881458719,2461268.8325311523
CoRoT-2,CoRoT-2__2026-08-16,0.036254903491681034,1.5166094670990566,0.9913770007894774,2461268.8345310614
CoRoT-2,CoRoT-2__2026-08-16,0.0374023025256065,1.5646072844919772,0.9989009764675181,2461268.8365309704
CoRoT-2,CoRoT-2__2026-08-16,0.039123401076722075,1.6366040105908701,0.9988954442137378,2461268.839530834
CoRoT-2,CoRoT-2__2026-08-16,0.0402707998432561,1.6846018167983137,1.0049493616671508,2461268.8415307426
CoRoT-2,CoRoT-2__2026-08-16,0.041418198877636314,1.7325996342102576,1.0006772795072774,2461268.8435306516
CoRoT-2,CoRoT-2__2026-08-16,0.04256559791156178,1.7805974516031782,0.9982936462649206,2461268.8455305607
CoRoT-2,CoRoT-2__2026-08-16,0.04371299667855055,1.8285952578296452,0.9916028115259194,2461268.8475304693
CoRoT-2,CoRoT-2__2026-08-16,0.04486039571247602,1.8765930752225657,1.0100770638205545,2461268.8495303784
CoRoT-2,CoRoT-2__2026-08-16,0.046007794479010045,1.9245908814300094,1.0033090050472784,2461268.851530287
CoRoT-2,CoRoT-2__2026-08-16,0.04715519324599882,1.9725886876564762,0.999465848527046,2461268.8535301955
CoRoT-2,CoRoT-2__2026-08-16,0.048302592279924284,2.0205865050493967,0.9989422691396458,2461268.8555301046
CoRoT-2,CoRoT-2__2026-08-16,0.049449991046913055,2.0685843112758637,1.0101285234250375,2461268.857530013
CoRoT-2,CoRoT-2__2026-08-16,0.05059738981390183,2.1165821175023303,1.0126192946939556,2461268.859529922
CoRoT-2,CoRoT-2__2026-08-16,0.0517447885808906,2.164579923728797,1.000580145970737,2461268.8615298304
CoRoT-2,CoRoT-2__2026-08-16,0.05346588686461473,2.2365766386422123,1.0009215809299252,2461268.8645296935
CoRoT-2,CoRoT-2__2026-08-16,0.0546132856316035,2.2845744448686793,1.013994939302525,2461268.866529602
CoRoT-2,CoRoT-2__2026-08-16,0.05576068439813753,2.3325722510761233,1.0043644390340554,2461268.8685295107
CoRoT-2,CoRoT-2__2026-08-16,0.0569080831651263,2.38057005730259,1.0014194840208972,2461268.8705294193
CoRoT-2,CoRoT-2__2026-08-16,0.05805548193211507,2.4285678635290564,1.0206617707240344,2461268.872529328
CoRoT-2,CoRoT-2__2026-08-16,0.0592028804317124,2.476565658570046,1.0024522914557321,2461268.874529236
CoRoT-2,CoRoT-2__2026-08-16,0.06035027919870117,2.5245634647965125,1.016528778077024,2461268.8765291446
CoRoT-2,CoRoT-2__2026-08-16,0.0614976779652352,2.5725612710039565,1.0,2461268.878529053
HATP-10,HATP-10__2026-09-05,-0.021927093122258157,-1.9589507120354956,0.5646968172382222,2461288.8235930535
HATP-10,HATP-10__2026-09-05,-0.02085243928604541,-1.8629419120590112,0.636361062576846,2461288.82759342
HATP-10,HATP-10__2026-09-05,-0.018971795010202186,-1.6949265065190557,0.5817707225960143,2461288.834594062
HATP-10,HATP-10__2026-09-05,-0.017359814255996753,-1.5509133065644858,0.5847928912977045,2461288.840594612
HATP-10,HATP-10__2026-09-05,-0.0162851605450669,-1.4549045177806845,0.5853425355431373,2461288.8445949783
HATP-10,HATP-10__2026-09-05,-0.014941843312271885,-1.3348935233911854,0.5872753646279368,2461288.8495954364
HATP-10,HATP-10__2026-09-05,-0.013061199286767078,-1.1668781402162842,0.609575623106708,2461288.8565960773
HATP-10,HATP-10__2026-09-05,-0.011986545575609853,-1.0708693514121699,0.5816914443241115,2461288.8605964435
HATP-10,HATP-10__2026-09-05,-0.010374565071742836,-0.9268561738226533,0.6070519743540476,2461288.8665969926
HATP-10,HATP-10__2026-09-05,-0.009299911485641132,-0.8308473961909091,0.5911850554582604,2461288.8705973583
HATP-10,HATP-10__2026-09-05,-0.007956594503184533,-0.7108364241664639,0.5686858877946491,2461288.8755978155
HATP-10,HATP-10__2026-09-05,-0.006881940917310203,-0.6148276465550331,0.6208074156576413,2461288.879598181
HATP-10,HATP-10__2026-09-05,-0.005807287331435873,-0.5188188689436022,0.6267566050183722,2461288.883598547
HATP-10,HATP-10__2026-09-05,-0.004463970474034795,-0.39880790809152733,0.5913030303030303,2461288.8885990037
HATP-10,HATP-10__2026-09-05,-0.003389316888160465,-0.30279913048009643,0.6057015942558112,2461288.8925993694
HATP-10,HATP-10__2026-09-05,-0.002046000155814909,-0.18278818080039178,0.5595479361707956,2461288.8975998256
HATP-10,HATP-10__2026-09-05,-0.0015086733628777438,-0.13478379199467636,0.9906576635924462,2461288.8996000085
HATP-10,HATP-10__2026-09-05,-0.0012400100915783696,-0.1107816087743456,0.9607956877741051,2461288.9006000995
HATP-10,HATP-10__2026-09-05,-0.0009713466949961003,-0.0867794143613312,0.986939947615892,2461288.901600191
HATP-10,HATP-10__2026-09-05,-0.0007026832984138309,-0.0627772199483168,1.0051547843417603,2461288.9026002823
HATP-10,HATP-10__2026-09-05,-0.00043402002711445675,-0.038775036727986045,1.0084548948303649,2461288.9036003733
HATP-10,HATP-10__2026-09-05,0.00010330676582270826,0.009229352077729364,1.0084897036294844,2461288.905600556
HATP-10,HATP-10__2026-09-05,0.0003719700373494561,0.033231535318373515,0.9961556286155138,2461288.906600647
HATP-10,HATP-10__2026-09-05,0.0006406334337043518,0.05723372971107452,0.9859747137473993,2461288.9076007386
HATP-10,HATP-10__2026-09-05,0.0009092967052310996,0.08123591295171867,0.987560165364779,2461288.9086008295
HATP-10,HATP-10__2026-09-05,0.0011779601015859953,0.10523810734441968,1.003482620621431,2461288.909600921
HATP-10,HATP-10__2026-09-05,0.0017152867694676388,0.15324248497776483,1.0532166280166686,2461288.9116011034
HATP-10,HATP-10__2026-09-05,0.0019839500409943867,0.17724466821840898,0.9679423691683819,2461288.9126011943
HATP-10,HATP-10__2026-09-05,0.0022526134373492823,0.20124686261111002,1.0082324601448933,2461288.913601286
HATP-10,HATP-10__2026-09-05,0.00252127670887603,0.22524904585175415,0.9972491786406998,2461288.9146013767
HATP-10,HATP-10__2026-09-05,0.002789940105230926,0.24925124024445516,0.9972847800024174,2461288.915601468
HATP-10,HATP-10__2026-09-05,0.0033272667731125694,0.2972556178778003,1.0,2461288.9176016506
HATP-10,HATP-10__2026-09-05,0.003595930044639317,0.32125780111844443,1.0133097693035615,2461288.9186017415
HATP-10,HATP-10__2026-09-05,0.003864593440994213,0.3452599955111455,0.9813987608349043,2461288.919601833
HATP-10,HATP-10__2026-09-05,0.004133256712520961,0.36926217875178957,0.9910340719684291,2461288.920601924
HATP-10,HATP-10__2026-09-05,0.004401919983820335,0.3932643619721204,0.9965977484641533,2461288.921602015
HATP-10,HATP-10__2026-09-05,0.004939246651701978,0.44126873960546553,0.9824511611510433,2461288.9236021973
HATP-10,HATP-10__2026-09-05,0.005207909923001353,0.4652709228257963,1.0098581523425258,2461288.9246022883
HATP-10,HATP-10__2026-09-05,0.005476573319583622,0.48927311723881073,1.0010555152687133,2461288.9256023797
HATP-10,HATP-10__2026-09-05,0.005745236590882996,0.5132753004591414,1.0028613565223834,2461288.9266024707
HATP-10,HATP-10__2026-09-05,0.006013899862409744,0.5372774836997856,1.008902387934646,2461288.9276025617
HATP-10,HATP-10__2026-09-05,0.0065512265302913875,0.5852818613331308,0.9899948977369597,2461288.929602744
HATP-10,HATP-10__2026-09-05,0.006819889801590762,0.6092840445534615,0.9982595910179072,2461288.930602835
HATP-10,HATP-10__2026-09-05,0.0070885530731175095,0.6332862277941056,1.0076948967740407,2461288.931602926
HATP-10,HATP-10__2026-09-05,0.007357216344416884,0.6572884110144364,1.002372132206989,2461288.932603017
HATP-10,HATP-10__2026-09-05,0.007625879740999153,0.6812906054274508,0.9930339782306773,2461288.9336031084
HATP-10,HATP-10__2026-09-05,0.008163206283825275,0.7292949718884256,1.0004064462051843,2461288.9356032903
HATP-10,HATP-10__2026-09-05,0.00843186955512465,0.7532971551087564,0.9973847982658555,2461288.9366033813
HATP-10,HATP-10__2026-09-05,0.008700532826424023,0.7772993383290873,0.9948303161779375,2461288.9376034723
HATP-10,HATP-10__2026-09-05,0.008969196097950771,0.8013015215697314,1.0450857179685487,2461288.9386035632
HATP-10,HATP-10__2026-09-05,0.009506522640776893,0.8493058880307063,1.0058108370687517,2461288.940603745
HATP-10,HATP-10__2026-09-05,0.009775185912076267,0.873308071251037,1.0231545406266596,2461288.941603836
HATP-10,HATP-10__2026-09-05,0.010043849308658537,0.8973102656640515,1.0154043783434885,2461288.9426039276
HATP-10,HATP-10__2026-09-05,0.010312512579957911,0.9213124488843821,1.0289353274090502,2461288.9436040185
HATP-10,HATP-10__2026-09-05,0.010581175851257285,0.945314632104713,1.0108792098178154,2461288.9446041095
HATP-10,HATP-10__2026-09-05,0.011118502394083407,0.9933189985656878,1.012440186344569,2461288.9466042914
HATP-10,HATP-10__2026-09-05,0.011387165665610155,1.017321181806332,1.0270221370796084,2461288.9476043824
HATP-10,HATP-10__2026-09-05,0.011655828811854008,1.0413233538542925,1.001988369821737,2461288.948604473
HATP-10,HATP-10__2026-09-05,0.01219315535468013,1.0893277203152674,0.985530003949466,2461288.950604655
HATP-10,HATP-10__2026-09-05,0.012730481897506252,1.1373320867762424,1.008028587649868,2461288.952604837
HATP-10,HATP-10__2026-09-05,0.013267808440105,1.1853364532169037,1.0084386565456485,2461288.9546050187
HATP-10,HATP-10__2026-09-05,0.0138051348578756,1.2333408085055084,1.0191640608126509,2461288.9566052
HATP-10,HATP-10__2026-09-05,0.014342461400701723,1.2813451749664835,1.0071298671239153,2461288.958605382
HATP-10,HATP-10__2026-09-05,0.015148451089771697,1.3533517134754187,1.0084818161948477,2461288.9616056546
HATP-10,HATP-10__2026-09-05,0.01568577763259782,1.4013560799363938,0.98531899185536,2461288.9636058365
HATP-10,HATP-10__2026-09-05,0.016223104050141046,1.449360435204685,0.996127121380143,2461288.965606018
HATP-10,HATP-10__2026-09-05,0.016760430467911647,1.4973647904932896,1.0118844158668034,2461288.9676061994
HATP-10,HATP-10__2026-09-05,0.01729775701073777,1.5453691569542647,1.015311937896431,2461288.9696063814
HATP-10,HATP-10__2026-09-05,0.01783508342850837,1.5933735122428692,1.0074475430919152,2461288.971606563
HATP-10,HATP-10__2026-09-05,0.018372409846051596,1.6413778675111605,1.0111556437853944,2461288.9736067443
HATP-10,HATP-10__2026-09-05,0.018909736263822197,1.689382222799765,1.0049728752260398,2461288.975606926
HATP-10,HATP-10__2026-09-05,0.019447062681592797,1.7373865780883697,1.0072571742516923,2461288.9776071073
HATP-10,HATP-10__2026-09-05,0.019984389099136024,1.785390933356661,1.0936920154000227,2461288.9796072887
HATP-10,HATP-10__2026-09-05,0.020521715516906625,1.8333952886452656,0.9924095253498456,2461288.98160747
HATP-10,HATP-10__2026-09-05,0.02105904180939433,1.8813996327411866,0.9825054942658711,2461288.983607651
HATP-10,HATP-10__2026-09-05,0.021865031373408783,1.953406160077752,0.9962510348685142,2461288.986607923
HATP-10,HATP-10__2026-09-05,0.022402357791179384,2.0014105153663566,1.0167347208831925,2461288.9886081046
HATP-10,HATP-10__2026-09-05,0.022939684208949984,2.049414870654961,1.0242006824900016,2461288.990608286
HATP-10,HATP-10__2026-09-05,0.02347701050143769,2.0974192147508823,1.06676483464673,2461288.992608467
HATP-10,HATP-10__2026-09-05,0.02401433691920829,2.145423570039487,1.0250094687187963,2461288.9946086486
HATP-10,HATP-10__2026-09-05,0.024551663211695995,2.1934279141354076,0.976733444273767,2461288.9966088296
HATP-10,HATP-10__2026-09-05,0.025088989504411074,2.241432258251642,0.9877838899437805,2461288.9986090106
HATP-10,HATP-10__2026-09-05,0.02562631579689878,2.289436602347563,0.9970675457765322,2461289.0006091916
HATP-10,HATP-10__2026-09-05,0.02616364221466938,2.337440957636168,1.0082873622122408,2461289.002609373
HATP-10,HATP-10__2026-09-05,0.026700968507157086,2.385445301732089,1.0149568979228298,2461289.004609554
HATP-10,HATP-10__2026-09-05,0.027238294799872165,2.4334496458483232,1.0573374008357053,2461289.006609735
HATP-10,HATP-10__2026-09-05,0.02777562109235987,2.481453989944244,1.0022358654310672,2461289.008609916
Qatar-1,Qatar-1__2026-08-18,-0.0537219839447971,-1.8308764145669607,1.0279390234680934,2461270.8527688826
Qatar-1,Qatar-1__2026-08-18,-0.05301775965699562,-1.8068760418252197,0.979402258822407,2461270.853768898
Qatar-1,Qatar-1__2026-08-18,-0.05160931075351982,-1.7588752851676412,1.0146294531557452,2461270.8557689297
Qatar-1,Qatar-1__2026-08-18,-0.05020086217837161,-1.7108745396996579,0.9984645651851496,2461270.8577689608
Qatar-1,Qatar-1__2026-08-18,-0.04808818898709433,-1.6388734103003384,0.9848161697029731,2461270.860769008
Qatar-1,Qatar-1__2026-08-18,-0.04667974008407327,-1.5908726536582578,0.9966710046701412,2461270.8627690393
Qatar-1,Qatar-1__2026-08-18,-0.04527129118059747,-1.5428718970006796,0.9707087889676779,2461270.864769071
Qatar-1,Qatar-1__2026-08-18,-0.04386284260544926,-1.494871151532696,1.0140644248344295,2461270.866769102
Qatar-1,Qatar-1__2026-08-18,-0.04245439370197346,-1.4468703948751176,0.996496915855687,2461270.8687691335
Qatar-1,Qatar-1__2026-08-18,-0.041045944798952405,-1.3988696382330372,0.9961874868948626,2461270.870769165
Qatar-1,Qatar-1__2026-08-18,-0.039637496223349444,-1.3508688927495556,1.009887396367184,2461270.872769196
Qatar-1,Qatar-1__2026-08-18,-0.03822904732032839,-1.3028681361074752,0.9873233063937341,2461270.8747692276
Qatar-1,Qatar-1__2026-08-18,-0.03682059874472543,-1.2548673906239938,0.977610825372771,2461270.8767692586
Qatar-1,Qatar-1__2026-08-18,-0.03541214984170438,-1.2068666339819134,1.0063732362884295,2461270.87876929
Qatar-1,Qatar-1__2026-08-18,-0.034003701266101416,-1.1588658884984318,1.0076138657880622,2461270.880769321
Qatar-1,Qatar-1__2026-08-18,-0.032595252362625615,-1.1108651318408533,1.009519973887031,2461270.8827693528
Qatar-1,Qatar-1__2026-08-18,-0.03048257949967592,-1.038864013631129,0.9721369084553344,2461270.8857693993
Qatar-1,Qatar-1__2026-08-18,-0.029074130596654868,-0.9908632569890485,1.001902780221217,2461270.887769431
Qatar-1,Qatar-1__2026-08-18,-0.027665682021051907,-0.9428625115055669,0.9944828981858983,2461270.889769462
Qatar-1,Qatar-1__2026-08-18,-0.026257233118030854,-0.8948617548634865,1.0046421228427151,2461270.8917694935
Qatar-1,Qatar-1__2026-08-18,-0.024848784542427893,-0.8468610093800049,0.9704500824758464,2461270.8937695245
Qatar-1,Qatar-1__2026-08-18,-0.02344033596727968,-0.7988602639120213,1.0144041622371947,2461270.8957695556
Qatar-1,Qatar-1__2026-08-18,-0.02203188706380388,-0.750859507254443,0.9706342282196706,2461270.897769587
Qatar-1,Qatar-1__2026-08-18,-0.020623438488655665,-0.7028587617864593,1.0056592553988308,2461270.899769618
Qatar-1,Qatar-1__2026-08-18,-0.019214989913052705,-0.6548580163029778,0.9788724106807082,2461270.9017696492
Qatar-1,Qatar-1__2026-08-18,-0.01780654133790449,-0.6068572708349941,0.9910134574239423,2461270.9037696803
Qatar-1,Qatar-1__2026-08-18,-0.01639809243442869,-0.5588565141774158,1.0067897460100161,2461270.905769712
Qatar-1,Qatar-1__2026-08-18,-0.014989643859280477,-0.5108557687094322,0.9768991899649632,2461270.907769743
Qatar-1,Qatar-1__2026-08-18,-0.012876970995876036,-0.4388546504842098,0.9913349922209309,2461270.9107697895
Qatar-1,Qatar-1__2026-08-18,-0.011468522420727822,-0.39085390501622613,0.9792726084800674,2461270.9127698205
Qatar-1,Qatar-1__2026-08-18,-0.010060073845124862,-0.34285315953274453,1.054358269806573,2461270.9147698516
Qatar-1,Qatar-1__2026-08-18,-0.008651625269976648,-0.29485241406476104,1.0421621003056434,2461270.9167698827
Qatar-1,Qatar-1__2026-08-18,-0.0072431763665008475,-0.24685165740718254,1.0534457447248138,2461270.918769914
Qatar-1,Qatar-1__2026-08-18,-0.005834727791352634,-0.198850911939199,1.0153509273876842,2461270.9207699453
Qatar-1,Qatar-1__2026-08-18,-0.004426279215749673,-0.15085016645571736,0.9731162743195312,2461270.9227699763
Qatar-1,Qatar-1__2026-08-18,-0.00301783064060146,-0.10284942098773382,1.0199469589578194,2461270.9247700074
Qatar-1,Qatar-1__2026-08-18,-0.0016093820654532465,-0.054848675519750256,1.0555470359700605,2461270.9267700384
Qatar-1,Qatar-1__2026-08-18,-0.0002009334898502857,-0.006847930036268643,0.9933268742453578,2461270.9287700695
Qatar-1,Qatar-1__2026-08-18,0.0012075150852979277,0.04115281543171492,0.9949182210533639,2461270.9307701006
Qatar-1,Qatar-1__2026-08-18,0.0026159636609008885,0.08915356091519654,1.0173063158834623,2461270.9327701316
Qatar-1,Qatar-1__2026-08-18,0.004728636523850582,0.1611546791249209,1.0287435831857357,2461270.935770178
Qatar-1,Qatar-1__2026-08-18,0.006137085099453543,0.2091554246084025,1.0453033430312257,2461270.9377702093
Qatar-1,Qatar-1__2026-08-18,0.0075455336746017565,0.2571561700763861,0.9952764710966049,2461270.9397702403
Qatar-1,Qatar-1__2026-08-18,0.008953982250204717,0.3051569155598677,1.0058665056826808,2461270.9417702714
Qatar-1,Qatar-1__2026-08-18,0.01036243082535293,0.3531576610278513,0.9902637497026793,2461270.9437703025
Qatar-1,Qatar-1__2026-08-18,0.011770879400501144,0.4011584064958348,1.0283362038101587,2461270.9457703335
Qatar-1,Qatar-1__2026-08-18,0.013179327648231265,0.4491591408052197,1.0045662236861037,2461270.947770364
Qatar-1,Qatar-1__2026-08-18,0.014587776223379478,0.4971598862732032,0.9921351398882979,2461270.949770395
Qatar-1,Qatar-1__2026-08-18,0.01599622479898244,0.5451606317566848,1.0013331439513329,2461270.9517704262
Qatar-1,Qatar-1__2026-08-18,0.017404673374130653,0.5931613772246683,1.0020465943161254,2461270.9537704573
Qatar-1,Qatar-1__2026-08-18,0.018813121949733613,0.64116212270815,0.9672965603692898,2461270.9557704884
Qatar-1,Qatar-1__2026-08-18,0.020221570524881827,0.6891628681761335,1.0156945492247882,2461270.9577705194
Qatar-1,Qatar-1__2026-08-18,0.02233424338783152,0.7611639863858579,1.0059791150353807,2461270.960770566
Qatar-1,Qatar-1__2026-08-18,0.02374269163556164,0.8091647206952428,0.9762973224974713,2461270.9627705966
Qatar-1,Qatar-1__2026-08-18,0.025151140210709855,0.8571654661632263,0.9864479773599653,2461270.9647706277
Qatar-1,Qatar-1__2026-08-18,0.026559588786312816,0.905166211646708,0.9647969079724363,2461270.9667706587
Qatar-1,Qatar-1__2026-08-18,0.02796803736146103,0.9531669571146915,0.9880609128854093,2461270.96877069
Qatar-1,Qatar-1__2026-08-18,0.02937648593706399,1.0011677025981731,0.9731422843791093,2461270.970770721
Qatar-1,Qatar-1__2026-08-18,0.030784934512212203,1.0491684480661565,1.0279342745699782,2461270.972770752
Qatar-1,Qatar-1__2026-08-18,0.03219338275948758,1.0971691823600433,1.0130068650504558,2461270.9747707825
Qatar-1,Qatar-1__2026-08-18,0.03360183133509054,1.145169927843525,1.0,2461270.9767708136
Qatar-1,Qatar-1__2026-08-18,0.03501027991023875,1.1931706733115086,0.9829212342610453,2461270.9787708446
Qatar-1,Qatar-1__2026-08-18,0.03641872848584171,1.2411714187949903,1.0397314426755233,2461270.9807708757
Qatar-1,Qatar-1__2026-08-18,0.037827176733117085,1.289172153088877,1.0290874285456009,2461270.9827709063
Qatar-1,Qatar-1__2026-08-18,0.03993984959606678,1.3611732712986013,0.9664536069397942,2461270.985770953
Qatar-1,Qatar-1__2026-08-18,0.04134829817166974,1.409174016782083,1.0110231765012585,2461270.987770984
Qatar-1,Qatar-1__2026-08-18,0.04275674674681795,1.4571747622500664,1.0068550890133485,2461270.989771015
Qatar-1,Qatar-1__2026-08-18,0.044165194994548074,1.5051754965594513,0.9882391399565553,2461270.9917710456
Qatar-1,Qatar-1__2026-08-18,0.04557364356969629,1.5531762420274349,1.032834895282615,2461270.9937710767
Qatar-1,Qatar-1__2026-08-18,0.04698209214529925,1.6011769875109165,0.9784412077687269,2461270.9957711077
Qatar-1,Qatar-1__2026-08-18,0.04839054072044746,1.6491777329789,0.9901874362385882,2461270.997771139
Qatar-1,Qatar-1__2026-08-21,-0.05161206647971994,-1.758969201917067,1.010294330118895,2461273.6958134165
Qatar-1,Qatar-1__2026-08-21,-0.05020361823244457,-1.7109684676231804,0.9969931492203195,2461273.697813447
Qatar-1,Qatar-1__2026-08-21,-0.04879516965684161,-1.6629677221396988,1.0033195548811467,2461273.699813478
Qatar-1,Qatar-1__2026-08-21,-0.047386721409566235,-1.6149669878458122,1.001580363522716,2461273.7018135088
Qatar-1,Qatar-1__2026-08-21,-0.04597827316229086,-1.5669662535519253,0.992749904594918,2461273.7038135394
Qatar-1,Qatar-1__2026-08-21,-0.0445698245866879,-1.5189655080684437,0.9909987639625568,2461273.7058135704
Qatar-1,Qatar-1__2026-08-21,-0.04316137633941253,-1.4709647737745568,0.9923362875247443,2461273.707813601
Qatar-1,Qatar-1__2026-08-21,-0.04104870380433567,-1.3989636667389294,1.0053516248862118,2461273.710813647
Qatar-1,Qatar-1__2026-08-21,-0.03964025555660555,-1.3509629324295445,0.9847175991071461,2461273.7128136777
Qatar-1,Qatar-1__2026-08-21,-0.03823180730933018,-1.3029621981356578,0.9950972465450368,2461273.7148137083
Qatar-1,Qatar-1__2026-08-21,-0.036823359062054806,-1.254961463841771,0.9982955524996004,2461273.716813739
Qatar-1,Qatar-1__2026-08-21,-0.035414910814324685,-1.206960729532386,1.0092153451798318,2461273.7188137695
Qatar-1,Qatar-1__2026-08-21,-0.03400646256704931,-1.1589599952384995,1.0143550274135238,2461273.7208138
Qatar-1,Qatar-1__2026-08-21,-0.03259801431977394,-1.1109592609446128,1.0104856919632936,2461273.7228138307
Qatar-1,Qatar-1__2026-08-21,-0.031189566072043817,-1.062958526635228,0.9993156594925007,2461273.7248138613
Qatar-1,Qatar-1__2026-08-21,-0.029781117824768444,-1.0149577923413413,1.0020906257976365,2461273.726813892
Qatar-1,Qatar-1__2026-08-21,-0.02837266957749307,-0.9669570580474546,0.9922191661425618,2461273.7288139225
Qatar-1,Qatar-1__2026-08-21,-0.02696422132976295,-0.9189563237380698,0.9984871245706307,2461273.730813953
Qatar-1,Qatar-1__2026-08-21,-0.025555773082487576,-0.8709555894441829,0.9951716269021211,2461273.7328139837
Qatar-1,Qatar-1__2026-08-21,-0.023443100875283562,-0.7989544935826522,1.0017869860286719,2461273.7358140294
Qatar-1,Qatar-1__2026-08-21,-0.02203465262800819,-0.7509537592887655,0.9994049348871897,2461273.73781406
Qatar-1,Qatar-1__2026-08-21,-0.020626204708150908,-0.7029530361534775,1.002923304783926,2461273.73981409
Qatar-1,Qatar-1__2026-08-21,-0.019217756460875535,-0.6549523018595907,1.002325312510431,2461273.7418141207
Qatar-1,Qatar-1__2026-08-21,-0.01780930821360016,-0.606951567565704,1.0019503684747244,2461273.7438141513
Qatar-1,Qatar-1__2026-08-21,-0.01640086029374288,-0.558950844430416,1.0012577817873929,2461273.7458141814
Qatar-1,Qatar-1__2026-08-21,-0.014992412046467507,-0.5109501101365292,1.016095832561865,2461273.747814212
Qatar-1,Qatar-1__2026-08-21,-0.013583964127064974,-0.4629493870167393,1.0141717769097056,2461273.749814242
Qatar-1,Qatar-1__2026-08-21,-0.012175515879334853,-0.4149486527073545,1.0167696238984523,2461273.7518142727
Qatar-1,Qatar-1__2026-08-21,-0.01076706795993232,-0.3669479295875646,0.9964368589368516,2461273.753814303
Qatar-1,Qatar-1__2026-08-21,-0.009358619712656946,-0.3189471952936779,0.9969718715327032,2461273.7558143334
Qatar-1,Qatar-1__2026-08-21,-0.007950171793254412,-0.2709464721738879,1.010320199565035,2461273.7578143636
Qatar-1,Qatar-1__2026-08-21,-0.005837499586050399,-0.1989453763123572,1.0034669160883423,2461273.7608144092
Qatar-1,Qatar-1__2026-08-21,-0.004429051666193118,-0.15094465317706918,1.0084651889925533,2461273.7628144394
Qatar-1,Qatar-1__2026-08-21,-0.0030206034189177444,-0.10294391888318244,1.0022494285511425,2461273.76481447
Qatar-1,Qatar-1__2026-08-21,-0.001612155499515211,-0.054943195763392516,0.9990143327611725,2461273.7668145
Qatar-1,Qatar-1__2026-08-21,-0.00020370758011267753,-0.006942472643602581,1.0023184396210796,2461273.76881453
Qatar-1,Qatar-1__2026-08-21,0.0012047403397446033,0.041058250491685405,0.9959069715892517,2461273.7708145604
Qatar-1,Qatar-1__2026-08-21,0.0026131882591471367,0.08905897361147534,1.0054884176436816,2461273.7728145905
Qatar-1,Qatar-1__2026-08-21,0.00402163650642251,0.1370597079053621,1.000051978407742,2461273.774814621
Qatar-1,Qatar-1__2026-08-21,0.005430084426279791,0.18506043104065006,1.0074974385406055,2461273.776814651
Qatar-1,Qatar-1__2026-08-21,0.006838532345682324,0.23306115416044001,1.0066161886617084,2461273.7788146813
Qatar-1,Qatar-1__2026-08-21,0.008246980265084858,0.2810618772802299,1.0010467022448362,2461273.7808147115
Qatar-1,Qatar-1__2026-08-21,0.009655428184487391,0.3290626004000199,0.9916861014887652,2461273.7828147416
Qatar-1,Qatar-1__2026-08-21,0.011768100063818565,0.4010636850874538,0.9915710672634258,2461273.785814787
Qatar-1,Qatar-1__2026-08-21,0.013176547983221099,0.4490644082072437,0.9840449383735976,2461273.787814817
Qatar-1,Qatar-1__2026-08-21,0.01458499590307838,0.49706513134253166,0.9984199906138272,2461273.789814847
Qatar-1,Qatar-1__2026-08-21,0.015993443822480913,0.5450658544623217,0.9947398228713324,2461273.791814877
Qatar-1,Qatar-1__2026-08-21,0.017401891741883446,0.5930665775821116,0.9987783494583392,2461273.7938149073
Qatar-1,Qatar-1__2026-08-21,0.01881033933341314,0.6410672895278047,1.002961076722112,2461273.795814937
Qatar-1,Qatar-1__2026-08-21,0.02021878725327042,0.6890680126630926,1.0016684523798314,2461273.797814967
Qatar-1,Qatar-1__2026-08-21,0.021627235172672954,0.7370687357828826,1.0105183768006958,2461273.7998149972
Qatar-1,Qatar-1__2026-08-21,0.023035683092075487,0.7850694589026725,0.9943018973683362,2461273.8018150274
Qatar-1,Qatar-1__2026-08-21,0.02444413068360518,0.8330701708483657,1.0005146655449715,2461273.803815057
Qatar-1,Qatar-1__2026-08-21,0.025852578603007714,0.8810708939681555,1.0020608753649682,2461273.805815087
Qatar-1,Qatar-1__2026-08-21,0.027261026522864995,0.9290716171034435,0.9912318596091865,2461273.8078151173
Qatar-1,Qatar-1__2026-08-21,0.02937369807386858,1.0010726906012826,0.9977301417420461,2461273.810815162
Qatar-1,Qatar-1__2026-08-21,0.030782145993725862,1.0490734137365707,0.9869834464544227,2461273.812815192
Qatar-1,Qatar-1__2026-08-21,0.032190593585255556,1.0970741256822638,1.0000771205998915,2461273.814815222
Qatar-1,Qatar-1__2026-08-21,0.03359904150465809,1.1450748488020537,0.9902566227499139,2461273.816815252
Qatar-1,Qatar-1__2026-08-21,0.03500748909618778,1.1930755607477468,0.9919381314457165,2461273.8188152816
Qatar-1,Qatar-1__2026-08-21,0.036415937015590316,1.2410762838675367,0.991257369970404,2461273.8208153117
Qatar-1,Qatar-1__2026-08-21,0.03782438460712001,1.2890769958132298,0.9908685975228787,2461273.8228153414
Qatar-1,Qatar-1__2026-08-21,0.03923283252697729,1.337077718948518,0.9911699923848988,2461273.8248153715
Qatar-1,Qatar-1__2026-08-21,0.040641280118506984,1.385078430894211,0.9939743317484163,2461273.826815401
Qatar-1,Qatar-1__2026-08-21,0.04204972771003668,1.4330791428399041,0.9960916627270252,2461273.828815431
Qatar-1,Qatar-1__2026-08-21,0.04345817562943921,1.481079865959694,0.9956941360935904,2461273.830815461
Qatar-1,Qatar-1__2026-08-21,0.044866623220968904,1.529080577905387,0.9940246041686797,2461273.8328154907
Qatar-1,Qatar-1__2026-08-21,0.04697929477242724,1.601081651418724,0.9920276489019962,2461273.8358155354
Qatar-1,Qatar-1__2026-08-21,0.04838774236395693,1.6490823633644172,1.0016963301264956,2461273.837815565
Qatar-1,Qatar-1__2026-08-21,0.049796189955486625,1.6970830753101103,1.0039762044855194,2461273.8398155947
Qatar-1,Qatar-1__2026-08-21,0.05120463754701632,1.7450837872558034,1.005028400012912,2461273.8418156244
Qatar-1,Qatar-1__2026-08-21,0.0526130854668736,1.7930845103910915,1.0024616031548361,2461273.8438156545
Qatar-1,Qatar-1__2026-08-21,0.05402153305840329,1.8410852223367846,1.0,2461273.845815684
TRES-3,TRES-3__2026-08-10,-0.0218053935241187,-0.6835654944640737,1.9110848237795817,2461262.7966366843
TRES-3,TRES-3__2026-08-10,-0.020274275305382616,-0.6355672970861805,1.020565816130692,2461262.798636609
TRES-3,TRES-3__2026-08-10,-0.018743157443168457,-0.5875691108847004,1.0792882460727304,2461262.8006365336
TRES-3,TRES-3__2026-08-10,-0.017212039224432374,-0.5395709135068073,0.9804153731053276,2461262.8026364585
TRES-3,TRES-3__2026-08-10,-0.01568092100569629,-0.4915727161289142,0.9254037318594123,2461262.8046363834
TRES-3,TRES-3__2026-08-10,-0.014149802786960208,-0.44357451875102105,1.1086195190225907,2461262.8066363083
TRES-3,TRES-3__2026-08-10,-0.012618684924746049,-0.39557633254954094,0.930440246073451,2461262.8086362327
TRES-3,TRES-3__2026-08-10,-0.010322007597096672,-0.32357903649695685,0.9579741660599709,2461262.81163612
TRES-3,TRES-3__2026-08-10,-0.008790889734882512,-0.27558085029547674,0.9976757300511544,2461262.8136360445
TRES-3,TRES-3__2026-08-10,-0.007259771516146429,-0.22758265291758364,1.0194597679069775,2461262.8156359694
TRES-3,TRES-3__2026-08-10,-0.00572865365393227,-0.17958446671610354,0.9359761602663418,2461262.817635894
TRES-3,TRES-3__2026-08-10,-0.004197535435196187,-0.13158626933821038,1.0397363387381644,2461262.8196358187
TRES-3,TRES-3__2026-08-10,-0.002666417572982027,-0.08358808313673032,1.0008218163104572,2461262.821635743
TRES-3,TRES-3__2026-08-10,-0.0011352997107678675,-0.03558989693525022,1.0121029018220482,2461262.8236356676
TRES-3,TRES-3__2026-08-10,0.00039581850796821527,0.012408300442642912,1.0243672567751707,2461262.8256355925
TRES-3,TRES-3__2026-08-10,0.001926936370182375,0.060406486644123,1.0269103695655732,2461262.827635517
TRES-3,TRES-3__2026-08-10,0.0034580542323965346,0.1084046728456031,1.0162400663070361,2461262.8296354413
TRES-3,TRES-3__2026-08-10,0.004989172451132617,0.15640287022349622,0.9987051971506282,2461262.831635366
TRES-3,TRES-3__2026-08-10,0.006520290313346777,0.2044010564249763,0.9786445769293807,2461262.8336352906
TRES-3,TRES-3__2026-08-10,0.008816966927952308,0.2763983301247343,1.018718374473812,2461262.836635177
TRES-3,TRES-3__2026-08-10,0.01034808514668839,0.32439652750262743,1.0068677148036642,2461262.838635102
TRES-3,TRES-3__2026-08-10,0.01187920300890255,0.3723947137041075,1.0065198661046675,2461262.8406350263
TRES-3,TRES-3__2026-08-10,0.01341032087111671,0.4203928999055876,0.963482601149132,2461262.8426349508
TRES-3,TRES-3__2026-08-10,0.01494143873333087,0.4683910861070677,0.9655078999579529,2461262.844634875
TRES-3,TRES-3__2026-08-10,0.01647255659554503,0.5163892723085477,1.027118791725292,2461262.8466347996
TRES-3,TRES-3__2026-08-10,0.01800367445775919,0.5643874585100279,1.0054309515235043,2461262.848634724
TRES-3,TRES-3__2026-08-10,0.019534791963451426,0.612385633535095,0.9957761307656144,2461262.850634648
TRES-3,TRES-3__2026-08-10,0.021065909825665585,0.660383819736575,1.0021381706044792,2461262.8526345724
TRES-3,TRES-3__2026-08-10,0.022597027687879745,0.7083820059380551,1.014097571587097,2461262.854634497
TRES-3,TRES-3__2026-08-10,0.024128145550093905,0.7563801921395351,0.9790232520005581,2461262.8566344213
TRES-3,TRES-3__2026-08-10,0.025659263412308064,0.8043783783410152,1.0,2461262.8586343457
TRES-3,TRES-3__2026-08-10,0.02795594002782309,0.8763756520692845,0.9817931251995695,2461262.861634232
TRES-3,TRES-3__2026-08-10,0.02948705789003725,0.9243738382707647,0.9997381119796389,2461262.8636341565
TRES-3,TRES-3__2026-08-10,0.031018175395729486,0.9723720132958317,1.0066357261570376,2461262.8656340805
TRES-3,TRES-3__2026-08-10,0.032549293257943646,1.0203701994973118,1.028849822531322,2461262.867634005
TRES-3,TRES-3__2026-08-10,0.034080411120157805,1.0683683856987918,0.984309686874842,2461262.8696339293
TRES-3,TRES-3__2026-08-10,0.03561152862585004,1.1163665607238589,0.9674357840763443,2461262.8716338533
TRES-3,TRES-3__2026-08-10,0.0371426464880642,1.164364746925339,0.9593847065491731,2461262.8736337777
TRES-3,TRES-3__2026-08-10,0.03867376435027836,1.212362933126819,1.0050095409995212,2461262.875633702
TRES-3,TRES-3__2026-08-10,0.0402048818559706,1.2603611081518862,1.0140605050431963,2461262.877633626
TRES-3,TRES-3__2026-08-10,0.04403267633279029,1.3803565680531242,0.9578980157316436,2461262.882633437
TRES-3,TRES-3__2026-08-10,0.047094911700696684,1.4763529292796713,1.0050807219942972,2461262.8866332853
TRES-3,TRES-3__2026-08-10,0.04786047045399755,1.5003520168064606,1.0190409739675845,2461262.8876332473
TRES-3,TRES-3__2026-08-10,0.050922705821903946,1.5963483780330077,0.9800835055485351,2461262.8916330957
TRES-3,TRES-3__2026-08-10,0.05398494118890085,1.6923447392310433,1.0278975758461315,2461262.895632944
TRES-3,TRES-3__2026-08-10,0.05781273531010811,1.81234018798438,0.9772064166049965,2461262.9006327544
TRES-3,TRES-3__2026-08-10,0.060874970678014506,1.9083365492109268,0.9867080662130543,2461262.904632603
TRES-3,TRES-3__2026-08-10,0.06164052943040588,1.932335636709205,0.9852688343471914,2461262.905632565
TRES-3,TRES-3__2026-08-10,0.06546832355161314,2.052331085462541,0.9988816485428491,2461262.910632375
TRES-3,TRES-3__2026-08-10,0.06699944105730538,2.100329260487608,0.9958453389302845,2461262.912632299
TRES-3,TRES-3__2026-08-10,0.07006167642521177,2.196325621714155,0.9690282288281514,2461262.9166321475
TRES-3,TRES-3__2026-08-14,-0.052202355947883916,-1.6364634381046816,0.9881670221527498,2461266.6754900333
TRES-3,TRES-3__2026-08-14,-0.04990568147150043,-1.5644662314348907,0.9809082852314296,2461266.678489917
TRES-3,TRES-3__2026-08-14,-0.04760900735254836,-1.492469035970024,1.0,2461266.6814898
TRES-3,TRES-3__2026-08-14,-0.04684344931229134,-1.468469970796061,0.9910323398387896,2461266.682489761
TRES-3,TRES-3__2026-08-14,-0.046077891272943816,-1.444470905650609,0.9506068385245114,2461266.683489722
TRES-3,TRES-3__2026-08-14,-0.04378121715308225,-1.372473710157231,0.9535044438146324,2461266.6864896053
TRES-3,TRES-3__2026-08-14,-0.04225010107347771,-1.3244755798378163,1.0083220645782345,2461266.6884895274
TRES-3,TRES-3__2026-08-14,-0.040718984993873164,-1.2764774495184015,1.002258912073599,2461266.6904894495
TRES-3,TRES-3__2026-08-14,-0.03918786891426862,-1.2284793191989865,0.9953132555692955,2461266.6924893716
TRES-3,TRES-3__2026-08-14,-0.037656752834664076,-1.1804811888795717,1.0006674106320903,2461266.6944892937
TRES-3,TRES-3__2026-08-14,-0.036125637111581455,-1.1324830697365698,0.9996452086229692,2461266.6964892154
TRES-3,TRES-3__2026-08-14,-0.034594521031067416,-1.0844849393886438,0.9994364103261224,2461266.6984891375
TRES-3,TRES-3__2026-08-14,-0.03306340495146287,-1.036486809069229,1.0023739110968342,2461266.7004890596
TRES-3,TRES-3__2026-08-14,-0.03153228922838025,-0.9884886899262271,0.9961558243848467,2461266.702488981
TRES-3,TRES-3__2026-08-14,-0.030001173148775706,-0.9404905596068122,1.0084564590106269,2461266.7044889033
TRES-3,TRES-3__2026-08-14,-0.028470057425693085,-0.8924924404638104,0.9974838392239432,2461266.706488825
TRES-3,TRES-3__2026-08-14,-0.026938941702610464,-0.8444943213208085,1.006106210179692,2461266.7084887465
TRES-3,TRES-3__2026-08-14,-0.024642267939270823,-0.7724971370038437,0.998990778029533,2461266.711488629
TRES-3,TRES-3__2026-08-14,-0.02311115185966628,-0.7244990066844288,1.0265447401623744,2461266.7134885513
TRES-3,TRES-3__2026-08-14,-0.021580036136583658,-0.676500887541427,1.019620018699414,2461266.715488473
TRES-3,TRES-3__2026-08-14,-0.020048920413501037,-0.6285027683984252,1.0137536991804332,2461266.7174883946
TRES-3,TRES-3__2026-08-14,-0.018517804690418416,-0.5805046492554234,1.0014359217273767,2461266.719488316
TRES-3,TRES-3__2026-08-14,-0.016986688967335795,-0.5325065301124217,0.9927628499453033,2461266.721488238
TRES-3,TRES-3__2026-08-14,-0.015455573244253173,-0.48450841096941977,0.9996502606400542,2461266.7234881595
TRES-3,TRES-3__2026-08-14,-0.013924457521170552,-0.436510291826418,1.0193483848514682,2461266.725488081
TRES-3,TRES-3__2026-08-14,-0.012393341798087931,-0.3885121726834162,1.0139336604083162,2461266.7274880027
TRES-3,TRES-3__2026-08-14,-0.010862226431527233,-0.3405140647168274,1.003118233741205,2461266.729487924
TRES-3,TRES-3__2026-08-14,-0.009331110707535117,-0.29251594554531435,0.9548390959955471,2461266.7314878455
TRES-3,TRES-3__2026-08-14,-0.007799994984452496,-0.2445178264023125,1.0308862216232042,2461266.733487767
TRES-3,TRES-3__2026-08-14,-0.0055033215785442735,-0.1725206532902719,0.9811790893045427,2461266.7364876494
TRES-3,TRES-3__2026-08-14,-0.0039722062119835755,-0.12452254532368315,1.0360260772673502,2461266.7384875705
TRES-3,TRES-3__2026-08-14,-0.0024410904889009544,-0.07652442618068132,1.0567169606583635,2461266.740487492
TRES-3,TRES-3__2026-08-14,-0.0009099751214307616,-0.028526318185581306,1.0505703438861975,2461266.7424874133
TRES-3,TRES-3__2026-08-14,0.0006211402451299364,0.019471789781007463,1.001488865090615,2461266.7444873345
TRES-3,TRES-3__2026-08-14,0.0021522559682125575,0.06746990892400928,0.9953480129618654,2461266.746487256
TRES-3,TRES-3__2026-08-14,0.0036833713347732555,0.11546801689059805,0.9959190670117878,2461266.7484871773
TRES-3,TRES-3__2026-08-14,0.0052144867013339535,0.16346612485718684,0.9959072641863593,2461266.7504870985
TRES-3,TRES-3__2026-08-14,0.0067456020678946516,0.21146423282377558,0.9955746548738613,2461266.7524870196
TRES-3,TRES-3__2026-08-14,0.00827671743445535,0.25946234079036434,1.0114056600455343,2461266.754486941
TRES-3,TRES-3__2026-08-14,0.00980783315753797,0.3074604599333662,0.8327672909293882,2461266.7564868624
TRES-3,TRES-3__2026-08-14,0.011338948524098669,0.35545856789995495,1.9670921312026592,2461266.7584867836
TRES-3,TRES-3__2026-08-14,0.01363562121787254,0.42745571868768073,1.2708624364277308,2461266.761486665
TRES-3,TRES-3__2026-08-14,0.015166736584433238,0.4754538266542695,0.9179504535350477,2461266.763486586
TRES-3,TRES-3__2026-08-14,0.016697851950993936,0.5234519346208583,0.703356937826885,2461266.765486507
TRES-3,TRES-3__2026-08-14,0.018228967317554634,0.571450042587447,0.943974737547232,2461266.7674864284
TRES-3,TRES-3__2026-08-14,0.0228223130616243,0.7154443553393115,1.015552913855648,2461266.7734861914
TRES-3,TRES-3__2026-08-14,0.024353428428184998,0.7634424633059003,0.9656297675802157,2461266.7754861126
TRES-3,TRES-3__2026-08-14,0.025884543438223773,0.811440560096076,1.1223976875298078,2461266.7774860333
TRES-3,TRES-3__2026-08-14,0.02741565880478447,0.8594386680626648,1.0490265193689445,2461266.7794859544
TRES-3,TRES-3__2026-08-27,-0.051743769158747455,-1.6220874487457173,1.0027518013477965,2461279.737947133
TRES-3,TRES-3__2026-08-27,-0.05021266199128149,-1.5740895978081173,1.0230370728591425,2461279.7399470434
TRES-3,TRES-3__2026-08-27,-0.04868155482381553,-1.5260917468705173,1.0117113079364068,2461279.741946954
TRES-3,TRES-3__2026-08-27,-0.04715044730073714,-1.4780938847850158,1.0008182857766958,2461279.7439468647
TRES-3,TRES-3__2026-08-27,-0.04561934013327118,-1.4300960338474158,1.0031941554378756,2461279.745946775
TRES-3,TRES-3__2026-08-27,-0.04408823296671471,-1.3820981829383268,0.9993675962620465,2461279.7479466856
TRES-3,TRES-3__2026-08-27,-0.04255712579924875,-1.334100332000727,1.0016340057961859,2461279.749946596
TRES-3,TRES-3__2026-08-27,-0.041026018632692285,-1.2861024810916382,0.9911640126518299,2461279.7519465066
TRES-3,TRES-3__2026-08-27,-0.03949491146522632,-1.2381046301540382,0.993143646088822,2461279.753946417
TRES-3,TRES-3__2026-08-27,-0.037963804298669857,-1.1901067792449496,0.9999787014643443,2461279.7559463275
TRES-3,TRES-3__2026-08-27,-0.036432697131203895,-1.1421089283073496,1.005016140109022,2461279.757946238
TRES-3,TRES-3__2026-08-27,-0.034136036202653486,-1.0701121463412544,0.9644795137182226,2461279.760946104
TRES-3,TRES-3__2026-08-27,-0.03260492939170945,-1.0221143065800675,0.9840162989428787,2461279.762946014
TRES-3,TRES-3__2026-08-27,-0.03107382222515298,-0.9741164556709787,0.9843239705834584,2461279.7649459243
TRES-3,TRES-3__2026-08-27,-0.02954271505768702,-0.9261186047333787,1.0020859627513892,2461279.7669458347
TRES-3,TRES-3__2026-08-27,-0.028011607891130552,-0.87812075382429,0.9989551833262895,2461279.768945745
TRES-3,TRES-3__2026-08-27,-0.026480501080186514,-0.8301229140631031,0.9895243123128643,2461279.770945655
TRES-3,TRES-3__2026-08-27,-0.024949393912720552,-0.7821250631255031,0.9835753850831266,2461279.7729455656
TRES-3,TRES-3__2026-08-27,-0.023418286746164085,-0.7341272122164143,1.0117754792549924,2461279.774945476
TRES-3,TRES-3__2026-08-27,-0.021887179935220047,-0.6861293724552274,0.9992517997745667,2461279.776945386
TRES-3,TRES-3__2026-08-27,-0.02035607276866358,-0.6381315215461387,1.0062339937668565,2461279.7789452965
TRES-3,TRES-3__2026-08-27,-0.01882496595771954,-0.5901336817849517,0.99846172470083,2461279.7809452065
TRES-3,TRES-3__2026-08-27,-0.017293858791163075,-0.542135830875863,0.9917010951200758,2461279.782945117
TRES-3,TRES-3__2026-08-27,-0.014997198218225094,-0.4701390600576696,1.000021298535656,2461279.7859449824
TRES-3,TRES-3__2026-08-27,-0.01346609140819055,-0.4221412203249939,1.0091880059523122,2461279.7879448924
TRES-3,TRES-3__2026-08-27,-0.011934984597246512,-0.374143380563807,0.9895957439921942,2461279.7899448024
TRES-3,TRES-3__2026-08-27,-0.010403877430690045,-0.32614552965471827,0.9903412809178418,2461279.791944713
TRES-3,TRES-3__2026-08-27,-0.008872770619746007,-0.27814768989353134,1.009752674743748,2461279.793944623
TRES-3,TRES-3__2026-08-27,-0.007341663808801968,-0.2301498501323444,1.0256679870039196,2461279.795944533
TRES-3,TRES-3__2026-08-27,-0.005810556642245501,-0.18215199922325567,0.9970469360881532,2461279.7979444433
TRES-3,TRES-3__2026-08-27,-0.004279449831301463,-0.13415415946206874,1.0025013027258238,2461279.7999443533
TRES-3,TRES-3__2026-08-27,-0.002748343021266919,-0.08615631972939307,1.0164124550198084,2461279.8019442633
TRES-3,TRES-3__2026-08-27,-0.0012172362103228807,-0.03815847996820613,0.9999611644051903,2461279.8039441733
TRES-3,TRES-3__2026-08-27,0.0003138705997116631,0.009839359764469546,1.0036795541447774,2461279.8059440833
TRES-3,TRES-3__2026-08-27,0.0018449774106557015,0.05783719952565648,1.005898625372039,2461279.8079439932
TRES-3,TRES-3__2026-08-27,0.004141637982684188,0.12983397031533866,1.0026606119722856,2461279.8109438587
TRES-3,TRES-3__2026-08-27,0.005672744793628226,0.1778318100765256,0.9995711581332729,2461279.8129437687
TRES-3,TRES-3__2026-08-27,0.00720385160366277,0.22582964980920128,1.0277453885996357,2461279.8149436787
TRES-3,TRES-3__2026-08-27,0.008734958414606808,0.2738274895703882,0.9967430446781957,2461279.8169435887
TRES-3,TRES-3__2026-08-27,0.010266065225550847,0.32182532933157515,0.9952272777175982,2461279.8189434987
TRES-3,TRES-3__2026-08-27,0.01179717203558539,0.36982316906425083,1.0067021371069595,2461279.8209434086
TRES-3,TRES-3__2026-08-27,0.013328278846529429,0.41782100882543777,0.9968241114944518,2461279.8229433186
TRES-3,TRES-3__2026-08-27,0.01485938530004205,0.4658188373817004,1.0122333541696407,2461279.824943228
TRES-3,TRES-3__2026-08-27,0.016390492110986088,0.5138166771428873,0.99126292497977,2461279.826943138
TRES-3,TRES-3__2026-08-27,0.01792159892102063,0.5618145168755629,0.9598281894302503,2461279.828943048
TRES-3,TRES-3__2026-08-27,0.01945270573196467,0.6098123566367499,1.0131388549907325,2461279.830942958
TRES-3,TRES-3__2026-08-27,0.020983812541999214,0.6578101963694256,1.0302102089769867,2461279.832942868
TRES-3,TRES-3__2026-08-27,0.02328047275841527,0.729806956011206,1.0017418539555618,2461279.835942733
TRES-3,TRES-3__2026-08-27,0.024811579211927892,0.7778047845674687,0.9688912225341468,2461279.8379426426
TRES-3,TRES-3__2026-08-27,0.02634268602287193,0.8258026243286556,1.010341243053733,2461279.8399425526
TRES-3,TRES-3__2026-08-27,0.02787379283381597,0.8738004640898426,1.0137315379311533,2461279.8419424626
TRES-3,TRES-3__2026-08-27,0.029404899643850513,0.9217983038225182,1.0041675185297838,2461279.8439423726
TRES-3,TRES-3__2026-08-27,0.030936006098272628,0.969796132407292,0.9987110583201017,2461279.845942282
TRES-3,TRES-3__2026-08-27,0.03246711290830717,1.0177939721399678,1.0209138389451313,2461279.847942192
TRES-3,TRES-3__2026-08-27,0.03399821971925121,1.0657918119011547,0.9856945254374713,2461279.849942102
TRES-3,TRES-3__2026-08-27,0.035529326529285754,1.1137896516338304,1.0362675757896387,2461279.851942012
TRES-3,TRES-3__2026-08-27,0.03706043298370787,1.1617874802186041,1.015238707053606,2461279.8539419216
TRES-3,TRES-3__2026-08-27,0.03859153979465191,1.2097853199797912,0.996629672357698,2461279.8559418316
TRES-3,TRES-3__2026-08-27,0.04012264660468645,1.257783159712467,1.0194648764716272,2461279.8579417416
TRES-3,TRES-3__2026-08-27,0.042419306464580586,1.3297799081778343,0.9994358141586364,2461279.860941606
TRES-3,TRES-3__2026-08-27,0.04395041327461513,1.37777774791051,0.9964141090718591,2461279.862941516
TRES-3,TRES-3__2026-08-27,0.04548152008555917,1.4257755876716969,0.9961002217255513,2461279.864941426
TRES-3,TRES-3__2026-08-27,0.04701262653907179,1.4737734162279594,0.9634275025887209,2461279.8669413356
TRES-3,TRES-3__2026-08-27,0.04854373335001583,1.5217712559891465,0.9846169100399836,2461279.8689412456
TRES-3,TRES-3__2026-08-27,0.05007483980352845,1.5697690845454089,1.02060136959959,2461279.870941155
TRES-3,TRES-3__2026-08-27,0.05160594661447249,1.6177669243065957,1.0206051401867449,2461279.872941065
TRES-3,TRES-3__2026-08-27,0.053137053425416525,1.6657647640677826,1.0093537426003727,2461279.874940975
TRES-3,TRES-3__2026-08-27,0.054668159878929146,1.7137625926240456,0.9922821507021862,2461279.8769408846
TRES-3,TRES-3__2026-08-27,0.056199266689873184,1.7617604323852325,0.9505120114437616,2461279.8789407946
TRES-3,TRES-3__2026-08-27,0.05773037349990773,1.8097582721179082,0.9959747359621212,2461279.8809407046
TRES-3,TRES-3__2026-08-31,-0.048476519627001835,-1.5196642093194308,0.9992843364393219,2461283.660772198
TRES-3,TRES-3__2026-08-31,-0.04771096657805174,-1.4956653006152505,0.9985378012091477,2461283.6617721524
TRES-3,TRES-3__2026-08-31,-0.04694541352910164,-1.47166639191107,1.0942407285830174,2461283.662772107
TRES-3,TRES-3__2026-08-31,-0.04541430778863287,-1.4236685857076334,0.9611014898318749,2461283.6647720155
TRES-3,TRES-3__2026-08-31,-0.043883201690732676,-1.3756707682992726,0.9499327265096525,2461283.6667719246
TRES-3,TRES-3__2026-08-31,-0.042352095592832484,-1.3276729508909118,0.9912846910263677,2461283.6687718336
TRES-3,TRES-3__2026-08-31,-0.040820989495841786,-1.279675133511062,1.0212322749333076,2461283.6707717427
TRES-3,TRES-3__2026-08-31,-0.03928988375446352,-1.2316773272791144,1.046840959204828,2461283.6727716513
TRES-3,TRES-3__2026-08-31,-0.03775877765747282,-1.1836795098992647,0.957349630973609,2461283.6747715604
TRES-3,TRES-3__2026-08-31,-0.03622767155957263,-1.135681692490904,1.113315335296185,2461283.6767714694
TRES-3,TRES-3__2026-08-31,-0.03469656581819436,-1.0876838862589562,1.0041256709155228,2461283.678771378
TRES-3,TRES-3__2026-08-31,-0.033165460077725584,-1.0396860800555197,1.2469317924587038,2461283.6807712866
TRES-3,TRES-3__2026-08-31,-0.03163435397982539,-0.9916882626471587,1.2016697573476594,2461283.6827711957
TRES-3,TRES-3__2026-08-31,-0.026275483707649983,-0.8236959352756463,1.0201444957076433,2461283.689770876
TRES-3,TRES-3__2026-08-31,-0.024744377967181208,-0.7756981290722096,1.0594797743725355,2461283.6917707846
TRES-3,TRES-3__2026-08-31,-0.02321327222580294,-0.7277003228402619,1.0504331846868156,2461283.693770693
TRES-3,TRES-3__2026-08-31,-0.021682166485334164,-0.6797025166368253,1.027634995084677,2461283.6957706017
TRES-3,TRES-3__2026-08-31,-0.020151060743955895,-0.6317047104048775,0.9740003563433488,2461283.6977705103
TRES-3,TRES-3__2026-08-31,-0.018619955002577626,-0.5837069041729298,1.0412000740539789,2461283.699770419
TRES-3,TRES-3__2026-08-31,-0.01708884926210885,-0.5357090979694932,0.9835139038381592,2461283.7017703275
TRES-3,TRES-3__2026-08-31,-0.015557743520730583,-0.4877112917375454,0.9700671456808098,2461283.703770236
TRES-3,TRES-3__2026-08-31,-0.014026637779352313,-0.43971348550559763,1.013880534571837,2461283.7057701447
TRES-3,TRES-3__2026-08-31,-0.012495532038883539,-0.3917156793021611,1.0259640257440517,2461283.7077700533
TRES-3,TRES-3__2026-08-31,-0.010198873605077097,-0.31971897554244594,1.1052351816122508,2461283.710769916
TRES-3,TRES-3__2026-08-31,-0.008667768221130245,-0.27172118051542243,1.0104014746546244,2461283.712769824
TRES-3,TRES-3__2026-08-31,-0.007136662479751976,-0.22372337428347466,0.9564606111291478,2461283.7147697327
TRES-3,TRES-3__2026-08-31,-0.00560555709489563,-0.17572557922793985,0.9380813320577797,2461283.716769641
TRES-3,TRES-3__2026-08-31,-0.004074451354426856,-0.12772777302450333,1.4702017040758935,2461283.7187695494
TRES-3,TRES-3__2026-08-31,-0.0025433459695705096,-0.0797299779689686,1.5141992574927197,2461283.7207694575
TRES-3,TRES-3__2026-08-31,-0.0010122405847141636,-0.03173218291343384,0.8919060535909074,2461283.7227693656
TRES-3,TRES-3__2026-08-31,0.0005188651557546109,0.016265623290002702,0.9427923922929159,2461283.7247692742
TRES-3,TRES-3__2026-08-31,0.002049970540610957,0.06426341834553745,0.9467811185487266,2461283.7267691824
TRES-3,TRES-3__2026-08-31,0.0035810759245578083,0.11226121337256095,0.9738351226765007,2461283.7287690905
TRES-3,TRES-3__2026-08-31,0.005112181309414154,0.1602590084280957,1.0131034084095778,2461283.7307689986
TRES-3,TRES-3__2026-08-31,0.0066432870507924235,0.20825681466004348,0.9873265922935367,2461283.732768907
TRES-3,TRES-3__2026-08-31,0.008939945127167448,0.2802535072148344,0.985468486685883,2461283.7357687694
TRES-3,TRES-3__2026-08-31,0.010471050512023794,0.32825130227036914,1.0054544050422565,2461283.7377686775
TRES-3,TRES-3__2026-08-31,0.012002155895970645,0.37624909729739264,0.9927174401994248,2461283.7397685857
TRES-3,TRES-3__2026-08-31,0.013533261280826991,0.4242468923529274,1.0144921291303013,2461283.741768494
TRES-3,TRES-3__2026-08-31,0.015064366665683337,0.4722446874084621,1.0127201935456795,2461283.743768402
TRES-3,TRES-3__2026-08-31,0.016595471693108266,0.5202424712590725,1.030578499096321,2461283.7457683096
TRES-3,TRES-3__2026-08-31,0.018126577077964612,0.5682402663146073,1.0072085849319372,2461283.7477682177
TRES-3,TRES-3__2026-08-31,0.019657682462820958,0.616238061370142,1.029861555513046,2461283.749768126
TRES-3,TRES-3__2026-08-31,0.02118878784676781,0.6642358563971655,1.0498111297454487,2461283.751768034
TRES-3,TRES-3__2026-08-31,0.022719892875102232,0.7122336402762872,0.9941481005356577,2461283.7537679416
TRES-3,TRES-3__2026-08-31,0.02425099825995858,0.760231435331822,0.9514677989888465,2461283.7557678497
TRES-3,TRES-3__2026-08-31,0.02578210364390543,0.8082292303588454,0.9932990507497381,2461283.757767758
TRES-3,TRES-3__2026-08-31,0.028078761364668026,0.8802259117657345,0.9937076365396414,2461283.7607676196
TRES-3,TRES-3__2026-08-31,0.029609866748614877,0.9282237067927581,0.9953091700796014,2461283.7627675277
TRES-3,TRES-3__2026-08-31,0.0311409717769493,0.9762214906718798,0.9849858579711535,2461283.7647674354
TRES-3,TRES-3__2026-08-31,0.032672077161805646,1.0242192857274146,0.9944021303764323,2461283.7667673435
TRES-3,TRES-3__2026-08-31,0.034203182189230574,1.072217069578025,1.0027871366740782,2461283.768767251
TRES-3,TRES-3__2026-08-31,0.03573428757408692,1.1202148646335597,1.0038491167743402,2461283.7707671593
TRES-3,TRES-3__2026-08-31,0.03726539260242134,1.1682126485126814,0.9964784975480128,2461283.772767067
TRES-3,TRES-3__2026-08-31,0.03879649762984627,1.2162104323632918,0.9904853680885682,2461283.7747669746
TRES-3,TRES-3__2026-08-31,0.04032760301470262,1.2642082274188264,1.0052812109235596,2461283.7767668827
TRES-3,TRES-3__2026-08-31,0.04185870804303704,1.3122060112979483,1.0037500773467543,2461283.7787667904
TRES-3,TRES-3__2026-08-31,0.04338981307046197,1.3602037951485588,1.0121995895276035,2461283.780766698
TRES-3,TRES-3__2026-08-31,0.04492091809879639,1.4082015790276805,1.0,2461283.7827666057
TRES-3,TRES-3__2026-08-31,0.04721757581864949,1.4801982604060582,0.9789576202274458,2461283.7857664675
TRES-3,TRES-3__2026-08-31,0.048748680846983916,1.5281960442851799,0.9937650189536796,2461283.787766375
TRES-3,TRES-3__2026-08-31,0.05027978587531834,1.5761938281643018,0.998728369227204,2461283.789766283
TRES-3,TRES-3__2026-08-31,0.05181089090274327,1.6241916120149122,0.9994530251614747,2461283.7917661904
TRES-3,TRES-3__2026-08-31,0.05334199593107769,1.672189395894034,0.9812647434673915,2461283.793766098
TRES-3,TRES-3__2026-08-31,0.05487310095941211,1.7201871797731556,1.0118427252023077,2461283.7957660058
TRES-3,TRES-3__2026-08-31,0.05640420598683704,1.7681849636237659,1.002110692623017,2461283.7977659134
TRES-3,TRES-3__2026-08-31,0.057935311015171465,1.816182747502888,0.9971029690002261,2461283.799765821
TRES-5,TRES-5__2026-08-17,-0.0513961128522169,-1.8283614453936996,0.9262879100952225,2461269.8893158333
TRES-5,TRES-5__2026-08-17,-0.0473481506828648,-1.6843595442355968,1.0029303005466277,2461269.8953159126
TRES-5,TRES-5__2026-08-17,-0.04195086810477733,-1.4923570205419283,1.0223540292632414,2461269.9033160177
TRES-5,TRES-5__2026-08-17,-0.04127620774352181,-1.4683567036930294,1.0023586957963542,2461269.904316031
TRES-5,TRES-5__2026-08-17,-0.04060154769604196,-1.4443563980063625,0.987498677254549,2461269.9053160436
TRES-5,TRES-5__2026-08-17,-0.039252226973076176,-1.3963557642923874,1.0135946886942078,2461269.90731607
TRES-5,TRES-5__2026-08-17,-0.03857756661136591,-1.3723554474273112,0.9913099957252433,2461269.9083160833
TRES-5,TRES-5__2026-08-17,-0.03790290625011039,-1.3483551305784123,0.9992908152559801,2461269.9093160965
TRES-5,TRES-5__2026-08-17,-0.037228245888400124,-1.3243548137133359,0.9708544579727036,2461269.9103161097
TRES-5,TRES-5__2026-08-17,-0.03655358584092028,-1.300354508026669,0.981443237249355,2461269.9113161224
TRES-5,TRES-5__2026-08-17,-0.03520426511795449,-1.2523538743126938,1.017146638790038,2461269.913316149
TRES-5,TRES-5__2026-08-17,-0.033854944709219126,-1.204353251777128,0.9935704588300925,2461269.9153161747
TRES-5,TRES-5__2026-08-17,-0.03250562398625334,-1.1563526180631527,0.9519497337596456,2461269.917316201
TRES-5,TRES-5__2026-08-17,-0.031156303263287555,-1.1083519843491776,1.0028624204776075,2461269.9193162275
TRES-5,TRES-5__2026-08-17,-0.02980698285409744,-1.0603513617974345,1.0023504503820977,2461269.9213162535
TRES-5,TRES-5__2026-08-17,-0.028457662131131656,-1.0123507280834594,1.0050233877194248,2461269.92331628
TRES-5,TRES-5__2026-08-17,-0.02710834172239629,-0.9643501055478935,0.9951726410664805,2461269.925316306
TRES-5,TRES-5__2026-08-17,-0.025759021313206176,-0.9163494829961505,0.9993644289396707,2461269.927316332
TRES-5,TRES-5__2026-08-17,-0.02440970059024039,-0.8683488492821753,1.0107440857960348,2461269.929316358
TRES-5,TRES-5__2026-08-17,-0.023060380181505025,-0.8203482267466093,1.006734326143953,2461269.931316384
TRES-5,TRES-5__2026-08-17,-0.02171105945853924,-0.7723475930326341,0.9991234731094906,2461269.9333164105
TRES-5,TRES-5__2026-08-17,-0.019687078688093607,-0.700346653631992,1.0084874559036705,2461269.9363164497
TRES-5,TRES-5__2026-08-17,-0.01833775827935824,-0.6523460310964262,0.9955784573885988,2461269.9383164756
TRES-5,TRES-5__2026-08-17,-0.016988437870168127,-0.6043454085446831,1.0144972951506774,2461269.9403165015
TRES-5,TRES-5__2026-08-17,-0.01563911714720234,-0.556344774830708,1.0053886578496154,2461269.942316528
TRES-5,TRES-5__2026-08-17,-0.014289796738466976,-0.508344152295142,0.9874408656411423,2461269.944316554
TRES-5,TRES-5__2026-08-17,-0.012940476329276862,-0.4603435297433989,0.9937834859583407,2461269.94631658
TRES-5,TRES-5__2026-08-17,-0.011591155920541496,-0.41234290720783306,0.9997163626742539,2461269.9483166058
TRES-5,TRES-5__2026-08-17,-0.01024183551180613,-0.3643422846722671,0.9979002174500531,2461269.9503166317
TRES-5,TRES-5__2026-08-17,-0.008892514788840344,-0.3163416509582919,1.00169739401866,2461269.952316658
TRES-5,TRES-5__2026-08-17,-0.007543194379650231,-0.26834102840654883,1.0118158222229083,2461269.954316684
TRES-5,TRES-5__2026-08-17,-0.006193873970914865,-0.22034040587098297,1.0041067219007664,2461269.95631671
TRES-5,TRES-5__2026-08-17,-0.004844553562179499,-0.17233978333541705,1.005340665488855,2461269.958316736
TRES-5,TRES-5__2026-08-17,-0.0028205727917338663,-0.10033884393477496,1.0011913180173384,2461269.961316775
TRES-5,TRES-5__2026-08-17,-0.0014712523829985003,-0.05233822139920907,0.9998809526465179,2461269.963316801
TRES-5,TRES-5__2026-08-17,-0.00012193197380838683,-0.004337598847466007,1.0089019769580367,2461269.965316827
TRES-5,TRES-5__2026-08-17,0.0012273884349269792,0.043663023688099906,0.9936516047431468,2461269.967316853
TRES-5,TRES-5__2026-08-17,0.0025767088436623453,0.09166364622366582,1.0051581972732886,2461269.969316879
TRES-5,TRES-5__2026-08-17,0.003926029252852459,0.13966426877540888,1.0091877697440266,2461269.9713169048
TRES-5,TRES-5__2026-08-17,0.005275349975818244,0.18766490248938406,1.0040621657959985,2461269.973316931
TRES-5,TRES-5__2026-08-17,0.00662467038455361,0.23566552502494997,0.9871252576328436,2461269.975316957
TRES-5,TRES-5__2026-08-17,0.007973990793743724,0.283666147576693,0.999320563303133,2461269.977316983
TRES-5,TRES-5__2026-08-17,0.00932331120247909,0.3316667701122589,1.0067647719415713,2461269.979317009
TRES-5,TRES-5__2026-08-17,0.010672631611214456,0.3796673926478249,1.0149773554547554,2461269.981317035
TRES-5,TRES-5__2026-08-17,0.012021952019949822,0.42766801518339076,1.000119047353482,2461269.983317061
TRES-5,TRES-5__2026-08-17,0.014045932476619782,0.4996689434218007,0.9880097066224393,2461269.9863170995
TRES-5,TRES-5__2026-08-17,0.015395252885355148,0.5476695659573666,1.003024833182444,2461269.9883171255
TRES-5,TRES-5__2026-08-17,0.016744573294090515,0.5956701884929325,0.9927755483569883,2461269.9903171514
TRES-5,TRES-5__2026-08-17,0.018093893703280628,0.6436708110446756,0.9924074843861677,2461269.9923171774
TRES-5,TRES-5__2026-08-17,0.019443214112015994,0.6916714335802415,0.9947178875399544,2461269.9943172033
TRES-5,TRES-5__2026-08-17,0.02079253452075136,0.7396720561158074,0.9866916966740061,2461269.9963172292
TRES-5,TRES-5__2026-08-17,0.022141854929486726,0.7876726786513734,0.9942183367026864,2461269.998317255
TRES-5,TRES-5__2026-08-20,-0.046305869017487566,-1.6472814948178134,1.0108256110725156,2461272.8613545513
TRES-5,TRES-5__2026-08-20,-0.04495654986521913,-1.5992809169797075,0.9942931694938687,2461272.8633545754
TRES-5,TRES-5__2026-08-20,-0.043607231027181115,-1.551280350320011,1.0310604880110794,2461272.865354599
TRES-5,TRES-5__2026-08-20,-0.04225791187491268,-1.5032797724819047,1.0032817915552996,2461272.867354623
TRES-5,TRES-5__2026-08-20,-0.04090859303687466,-1.4552792058222082,1.0316290170865816,2461272.8693546467
TRES-5,TRES-5__2026-08-20,-0.03955927388460623,-1.407278627984102,1.0177056122957981,2461272.8713546707
TRES-5,TRES-5__2026-08-20,-0.03820995504656821,-1.3592780613244053,0.9998936479794716,2461272.8733546943
TRES-5,TRES-5__2026-08-20,-0.036860636208530195,-1.3112774946647086,1.0235988101312457,2461272.875354718
TRES-5,TRES-5__2026-08-20,-0.03551131705626176,-1.2632769168266025,0.9847260924090998,2461272.877354742
TRES-5,TRES-5__2026-08-20,-0.034161998218223744,-1.215276350166906,0.9723522192989248,2461272.8793547656
TRES-5,TRES-5__2026-08-20,-0.03281267938018573,-1.167275783507209,1.0097826379813348,2461272.8813547892
TRES-5,TRES-5__2026-08-20,-0.031463360541692964,-1.1192752168313351,1.0028542767550088,2461272.883354813
TRES-5,TRES-5__2026-08-20,-0.02943938197040552,-1.0472743556633808,1.0049727008218219,2461272.8863548487
TRES-5,TRES-5__2026-08-20,-0.028090063132367504,-0.999273789003684,0.9822934628528833,2461272.8883548724
TRES-5,TRES-5__2026-08-20,-0.026740744294329488,-0.9512732223439873,0.9760454903921093,2461272.890354896
TRES-5,TRES-5__2026-08-20,-0.025391425456291472,-0.9032726556842905,1.0099845327180412,2461272.8923549196
TRES-5,TRES-5__2026-08-20,-0.024042106618253456,-0.8552720890245937,1.0091175931238787,2461272.894354943
TRES-5,TRES-5__2026-08-20,-0.02269278778021544,-0.807271522364897,0.9943152167737195,2461272.896354967
TRES-5,TRES-5__2026-08-20,-0.021343468942177424,-0.7592709557052002,1.0064931042177836,2461272.8983549904
TRES-5,TRES-5__2026-08-20,-0.019994150104139408,-0.7112703890455034,1.0175812983235715,2461272.900355014
TRES-5,TRES-5__2026-08-20,-0.01864483126610139,-0.6632698223858067,0.9697192792727294,2461272.9023550376
TRES-5,TRES-5__2026-08-20,-0.017295512428063375,-0.6152692557261099,1.0001063520205284,2461272.9043550612
TRES-5,TRES-5__2026-08-20,-0.015946193589570612,-0.5672686890502361,1.005421514026053,2461272.906355085
TRES-5,TRES-5__2026-08-20,-0.014596874751532596,-0.5192681223905393,1.032481580219239,2461272.9083551085
TRES-5,TRES-5__2026-08-20,-0.011223577970667975,-0.39926671691970667,0.9933889651622109,2461272.913355167
TRES-5,TRES-5__2026-08-20,-0.009874259132629959,-0.3512661502600099,1.4166310925327634,2461272.9153551906
TRES-5,TRES-5__2026-08-20,-0.008524940294591943,-0.3032655836003132,1.336606059891206,2461272.9173552142
TRES-5,TRES-5__2026-08-20,-0.007175621456553927,-0.25526501694061643,2.1550447605800556,2461272.919355238
TRES-5,TRES-5__2026-08-20,-0.004476984094253567,-0.15926389478345504,0.977365791827004,2461272.9233552846
TRES-5,TRES-5__2026-08-20,-0.0031276652562155505,-0.11126332812375828,1.0300892528226897,2461272.925355308
TRES-5,TRES-5__2026-08-20,-0.0017783467324079538,-0.0632627726424708,1.0913498496073637,2461272.9273553314
TRES-5,TRES-5__2026-08-20,-0.0004290278943699377,-0.015262205982774047,1.02169399445156,2461272.929355355
TRES-5,TRES-5__2026-08-20,0.0009202909436680784,0.032738360676922706,0.9653527515657851,2461272.9313553786
TRES-5,TRES-5__2026-08-20,0.0022696094679304224,0.08073891617438735,0.9463519096856345,2461272.9333554017
TRES-5,TRES-5__2026-08-20,0.0042935877249874466,0.15273976616393248,0.9887158330439326,2461272.936355437
TRES-5,TRES-5__2026-08-20,0.005642906248795043,0.20074032164522,1.0137908118829577,2461272.9383554603
TRES-5,TRES-5__2026-08-20,0.006992225086833059,0.24874088830491672,0.9854663095386011,2461272.940355484
TRES-5,TRES-5__2026-08-20,0.008341543610640656,0.2967414437862042,1.0002318459527255,2461272.942355507
TRES-5,TRES-5__2026-08-20,0.009690862448678672,0.3447420104459009,0.8411184615413962,2461272.9443555307
TRES-5,TRES-5__2026-08-20,0.011040181287171436,0.39274257712177485,0.9791745984347278,2461272.9463555543
TRES-5,TRES-5__2026-08-20,0.012389499810979032,0.4407431326030624,0.9689021983266887,2461272.9483555774
TRES-5,TRES-5__2026-08-20,0.013738818649017048,0.48874369926275907,0.9799083781555742,2461272.950355601
TRES-5,TRES-5__2026-08-20,0.015088137172824645,0.5367442547440466,1.0054062746880774,2461272.952355624
TRES-5,TRES-5__2026-08-20,0.01643745569663224,0.5847448102253341,0.960312667073892,2461272.9543556473
TRES-5,TRES-5__2026-08-20,0.017786774535125005,0.6327453769012079,1.0174365940687606,2461272.956355671
TRES-5,TRES-5__2026-08-20,0.0191360930589326,0.6807459323824955,1.0168738410616962,2461272.958355694
TRES-5,TRES-5__2026-08-20,0.021160071315989626,0.7527467823720406,1.036391361705252,2461272.9613557295
TRES-5,TRES-5__2026-08-20,0.022509389839797223,0.8007473378533281,0.964879374069716,2461272.9633557526
TRES-5,TRES-5__2026-08-20,0.02385870836360482,0.8487478933346156,0.9886774970766224,2461272.965355776
TRES-5,TRES-5__2026-08-20,0.025208027202097583,0.8967484600104894,0.9159869801434624,2461272.9673557994
TRES-5,TRES-5__2026-08-20,0.02655734572590518,0.9447490154917769,1.0299341299513403,2461272.9693558225
TRES-5,TRES-5__2026-08-20,0.027906664249712776,0.9927495709730645,0.9727069680500627,2461272.9713558457
TRES-5,TRES-5__2026-08-20,0.029255983087750792,1.0407501376327613,1.0143143102946997,2461272.9733558693
TRES-5,TRES-5__2026-08-20,0.03060530161155839,1.0887506931140487,1.0084615735984708,2461272.9753558924
TRES-5,TRES-5__2026-08-20,0.03195462013582073,1.1367512486115134,0.9642308396192898,2461272.9773559156
TRES-5,TRES-5__2026-08-20,0.03330393897385875,1.18475181527121,0.958997937795001,2461272.979355939
TRES-5,TRES-5__2026-08-20,0.034653257497666345,1.2327523707524977,1.0003531298075503,2461272.9813559623
TRES-5,TRES-5__2026-08-20,0.03600257602147394,1.2807529262337851,0.9716314660139643,2461272.9833559855
TRES-5,TRES-5__2026-08-20,0.038026553964755294,1.3527537650610981,0.9884691018039035,2461272.9863560204
TRES-5,TRES-5__2026-08-20,0.03937587280279331,1.4007543317207949,1.011108190068794,2461272.988356044
TRES-5,TRES-5__2026-08-20,0.04072519132660091,1.4487548872020823,0.9773728777517449,2461272.990356067
TRES-5,TRES-5__2026-08-20,0.042074509850408504,1.4967554426833698,0.9972335891652782,2461272.9923560903
TRES-5,TRES-5__2026-08-20,0.04342382868844652,1.5447560093430666,0.9795088297964585,2461272.994356114
TRES-5,TRES-5__2026-08-20,0.044773147212708864,1.5927565648405313,0.9144327777351191,2461272.996356137
TRES-5,TRES-5__2026-08-20,0.04612246573651646,1.6407571203218185,0.9626943525559967,2461272.9983561602
TRES-5,TRES-5__2026-08-20,0.04747178426032406,1.6887576758031062,0.9854203161827614,2461273.0003561834
TRES-5,TRES-5__2026-08-26,-0.05097587700402073,-1.8134120069989426,1.0258076246813965,2461278.7834198866
TRES-5,TRES-5__2026-08-26,-0.05030121915569907,-1.789411779544963,0.9972002733642159,2461278.784419896
TRES-5,TRES-5__2026-08-26,-0.048951903773286176,-1.741411335815414,1.0241173201938614,2461278.7864199146
TRES-5,TRES-5__2026-08-26,-0.04760258807664286,-1.6934108809074557,1.0239687816080423,2461278.7884199335
TRES-5,TRES-5__2026-08-26,-0.04625327238045429,-1.6454104260156743,0.9904979810382597,2461278.7904199525
TRES-5,TRES-5__2026-08-26,-0.044903956683810975,-1.597409971107716,1.0160604910958388,2461278.7924199714
TRES-5,TRES-5__2026-08-26,-0.04355464098716766,-1.5494095161997574,1.0165972888953643,2461278.7944199904
TRES-5,TRES-5__2026-08-26,-0.04220532560520951,-1.5014090724863856,0.9942727351643589,2461278.796420009
TRES-5,TRES-5__2026-08-26,-0.04085600990856619,-1.453408617578427,1.023735195382951,2461278.798420028
TRES-5,TRES-5__2026-08-26,-0.039506694526153296,-1.405408173848878,1.0198994637901215,2461278.8004200463
TRES-5,TRES-5__2026-08-26,-0.03815737882950998,-1.3574077189409195,1.004554521518408,2461278.8024200653
TRES-5,TRES-5__2026-08-26,-0.03680806313332141,-1.3094072640491383,1.0142237091403197,2461278.804420084
TRES-5,TRES-5__2026-08-26,-0.035458747750908515,-1.2614068203195892,1.0011205518953328,2461278.8064201027
TRES-5,TRES-5__2026-08-26,-0.03410943236849562,-1.21340637659004,1.0073799660493319,2461278.808420121
TRES-5,TRES-5__2026-08-26,-0.03208545882398539,-1.1414056942442792,0.9973338314418316,2461278.8114201496
TRES-5,TRES-5__2026-08-26,-0.030736143441572494,-1.09340525051473,1.0204113202336653,2461278.813420168
TRES-5,TRES-5__2026-08-26,-0.029386828059159598,-1.0454048067851809,1.0114597893107906,2461278.8154201866
TRES-5,TRES-5__2026-08-26,-0.02803751236251628,-0.9974043518772227,1.0276565949574095,2461278.8174202056
TRES-5,TRES-5__2026-08-26,-0.026688196980103385,-0.9494039081476735,0.9804159928292369,2461278.819420224
TRES-5,TRES-5__2026-08-26,-0.025338881598145235,-0.9014034644343014,1.0187496541030514,2461278.8214202425
TRES-5,TRES-5__2026-08-26,-0.02398956621573234,-0.8534030207047523,1.0014341839401453,2461278.823420261
TRES-5,TRES-5__2026-08-26,-0.022640250833319442,-0.8054025769752031,0.9871315908834872,2461278.8254202795
TRES-5,TRES-5__2026-08-26,-0.021290935450906545,-0.7574021332456538,1.0010553558435884,2461278.827420298
TRES-5,TRES-5__2026-08-26,-0.01994161975426323,-0.7094016783376955,1.0173334533027447,2461278.829420317
TRES-5,TRES-5__2026-08-26,-0.01859230437230508,-0.6614012346243234,1.011614789367188,2461278.8314203355
TRES-5,TRES-5__2026-08-26,-0.017242988989892183,-0.6134007908947743,1.0132211108706992,2461278.833420354
TRES-5,TRES-5__2026-08-26,-0.015219016073388048,-0.5414001308896551,1.004660698203817,2461278.8364203814
TRES-5,TRES-5__2026-08-26,-0.01386970069097515,-0.49339968716010596,0.9914329910952642,2461278.8384204
TRES-5,TRES-5__2026-08-26,-0.012520385308562254,-0.4453992434305568,0.9884346797769835,2461278.8404204184
TRES-5,TRES-5__2026-08-26,-0.011171069926149357,-0.39739879970100755,1.0164471695525592,2461278.842420437
TRES-5,TRES-5__2026-08-26,-0.009821754544191208,-0.3493983559876356,1.0150203198970447,2461278.8444204554
TRES-5,TRES-5__2026-08-26,-0.008472439161778311,-0.30139791225808643,0.9836732929425402,2461278.846420474
TRES-5,TRES-5__2026-08-26,-0.007123124093595834,-0.25339747970694654,0.9968202036272809,2461278.848420492
TRES-5,TRES-5__2026-08-26,-0.005773808711182937,-0.20539703597739734,0.9966873675703624,2461278.8504205104
TRES-5,TRES-5__2026-08-26,-0.0044244933287700405,-0.15739659224784816,0.9674455466198112,2461278.852420529
TRES-5,TRES-5__2026-08-26,-0.0030751782605875633,-0.10939615969670827,1.003797743062642,2461278.854420547
TRES-5,TRES-5__2026-08-26,-0.0017258628781746665,-0.06139571596715909,0.996768533640862,2461278.8564205654
TRES-5,TRES-5__2026-08-26,-0.0003765474962165172,-0.013395272253787067,0.9897485295138281,2461278.858420584
TRES-5,TRES-5__2026-08-26,0.0016474254202876182,0.058605387751332054,1.0159334932998039,2461278.8614206114
TRES-5,TRES-5__2026-08-26,0.0029967404884700954,0.10660582030247195,1.0078538146751799,2461278.8634206294
TRES-5,TRES-5__2026-08-26,0.004346055870882992,0.15460626403202113,0.9915708727378187,2461278.865420648
TRES-5,TRES-5__2026-08-26,0.005695370939065469,0.20260669658316105,0.999301926034306,2461278.867420666
TRES-5,TRES-5__2026-08-26,0.007044686321478366,0.25060714031271025,0.9874919314439997,2461278.8694206844
TRES-5,TRES-5__2026-08-26,0.008394001389660843,0.29860757286385015,1.0111899729621612,2461278.8714207024
TRES-5,TRES-5__2026-08-26,0.00974331677207374,0.34660801659339935,0.9646850058049281,2461278.873420721
TRES-5,TRES-5__2026-08-26,0.011092631840256217,0.3946084491445392,1.0003850440483346,2461278.875420739
TRES-5,TRES-5__2026-08-26,0.012441946908438695,0.44260888169567913,1.0098230289977037,2461278.877420757
TRES-5,TRES-5__2026-08-26,0.013791262290851591,0.4906093254252283,0.9891842683934357,2461278.8794207755
TRES-5,TRES-5__2026-08-26,0.015140577359034069,0.5386097579763682,1.0026517767048342,2461278.8814207935
TRES-5,TRES-5__2026-08-26,0.0164898924267618,0.586610190511331,0.9896789806172513,2461278.8834208115
TRES-5,TRES-5__2026-08-26,0.018513865343265934,0.6586108505164501,1.0089620186371784,2461278.886420839
TRES-5,TRES-5__2026-08-26,0.01986318041144841,0.70661128306759,1.0057939503932312,2461278.888420857
TRES-5,TRES-5__2026-08-26,0.02121249547963089,0.75461171561873,0.9932642569608351,2461278.890420875
TRES-5,TRES-5__2026-08-26,0.022561810547813366,0.8026121481698698,0.9658670649700063,2461278.892420893
TRES-5,TRES-5__2026-08-26,0.023911125930226262,0.8506125918994191,1.0009394038633581,2461278.8944209116
TRES-5,TRES-5__2026-08-26,0.02526044099840874,0.8986130244505588,0.9967682013618636,2461278.8964209296
TRES-5,TRES-5__2026-08-26,0.026609756066591217,0.9466134570016989,0.9831339670974476,2461278.8984209476
TRES-5,TRES-5__2026-08-26,0.027959071134773694,0.9946138895528387,0.9714738483375982,2461278.9004209656
TRES-5,TRES-5__2026-08-26,0.02930838620295617,1.0426143221039788,0.994770127078853,2461278.9024209836
TRES-5,TRES-5__2026-08-26,0.03065770127113865,1.0906147546551184,1.0070294529475101,2461278.9044210017
TRES-5,TRES-5__2026-08-26,0.032007016339321126,1.1386151872062584,0.9950899605316862,2461278.9064210197
TRES-5,TRES-5__2026-08-26,0.0333563314075036,1.1866156197573985,1.0024189780351178,2461278.9084210377
TRES-5,TRES-5__2026-08-26,0.03538030400977732,1.2586162685841082,0.9924466130824043,2461278.9114210648
TRES-5,TRES-5__2026-08-26,0.036729619077959796,1.306616701135248,0.9857943776962217,2461278.913421083
TRES-5,TRES-5__2026-08-26,0.038078934146142274,1.354617133686388,0.9941903459427984,2461278.915421101
TRES-5,TRES-5__2026-08-26,0.03942824921432475,1.402617566237528,1.004498527191904,2461278.917421119
TRES-5,TRES-5__2026-08-26,0.04077756428250723,1.450617998788668,0.9895919033859507,2461278.919421137
TRES-5,TRES-5__2026-08-26,0.042126879350689705,1.4986184313398077,0.9996149559516652,2461278.921421155
TRES-5,TRES-5__2026-08-26,0.04347619441887218,1.5466188638909477,0.9971158757318885,2461278.923421173
TRES-5,TRES-5__2026-08-26,0.04482550948705466,1.5946192964420876,0.9970590814259932,2461278.925421191
TRES-5,TRES-5__2026-08-26,0.04617482424100672,1.642619717814818,0.996716334044056,2461278.9274212085
TRES-5,TRES-5__2026-08-26,0.047524139309189195,1.6906201503659581,0.9878373613961656,2461278.9294212265
TRES-5,TRES-5__2026-08-26,0.04887345437737167,1.7386205829170982,1.0022093424057623,2461278.9314212445
TRES-5,TRES-5__2026-08-26,0.05022276944555415,1.786621015468238,0.9927789013181441,2461278.9334212625
TRES-5,TRES-5__2026-08-29,-0.051290995604176715,-1.824622012333554,1.122739152152387,2461281.747446523
TRES-5,TRES-5__2026-08-29,-0.04724305385570915,-1.6806208376264586,1.0012851099608435,2461281.753446572
TRES-5,TRES-5__2026-08-29,-0.044544425918502384,-1.5846200507568664,1.0231990901968027,2461281.757446605
TRES-5,TRES-5__2026-08-29,-0.04386976901241724,-1.560619856821938,0.9914540051859921,2461281.758446613
TRES-5,TRES-5__2026-08-29,-0.04319511210678684,-1.5366196629031865,0.9963983972854189,2461281.759446621
TRES-5,TRES-5__2026-08-29,-0.04184579829507129,-1.4886192750495066,1.0010947245789337,2461281.761446637
TRES-5,TRES-5__2026-08-29,-0.04117114107521047,-1.464619069952346,0.9997890461573045,2461281.7624466456
TRES-5,TRES-5__2026-08-29,-0.04049648416958007,-1.4406188760335945,0.97205177370289,2461281.7634466537
TRES-5,TRES-5__2026-08-29,-0.039147170357864525,-1.3926184881799144,1.000911961749786,2461281.76544667
TRES-5,TRES-5__2026-08-29,-0.037797856546603725,-1.3446181003424118,0.9901132794831466,2461281.767446686
TRES-5,TRES-5__2026-08-29,-0.03644854273488818,-1.2966177124887317,1.0002920321252988,2461281.769446702
TRES-5,TRES-5__2026-08-29,-0.03509922892317263,-1.2486173246350516,0.9885283398387753,2461281.7714467184
TRES-5,TRES-5__2026-08-29,-0.03374991511191183,-1.2006169367975488,1.0065351804257283,2461281.7734467345
TRES-5,TRES-5__2026-08-29,-0.032400601300196286,-1.1526165489438687,0.9981245662134279,2461281.7754467507
TRES-5,TRES-5__2026-08-29,-0.031051287488935486,-1.1046161611063658,0.9966883297004199,2461281.777446767
TRES-5,TRES-5__2026-08-29,-0.02970197399145036,-1.056615784431095,0.9864384502868409,2461281.7794467825
TRES-5,TRES-5__2026-08-29,-0.028352660179734812,-1.0086153965774152,0.9960971594968642,2461281.7814467987
TRES-5,TRES-5__2026-08-29,-0.027003346368474013,-0.9606150087399121,1.0047050045580124,2461281.783446815
TRES-5,TRES-5__2026-08-29,-0.024979375651128066,-0.8886144269674807,0.9840049363084413,2461281.786446839
TRES-5,TRES-5__2026-08-29,-0.02363006215364294,-0.84061405029221,0.9993148824623226,2461281.788446855
TRES-5,TRES-5__2026-08-29,-0.022280748341927392,-0.79261366243853,0.9923513398731487,2461281.790446871
TRES-5,TRES-5__2026-08-29,-0.020931434530666593,-0.7446132746010272,1.0081666312622852,2461281.792446887
TRES-5,TRES-5__2026-08-29,-0.019582121033181465,-0.6966128979257564,0.9802847878664689,2461281.794446903
TRES-5,TRES-5__2026-08-29,-0.01823280722146592,-0.6486125100720764,0.9807281834371956,2461281.796446919
TRES-5,TRES-5__2026-08-29,-0.01688349372443554,-0.6006121334129828,0.9962988238727613,2461281.7984469347
TRES-5,TRES-5__2026-08-29,-0.015534179912719992,-0.5526117455593027,0.987102397565066,2461281.800446951
TRES-5,TRES-5__2026-08-29,-0.014184866415234865,-0.5046113688840321,0.9964260137013166,2461281.8024469665
TRES-5,TRES-5__2026-08-29,-0.012835552917749737,-0.45661099220876133,0.9975046985305993,2461281.804446982
TRES-5,TRES-5__2026-08-29,-0.011486239106488938,-0.4086106043712584,1.0010036449811168,2461281.8064469984
TRES-5,TRES-5__2026-08-29,-0.01013692560900381,-0.36061022769598766,1.0,2461281.808447014
TRES-5,TRES-5__2026-08-29,-0.008112955205888284,-0.2886096571019655,1.0059856198509673,2461281.811447038
TRES-5,TRES-5__2026-08-29,-0.006763641708403156,-0.24060928042669472,0.9720650608511833,2461281.8134470535
TRES-5,TRES-5__2026-08-29,-0.005414328210918029,-0.192608903751424,0.9858271149481568,2461281.8154470692
TRES-5,TRES-5__2026-08-29,-0.00406501439965723,-0.14460851591392115,1.010637135535292,2461281.8174470854
TRES-5,TRES-5__2026-08-29,-0.0027157009021721024,-0.09660813923865039,0.9913766531568063,2461281.819447101
TRES-5,TRES-5__2026-08-29,-0.001366387404686975,-0.04860776256337963,1.00230843898467,2461281.821447117
TRES-5,TRES-5__2026-08-29,-1.707390720184776e-05,-0.0006073858881088855,1.0091282306781253,2461281.8234471325
TRES-5,TRES-5__2026-08-29,0.0013322395898285322,0.047392990770984716,0.9993255271575908,2461281.825447148
TRES-5,TRES-5__2026-08-29,0.0026815530873136595,0.09539336744625547,1.0040455407805775,2461281.827447164
TRES-5,TRES-5__2026-08-29,0.004030866584798787,0.14339374412152622,0.9962221237767345,2461281.8294471796
TRES-5,TRES-5__2026-08-29,0.005380180082283914,0.19139412079679696,1.0025059433381374,2461281.8314471953
TRES-5,TRES-5__2026-08-29,0.006729493579314294,0.2393944974558906,1.0110408840669824,2461281.833447211
TRES-5,TRES-5__2026-08-29,0.008753463668654149,0.31139505688768065,1.0100629239690306,2461281.8364472343
TRES-5,TRES-5__2026-08-29,0.010102777165684529,0.3593954335467743,0.9942502991988137,2461281.83844725
TRES-5,TRES-5__2026-08-29,0.011452090348939237,0.40739579904363576,1.0074980045484359,2461281.840447265
TRES-5,TRES-5__2026-08-29,0.012801403846424364,0.4553961757189065,1.0045714625578956,2461281.842447281
TRES-5,TRES-5__2026-08-29,0.014150717343909491,0.5033965523941772,0.9829946075713999,2461281.8444472966
TRES-5,TRES-5__2026-08-29,0.015500030841394619,0.5513969290694479,1.010073267632609,2461281.8464473123
TRES-5,TRES-5__2026-08-29,0.016849344024649326,0.5993972945663094,0.9961538472290562,2461281.8484473275
TRES-5,TRES-5__2026-08-29,0.018198657521679706,0.647397671225403,1.0165597715409282,2461281.850447343
TRES-5,TRES-5__2026-08-29,0.019547971019164834,0.6953980479006738,0.9828837819052263,2461281.852447359
TRES-5,TRES-5__2026-08-29,0.02089728420241954,0.7433984133975353,0.9957693721014746,2461281.854447374
TRES-5,TRES-5__2026-08-29,0.02224659769990467,0.791398790072806,1.0033921185415375,2461281.85644739
TRES-5,TRES-5__2026-08-29,0.023595910883159377,0.8393991555696675,1.000644931697637,2461281.858447405
TRES-5,TRES-5__2026-08-29,0.025619880972044484,0.9113997149852804,0.9813906266677714,2461281.8614474284
TRES-5,TRES-5__2026-08-29,0.026969194155299192,0.9594000804821419,1.002411991807135,2461281.8634474436
TRES-5,TRES-5__2026-08-29,0.02831850765278432,1.0074004571574127,1.001661444064211,2461281.8654474593
TRES-5,TRES-5__2026-08-29,0.029667820836039027,1.0554008226542742,0.9912404959097683,2461281.8674474745
TRES-5,TRES-5__2026-08-29,0.031017134333069407,1.1034011993133679,0.9929532370037982,2461281.86944749
TRES-5,TRES-5__2026-08-29,0.032366447516324115,1.1514015648102294,0.9921744501512464,2461281.8714475054
TRES-5,TRES-5__2026-08-29,0.03371576069957882,1.1994019303070909,1.014192394080614,2461281.8734475207
TRES-5,TRES-5__2026-08-29,0.03506507419706395,1.2474023069823614,0.9929359412654638,2461281.8754475364
TRES-5,TRES-5__2026-08-29,0.03641438738031866,1.295402672479223,1.0170412251314471,2461281.8774475516
TRES-5,TRES-5__2026-08-29,0.037763700563573366,1.3434030379760844,1.000689556803015,2461281.879447567
TRES-5,TRES-5__2026-08-29,0.039113013746828074,1.3914034034729459,0.9923325794500569,2461281.881447582
TRES-5,TRES-5__2026-08-29,0.0404623272443132,1.4394037801482167,1.0040889088037528,2461281.8834475977
TRES-5,TRES-5__2026-08-29,0.04248629701896789,1.5114043283854204,1.0082876201324165,2461281.8864476206
TRES-5,TRES-5__2026-08-29,0.0438356102022226,1.559404693882282,1.0059783553094892,2461281.888447636
TRES-5,TRES-5__2026-08-29,0.045184923385477305,1.6074050593791434,1.0048054649026452,2461281.890447651
TRES-5,TRES-5__2026-08-29,0.04653423656873201,1.655405424876005,1.0178414392744626,2461281.8924476663
TRES-5,TRES-5__2026-08-29,0.04788354975198672,1.7034057903728663,0.9953882706805435,2461281.8944476815
TRES-5,TRES-5__2026-08-29,0.04923286293524143,1.751406155869728,1.0054998199063208,2461281.8964476967
TRES-5,TRES-5__2026-08-29,0.05058217611804139,1.799406521350412,1.008980524337306,2461281.898447712
TRES-5,TRES-5__2026-09-01,-0.051608901424060605,-1.8359311700127205,1.1463540383622768,2461284.711469028
TRES-5,TRES-5__2026-09-01,-0.05025958918304241,-1.78793083803491,1.0148797000869436,2461284.713469042
TRES-5,TRES-5__2026-09-01,-0.04891027694247896,-1.739930506073276,0.9917783025786934,2461284.715469056
TRES-5,TRES-5__2026-09-01,-0.04756096470191551,-1.6919301741116426,1.0125277859729238,2461284.7174690696
TRES-5,TRES-5__2026-09-01,-0.04621165246089731,-1.6439298421338315,1.0095113839040577,2461284.7194690835
TRES-5,TRES-5__2026-09-01,-0.04486234053456428,-1.595929521350607,0.9735597673730435,2461284.721469097
TRES-5,TRES-5__2026-09-01,-0.043513028293546085,-1.5479291893727962,0.9739460735482414,2461284.7234691107
TRES-5,TRES-5__2026-09-01,-0.042163716052982636,-1.4999288574111627,0.9997492921684711,2461284.7254691245
TRES-5,TRES-5__2026-09-01,-0.04081440412619486,-1.4519285366117611,1.0076905508036094,2461284.727469138
TRES-5,TRES-5__2026-09-01,-0.03946509188563141,-1.4039282046501274,0.9850366262583652,2461284.7294691517
TRES-5,TRES-5__2026-09-01,-0.03811577995884363,-1.3559278838507258,1.0080345398314856,2461284.731469165
TRES-5,TRES-5__2026-09-01,-0.03676646771828018,-1.307927551889092,1.0464853315579112,2461284.733469179
TRES-5,TRES-5__2026-09-01,-0.034742499514322844,-1.2359270595277574,1.0355384032122161,2461284.7364691994
TRES-5,TRES-5__2026-09-01,-0.03339318758753507,-1.1879267387283559,1.0131667426580795,2461284.738469213
TRES-5,TRES-5__2026-09-01,-0.03204387566120204,-1.1399264179451314,1.0104326556358525,2461284.740469226
TRES-5,TRES-5__2026-09-01,-0.03069456342018384,-1.0919260859673205,1.0055428171294756,2461284.74246924
TRES-5,TRES-5__2026-09-01,-0.02934525149385081,-1.0439257651840963,0.9789586626988366,2461284.7444692533
TRES-5,TRES-5__2026-09-01,-0.027995939567063033,-0.9959254443846945,1.016814128130664,2461284.7464692667
TRES-5,TRES-5__2026-09-01,-0.026646627640730003,-0.9479251236014701,1.0026093395626758,2461284.74846928
TRES-5,TRES-5__2026-09-01,-0.025297315399711806,-0.8999247916236592,1.017272841567122,2461284.750469294
TRES-5,TRES-5__2026-09-01,-0.023948003473378776,-0.851924470840435,0.9863638053310629,2461284.7524693073
TRES-5,TRES-5__2026-09-01,-0.022598691546591,-0.8039241500410333,0.9987512055675075,2461284.7544693206
TRES-5,TRES-5__2026-09-01,-0.02124937961980322,-0.7559238292416317,1.020947472313169,2461284.756469334
TRES-5,TRES-5__2026-09-01,-0.01990006769347019,-0.7079235084584072,1.010811305679383,2461284.7584693474
TRES-5,TRES-5__2026-09-01,-0.017876099803743273,-0.635923027275482,0.995663822846701,2461284.7614693674
TRES-5,TRES-5__2026-09-01,-0.016526787876955495,-0.5879227064760804,1.0029959775530428,2461284.763469381
TRES-5,TRES-5__2026-09-01,-0.015177475950167718,-0.5399223856766788,1.0006599395817812,2461284.765469394
TRES-5,TRES-5__2026-09-01,-0.013828164338065108,-0.49192207607186367,1.0048966975101168,2461284.767469407
TRES-5,TRES-5__2026-09-01,-0.01247885241127733,-0.4439217552724621,0.9902134881597495,2461284.7694694204
TRES-5,TRES-5__2026-09-01,-0.0111295404849443,-0.39592143448923767,0.9967282102956458,2461284.771469434
TRES-5,TRES-5__2026-09-01,-0.009780228558156523,-0.347921113689836,1.007567887731876,2461284.773469447
TRES-5,TRES-5__2026-09-01,-0.008430916945599165,-0.2999208040688437,0.9894695510452093,2461284.77546946
TRES-5,TRES-5__2026-09-01,-0.007081605019266135,-0.2519204832856193,1.0037719395962907,2461284.7774694734
TRES-5,TRES-5__2026-09-01,-0.005732293092478358,-0.20392016248621764,0.9919272400382513,2461284.779469487
TRES-5,TRES-5__2026-09-01,-0.004382981480375747,-0.15591985288140248,1.0080826021691118,2461284.7814694997
TRES-5,TRES-5__2026-09-01,-0.00303366955358797,-0.10791953208200089,0.9898163195470018,2461284.783469513
TRES-5,TRES-5__2026-09-01,-0.0010097019780914707,-0.03591906207748491,0.9886484331051506,2461284.7864695326
TRES-5,TRES-5__2026-09-01,0.0003396096344658872,0.01208124754350742,1.0040391815116902,2461284.7884695455
TRES-5,TRES-5__2026-09-01,0.0016889215612536645,0.06008156834290901,0.9886713236872042,2461284.790469559
TRES-5,TRES-5__2026-09-01,0.003038233173356275,0.1080818779477242,0.9954076005832929,2461284.792469572
TRES-5,TRES-5__2026-09-01,0.004387544785913633,0.15608218756871653,1.0061372885077957,2461284.7944695847
TRES-5,TRES-5__2026-09-01,0.00573685671270141,0.2040825083681181,0.9912044641446432,2461284.796469598
TRES-5,TRES-5__2026-09-01,0.007086168324804021,0.2520828179729333,0.9954620249745841,2461284.798469611
TRES-5,TRES-5__2026-09-01,0.008435479937361379,0.30008312759392564,0.996248314123098,2461284.800469624
TRES-5,TRES-5__2026-09-01,0.009784791549918737,0.34808343721491797,0.9855864817605697,2461284.802469637
TRES-5,TRES-5__2026-09-01,0.011134103476251767,0.3960837579981424,0.9870582821200412,2461284.80446965
TRES-5,TRES-5__2026-09-01,0.012483415088809124,0.44408406761913466,0.9962763272636648,2461284.806469663
TRES-5,TRES-5__2026-09-01,0.013832726701366482,0.4920843772401271,0.9922472647051108,2461284.808469676
TRES-5,TRES-5__2026-09-01,0.015856693962632562,0.5640848360662337,1.0009939272421267,2461284.811469695
TRES-5,TRES-5__2026-09-01,0.01720600557518992,0.612085145687226,1.0083733351307058,2461284.813469708
TRES-5,TRES-5__2026-09-01,0.018555317187747278,0.6600854553082185,0.981929962919611,2461284.815469721
TRES-5,TRES-5__2026-09-01,0.019904628800304636,0.7080857649292107,1.000250707831529,2461284.817469734
TRES-5,TRES-5__2026-09-01,0.021253940412407246,0.756086074534026,0.9991714080092824,2461284.8194697467
TRES-5,TRES-5__2026-09-01,0.022603252024964604,0.8040863841550182,0.9761109521640592,2461284.8214697596
TRES-5,TRES-5__2026-09-01,0.023952563637521962,0.8520866937760105,0.9996429141645348,2461284.8234697725
TRES-5,TRES-5__2026-09-01,0.025301875249624572,0.9000870033808257,1.0061462648962325,2461284.8254697854
TRES-5,TRES-5__2026-09-01,0.02665118654795151,0.9480873018234088,0.9970895034696784,2461284.827469798
TRES-5,TRES-5__2026-09-01,0.02800049816050887,0.9960876114444012,0.999602939394071,2461284.8294698107
TRES-5,TRES-5__2026-09-01,0.029349809773066227,1.0440879210653935,1.0260993524644284,2461284.8314698236
TRES-5,TRES-5__2026-09-01,0.030699121071393165,1.0920882195079766,0.9953175520919738,2461284.833469836
TRES-5,TRES-5__2026-09-01,0.032723088332659245,1.1640886783340831,1.0095884504078032,2461284.836469855
TRES-5,TRES-5__2026-09-01,0.0340723999452166,1.2120889879550756,0.99598169907219,2461284.838469868
TRES-5,TRES-5__2026-09-01,0.03542171155777396,1.2600892975760678,0.9911877783546742,2461284.840469881
TRES-5,TRES-5__2026-09-01,0.0367710228561009,1.3080895960186512,0.9987404291229013,2461284.8424698934
TRES-5,TRES-5__2026-09-01,0.03812033446820351,1.3560899056234663,0.9940137473725464,2461284.8444699063
TRES-5,TRES-5__2026-09-01,0.03946964576653045,1.4040902040660492,1.0047957878976086,2461284.8464699187
TRES-5,TRES-5__2026-09-01,0.040818957379087806,1.4520905136870417,1.014462579030115,2461284.8484699316
TRES-5,TRES-5__2026-09-01,0.042168268677414744,1.5000908121296246,0.9956543316109606,2461284.850469944
TRES-5,TRES-5__2026-09-01,0.04351757997574168,1.5480911105722077,0.9895814986659355,2461284.8524699565
TRES-5,TRES-5__2026-09-01,0.04486689158784429,1.5960914201770229,1.1330242905326897,2461284.8544699694
TRES-5,TRES-5__2026-09-01,0.04621620288617123,1.644091718619606,1.116831189427738,2461284.856469982
TRES-5,TRES-5__2026-09-01,0.04756551449872859,1.6920920282405982,1.1293814677174008,2461284.8584699947
TRES-5,TRES-5__2026-09-01,0.049589481446219,1.764092475904473,1.1466799631637186,2461284.8614700134
TRES-5,TRES-5__2026-09-01,0.050938792744545935,1.812092774347056,1.150484110268202,2461284.863470026
TRES-5,TRES-5__2026-09-04,-0.05058032777515109,-1.7993407685397238,0.9614997828966123,2461287.677487348
TRES-5,TRES-5__2026-09-04,-0.04923101741951541,-1.7513405036323686,1.011906895574395,2461287.6794873592
TRES-5,TRES-5__2026-09-04,-0.04788170706342498,-1.703340238708836,0.9922073545438717,2461287.6814873703
TRES-5,TRES-5__2026-09-04,-0.0465323967077893,-1.655339973801481,1.0190690893239185,2461287.6834873813
TRES-5,TRES-5__2026-09-04,-0.044508431016765826,-1.5833395708350662,1.0539075954517547,2461287.686487398
TRES-5,TRES-5__2026-09-04,-0.043159120661130146,-1.5353393059277107,1.079249083036451,2461287.688487409
TRES-5,TRES-5__2026-09-04,-0.041809810305494466,-1.4873390410203555,1.0516136401120868,2461287.69048742
TRES-5,TRES-5__2026-09-04,-0.04046049994940404,-1.439338776096823,0.9747342868550849,2461287.692487431
TRES-5,TRES-5__2026-09-04,-0.03911118959376836,-1.3913385111894678,0.9669301443133888,2461287.6944874423
TRES-5,TRES-5__2026-09-04,-0.03776187923813268,-1.3433382462821126,1.025604226436572,2461287.6964874533
TRES-5,TRES-5__2026-09-04,-0.03641256888204225,-1.2953379813585801,0.9847036929259365,2461287.6984874643
TRES-5,TRES-5__2026-09-04,-0.03506325884063699,-1.247337727629634,0.9719045856263018,2461287.700487475
TRES-5,TRES-5__2026-09-04,-0.03371394848500131,-1.1993374627222788,1.0745816473096645,2461287.702487486
TRES-5,TRES-5__2026-09-04,-0.03236463812891088,-1.1513371977987463,0.9826269205732421,2461287.704487497
TRES-5,TRES-5__2026-09-04,-0.031015327773275203,-1.1033369328913911,1.063717990485596,2461287.706487508
TRES-5,TRES-5__2026-09-04,-0.029666017731415195,-1.055336679146268,1.0069916435976374,2461287.7084875186
TRES-5,TRES-5__2026-09-04,-0.027642052355076885,-0.9833362873744398,0.9876704976876186,2461287.711487535
TRES-5,TRES-5__2026-09-04,-0.026292741998986457,-0.9353360224509073,1.0308225712820267,2461287.713487546
TRES-5,TRES-5__2026-09-04,-0.024943431957581197,-0.8873357687219612,0.9813968053122774,2461287.7154875565
TRES-5,TRES-5__2026-09-04,-0.023594121601945517,-0.839335503814606,0.9583865213333053,2461287.7174875676
TRES-5,TRES-5__2026-09-04,-0.02224481156008551,-0.7913352500694828,1.0012058719924886,2461287.719487578
TRES-5,TRES-5__2026-09-04,-0.02089550120444983,-0.7433349851621275,0.989058670519804,2461287.721487589
TRES-5,TRES-5__2026-09-04,-0.01954619116258982,-0.6953347314170043,1.0276850271819993,2461287.7234875998
TRES-5,TRES-5__2026-09-04,-0.01819688112118456,-0.6473344776880583,0.9680222976939358,2461287.7254876103
TRES-5,TRES-5__2026-09-04,-0.016847570765094133,-0.5993342127645258,0.9812154162209538,2461287.7274876214
TRES-5,TRES-5__2026-09-04,-0.015498260723688873,-0.5513339590355798,1.0045018902689886,2461287.729487632
TRES-5,TRES-5__2026-09-04,-0.014148950681828865,-0.5033337052904567,1.1440293551361025,2461287.7314876425
TRES-5,TRES-5__2026-09-04,-0.012799640640423604,-0.4553334515615106,1.13515804992969,2461287.733487653
TRES-5,TRES-5__2026-09-04,-0.010775675577860966,-0.3833330709519145,1.2480950778555104,2461287.736487669
TRES-5,TRES-5__2026-09-04,-0.009426365536455705,-0.3353328172229684,1.0485973580847643,2461287.7384876795
TRES-5,TRES-5__2026-09-04,-0.008077055494595697,-0.2873325634778453,1.0946642270667533,2461287.74048769
TRES-5,TRES-5__2026-09-04,-0.006727745453190437,-0.23933230974889924,1.0118394520204077,2461287.7424877007
TRES-5,TRES-5__2026-09-04,-0.005378435411330429,-0.1913320560037761,1.0421155619551865,2461287.744487711
TRES-5,TRES-5__2026-09-04,-0.004029125369925168,-0.14333180227483006,1.022946394556676,2461287.746487722
TRES-5,TRES-5__2026-09-04,-0.0026798153280651604,-0.0953315485297069,1.0006560708976484,2461287.7484877324
TRES-5,TRES-5__2026-09-04,-0.0013305052866598999,-0.04733129480076087,0.9618654462215881,2461287.750487743
TRES-5,TRES-5__2026-09-04,1.8804755200108048e-05,0.0006689589443622918,0.9884030622383589,2461287.7524877535
TRES-5,TRES-5__2026-09-04,0.0013681144823749491,0.04866920149489905,1.0149226246173757,2461287.7544877636
TRES-5,TRES-5__2026-09-04,0.002717424524234957,0.09666945524002223,0.9753455881075016,2461287.756487774
TRES-5,TRES-5__2026-09-04,0.004066734565640218,0.14466970896896825,0.9972738372244884,2461287.758487785
TRES-5,TRES-5__2026-09-04,0.006090699313972436,0.21667007840015517,0.9824386892902223,2461287.7614878
TRES-5,TRES-5__2026-09-04,0.007440009355832444,0.26467033214527835,0.9667077734654187,2461287.7634878107
TRES-5,TRES-5__2026-09-04,0.008789319083007285,0.3126705746958151,1.0130325594978349,2461287.765487821
TRES-5,TRES-5__2026-09-04,0.010138629124867293,0.3606708284409383,1.034713804466164,2461287.7674878314
TRES-5,TRES-5__2026-09-04,0.011487938852496882,0.40867107100765215,1.0628228744623776,2461287.7694878415
TRES-5,TRES-5__2026-09-04,0.012837248893902142,0.4566713247365982,0.9972545957670802,2461287.771487852
TRES-5,TRES-5__2026-09-04,0.01418655862153173,0.5046715673033121,0.9863861533043612,2461287.773487862
TRES-5,TRES-5__2026-09-04,0.015535868348706572,0.5526718098538488,1.0039741189047935,2461287.7754878723
TRES-5,TRES-5__2026-09-04,0.01688517839056658,0.6006720635989721,0.9740789700982374,2461287.777487883
TRES-5,TRES-5__2026-09-04,0.018234488118196168,0.6486723061656858,0.9375041012372449,2461287.779487893
TRES-5,TRES-5__2026-09-04,0.01958379784537101,0.6966725487162226,0.9671210541339219,2461287.781487903
TRES-5,TRES-5__2026-09-04,0.020933107573000598,0.7446727912829366,0.9918091866283831,2461287.783487913
TRES-5,TRES-5__2026-09-04,0.022957072321332817,0.8166731607141235,1.0436194683042783,2461287.7864879286
TRES-5,TRES-5__2026-09-04,0.024306382048507658,0.8646734032646602,0.9888396001779174,2461287.7884879387
TRES-5,TRES-5__2026-09-04,0.025655691776137246,0.9126736458313742,0.9993439291023517,2461287.790487949
TRES-5,TRES-5__2026-09-04,0.027005001503766835,0.9606738883980881,0.9922771843862227,2461287.792487959
WASP-2,WASP-2__2026-08-24,-0.00577937233265402,-0.298517295600712,1.2122128581727003,2461276.7098567793
WASP-2,WASP-2__2026-08-24,-0.004850106766525641,-0.25051868472593575,1.763480577332945,2461276.7118567214
WASP-2,WASP-2__2026-08-24,-0.003456208525221882,-0.1785207739864657,1.5496235557808928,2461276.7148566344
WASP-2,WASP-2__2026-08-24,-0.0025269429588661296,-0.13052216309994513,1.5784119677762087,2461276.7168565765
WASP-2,WASP-2__2026-08-24,-0.001597677392510377,-0.0825235522134245,1.572312628333509,2461276.7188565186
WASP-2,WASP-2__2026-08-24,-0.0006684120426143636,-0.03452495250752563,1.7003812870903892,2461276.7208564603
WASP-2,WASP-2__2026-08-24,0.0002608535237413889,0.01347365837899497,1.2571362763487401,2461276.7228564024
WASP-2,WASP-2__2026-08-24,0.0011901188736374024,0.061472258084893844,1.2785455112626034,2461276.724856344
WASP-2,WASP-2__2026-08-24,0.002119384223533416,0.10947085779079271,1.0802446781414312,2461276.7268562857
WASP-2,WASP-2__2026-08-24,0.0030486497898891685,0.15746946867731332,1.0672064481423391,2461276.728856228
WASP-2,WASP-2__2026-08-24,0.003977915139785182,0.2054680683832122,1.0565591600379245,2461276.7308561695
WASP-2,WASP-2__2026-08-24,0.0049071804896811955,0.25346666808911106,1.0297902429980055,2461276.732856111
WASP-2,WASP-2__2026-08-24,0.005836445839804583,0.30146526780675426,1.6446930407119713,2461276.734856053
WASP-2,WASP-2__2026-08-24,0.006765710973240857,0.3494638563320314,1.107599522323096,2461276.736855994
WASP-2,WASP-2__2026-08-24,0.008159608998084877,0.42146175589087975,1.0253854177562243,2461276.7398559065
WASP-2,WASP-2__2026-08-24,0.009088874348208265,0.46946035560852295,0.9082962882603295,2461276.741855848
WASP-2,WASP-2__2026-08-24,0.010018139481644539,0.5174589441338001,1.081455148047515,2461276.7438557893
WASP-2,WASP-2__2026-08-24,0.010947404831540553,0.565457543839699,0.9065497354782702,2461276.745855731
WASP-2,WASP-2__2026-08-24,0.0118766699652042,0.6134561323767205,1.1131915584292864,2461276.747855672
WASP-2,WASP-2__2026-08-24,0.012805935315100214,0.6614547320826194,0.9969185552300035,2461276.749855614
WASP-2,WASP-2__2026-08-24,0.013735200448763862,0.7094533206196408,0.9175756875763612,2461276.751855555
WASP-2,WASP-2__2026-08-24,0.014664465582200137,0.757451909144918,0.8760135697989094,2461276.753855496
WASP-2,WASP-2__2026-08-24,0.015593730715863785,0.8054504976819394,0.8754811373919751,2461276.7558554374
WASP-2,WASP-2__2026-08-24,0.016522995849527433,0.853449086218961,inf,2461276.7578553786
WASP-2,WASP-2__2026-08-24,0.020704688842215546,1.0694427290158859,0.6405269132408947,2461276.7668551137
WASP-2,WASP-2__2026-08-24,0.021633953759419455,1.1174413063722857,0.7826326217150534,2461276.7688550544
WASP-2,WASP-2__2026-08-24,0.022563218893083103,1.1654398949093072,0.26765702537363134,2461276.7708549956
WASP-2,WASP-2__2026-08-24,0.024421748727490922,1.2614370496221068,0.9163199235792193,2461276.774854877
WASP-2,WASP-2__2026-08-24,0.02535101364469483,1.3094356269785066,0.9720875198109429,2461276.7768548178
WASP-2,WASP-2__2026-08-24,0.02628027877835848,1.357434215515528,0.8280236951549312,2461276.778854759
WASP-2,WASP-2__2026-08-24,0.027209543695562388,1.4054327928719277,0.8510341535890731,2461276.7808546997
WASP-2,WASP-2__2026-08-24,0.028138808612766297,1.4534313702283275,0.8326299493980471,2461276.7828546404
WASP-2,WASP-2__2026-08-24,0.029068073313510467,1.5014299364041055,0.9126703633835234,2461276.7848545806
WASP-2,WASP-2__2026-08-24,0.029997338230714377,1.5494285137605053,1.0,2461276.7868545214
WASP-2,WASP-2__2026-08-24,0.03139123560640655,1.6214263797892325,1.2921686183735785,2461276.7898544325
WASP-2,WASP-2__2026-08-24,0.0323205003073781,1.669424945976755,1.7667341197948754,2461276.7918543727
WASP-2,WASP-2__2026-08-24,0.033249765224582006,1.7174235233331547,0.9902796930620057,2461276.7938543134
WASP-2,WASP-2__2026-08-24,0.034179029925326176,1.7654220895089328,1.2154106510345122,2461276.7958542537
WASP-2,WASP-2__2026-08-24,0.035108294842530086,1.8134206668653325,1.1087138353570227,2461276.7978541944
WASP-2,WASP-2__2026-08-24,0.03603755954350163,1.8614192330528552,1.0020438138400465,2461276.7998541347
WASP-2,WASP-2__2026-08-24,0.0369668242442458,1.9094177992286332,1.0107984349590373,2461276.801854075
WASP-2,WASP-2__2026-08-24,0.03789608894498997,1.9574163654044112,1.2183254448723437,2461276.803854015
WASP-2,WASP-2__2026-08-24,0.03882535364596151,2.0054149315919334,1.056677579721962,2461276.8058539554
WASP-2,WASP-2__2026-08-24,0.039754618346705684,2.0534134977677114,0.9518622348637643,2461276.8078538957
WASP-2,WASP-2__2026-08-24,0.04068388304767723,2.101412063955234,0.8798912209117118,2461276.809853836
WASP-2,WASP-2__2026-08-24,0.0416131477484214,2.149410630131012,0.8670563389593003,2461276.811853776
WASP-2,WASP-2__2026-08-24,0.04300704469142147,2.22140847381024,0.8306262126014728,2461276.8148536864
WASP-2,WASP-2__2026-08-24,0.043936309392393014,2.2694070399977626,0.9266190562002607,2461276.8168536266
WASP-2,WASP-2__2026-08-24,0.04579483857764899,2.3654041611804413,1.6838038219484144,2461276.8208535067
WASP-2,WASP-2__2026-08-24,0.04672410306216079,2.413402716187342,0.8565974390009827,2461276.8228534465
WASP-2,WASP-2__2026-08-24,0.0476533675466726,2.4614012711942426,0.8712032089458298,2461276.8248533863
WASP-2,WASP-2__2026-08-24,0.04858263203095703,2.509399826189399,0.7145685078901212,2461276.826853326
WASP-2,WASP-2__2026-08-24,0.04951189673192857,2.5573983923769212,0.8427781117124233,2461276.8288532663
WASP-2,WASP-2__2026-08-24,0.05137042570072481,2.653395502378978,1.009189930259524,2461276.832853146
WASP-2,WASP-2__2026-08-24,0.052299690185236614,2.701394057385879,0.9122179631299541,2461276.8348530857
WASP-2,WASP-2__2026-08-24,0.05322895466974842,2.7493926123927794,1.3014823602388619,2461276.8368530255
WASP-2,WASP-2__2026-08-24,0.054622851180056387,2.8213904337225086,0.8693747323472654,2461276.8398529347
WASP-2,WASP-2__2026-08-24,0.05555211566456819,2.8693889887294093,inf,2461276.8418528745
WASP-2,WASP-2__2026-08-24,0.05648137993262026,2.917387532555688,0.9173832786462536,2461276.843852814
WASP-2,WASP-2__2026-08-24,0.05741064441713206,2.965386087562589,0.9078618587319914,2461276.8458527536
WASP-2,WASP-2__2026-08-24,0.05833990868518413,3.013384631388868,0.812642399787614,2461276.847852693
WASP-2,WASP-2__2026-08-24,0.05926917316969593,3.0613831863957683,0.809905594652594,2461276.8498526327
WASP-2,WASP-2__2026-08-24,0.060198437437748,3.1093817302220472,0.877590302080069,2461276.851852572
WASP-2,WASP-2__2026-08-24,0.06298623045836393,3.2533773728815056,inf,2461276.8578523905
WASP-2,WASP-2__2026-08-24,0.06484475899469544,3.349374460545808,inf,2461276.861852269
WASP-2,WASP-2__2026-08-24,0.06623865528854367,3.4213722706949152,1.5474689903718726,2461276.864852178
WASP-2,WASP-2__2026-08-24,0.06716791955659573,3.4693708145211946,0.846109055078622,2461276.8668521172
