target,session_id,track_id,n_points,depth_pct,significance_sigma,median_flux,rms_ppt,expected_depth_pct,n_field_stars,field_p_value,field_sigma_95,field_sigma_median,depth_ratio
CoRoT-2,CoRoT-2__2026-08-16,786,85,2.084812929764846,5.279028627673599,1771.5,21.357630030916024,2.75,263,0.0038022813688212928,2.2539087962604873,0.39203035471863035,0.7581137926417622
CoRoT-2,CoRoT-2__2026-08-09,654,86,2.0020186275676806,5.276631639040271,1728.5,20.71543561567036,2.75,282,0.0035460992907801418,2.345843003162465,0.2578296935627411,0.7280067736609748
CoRoT-2,CoRoT-2__2026-08-09,715,86,1.7709070246455503,4.172141289127076,2272.5,22.092609994848072,2.75,282,0.0070921985815602835,2.345843003162465,0.2578296935627411,0.6439661907802001
CoRoT-2,CoRoT-2__2026-08-16,772,85,3.6958316297699767,3.9241282354468745,746.0,48.88704065075566,2.75,263,0.0076045627376425855,2.2539087962604873,0.39203035471863035,1.3439387744618096
CoRoT-2,CoRoT-2__2026-08-16,1019,85,9.167703088227128,3.911510797644009,2283.0,120.84599443483542,2.75,263,0.011406844106463879,2.2539087962604873,0.39203035471863035,3.333710213900774
CoRoT-2,CoRoT-2__2026-08-16,839,85,4.362063549702501,3.8735738360488323,2737.5,57.64320369002737,2.75,263,0.015209125475285171,2.2539087962604873,0.39203035471863035,1.586204927164546
CoRoT-2,CoRoT-2__2026-08-16,901,76,3.429483865836306,3.532884904161444,804.75,45.26924935431229,2.75,263,0.019011406844106463,2.2539087962604873,0.39203035471863035,1.2470850421222932
CoRoT-2,CoRoT-2__2026-08-16,1225,62,5.520793211049706,3.395370111590154,435.0,72.79531267306852,2.75,263,0.022813688212927757,2.2539087962604873,0.39203035471863035,2.0075611676544387
CoRoT-2,CoRoT-2__2026-08-16,107,81,11.743251284731306,3.238946143433591,1254.5,193.2985294401388,2.75,263,0.026615969581749048,2.2539087962604873,0.39203035471863035,4.270273194447747
CoRoT-2,CoRoT-2__2026-08-09,874,86,1.380036433566951,3.2216051821020444,2323.5,21.36064449441343,2.75,282,0.010638297872340425,2.345843003162465,0.2578296935627411,0.5018314303879822
CoRoT-2,CoRoT-2__2026-08-09,688,86,1.175162499971607,3.1570364222782867,1806.5,18.49089176561844,2.75,282,0.014184397163120567,2.345843003162465,0.2578296935627411,0.42733181817149346
CoRoT-2,CoRoT-2__2026-08-09,676,86,1.0212174603524475,3.0924933784632835,5727.0,16.383792350571493,2.75,282,0.01773049645390071,2.345843003162465,0.2578296935627411,0.37135180376452637
CoRoT-2,CoRoT-2__2026-08-16,987,85,2.061722528160006,2.9954325915977322,1322.5,34.434198611522575,2.75,263,0.030418250950570342,2.2539087962604873,0.39203035471863035,0.7497172829672749
CoRoT-2,CoRoT-2__2026-08-16,972,76,3.2286421999110817,2.934719424128554,596.0,50.63017083844423,2.75,263,0.034220532319391636,2.2539087962604873,0.39203035471863035,1.1740517090585751
CoRoT-2,CoRoT-2__2026-08-09,687,86,2.481157443768408,2.9297052902847707,1044.0,42.548801420485006,2.75,282,0.02127659574468085,2.345843003162465,0.2578296935627411,0.9022390704612392
CoRoT-2,CoRoT-2__2026-08-09,736,86,1.2483484714190356,2.891333661020444,2093.5,21.43655836716886,2.75,282,0.024822695035460994,2.345843003162465,0.2578296935627411,0.4539448986978311
CoRoT-2,CoRoT-2__2026-08-09,720,84,2.4967261559959537,2.83877442054323,707.5,43.43008713465148,2.75,282,0.028368794326241134,2.345843003162465,0.2578296935627411,0.907900420362165
CoRoT-2,CoRoT-2__2026-08-09,728,86,0.8912848818823936,2.7757288806745453,3981.0,15.931948495392565,2.75,282,0.031914893617021274,2.345843003162465,0.2578296935627411,0.3241035934117795
CoRoT-2,CoRoT-2__2026-08-09,285,86,0.7310485769972193,2.7511979700994345,4617.5,13.114611456206688,2.75,282,0.03546099290780142,2.345843003162465,0.2578296935627411,0.265835846180807
CoRoT-2,CoRoT-2__2026-08-09,731,86,1.9221583648615825,2.6942284200158193,1216.25,35.304939418384784,2.75,282,0.03900709219858156,2.345843003162465,0.2578296935627411,0.6989666781314846
CoRoT-2,CoRoT-2__2026-08-16,939,85,2.375821284168334,2.691704544494505,915.5,44.26089359347531,2.75,263,0.03802281368821293,2.2539087962604873,0.39203035471863035,0.8639350124248487
CoRoT-2,CoRoT-2__2026-08-16,909,85,5.091965765886435,2.6141414224008006,2127.5,94.23241029653262,2.75,263,0.04182509505703422,2.2539087962604873,0.39203035471863035,1.8516239148677947
CoRoT-2,CoRoT-2__2026-08-09,758,86,1.4099769653241216,2.5392821012080202,1536.75,27.182625167578635,2.75,282,0.0425531914893617,2.345843003162465,0.2578296935627411,0.5127188964814988
CoRoT-2,CoRoT-2__2026-08-16,871,85,0.7525791467931496,2.500505177701714,3908.5,14.951436878775773,2.75,263,0.045627376425855515,2.2539087962604873,0.39203035471863035,0.27366514428841804
CoRoT-2,CoRoT-2__2026-08-09,756,86,1.0279361130181903,2.4390978507568635,1709.5,20.757814454278023,2.75,282,0.04609929078014184,2.345843003162465,0.2578296935627411,0.37379495018843284
CoRoT-2,CoRoT-2__2026-08-09,124,86,1.6378112417683162,2.3726835795934442,1970.25,33.0960136258335,2.75,282,0.04964539007092199,2.345843003162465,0.2578296935627411,0.5955677242793876
CoRoT-2,CoRoT-2__2026-08-09,644,85,1.786027389486849,2.3476538536095855,842.0,36.756370673361396,2.75,282,0.05319148936170213,2.345843003162465,0.2578296935627411,0.6494645052679451
CoRoT-2,CoRoT-2__2026-08-09,588,86,1.229730499962391,2.311436844667179,1875.5,26.178081925162424,2.75,282,0.05673758865248227,2.345843003162465,0.2578296935627411,0.4471747272590513
CoRoT-2,CoRoT-2__2026-08-09,725,85,2.342831313235574,2.2686143325799484,717.0,50.32430779109114,2.75,282,0.06028368794326241,2.345843003162465,0.2578296935627411,0.8519386593583905
CoRoT-2,CoRoT-2__2026-08-09,793,85,1.7778543789470551,2.263763712296425,1082.0,38.046273192323646,2.75,282,0.06382978723404255,2.345843003162465,0.2578296935627411,0.6464925014352928
CoRoT-2,CoRoT-2__2026-08-16,642,85,1.1440128936165064,2.2632121113126518,1574.0,24.799636684352514,2.75,263,0.049429657794676805,2.2539087962604873,0.39203035471863035,0.4160046885878205
CoRoT-2,CoRoT-2__2026-08-09,862,81,4.171694387570684,2.256359980007251,383.0,88.13465252858835,2.75,282,0.0673758865248227,2.345843003162465,0.2578296935627411,1.5169797772984304
CoRoT-2,CoRoT-2__2026-08-16,908,84,1.7056828034820095,2.2546131867617847,1055.25,36.70269494629143,2.75,263,0.053231939163498096,2.2539087962604873,0.39203035471863035,0.6202482921752762
CoRoT-2,CoRoT-2__2026-08-16,999,84,2.4348137430090366,2.2475692817488127,743.0,52.800157315936566,2.75,263,0.057034220532319393,2.2539087962604873,0.39203035471863035,0.8853868156396497
CoRoT-2,CoRoT-2__2026-08-16,855,82,3.07794515836213,2.243010475299715,621.25,65.6541943937051,2.75,263,0.060836501901140684,2.2539087962604873,0.39203035471863035,1.1192527848589562
CoRoT-2,CoRoT-2__2026-08-09,782,84,1.9699139617168175,2.2429899515746876,761.25,41.96606541356138,2.75,282,0.07092198581560284,2.345843003162465,0.2578296935627411,0.7163323497152064
CoRoT-2,CoRoT-2__2026-08-16,356,85,2.498632073650618,2.2352049528706677,721.5,54.806285123505965,2.75,263,0.06463878326996197,2.2539087962604873,0.39203035471863035,0.9085934813274974
CoRoT-2,CoRoT-2__2026-08-09,735,86,1.9715670341107112,2.1939544556886035,970.75,43.413185954368515,2.75,282,0.07446808510638298,2.345843003162465,0.2578296935627411,0.7169334669493496
CoRoT-2,CoRoT-2__2026-08-16,726,85,2.0143298129198977,2.1731412934824625,952.5,45.64718678803588,2.75,263,0.06844106463878327,2.2539087962604873,0.39203035471863035,0.7324835683345082
CoRoT-2,CoRoT-2__2026-08-16,1028,85,0.7096344381257381,2.1636127149726314,2952.0,15.950771781471834,2.75,263,0.07224334600760456,2.2539087962604873,0.39203035471863035,0.2580488865911775
CoRoT-2,CoRoT-2__2026-08-16,732,69,5.9701506089264536,2.1538660494748707,1129.0,125.19496134498151,2.75,263,0.07604562737642585,2.2539087962604873,0.39203035471863035,2.170963857791438
CoRoT-2,CoRoT-2__2026-08-09,894,85,1.3497697251435226,2.147478619903431,1251.0,29.891215826662563,2.75,282,0.07801418439716312,2.345843003162465,0.2578296935627411,0.4908253545976446
CoRoT-2,CoRoT-2__2026-08-16,943,84,3.0744569449670833,2.0490111892115412,808.5,70.90122689155596,2.75,263,0.07984790874524715,2.2539087962604873,0.39203035471863035,1.117984343624394
CoRoT-2,CoRoT-2__2026-08-16,1034,75,4.244035148312989,2.0476325963111552,806.5,96.9081016667888,2.75,263,0.08365019011406843,2.2539087962604873,0.39203035471863035,1.5432855084774504
CoRoT-2,CoRoT-2__2026-08-16,929,83,2.321345622602239,2.0278105068430925,1181.0,53.98202105694135,2.75,263,0.08745247148288973,2.2539087962604873,0.39203035471863035,0.8441256809462687
CoRoT-2,CoRoT-2__2026-08-09,608,84,2.488729027553932,2.0265690216161447,608.0,58.60308237894539,2.75,282,0.08156028368794327,2.345843003162465,0.2578296935627411,0.9049923736559754
CoRoT-2,CoRoT-2__2026-08-16,984,85,1.981270855618476,2.012084770779841,911.0,48.14850430697445,2.75,263,0.09125475285171103,2.2539087962604873,0.39203035471863035,0.7204621293158094
CoRoT-2,CoRoT-2__2026-08-16,836,85,1.9705563090689941,1.9722158168306296,905.0,48.569121376388004,2.75,263,0.09505703422053231,2.2539087962604873,0.39203035471863035,0.7165659305705433
CoRoT-2,CoRoT-2__2026-08-16,990,85,1.0313543559955123,1.937771338109452,2697.5,25.97481845307936,2.75,263,0.09885931558935361,2.2539087962604873,0.39203035471863035,0.37503794763473175
CoRoT-2,CoRoT-2__2026-08-16,685,84,3.1604797224046797,1.934024020693136,525.5,79.33659701929912,2.75,263,0.10266159695817491,2.2539087962604873,0.39203035471863035,1.1492653536017017
CoRoT-2,CoRoT-2__2026-08-09,286,86,0.7911463206017256,1.9301124116840074,1886.0,19.667991250215042,2.75,282,0.0851063829787234,2.345843003162465,0.2578296935627411,0.2876895711279002
CoRoT-2,CoRoT-2__2026-08-16,851,85,0.6921813437258271,1.9236867813950964,4510.0,17.505229949653835,2.75,263,0.10646387832699619,2.2539087962604873,0.39203035471863035,0.25170230680939165
CoRoT-2,CoRoT-2__2026-08-09,220,84,1.7190372713068103,1.908242090304672,913.0,42.668755697000904,2.75,282,0.08865248226950355,2.345843003162465,0.2578296935627411,0.6251044622933856
CoRoT-2,CoRoT-2__2026-08-09,816,80,1.2823450200741506,1.9068566867406118,1062.0,30.985094498019116,2.75,282,0.09219858156028368,2.345843003162465,0.2578296935627411,0.46630728002696387
CoRoT-2,CoRoT-2__2026-08-16,916,85,2.0765286967971557,1.8880807063615834,1259.5,52.338738529334755,2.75,263,0.11026615969581749,2.2539087962604873,0.39203035471863035,0.7551013442898747
CoRoT-2,CoRoT-2__2026-08-16,673,83,3.000908543138948,1.8642870290854054,619.0,76.69983944449072,2.75,263,0.11406844106463879,2.2539087962604873,0.39203035471863035,1.0912394702323447
CoRoT-2,CoRoT-2__2026-08-16,1005,82,1.4616833265614426,1.8402861713244152,1391.25,39.22327468088183,2.75,263,0.11787072243346007,2.2539087962604873,0.39203035471863035,0.5315212096587064
CoRoT-2,CoRoT-2__2026-08-09,635,85,2.0399567968087577,1.8209594978103611,608.0,53.669172179995414,2.75,282,0.09574468085106383,2.345843003162465,0.2578296935627411,0.741802471566821
CoRoT-2,CoRoT-2__2026-08-09,712,86,0.6108084856433343,1.8105430578863118,2852.5,16.008740976375062,2.75,282,0.09929078014184398,2.345843003162465,0.2578296935627411,0.22211217659757612
CoRoT-2,CoRoT-2__2026-08-09,779,86,1.1925324358444749,1.7770371779680325,999.0,32.588868136288504,2.75,282,0.10283687943262411,2.345843003162465,0.2578296935627411,0.4336481584889
CoRoT-2,CoRoT-2__2026-08-16,904,85,1.0477406847546316,1.7690314117928048,1516.5,28.84736115455122,2.75,263,0.12167300380228137,2.2539087962604873,0.39203035471863035,0.38099661263804785
CoRoT-2,CoRoT-2__2026-08-09,761,86,0.2838170726056737,1.7535622046892414,28785.5,7.689284498456127,2.75,282,0.10638297872340426,2.345843003162465,0.2578296935627411,0.10320620822024497
CoRoT-2,CoRoT-2__2026-08-16,662,84,1.5087294270361729,1.7500813191141036,850.75,41.174451117546965,2.75,263,0.12547528517110265,2.2539087962604873,0.39203035471863035,0.5486288825586083
CoRoT-2,CoRoT-2__2026-08-09,851,86,0.9173978715603699,1.744678504440569,1519.0,24.978831053109126,2.75,282,0.1099290780141844,2.345843003162465,0.2578296935627411,0.3335992260219527
CoRoT-2,CoRoT-2__2026-08-16,848,84,1.6994975338444656,1.7265562267677552,846.75,47.25978455996477,2.75,263,0.12927756653992395,2.2539087962604873,0.39203035471863035,0.6179991032161692
CoRoT-2,CoRoT-2__2026-08-16,877,85,0.855324700327528,1.72183340656178,1740.5,24.209743032057727,2.75,263,0.13307984790874525,2.2539087962604873,0.39203035471863035,0.31102716375546474
CoRoT-2,CoRoT-2__2026-08-09,623,76,3.532188675803057,1.7174814903717635,340.5,93.273772510401,2.75,282,0.11347517730496454,2.345843003162465,0.2578296935627411,1.2844322457465662
CoRoT-2,CoRoT-2__2026-08-16,735,79,0.9358148169791222,1.7111465629728702,1439.0,24.912825460780844,2.75,263,0.13688212927756654,2.2539087962604873,0.39203035471863035,0.34029629708331716
CoRoT-2,CoRoT-2__2026-08-09,900,86,0.8751939797603258,1.6812394100662138,2023.5,25.298689982756,2.75,282,0.11702127659574468,2.345843003162465,0.2578296935627411,0.3182523562764821
CoRoT-2,CoRoT-2__2026-08-09,746,85,1.1437604411160815,1.6681956199293748,1010.5,32.67164382253766,2.75,282,0.12056737588652482,2.345843003162465,0.2578296935627411,0.4159128876785751
CoRoT-2,CoRoT-2__2026-08-16,1046,81,1.8472695303418303,1.664260568457338,719.5,51.435475547990734,2.75,263,0.14068441064638784,2.2539087962604873,0.39203035471863035,0.6717343746697565
CoRoT-2,CoRoT-2__2026-08-09,808,86,1.0043012402340223,1.6571977902425261,1259.0,28.96884860111079,2.75,282,0.12411347517730496,2.345843003162465,0.2578296935627411,0.36520045099418996
CoRoT-2,CoRoT-2__2026-08-16,653,85,1.1844618944609093,1.6359914739626116,1376.0,35.061840996425026,2.75,263,0.1444866920152091,2.2539087962604873,0.39203035471863035,0.4307134161676034
CoRoT-2,CoRoT-2__2026-08-16,686,76,1.898209893943618,1.6054966001478048,550.75,52.50513562862502,2.75,263,0.1482889733840304,2.2539087962604873,0.39203035471863035,0.6902581432522248
CoRoT-2,CoRoT-2__2026-08-09,795,84,1.3287064652831426,1.59340156823991,772.0,39.471506488398944,2.75,282,0.1276595744680851,2.345843003162465,0.2578296935627411,0.4831659873756882
CoRoT-2,CoRoT-2__2026-08-09,710,86,0.6004981023209001,1.575436780296157,4543.75,18.0384645110263,2.75,282,0.13120567375886524,2.345843003162465,0.2578296935627411,0.2183629462985091
CoRoT-2,CoRoT-2__2026-08-09,734,86,0.8227807448856347,1.5738563988722405,1750.0,24.89624083656161,2.75,282,0.1347517730496454,2.345843003162465,0.2578296935627411,0.2991929981402308
CoRoT-2,CoRoT-2__2026-08-16,969,84,2.810756368606631,1.566071751584876,720.5,83.86337941326123,2.75,263,0.1520912547528517,2.2539087962604873,0.39203035471863035,1.0220932249478658
CoRoT-2,CoRoT-2__2026-08-16,922,85,0.9269295655795383,1.5583969768000203,1315.0,28.535501739994697,2.75,263,0.155893536121673,2.2539087962604873,0.39203035471863035,0.33706529657437756
CoRoT-2,CoRoT-2__2026-08-09,669,85,1.4258891450665236,1.5494692057554738,683.0,43.777585388234115,2.75,282,0.13829787234042554,2.345843003162465,0.2578296935627411,0.518505143660554
CoRoT-2,CoRoT-2__2026-08-16,963,83,1.2931809990068825,1.5329017058350582,817.5,39.353382241714066,2.75,263,0.1596958174904943,2.2539087962604873,0.39203035471863035,0.47024763600250274
CoRoT-2,CoRoT-2__2026-08-16,1017,85,0.6545576597301896,1.5274340235485537,1931.0,20.264604442091393,2.75,263,0.1634980988593156,2.2539087962604873,0.39203035471863035,0.2380209671746144
CoRoT-2,CoRoT-2__2026-08-09,717,86,0.31456127594340333,1.5195843443274946,12683.75,9.789992144022648,2.75,282,0.14184397163120568,2.345843003162465,0.2578296935627411,0.11438591852487394
CoRoT-2,CoRoT-2__2026-08-16,1042,85,1.0677154150934034,1.519226768244739,1106.0,33.71513897617849,2.75,263,0.16730038022813687,2.2539087962604873,0.39203035471863035,0.38826015094305577
CoRoT-2,CoRoT-2__2026-08-09,69,85,2.0325856423172075,1.5133466742763928,523.0,64.88194524690174,2.75,282,0.1453900709219858,2.345843003162465,0.2578296935627411,0.7391220517517119
CoRoT-2,CoRoT-2__2026-08-09,815,82,1.5107017858922867,1.5115515015965275,766.75,46.788626878715895,2.75,282,0.14893617021276595,2.345843003162465,0.2578296935627411,0.5493461039608315
CoRoT-2,CoRoT-2__2026-08-09,661,72,3.317304732280909,1.499169061601341,323.0,99.11563175049544,2.75,282,0.1524822695035461,2.345843003162465,0.2578296935627411,1.2062926299203305
CoRoT-2,CoRoT-2__2026-08-09,700,85,1.257549143010724,1.4967835608035605,755.0,39.778846770079994,2.75,282,0.15602836879432624,2.345843003162465,0.2578296935627411,0.4572905974584451
CoRoT-2,CoRoT-2__2026-08-16,433,79,1.8012738893472207,1.488936453397633,530.5,54.86440091907693,2.75,263,0.17110266159695817,2.2539087962604873,0.39203035471863035,0.655008687035353
CoRoT-2,CoRoT-2__2026-08-16,280,85,1.515005739258961,1.4877414938701476,775.0,48.40803883818815,2.75,263,0.17490494296577946,2.2539087962604873,0.39203035471863035,0.5509111779123494
CoRoT-2,CoRoT-2__2026-08-16,1067,84,1.143002057382741,1.4794459304518177,986.0,37.56422771216267,2.75,263,0.17870722433460076,2.2539087962604873,0.39203035471863035,0.4156371117755422
CoRoT-2,CoRoT-2__2026-08-09,890,86,0.9647872115095275,1.478224739723676,1611.0,31.791942937631926,2.75,282,0.1595744680851064,2.345843003162465,0.2578296935627411,0.35083171327619184
CoRoT-2,CoRoT-2__2026-08-16,961,82,1.0553840701483461,1.4751984133794258,875.0,33.126931244481995,2.75,263,0.18250950570342206,2.2539087962604873,0.39203035471863035,0.3837760255084895
CoRoT-2,CoRoT-2__2026-08-16,1048,85,0.9170097208608322,1.4733526747833043,1254.0,30.157886507201148,2.75,263,0.18631178707224336,2.2539087962604873,0.39203035471863035,0.33345808031302987
CoRoT-2,CoRoT-2__2026-08-09,959,61,2.4757389486218044,1.4652489489850302,400.0,68.0117366048644,2.75,282,0.16312056737588654,2.345843003162465,0.2578296935627411,0.9002687085897471
CoRoT-2,CoRoT-2__2026-08-16,664,77,3.6610907130468626,1.4360894760682883,347.0,112.74361682693271,2.75,263,0.19011406844106463,2.2539087962604873,0.39203035471863035,1.3313057138352227
CoRoT-2,CoRoT-2__2026-08-16,574,85,0.662435097096035,1.434498084784923,1605.5,22.286165053393304,2.75,263,0.19391634980988592,2.2539087962604873,0.39203035471863035,0.24088548985310362
CoRoT-2,CoRoT-2__2026-08-09,599,73,3.0847126683863557,1.4311669950833563,378.0,94.79079730223492,2.75,282,0.16666666666666666,2.345843003162465,0.2578296935627411,1.1217136975950384
CoRoT-2,CoRoT-2__2026-08-16,329,84,1.4033710763944782,1.4242716699361448,669.0,46.46289147085962,2.75,263,0.19771863117870722,2.2539087962604873,0.39203035471863035,0.5103167550525375
CoRoT-2,CoRoT-2__2026-08-16,734,77,1.4197648923168986,1.4139825286117282,739.0,45.276278195597676,2.75,263,0.20152091254752852,2.2539087962604873,0.39203035471863035,0.5162781426606904
CoRoT-2,CoRoT-2__2026-08-09,754,80,1.9126567403882997,1.4119915196896387,546.0,62.47635315919068,2.75,282,0.1702127659574468,2.345843003162465,0.2578296935627411,0.6955115419593817
CoRoT-2,CoRoT-2__2026-08-16,824,81,1.7963928387460322,1.3779348755170027,565.0,59.96940532902992,2.75,263,0.20532319391634982,2.2539087962604873,0.39203035471863035,0.6532337595440117
CoRoT-2,CoRoT-2__2026-08-09,614,86,0.9368506003252495,1.372043884603455,1458.0,32.81032253196403,2.75,282,0.17375886524822695,2.345843003162465,0.2578296935627411,0.34067294557281796
CoRoT-2,CoRoT-2__2026-08-16,711,82,1.8065363917505208,1.3697310517266452,534.75,61.76495950214816,2.75,263,0.20912547528517111,2.2539087962604873,0.39203035471863035,0.6569223242729166
CoRoT-2,CoRoT-2__2026-08-09,719,73,2.014103468478865,1.360030687274359,465.0,65.46814690987745,2.75,282,0.1773049645390071,2.345843003162465,0.2578296935627411,0.7324012612650418
CoRoT-2,CoRoT-2__2026-08-16,954,81,2.1177316289034005,1.3560038007960065,700.5,72.59768100023243,2.75,263,0.21292775665399238,2.2539087962604873,0.39203035471863035,0.7700842286921457
CoRoT-2,CoRoT-2__2026-08-09,586,85,1.879310941229534,1.352390149524102,784.0,66.0909050214076,2.75,282,0.18085106382978725,2.345843003162465,0.2578296935627411,0.6833857968107396
CoRoT-2,CoRoT-2__2026-08-09,868,86,0.418939883379286,1.3505423738866922,3146.25,14.803908299427794,2.75,282,0.18439716312056736,2.345843003162465,0.2578296935627411,0.15234177577428581
CoRoT-2,CoRoT-2__2026-08-16,175,85,0.7281786583245924,1.342997350790207,1786.0,25.54698384115093,2.75,263,0.21673003802281368,2.2539087962604873,0.39203035471863035,0.26479223939076085
CoRoT-2,CoRoT-2__2026-08-09,123,86,0.9642146019037684,1.336135846177603,1894.5,34.956095296413686,2.75,282,0.1879432624113475,2.345843003162465,0.2578296935627411,0.35062349160137035
CoRoT-2,CoRoT-2__2026-08-16,646,79,2.318649477882561,1.329609635376157,385.0,79.46974581783245,2.75,263,0.22053231939163498,2.2539087962604873,0.39203035471863035,0.8431452646845675
CoRoT-2,CoRoT-2__2026-08-09,887,86,0.41309131962585866,1.3240835984810302,3196.5,14.757406686141318,2.75,282,0.19148936170212766,2.345843003162465,0.2578296935627411,0.15021502531849407
CoRoT-2,CoRoT-2__2026-08-16,935,79,1.430834670018361,1.3199177652804754,524.5,49.28145981173735,2.75,263,0.22433460076045628,2.2539087962604873,0.39203035471863035,0.520303516370313
CoRoT-2,CoRoT-2__2026-08-16,655,85,1.0366390268531778,1.304399634903962,960.5,38.29259722480064,2.75,263,0.22813688212927757,2.2539087962604873,0.39203035471863035,0.3769596461284283
CoRoT-2,CoRoT-2__2026-08-09,877,83,1.3178428342607806,1.2994357990519618,605.0,47.02221360514402,2.75,282,0.1950354609929078,2.345843003162465,0.2578296935627411,0.47921557609482934
CoRoT-2,CoRoT-2__2026-08-09,600,84,1.4526169794560684,1.2923639171776793,629.75,52.30592982272771,2.75,282,0.19858156028368795,2.345843003162465,0.2578296935627411,0.5282243561658431
CoRoT-2,CoRoT-2__2026-08-09,665,86,0.8253384964096184,1.2690931124699012,1105.0,31.365292592952258,2.75,282,0.20212765957446807,2.345843003162465,0.2578296935627411,0.3001230896034976
CoRoT-2,CoRoT-2__2026-08-09,617,86,0.8265702786532788,1.2676608620454104,1108.0,30.86823486709231,2.75,282,0.20567375886524822,2.345843003162465,0.2578296935627411,0.3005710104193741
CoRoT-2,CoRoT-2__2026-08-16,691,85,0.9953747707302482,1.2670861979065953,1021.0,37.14337993294217,2.75,263,0.23193916349809887,2.2539087962604873,0.39203035471863035,0.3619544620837266
CoRoT-2,CoRoT-2__2026-08-16,770,85,0.7481217759180899,1.266203431351182,1185.0,28.57093215811363,2.75,263,0.23574144486692014,2.2539087962604873,0.39203035471863035,0.2720442821520327
CoRoT-2,CoRoT-2__2026-08-09,861,86,1.4679156778979268,1.2604050510438596,3681.0,56.062061772721194,2.75,282,0.20921985815602837,2.345843003162465,0.2578296935627411,0.5337875192356097
CoRoT-2,CoRoT-2__2026-08-09,835,84,1.2735485609788257,1.2509227678020003,592.0,47.690413522229086,2.75,282,0.2127659574468085,2.345843003162465,0.2578296935627411,0.4631085676286639
CoRoT-2,CoRoT-2__2026-08-09,801,85,1.0694165857158682,1.243625213592769,761.0,40.586423665766205,2.75,282,0.21631205673758866,2.345843003162465,0.2578296935627411,0.3888787584421339
CoRoT-2,CoRoT-2__2026-08-16,779,85,0.7014652465210778,1.2419030698184894,1365.5,27.343702728467747,2.75,263,0.23954372623574144,2.2539087962604873,0.39203035471863035,0.2550782714622101
CoRoT-2,CoRoT-2__2026-08-16,742,84,1.156793881287683,1.2416209603831594,863.75,44.52402470596054,2.75,263,0.24334600760456274,2.2539087962604873,0.39203035471863035,0.42065232046824835
CoRoT-2,CoRoT-2__2026-08-16,998,85,1.9744783588305943,1.2409484773490267,3634.0,75.96932664640516,2.75,263,0.24714828897338403,2.2539087962604873,0.39203035471863035,0.7179921304838525
CoRoT-2,CoRoT-2__2026-08-09,889,85,0.8020294763904099,1.2384976401826684,1102.0,30.498398205521468,2.75,282,0.2198581560283688,2.345843003162465,0.2578296935627411,0.2916470823237854
CoRoT-2,CoRoT-2__2026-08-09,701,82,1.6339801115805956,1.2368460290325247,513.5,61.07055946474485,2.75,282,0.22340425531914893,2.345843003162465,0.2578296935627411,0.5941745860293075
CoRoT-2,CoRoT-2__2026-08-16,811,85,0.7142698339050809,1.2193803836878285,9425.5,27.954255334741486,2.75,263,0.2509505703422053,2.2539087962604873,0.39203035471863035,0.25973448505639307
CoRoT-2,CoRoT-2__2026-08-16,403,85,1.3254551936698045,1.2151621331874707,827.0,52.443970884240805,2.75,263,0.25475285171102663,2.2539087962604873,0.39203035471863035,0.4819837067890198
CoRoT-2,CoRoT-2__2026-08-09,530,84,0.7373900212048385,1.1946398857460934,1593.5,28.93740373875195,2.75,282,0.22695035460992907,2.345843003162465,0.2578296935627411,0.26814182589266855
CoRoT-2,CoRoT-2__2026-08-16,672,82,1.1729028817404135,1.1833387028309517,818.75,46.19081984450856,2.75,263,0.2585551330798479,2.2539087962604873,0.39203035471863035,0.4265101388146958
CoRoT-2,CoRoT-2__2026-08-16,920,85,0.8855608289132036,1.18282190278119,1000.5,36.19249851113923,2.75,263,0.2623574144486692,2.2539087962604873,0.39203035471863035,0.3220221196048013
CoRoT-2,CoRoT-2__2026-08-16,1047,85,1.0685111187550251,1.1720792664143875,864.0,44.27591224390123,2.75,263,0.2661596958174905,2.2539087962604873,0.39203035471863035,0.3885494977291
CoRoT-2,CoRoT-2__2026-08-16,720,85,1.4610587936434396,1.1711893119255068,636.0,60.626901184014926,2.75,263,0.26996197718631176,2.2539087962604873,0.39203035471863035,0.5312941067794326
CoRoT-2,CoRoT-2__2026-08-16,681,85,0.9889034333995168,1.1616166788500961,879.5,41.12927194959418,2.75,263,0.2737642585551331,2.2539087962604873,0.39203035471863035,0.3596012485089152
CoRoT-2,CoRoT-2__2026-08-16,350,78,1.4904944171187864,1.1468812413160943,648.5,58.28250833461275,2.75,263,0.27756653992395436,2.2539087962604873,0.39203035471863035,0.5419979698613768
CoRoT-2,CoRoT-2__2026-08-09,643,86,0.7914112902191878,1.1247104101644134,1184.5,33.56710565497265,2.75,282,0.23049645390070922,2.345843003162465,0.2578296935627411,0.28778592371606826
CoRoT-2,CoRoT-2__2026-08-09,630,86,0.38423244078237706,1.120850187543634,3178.5,16.603229180894168,2.75,282,0.23404255319148937,2.345843003162465,0.2578296935627411,0.13972088755722803
CoRoT-2,CoRoT-2__2026-08-16,731,74,1.8256048362317485,1.1135367649782049,440.75,70.23803850556753,2.75,263,0.2813688212927757,2.2539087962604873,0.39203035471863035,0.6638563040842722
CoRoT-2,CoRoT-2__2026-08-16,705,84,1.6184971573495424,1.112577210975486,787.0,68.992878641652,2.75,263,0.28517110266159695,2.2539087962604873,0.39203035471863035,0.5885444208543791
CoRoT-2,CoRoT-2__2026-08-16,659,78,1.0166910100154365,1.1051551055619004,795.75,42.31312315538831,2.75,263,0.2889733840304182,2.2539087962604873,0.39203035471863035,0.3697058218237951
CoRoT-2,CoRoT-2__2026-08-09,799,86,0.4673483629217449,1.0707063944789208,2796.5,20.843599393826207,2.75,282,0.2375886524822695,2.345843003162465,0.2578296935627411,0.16994485924427088
CoRoT-2,CoRoT-2__2026-08-09,885,86,0.6377430670038448,1.047453534800357,1611.0,29.03194272493568,2.75,282,0.24113475177304963,2.345843003162465,0.2578296935627411,0.2319065698195799
CoRoT-2,CoRoT-2__2026-08-16,891,72,1.7297766622088866,1.047263875388022,635.75,69.48876788319369,2.75,263,0.29277566539923955,2.2539087962604873,0.39203035471863035,0.629009695348686
CoRoT-2,CoRoT-2__2026-08-16,1016,77,1.5456907237349173,1.0324577888820858,524.5,65.84112105933126,2.75,263,0.2965779467680608,2.2539087962604873,0.39203035471863035,0.5620693540854245
CoRoT-2,CoRoT-2__2026-08-09,645,82,1.0324644084239492,1.0303047724059649,605.25,46.50378201086143,2.75,282,0.24468085106382978,2.345843003162465,0.2578296935627411,0.37544160306325425
CoRoT-2,CoRoT-2__2026-08-09,813,82,1.7727768760041986,1.0100068724962512,486.5,80.0511815299897,2.75,282,0.24822695035460993,2.345843003162465,0.2578296935627411,0.6446461367287996
CoRoT-2,CoRoT-2__2026-08-09,856,74,1.2624019362321774,1.0054799562783001,486.5,54.86273195929188,2.75,282,0.25177304964539005,2.345843003162465,0.2578296935627411,0.45905524953897364
CoRoT-2,CoRoT-2__2026-08-09,564,83,1.3251930639867961,0.9865218058043697,597.0,61.96501249363967,2.75,282,0.2553191489361702,2.345843003162465,0.2578296935627411,0.48188838690428953
CoRoT-2,CoRoT-2__2026-08-16,814,83,1.1591257135990805,0.9829857832830736,841.0,55.78847770340533,2.75,263,0.30038022813688214,2.2539087962604873,0.39203035471863035,0.42150025949057474
CoRoT-2,CoRoT-2__2026-08-09,639,86,0.42147545554567106,0.9819215997812624,3500.25,19.81366158345078,2.75,282,0.25886524822695034,2.345843003162465,0.2578296935627411,0.15326380201660766
CoRoT-2,CoRoT-2__2026-08-16,636,78,1.3517286084285693,0.9806970483462684,706.75,63.144630901019916,2.75,263,0.3041825095057034,2.2539087962604873,0.39203035471863035,0.49153767579220703
CoRoT-2,CoRoT-2__2026-08-09,803,79,1.2161710859911086,0.9732712319452387,553.0,56.91962743677806,2.75,282,0.2624113475177305,2.345843003162465,0.2578296935627411,0.442244031269494
CoRoT-2,CoRoT-2__2026-08-16,697,85,0.4716510193845182,0.9729621685685246,2302.0,22.9427184669537,2.75,263,0.30798479087452474,2.2539087962604873,0.39203035471863035,0.17150946159437025
CoRoT-2,CoRoT-2__2026-08-16,253,84,0.8046751158682607,0.9709570963937919,952.25,38.838998622907724,2.75,263,0.311787072243346,2.2539087962604873,0.39203035471863035,0.2926091330430039
CoRoT-2,CoRoT-2__2026-08-16,670,85,0.4597973128896445,0.947458634069945,1901.0,23.163200830466312,2.75,263,0.3155893536121673,2.2539087962604873,0.39203035471863035,0.16719902286896163
CoRoT-2,CoRoT-2__2026-08-16,412,83,0.9253485178561983,0.9447010767637047,755.0,45.76489322093434,2.75,263,0.3193916349809886,2.2539087962604873,0.39203035471863035,0.33649037012952665
CoRoT-2,CoRoT-2__2026-08-09,647,85,0.812164569385948,0.9391535264638328,953.0,40.73655139485175,2.75,282,0.26595744680851063,2.345843003162465,0.2578296935627411,0.29533257068579927
CoRoT-2,CoRoT-2__2026-08-16,651,85,0.5699438799319094,0.9343684886604413,1895.0,28.853040366783826,2.75,263,0.3231939163498099,2.2539087962604873,0.39203035471863035,0.2072523199752398
CoRoT-2,CoRoT-2__2026-08-16,938,85,1.0906382658874458,0.92952297673923,765.5,56.392503364062094,2.75,263,0.3269961977186312,2.2539087962604873,0.39203035471863035,0.3965957330499803
CoRoT-2,CoRoT-2__2026-08-16,994,61,0.35656685373742314,0.9130719660466079,3660.5,13.627335133677477,2.75,263,0.33079847908745247,2.2539087962604873,0.39203035471863035,0.1296606740863357
CoRoT-2,CoRoT-2__2026-08-09,626,86,0.4134177082921925,0.9037417317582458,2998.25,22.06210621995842,2.75,282,0.2695035460992908,2.345843003162465,0.2578296935627411,0.15033371210625182
CoRoT-2,CoRoT-2__2026-08-16,1045,85,0.410583070305378,0.9007960378540552,2167.5,21.812050626785446,2.75,263,0.33460076045627374,2.2539087962604873,0.39203035471863035,0.1493029346565011
CoRoT-2,CoRoT-2__2026-08-09,254,81,1.3384771455550821,0.899781101868098,511.0,67.163656029701,2.75,282,0.2730496453900709,2.345843003162465,0.2578296935627411,0.48671896202002984
CoRoT-2,CoRoT-2__2026-08-16,845,85,0.6846761618673064,0.8906510591328342,892.5,36.232904924349356,2.75,263,0.33840304182509506,2.2539087962604873,0.39203035471863035,0.2489731497699296
CoRoT-2,CoRoT-2__2026-08-09,797,83,1.089316930786088,0.8904805184950432,526.0,56.29060178924021,2.75,282,0.2765957446808511,2.345843003162465,0.2578296935627411,0.3961152475585774
CoRoT-2,CoRoT-2__2026-08-09,764,84,0.5409052817236003,0.8892631301684387,1063.0,28.19448818860352,2.75,282,0.2801418439716312,2.345843003162465,0.2578296935627411,0.19669282971767285
CoRoT-2,CoRoT-2__2026-08-16,958,81,0.7499411752349537,0.88716552210925,832.5,38.67137018077846,2.75,263,0.34220532319391633,2.2539087962604873,0.39203035471863035,0.27270588190361955
CoRoT-2,CoRoT-2__2026-08-09,840,86,0.3874437259367167,0.8798332656942581,6375.0,21.50322427556047,2.75,282,0.28368794326241137,2.345843003162465,0.2578296935627411,0.14088862761335152
CoRoT-2,CoRoT-2__2026-08-16,776,85,0.3089440860275323,0.8701105622166098,2487.5,16.898274418649976,2.75,263,0.34600760456273766,2.2539087962604873,0.39203035471863035,0.11234330401001175
CoRoT-2,CoRoT-2__2026-08-16,825,85,0.5364335715873282,0.8613649459907508,1050.0,29.650846140851172,2.75,263,0.34980988593155893,2.2539087962604873,0.39203035471863035,0.19506675330448298
CoRoT-2,CoRoT-2__2026-08-09,573,81,1.4125484245785425,0.8523171023736585,419.0,75.34900746925103,2.75,282,0.2872340425531915,2.345843003162465,0.2578296935627411,0.5136539725740155
CoRoT-2,CoRoT-2__2026-08-16,1014,81,0.25605824036452673,0.8518057107215949,46712.5,14.328918085196596,2.75,263,0.35361216730038025,2.2539087962604873,0.39203035471863035,0.09311208740528244
CoRoT-2,CoRoT-2__2026-08-09,751,85,0.5504806244902696,0.8513643996759656,1451.0,30.671346271950455,2.75,282,0.2907801418439716,2.345843003162465,0.2578296935627411,0.2001747725419162
CoRoT-2,CoRoT-2__2026-08-16,1036,85,0.4080015768892431,0.8473656609978523,1640.5,23.150692981362415,2.75,263,0.3574144486692015,2.2539087962604873,0.39203035471863035,0.14836420977790657
CoRoT-2,CoRoT-2__2026-08-16,1007,80,0.7549592359546609,0.8239698221631241,710.75,41.569758743121966,2.75,263,0.3612167300380228,2.2539087962604873,0.39203035471863035,0.27453063125624033
CoRoT-2,CoRoT-2__2026-08-09,689,86,0.36852115925075213,0.8207345630258176,1825.0,21.186817433453992,2.75,282,0.29432624113475175,2.345843003162465,0.2578296935627411,0.13400769427300077
CoRoT-2,CoRoT-2__2026-08-09,242,82,0.9655468319942258,0.8133397354703545,616.25,55.08904597245321,2.75,282,0.2978723404255319,2.345843003162465,0.2578296935627411,0.35110793890699116
CoRoT-2,CoRoT-2__2026-08-09,636,86,0.27982976912589,0.8103328758760129,2785.5,16.3985467413366,2.75,282,0.30141843971631205,2.345843003162465,0.2578296935627411,0.10175627968214183
CoRoT-2,CoRoT-2__2026-08-09,832,85,0.7703522640380464,0.8077241703336991,754.0,44.63888486496778,2.75,282,0.3049645390070922,2.345843003162465,0.2578296935627411,0.28012809601383504
CoRoT-2,CoRoT-2__2026-08-09,632,85,0.6668203746353467,0.8016857282824017,808.0,38.47594750700536,2.75,282,0.30851063829787234,2.345843003162465,0.2578296935627411,0.24248013623103518
CoRoT-2,CoRoT-2__2026-08-16,947,75,1.433747802896875,0.7997998720634234,471.0,79.04872437819485,2.75,263,0.3650190114068441,2.2539087962604873,0.39203035471863035,0.5213628374170455
CoRoT-2,CoRoT-2__2026-08-09,837,86,0.3418337630139317,0.7980116422584933,1603.5,20.325771125151725,2.75,282,0.3120567375886525,2.345843003162465,0.2578296935627411,0.12430318655052063
CoRoT-2,CoRoT-2__2026-08-16,857,85,0.3586491754438947,0.7953517307711069,2231.0,21.573503905594,2.75,263,0.3688212927756654,2.2539087962604873,0.39203035471863035,0.13041788197959805
CoRoT-2,CoRoT-2__2026-08-16,729,83,0.7896857443330442,0.793902738127307,678.0,46.738296999040486,2.75,263,0.3726235741444867,2.2539087962604873,0.39203035471863035,0.2871584524847433
CoRoT-2,CoRoT-2__2026-08-09,912,83,0.5604169807523814,0.7890346764802346,1097.0,32.8649365450539,2.75,282,0.31560283687943264,2.345843003162465,0.2578296935627411,0.20378799300086597
CoRoT-2,CoRoT-2__2026-08-09,747,80,1.225446325069435,0.7869203833014026,650.75,70.81412238740957,2.75,282,0.3191489361702128,2.345843003162465,0.2578296935627411,0.4456168454797945
CoRoT-2,CoRoT-2__2026-08-16,1039,85,0.22129769641634722,0.7859376888965799,3201.0,13.256490019837418,2.75,263,0.376425855513308,2.2539087962604873,0.39203035471863035,0.08047188960594444
CoRoT-2,CoRoT-2__2026-08-09,445,86,0.3471849857424195,0.7673951930844504,3899.5,21.686678455200664,2.75,282,0.32269503546099293,2.345843003162465,0.2578296935627411,0.12624908572451618
CoRoT-2,CoRoT-2__2026-08-16,148,85,0.3890631470380638,0.7649929869414116,1753.5,24.24485282229573,2.75,263,0.38022813688212925,2.2539087962604873,0.39203035471863035,0.14147750801384137
CoRoT-2,CoRoT-2__2026-08-16,710,85,0.36290436116988056,0.7551487192082458,1910.5,22.918793157647446,2.75,263,0.3840304182509506,2.2539087962604873,0.39203035471863035,0.13196522224359294
CoRoT-2,CoRoT-2__2026-08-16,331,76,1.0024786640404093,0.7441954938184742,549.75,58.50174355237825,2.75,263,0.38783269961977185,2.2539087962604873,0.39203035471863035,0.36453769601469427
CoRoT-2,CoRoT-2__2026-08-16,850,85,0.5431943852732364,0.7441107935828791,974.5,35.01056323033198,2.75,263,0.3916349809885932,2.2539087962604873,0.39203035471863035,0.1975252310084496
CoRoT-2,CoRoT-2__2026-08-09,842,85,0.48525156287789184,0.7321513427889617,1406.5,31.223926616603052,2.75,282,0.3262411347517731,2.345843003162465,0.2578296935627411,0.17645511377377884
CoRoT-2,CoRoT-2__2026-08-09,878,86,0.27922231100467865,0.7294421220425394,3307.5,18.24053939258188,2.75,282,0.32978723404255317,2.345843003162465,0.2578296935627411,0.10153538581988314
CoRoT-2,CoRoT-2__2026-08-09,827,86,0.2759728552382549,0.7212776039256229,3942.5,18.088762854256682,2.75,282,0.3333333333333333,2.345843003162465,0.2578296935627411,0.1003537655411836
CoRoT-2,CoRoT-2__2026-08-16,878,85,0.7108725632676272,0.7169042968417788,948.5,46.970483303369306,2.75,263,0.39543726235741444,2.2539087962604873,0.39203035471863035,0.2584991139155008
CoRoT-2,CoRoT-2__2026-08-16,146,80,0.7529473365371737,0.7146480209965671,582.5,47.63334360249725,2.75,263,0.39923954372623577,2.2539087962604873,0.39203035471863035,0.27379903146806317
CoRoT-2,CoRoT-2__2026-08-16,933,84,0.6634039929433999,0.7110317984845218,747.5,43.637112694139994,2.75,263,0.40304182509505704,2.2539087962604873,0.39203035471863035,0.24123781561578178
CoRoT-2,CoRoT-2__2026-08-09,810,83,0.8384094059463267,0.7040917885838768,576.0,54.61430035256927,2.75,282,0.33687943262411346,2.345843003162465,0.2578296935627411,0.30487614761684606
CoRoT-2,CoRoT-2__2026-08-16,650,84,1.0783451305821083,0.7007081802181544,552.5,73.06830810517636,2.75,263,0.4068441064638783,2.2539087962604873,0.39203035471863035,0.3921255020298576
CoRoT-2,CoRoT-2__2026-08-09,849,86,0.29709613016756775,0.7000201529566006,21831.5,20.66292787571135,2.75,282,0.3404255319148936,2.345843003162465,0.2578296935627411,0.10803495642457009
CoRoT-2,CoRoT-2__2026-08-16,829,85,0.4506809725750098,0.69644121636178,1286.0,31.058496213818696,2.75,263,0.41064638783269963,2.2539087962604873,0.39203035471863035,0.16388399002727627
CoRoT-2,CoRoT-2__2026-08-16,897,84,0.7354409964034313,0.6903813725386189,821.25,50.47931040793929,2.75,263,0.4144486692015209,2.2539087962604873,0.39203035471863035,0.26743308960124773
CoRoT-2,CoRoT-2__2026-08-16,1024,85,0.23350364916380253,0.6883498838464464,3856.0,16.161173649807782,2.75,263,0.41825095057034223,2.2539087962604873,0.39203035471863035,0.08491041787774638
CoRoT-2,CoRoT-2__2026-08-16,975,78,0.711152234778856,0.6882456062085754,719.25,45.74044905483674,2.75,263,0.4220532319391635,2.2539087962604873,0.39203035471863035,0.25860081264685675
CoRoT-2,CoRoT-2__2026-08-09,847,85,0.45079316945956965,0.6868837905087412,1155.0,30.773562082353134,2.75,282,0.34397163120567376,2.345843003162465,0.2578296935627411,0.16392478889438897
CoRoT-2,CoRoT-2__2026-08-09,902,86,0.23312038420870354,0.6865195918718979,31420.0,15.738188915571103,2.75,282,0.3475177304964539,2.345843003162465,0.2578296935627411,0.08477104880316493
CoRoT-2,CoRoT-2__2026-08-09,855,84,0.2407856513189594,0.6809686035335265,3638.5,16.29209643464681,2.75,282,0.35106382978723405,2.345843003162465,0.2578296935627411,0.08755841866143978
CoRoT-2,CoRoT-2__2026-08-16,703,85,0.37584193504330027,0.6809111162878966,1808.0,26.46104614043892,2.75,263,0.42585551330798477,2.2539087962604873,0.39203035471863035,0.1366697945612001
CoRoT-2,CoRoT-2__2026-08-16,668,78,1.090876857674795,0.6763227591480477,477.25,71.44213519725366,2.75,263,0.4296577946768061,2.2539087962604873,0.39203035471863035,0.3966824936999254
CoRoT-2,CoRoT-2__2026-08-09,539,86,0.5233952164386724,0.6760573854154587,1916.5,37.34540811467755,2.75,282,0.3546099290780142,2.345843003162465,0.2578296935627411,0.1903255332504263
CoRoT-2,CoRoT-2__2026-08-09,536,82,1.4083926038125987,0.6661100550170919,466.25,96.3645959706152,2.75,282,0.35815602836879434,2.345843003162465,0.2578296935627411,0.5121427650227631
CoRoT-2,CoRoT-2__2026-08-16,715,73,0.9228537895630277,0.6620116348728579,506.0,58.93489314209092,2.75,263,0.43346007604562736,2.2539087962604873,0.39203035471863035,0.3355831962047373
CoRoT-2,CoRoT-2__2026-08-09,825,86,0.14057942369760412,0.6402889644368452,10601.25,10.350398267252212,2.75,282,0.3617021276595745,2.345843003162465,0.2578296935627411,0.05111979043549241
CoRoT-2,CoRoT-2__2026-08-09,873,82,0.7524197965991378,0.6399969309150699,530.25,53.95949221973586,2.75,282,0.36524822695035464,2.345843003162465,0.2578296935627411,0.27360719876332285
CoRoT-2,CoRoT-2__2026-08-16,756,85,0.6342145593512679,0.6390410275703378,790.5,47.318231532200464,2.75,263,0.4372623574144487,2.2539087962604873,0.39203035471863035,0.2306234761277338
CoRoT-2,CoRoT-2__2026-08-16,896,85,0.4132973008816268,0.6211134763209897,1429.0,32.1255384180221,2.75,263,0.44106463878326996,2.2539087962604873,0.39203035471863035,0.15028992759331883
CoRoT-2,CoRoT-2__2026-08-09,702,86,0.5380825757657933,0.6123920758062905,2732.0,41.30963783895824,2.75,282,0.36879432624113473,2.345843003162465,0.2578296935627411,0.1956663911875612
CoRoT-2,CoRoT-2__2026-08-09,822,84,0.5517754885383155,0.6099016486169818,832.25,41.95642452442357,2.75,282,0.3723404255319149,2.345843003162465,0.2578296935627411,0.20064563219575107
CoRoT-2,CoRoT-2__2026-08-09,110,80,0.8368811313747954,0.5982298721925197,606.5,63.469997062524335,2.75,282,0.375886524822695,2.345843003162465,0.2578296935627411,0.3043204114090165
CoRoT-2,CoRoT-2__2026-08-09,662,84,0.43211852366866677,0.5947272230612475,888.0,33.66571412997174,2.75,282,0.37943262411347517,2.345843003162465,0.2578296935627411,0.15713400860678792
CoRoT-2,CoRoT-2__2026-08-16,310,85,0.5299429892665418,0.5946878944377777,904.5,42.672491055522585,2.75,263,0.4448669201520912,2.2539087962604873,0.39203035471863035,0.19270654155146974
CoRoT-2,CoRoT-2__2026-08-09,788,86,0.212983300183838,0.5899769722093929,3003.5,17.260698230658328,2.75,282,0.3829787234042553,2.345843003162465,0.2578296935627411,0.07744847279412291
CoRoT-2,CoRoT-2__2026-08-09,812,86,0.16209794025927204,0.5802090469746262,13003.5,13.388415566418175,2.75,282,0.38652482269503546,2.345843003162465,0.2578296935627411,0.0589447055488262
CoRoT-2,CoRoT-2__2026-08-09,577,57,1.3962721294246445,0.5796378042159508,363.0,87.15100971489652,2.75,282,0.3900709219858156,2.345843003162465,0.2578296935627411,0.5077353197907798
CoRoT-2,CoRoT-2__2026-08-09,658,78,0.7064696673481512,0.5765795077985647,610.5,54.33941687862714,2.75,282,0.39361702127659576,2.345843003162465,0.2578296935627411,0.2568980608538732
CoRoT-2,CoRoT-2__2026-08-09,611,75,2.503424713034937,0.5758802874697021,1176.0,200.21909454046306,2.75,282,0.3971631205673759,2.345843003162465,0.2578296935627411,0.9103362592854317
CoRoT-2,CoRoT-2__2026-08-09,772,84,0.47934929441446245,0.5738886256498021,738.75,38.720315436985025,2.75,282,0.40070921985815605,2.345843003162465,0.2578296935627411,0.1743088343325318
CoRoT-2,CoRoT-2__2026-08-16,789,85,0.5139837048605523,0.5720336702889879,773.5,43.03245640621847,2.75,263,0.44866920152091255,2.2539087962604873,0.39203035471863035,0.18690316540383722
CoRoT-2,CoRoT-2__2026-08-09,718,86,0.1928589916800089,0.5687782223727923,2049.5,15.828129068560445,2.75,282,0.40425531914893614,2.345843003162465,0.2578296935627411,0.07013054242909414
CoRoT-2,CoRoT-2__2026-08-09,691,86,0.36345026282911164,0.5623431944070691,1295.5,30.62131715948314,2.75,282,0.4078014184397163,2.345843003162465,0.2578296935627411,0.13216373193785877
CoRoT-2,CoRoT-2__2026-08-09,711,85,0.5512763734754579,0.559932085446003,685.0,46.056018182122216,2.75,282,0.41134751773049644,2.345843003162465,0.2578296935627411,0.2004641358092574
CoRoT-2,CoRoT-2__2026-08-09,667,86,0.5725384754708864,0.5572500207747665,782.0,48.65681549702457,2.75,282,0.4148936170212766,2.345843003162465,0.2578296935627411,0.2081958092621405
CoRoT-2,CoRoT-2__2026-08-09,561,86,0.45320859823015985,0.5505802666646384,878.25,39.29893026520796,2.75,282,0.41843971631205673,2.345843003162465,0.2578296935627411,0.16480312662914903
CoRoT-2,CoRoT-2__2026-08-16,692,85,0.1573518729117317,0.5377741124251124,4274.0,14.122578295700206,2.75,263,0.4524714828897338,2.2539087962604873,0.39203035471863035,0.05721886287699334
CoRoT-2,CoRoT-2__2026-08-16,869,75,0.6495658079781141,0.5375304939863127,764.0,52.93446619346151,2.75,263,0.45627376425855515,2.2539087962604873,0.39203035471863035,0.23620574835567787
CoRoT-2,CoRoT-2__2026-08-09,708,85,0.37526491178304733,0.5359365080970522,994.0,32.76676627717845,2.75,282,0.4219858156028369,2.345843003162465,0.2578296935627411,0.13645996792110812
CoRoT-2,CoRoT-2__2026-08-16,866,85,0.13712404355443694,0.5195227808056823,4530.5,12.540321961546047,2.75,263,0.4600760456273764,2.2539087962604873,0.39203035471863035,0.0498632885652498
CoRoT-2,CoRoT-2__2026-08-16,835,84,0.47847741604412225,0.5006554549308555,721.0,44.21423737893226,2.75,263,0.46387832699619774,2.2539087962604873,0.39203035471863035,0.17399178765240808
CoRoT-2,CoRoT-2__2026-08-09,737,85,0.48988063676399407,0.4918761099236064,730.0,46.27835928396383,2.75,282,0.425531914893617,2.345843003162465,0.2578296935627411,0.17813841336872513
CoRoT-2,CoRoT-2__2026-08-09,619,78,0.8751708458214325,0.48673157829584235,373.0,80.43849969227263,2.75,282,0.42907801418439717,2.345843003162465,0.2578296935627411,0.31824394393506633
CoRoT-2,CoRoT-2__2026-08-16,813,85,0.13484720206151712,0.4866975495630166,5353.0,13.083716290901041,2.75,263,0.467680608365019,2.2539087962604873,0.39203035471863035,0.04903534620418804
CoRoT-2,CoRoT-2__2026-08-16,846,75,0.7243466630396019,0.48340679521813007,491.0,64.74477114239576,2.75,263,0.4714828897338403,2.2539087962604873,0.39203035471863035,0.26339878655985527
CoRoT-2,CoRoT-2__2026-08-16,498,82,0.3861581413342979,0.46796700055706675,959.0,37.681139172181325,2.75,263,0.4752851711026616,2.2539087962604873,0.39203035471863035,0.14042114230338104
CoRoT-2,CoRoT-2__2026-08-16,727,84,0.463426344295804,0.46729416729441153,681.5,47.02522496827676,2.75,263,0.4790874524714829,2.2539087962604873,0.39203035471863035,0.16851867065301962
CoRoT-2,CoRoT-2__2026-08-09,574,86,0.2244139297701861,0.4665878217697726,4281.75,23.0357365364606,2.75,282,0.4326241134751773,2.345843003162465,0.2578296935627411,0.08160506537097677
CoRoT-2,CoRoT-2__2026-08-09,308,74,0.48434573718101026,0.45621204922408676,645.0,46.347794240127506,2.75,282,0.43617021276595747,2.345843003162465,0.2578296935627411,0.17612572261127646
CoRoT-2,CoRoT-2__2026-08-09,826,84,0.3717176055207363,0.454884344885741,816.25,37.91254620033198,2.75,282,0.4397163120567376,2.345843003162465,0.2578296935627411,0.13517003837117683
CoRoT-2,CoRoT-2__2026-08-09,860,86,0.32194497435700176,0.45261097364596165,1557.5,34.117138078229026,2.75,282,0.4432624113475177,2.345843003162465,0.2578296935627411,0.11707089976618246
CoRoT-2,CoRoT-2__2026-08-16,981,76,0.7996838960713869,0.45197667816506054,941.25,78.5253048052197,2.75,263,0.4828897338403042,2.2539087962604873,0.39203035471863035,0.2907941440259589
CoRoT-2,CoRoT-2__2026-08-09,538,85,0.572781878052726,0.4498380628845751,646.0,58.65981561238813,2.75,282,0.44680851063829785,2.345843003162465,0.2578296935627411,0.20828431929190036
CoRoT-2,CoRoT-2__2026-08-09,780,85,0.3334904102751259,0.44630566556484264,931.0,35.14511994576045,2.75,282,0.450354609929078,2.345843003162465,0.2578296935627411,0.12126924010004578
CoRoT-2,CoRoT-2__2026-08-16,754,85,0.42760252180764025,0.4440168607813866,804.0,45.017274066387294,2.75,263,0.4866920152091255,2.2539087962604873,0.39203035471863035,0.15549182611186918
CoRoT-2,CoRoT-2__2026-08-09,841,79,0.5190159961658399,0.4289571616892602,506.0,54.0841983661169,2.75,282,0.45390070921985815,2.345843003162465,0.2578296935627411,0.18873308951485088
CoRoT-2,CoRoT-2__2026-08-09,693,77,0.47171702084374,0.42553513605427196,587.5,49.24130440749856,2.75,282,0.4574468085106383,2.345843003162465,0.2578296935627411,0.17153346212499637
CoRoT-2,CoRoT-2__2026-08-16,193,79,0.4414920936112952,0.4053759580246218,590.5,48.64811584284865,2.75,263,0.49049429657794674,2.2539087962604873,0.39203035471863035,0.16054257949501644
CoRoT-2,CoRoT-2__2026-08-16,758,85,0.15078070394578857,0.4030081554855383,2787.0,18.1210713528228,2.75,263,0.49429657794676807,2.2539087962604873,0.39203035471863035,0.05482934688937766
CoRoT-2,CoRoT-2__2026-08-16,923,82,0.38194852917565586,0.39687438362187205,704.25,44.32867158233869,2.75,263,0.49809885931558934,2.2539087962604873,0.39203035471863035,0.13889037424569303
CoRoT-2,CoRoT-2__2026-08-16,834,85,0.3396611762618766,0.39203035471863035,993.0,41.56668241781746,2.75,263,0.5019011406844106,2.2539087962604873,0.39203035471863035,0.12351315500431875
CoRoT-2,CoRoT-2__2026-08-09,759,70,0.8063877717007546,0.3836483826931226,783.5,90.50856897963868,2.75,282,0.46099290780141844,2.345843003162465,0.2578296935627411,0.29323191698209256
CoRoT-2,CoRoT-2__2026-08-16,736,85,0.2539179338860731,0.37237050830097895,1128.0,32.57869887154528,2.75,263,0.5057034220532319,2.2539087962604873,0.39203035471863035,0.09233379414039021
CoRoT-2,CoRoT-2__2026-08-09,631,86,0.1885130011299777,0.36940538824499114,1920.0,23.949586987579302,2.75,282,0.4645390070921986,2.345843003162465,0.2578296935627411,0.06855018222908281
CoRoT-2,CoRoT-2__2026-08-09,908,86,0.24615933676463905,0.36811445701534884,1199.0,31.299602731285304,2.75,282,0.46808510638297873,2.345843003162465,0.2578296935627411,0.08951248609623239
CoRoT-2,CoRoT-2__2026-08-09,551,86,0.20638054768250189,0.36707585107443613,1914.0,26.587159504778725,2.75,282,0.4716312056737589,2.345843003162465,0.2578296935627411,0.07504747188454614
CoRoT-2,CoRoT-2__2026-08-09,738,86,0.22306310482441757,0.36634531843778634,1225.0,28.670581528414825,2.75,282,0.475177304964539,2.345843003162465,0.2578296935627411,0.0811138562997882
CoRoT-2,CoRoT-2__2026-08-09,540,86,0.28006091768080854,0.36396816154121786,1382.25,36.112575533792786,2.75,282,0.4787234042553192,2.345843003162465,0.2578296935627411,0.10184033370211219
CoRoT-2,CoRoT-2__2026-08-16,704,77,0.8862301434595411,0.360081789055752,392.0,106.09246552815398,2.75,263,0.5095057034220533,2.2539087962604873,0.39203035471863035,0.3222655067125604
CoRoT-2,CoRoT-2__2026-08-09,824,84,0.2979328461593928,0.35059132246247154,880.5,38.998636624903675,2.75,282,0.48226950354609927,2.345843003162465,0.2578296935627411,0.10833921678523374
CoRoT-2,CoRoT-2__2026-08-16,1040,82,0.2521497625067878,0.3429282255176198,1153.25,33.84152868419301,2.75,263,0.5133079847908745,2.2539087962604873,0.39203035471863035,0.09169082272974101
CoRoT-2,CoRoT-2__2026-08-09,781,85,0.1943728044387797,0.330577684449222,1292.0,27.074270978177545,2.75,282,0.4858156028368794,2.345843003162465,0.2578296935627411,0.07068101979591988
CoRoT-2,CoRoT-2__2026-08-09,587,77,0.41037685210432134,0.3296300189491903,521.0,55.308178298973345,2.75,282,0.48936170212765956,2.345843003162465,0.2578296935627411,0.14922794621975322
CoRoT-2,CoRoT-2__2026-08-09,642,85,0.32301936741322396,0.32553409032992786,881.0,46.217639473181336,2.75,282,0.4929078014184397,2.345843003162465,0.2578296935627411,0.11746158815026325
CoRoT-2,CoRoT-2__2026-08-16,926,82,0.36164494193872904,0.32269642964424405,897.0,52.191278323033245,2.75,263,0.5171102661596958,2.2539087962604873,0.39203035471863035,0.13150725161408328
CoRoT-2,CoRoT-2__2026-08-09,470,82,0.33578849258699967,0.2993383680264169,648.5,50.96549658813097,2.75,282,0.49645390070921985,2.345843003162465,0.2578296935627411,0.1221049063952726
CoRoT-2,CoRoT-2__2026-08-16,1062,83,0.19235089359539312,0.2818583139219476,1272.0,31.774976919729344,2.75,263,0.5209125475285171,2.2539087962604873,0.39203035471863035,0.06994577948923386
CoRoT-2,CoRoT-2__2026-08-09,609,85,0.2693277679050664,0.26555475520025573,680.0,47.130097331216774,2.75,282,0.5,2.345843003162465,0.2578296935627411,0.09793737014729688
CoRoT-2,CoRoT-2__2026-08-16,838,76,0.35076070323282127,0.26376069330855334,507.25,57.34602537305549,2.75,263,0.5247148288973384,2.2539087962604873,0.39203035471863035,0.12754934663011683
CoRoT-2,CoRoT-2__2026-08-09,883,84,0.14354762191596532,0.2501046319252264,1082.5,26.449881090287047,2.75,282,0.5035460992907801,2.345843003162465,0.2578296935627411,0.05219913524216921
CoRoT-2,CoRoT-2__2026-08-16,1061,85,0.1511060692876616,0.2485680098941259,1187.5,29.048069339858557,2.75,263,0.5285171102661597,2.2539087962604873,0.39203035471863035,0.05494766155914967
CoRoT-2,CoRoT-2__2026-08-16,955,85,0.13018506955307269,0.24116746165429295,1953.0,25.795835312415196,2.75,263,0.532319391634981,2.2539087962604873,0.39203035471863035,0.04734002529202643
CoRoT-2,CoRoT-2__2026-08-09,533,82,0.4347641520540585,0.22379908466553475,406.5,86.9109357729817,2.75,282,0.5070921985815603,2.345843003162465,0.2578296935627411,0.1580960552923849
CoRoT-2,CoRoT-2__2026-08-16,932,85,0.23199141344960325,0.21842019244422647,839.5,49.976274105927246,2.75,263,0.5361216730038023,2.2539087962604873,0.39203035471863035,0.0843605139816739
CoRoT-2,CoRoT-2__2026-08-09,857,86,0.09393729414135069,0.2154893983712944,2374.0,20.737633618880185,2.75,282,0.5106382978723404,2.345843003162465,0.2578296935627411,0.03415901605140025
CoRoT-2,CoRoT-2__2026-08-09,582,81,0.4354066436175388,0.21248176723413043,387.0,93.69675844747877,2.75,282,0.5141843971631206,2.345843003162465,0.2578296935627411,0.15832968858819593
CoRoT-2,CoRoT-2__2026-08-09,76,85,0.16971237350379698,0.21126936372492613,1154.0,37.021742891045434,2.75,282,0.5177304964539007,2.345843003162465,0.2578296935627411,0.061713590365017085
CoRoT-2,CoRoT-2__2026-08-09,94,79,0.34483844409936154,0.2011733178940566,723.0,77.35555564222824,2.75,282,0.5212765957446809,2.345843003162465,0.2578296935627411,0.1253957978543133
CoRoT-2,CoRoT-2__2026-08-09,836,86,0.10849483685783903,0.17468519442325608,1482.0,29.457742637517725,2.75,282,0.524822695035461,2.345843003162465,0.2578296935627411,0.039452667948305105
CoRoT-2,CoRoT-2__2026-08-16,1054,79,0.06966434983096514,0.17459892872114838,2094.0,17.75340281715542,2.75,263,0.5399239543726235,2.2539087962604873,0.39203035471863035,0.02533249084762369
CoRoT-2,CoRoT-2__2026-08-16,859,85,0.036975503057624245,0.16053765018379287,12463.0,10.978762815279966,2.75,263,0.5437262357414449,2.2539087962604873,0.39203035471863035,0.013445637475499726
CoRoT-2,CoRoT-2__2026-08-09,791,84,0.133277565891828,0.158427935474082,1195.5,38.69460754078876,2.75,282,0.5283687943262412,2.345843003162465,0.2578296935627411,0.04846456941521018
CoRoT-2,CoRoT-2__2026-08-16,419,85,0.04817663582066572,0.15735715172246048,2136.5,14.4444520307774,2.75,263,0.5475285171102662,2.2539087962604873,0.39203035471863035,0.01751877666206026
CoRoT-2,CoRoT-2__2026-08-09,914,81,0.12060626713780184,0.13578343164056625,954.0,40.80986511514053,2.75,282,0.5319148936170213,2.345843003162465,0.2578296935627411,0.04385682441374612
CoRoT-2,CoRoT-2__2026-08-16,707,85,0.06821176302097857,0.13316788094845838,1879.0,24.367218488802898,2.75,263,0.5513307984790875,2.2539087962604873,0.39203035471863035,0.024804277462174028
CoRoT-2,CoRoT-2__2026-08-16,690,74,0.1923493570195405,0.12879687467943277,415.0,64.5126129612925,2.75,263,0.5551330798479087,2.2539087962604873,0.39203035471863035,0.06994522073437837
CoRoT-2,CoRoT-2__2026-08-16,638,85,0.05445060065540268,0.1270619222543291,2036.75,20.228674758583978,2.75,263,0.55893536121673,2.2539087962604873,0.39203035471863035,0.01980021842014643
CoRoT-2,CoRoT-2__2026-08-16,1008,85,0.03254885788005589,0.1250065828258838,9401.0,12.551070502267692,2.75,263,0.5627376425855514,2.2539087962604873,0.39203035471863035,0.011835948320020323
CoRoT-2,CoRoT-2__2026-08-09,690,85,0.2698572295277361,0.12301879282325129,1189.5,101.30107727130054,2.75,282,0.5354609929078015,2.345843003162465,0.2578296935627411,0.0981299016464495
CoRoT-2,CoRoT-2__2026-08-16,977,85,0.07846510181513267,0.12075694177683764,1402.5,30.86364137793663,2.75,263,0.5665399239543726,2.2539087962604873,0.39203035471863035,0.02853276429641188
CoRoT-2,CoRoT-2__2026-08-09,893,85,0.11209789244814838,0.11334249931655485,869.0,46.10262504473535,2.75,282,0.5390070921985816,2.345843003162465,0.2578296935627411,0.04076286998114487
CoRoT-2,CoRoT-2__2026-08-16,937,85,0.04039374023065656,0.10933884482665314,2681.0,17.645050516184007,2.75,263,0.5703422053231939,2.2539087962604873,0.39203035471863035,0.01468863281114784
CoRoT-2,CoRoT-2__2026-08-16,927,85,0.0344094040772532,0.09446278004385351,2966.5,17.45413767594697,2.75,263,0.5741444866920152,2.2539087962604873,0.39203035471863035,0.01251251057354662
CoRoT-2,CoRoT-2__2026-08-09,838,84,0.08432873998579801,0.09434164454964677,941.5,41.14858332487506,2.75,282,0.5425531914893617,2.345843003162465,0.2578296935627411,0.030664996358472005
CoRoT-2,CoRoT-2__2026-08-09,724,81,0.11321867806216115,0.0891204697019081,765.0,57.753949871198415,2.75,282,0.5460992907801419,2.345843003162465,0.2578296935627411,0.04117042838624042
CoRoT-2,CoRoT-2__2026-08-09,535,85,0.08642321139824748,0.08858300139495581,704.5,45.813902755355734,2.75,282,0.549645390070922,2.345843003162465,0.2578296935627411,0.03142662232663545
CoRoT-2,CoRoT-2__2026-08-09,565,86,0.048442837512165104,0.07126231223712716,1293.5,32.402449869398986,2.75,282,0.5531914893617021,2.345843003162465,0.2578296935627411,0.01761557727715095
CoRoT-2,CoRoT-2__2026-08-16,151,78,0.09198849502387771,0.06988361808609421,598.25,58.12580650605384,2.75,263,0.5779467680608364,2.2539087962604873,0.39203035471863035,0.03345036182686462
CoRoT-2,CoRoT-2__2026-08-09,723,79,0.1003437819075632,0.06607049174311407,425.5,68.62433482226419,2.75,282,0.5567375886524822,2.345843003162465,0.2578296935627411,0.036488647966386616
CoRoT-2,CoRoT-2__2026-08-16,709,83,0.07271903486741649,0.05455129466728305,953.5,61.94105284773411,2.75,263,0.5817490494296578,2.2539087962604873,0.39203035471863035,0.02644328540633327
CoRoT-2,CoRoT-2__2026-08-09,603,61,0.17438035128699841,0.05291347515263799,289.5,128.402290161774,2.75,282,0.5602836879432624,2.345843003162465,0.2578296935627411,0.06341103683163579
CoRoT-2,CoRoT-2__2026-08-16,404,85,0.02050936589026735,0.042510495975438885,1440.5,23.154105711235314,2.75,263,0.5855513307984791,2.2539087962604873,0.39203035471863035,0.0074579512328244914
CoRoT-2,CoRoT-2__2026-08-16,649,82,0.03769523537368624,0.03343588709100288,712.5,51.818535517797905,2.75,263,0.5893536121673004,2.2539087962604873,0.39203035471863035,0.013707358317704088
CoRoT-2,CoRoT-2__2026-08-09,664,53,0.05828862755490995,0.02293452949135386,377.5,86.75769118734452,2.75,282,0.5638297872340425,2.345843003162465,0.2578296935627411,0.021195864565421798
CoRoT-2,CoRoT-2__2026-08-09,852,84,0.026739373785690832,0.019725426305500456,626.0,62.22016621838075,2.75,282,0.5673758865248227,2.345843003162465,0.2578296935627411,0.009723408649342121
CoRoT-2,CoRoT-2__2026-08-09,753,86,0.0025344186242237323,0.00465514682544437,1576.5,25.449583755897653,2.75,282,0.5709219858156028,2.345843003162465,0.2578296935627411,0.0009216067724449935
CoRoT-2,CoRoT-2__2026-08-09,819,86,-0.0024572782283842813,-0.005513633566233741,1960.0,21.18230403127563,2.75,282,0.574468085106383,2.345843003162465,0.2578296935627411,-0.000893555719412466
CoRoT-2,CoRoT-2__2026-08-09,727,84,-0.004802804264966767,-0.006242257540989442,1050.5,35.10875681918028,2.75,282,0.5780141843971631,2.345843003162465,0.2578296935627411,-0.0017464742781697336
CoRoT-2,CoRoT-2__2026-08-16,941,76,-0.008023335984842216,-0.007263735542402555,687.5,47.391358229810386,2.75,263,0.5931558935361216,2.2539087962604873,0.39203035471863035,-0.002917576721760806
CoRoT-2,CoRoT-2__2026-08-16,827,85,-0.0047530531209220685,-0.010810322789552722,1805.5,21.066473138440198,2.75,263,0.596958174904943,2.2539087962604873,0.39203035471863035,-0.0017283829530625704
CoRoT-2,CoRoT-2__2026-08-09,891,86,-0.009304177243865406,-0.016597576355395837,2161.5,26.784210034613913,2.75,282,0.5815602836879432,2.345843003162465,0.2578296935627411,-0.00338333717958742
CoRoT-2,CoRoT-2__2026-08-09,730,86,-0.010504524160228264,-0.025752087846669606,1976.5,19.35478762446662,2.75,282,0.5851063829787234,2.345843003162465,0.2578296935627411,-0.0038198269673557325
CoRoT-2,CoRoT-2__2026-08-09,771,78,-0.03903612129837867,-0.02989725298124484,585.0,58.32630283366014,2.75,282,0.5886524822695035,2.345843003162465,0.2578296935627411,-0.014194953199410425
CoRoT-2,CoRoT-2__2026-08-16,1018,85,-0.019595322497952313,-0.03565703996382339,1455.0,25.85881396495362,2.75,263,0.6007604562737643,2.2539087962604873,0.39203035471863035,-0.0071255718174372045
CoRoT-2,CoRoT-2__2026-08-16,818,85,-0.019275220633057023,-0.0390164255714878,1893.5,23.3417202364534,2.75,263,0.6045627376425855,2.2539087962604873,0.39203035471863035,-0.007009171139293463
CoRoT-2,CoRoT-2__2026-08-16,748,85,-0.02624322943067112,-0.041005194227098286,3006.5,31.26266226098012,2.75,263,0.6083650190114068,2.2539087962604873,0.39203035471863035,-0.009542992520244044
CoRoT-2,CoRoT-2__2026-08-09,671,82,-0.05101462261677817,-0.04184576357392402,464.0,55.139491680030176,2.75,282,0.5921985815602837,2.345843003162465,0.2578296935627411,-0.018550771860646607
CoRoT-2,CoRoT-2__2026-08-16,997,85,-0.03622222782435019,-0.05811451537216251,1564.5,29.939785298578773,2.75,263,0.6121673003802282,2.2539087962604873,0.39203035471863035,-0.013171719208854614
CoRoT-2,CoRoT-2__2026-08-16,894,85,-0.03619854837497905,-0.07047063623860063,1557.5,24.3729893862226,2.75,263,0.6159695817490495,2.2539087962604873,0.39203035471863035,-0.013163108499992382
CoRoT-2,CoRoT-2__2026-08-09,532,85,-0.03948919067051864,-0.08067745433411738,7548.0,22.544070992875447,2.75,282,0.5957446808510638,2.345843003162465,0.2578296935627411,-0.014359705698370416
CoRoT-2,CoRoT-2__2026-08-16,921,85,-0.07255771304385947,-0.08214520689079802,948.5,42.11997572736782,2.75,263,0.6197718631178707,2.2539087962604873,0.39203035471863035,-0.026384622925039805
CoRoT-2,CoRoT-2__2026-08-09,451,84,-0.08639808730350568,-0.09810668436566458,832.5,40.44054368794639,2.75,282,0.599290780141844,2.345843003162465,0.2578296935627411,-0.03141748629218388
CoRoT-2,CoRoT-2__2026-08-09,625,85,-0.0836566044853609,-0.10124836027247465,985.0,38.53965491239475,2.75,282,0.6028368794326241,2.345843003162465,0.2578296935627411,-0.030420583449222147
CoRoT-2,CoRoT-2__2026-08-16,682,85,-0.06140073227050636,-0.10432049133754558,1302.5,27.711396469229644,2.75,263,0.623574144486692,2.2539087962604873,0.39203035471863035,-0.02232753900745686
CoRoT-2,CoRoT-2__2026-08-16,873,85,-0.07834846490908204,-0.11142303034280211,1191.0,33.50209077741073,2.75,263,0.6273764258555133,2.2539087962604873,0.39203035471863035,-0.028490350876029833
CoRoT-2,CoRoT-2__2026-08-09,858,84,-0.07874351305122558,-0.1139801198005599,1076.0,31.93738134915638,2.75,282,0.6063829787234043,2.345843003162465,0.2578296935627411,-0.02863400474590021
CoRoT-2,CoRoT-2__2026-08-16,950,85,-0.07281903831985068,-0.12411767689931653,1556.5,27.90854252944271,2.75,263,0.6311787072243346,2.2539087962604873,0.39203035471863035,-0.02647965029812752
CoRoT-2,CoRoT-2__2026-08-09,911,85,-0.08906021033250446,-0.1309917336984234,996.0,31.459834183564865,2.75,282,0.6099290780141844,2.345843003162465,0.2578296935627411,-0.03238553103000162
CoRoT-2,CoRoT-2__2026-08-16,658,85,-0.1490684059097189,-0.15787193121425425,897.0,44.514008125271545,2.75,263,0.6349809885931559,2.2539087962604873,0.39203035471863035,-0.0542066930580796
CoRoT-2,CoRoT-2__2026-08-09,796,84,-0.14739427752332118,-0.16569485392243816,807.0,40.402278365145506,2.75,282,0.6134751773049646,2.345843003162465,0.2578296935627411,-0.05359791909938952
CoRoT-2,CoRoT-2__2026-08-16,582,78,-0.13798481459797446,-0.1749370112769735,694.0,34.72038734801388,2.75,263,0.6387832699619772,2.2539087962604873,0.39203035471863035,-0.05017629621744526
CoRoT-2,CoRoT-2__2026-08-16,1001,85,-0.11570076028932334,-0.18165759307159687,1158.5,30.553034674823326,2.75,263,0.6425855513307985,2.2539087962604873,0.39203035471863035,-0.04207300374157213
CoRoT-2,CoRoT-2__2026-08-16,862,81,-0.18853538709871895,-0.18216550329075626,703.5,47.094348124375436,2.75,263,0.6463878326996197,2.2539087962604873,0.39203035471863035,-0.06855832258135235
CoRoT-2,CoRoT-2__2026-08-16,917,85,-0.10944799780701416,-0.18414267847069235,2013.5,27.593510770760215,2.75,263,0.6501901140684411,2.2539087962604873,0.39203035471863035,-0.03979927192982333
CoRoT-2,CoRoT-2__2026-08-16,293,81,-0.20841473822196627,-0.2088524565519631,796.5,45.117138302418404,2.75,263,0.6539923954372624,2.2539087962604873,0.39203035471863035,-0.07578717753526046
CoRoT-2,CoRoT-2__2026-08-16,852,85,-0.07251394599101985,-0.2127842750752327,2821.0,16.07259853037854,2.75,263,0.6577946768060836,2.2539087962604873,0.39203035471863035,-0.026368707633098124
CoRoT-2,CoRoT-2__2026-08-09,267,86,-0.07519111381854894,-0.21287611609549145,2610.0,16.252671167749117,2.75,282,0.6170212765957447,2.345843003162465,0.2578296935627411,-0.027342223206745068
CoRoT-2,CoRoT-2__2026-08-16,666,85,-0.18362124743746341,-0.2141486131812802,772.0,40.29765545941451,2.75,263,0.6615969581749049,2.2539087962604873,0.39203035471863035,-0.06677136270453216
CoRoT-2,CoRoT-2__2026-08-16,712,85,-0.2063935888296766,-0.21867467705699045,809.0,44.815533870162625,2.75,263,0.6653992395437263,2.2539087962604873,0.39203035471863035,-0.0750522141198824
CoRoT-2,CoRoT-2__2026-08-09,534,86,-0.5063795766087265,-0.22141480393074522,1287.0,111.5032582730467,2.75,282,0.6205673758865248,2.345843003162465,0.2578296935627411,-0.1841380278577187
CoRoT-2,CoRoT-2__2026-08-16,761,85,-0.08520551253218953,-0.2254821982171098,3541.5,17.997270644627196,2.75,263,0.6692015209125475,2.2539087962604873,0.39203035471863035,-0.03098382273897801
CoRoT-2,CoRoT-2__2026-08-09,462,84,-0.13804492241403585,-0.2326867363411917,1157.5,27.38203912307065,2.75,282,0.624113475177305,2.345843003162465,0.2578296935627411,-0.05019815360510394
CoRoT-2,CoRoT-2__2026-08-09,546,85,-0.21213879086847487,-0.23344027901146921,1223.0,42.80871168051892,2.75,282,0.6276595744680851,2.345843003162465,0.2578296935627411,-0.07714137849762723
CoRoT-2,CoRoT-2__2026-08-09,881,82,-0.2720320177011376,-0.25566917093919683,609.75,48.29603993441043,2.75,282,0.6312056737588653,2.345843003162465,0.2578296935627411,-0.09892073370950459
CoRoT-2,CoRoT-2__2026-08-09,641,64,-0.4440680703562109,-0.26165517701019536,678.25,69.53585226832175,2.75,282,0.6347517730496454,2.345843003162465,0.2578296935627411,-0.1614792983113494
CoRoT-2,CoRoT-2__2026-08-16,269,83,-0.2058077442548256,-0.2670746097940061,910.5,35.90961316059823,2.75,263,0.6730038022813688,2.2539087962604873,0.39203035471863035,-0.07483917972902748
CoRoT-2,CoRoT-2__2026-08-16,831,79,-0.2791694069787543,-0.27896693830162805,756.5,44.62865195277645,2.75,263,0.6768060836501901,2.2539087962604873,0.39203035471863035,-0.10151614799227429
CoRoT-2,CoRoT-2__2026-08-16,982,76,-0.40046441762974133,-0.28877249003433847,522.0,60.76186745867715,2.75,263,0.6806083650190115,2.2539087962604873,0.39203035471863035,-0.14562342459263322
CoRoT-2,CoRoT-2__2026-08-09,657,73,-0.5029190929807754,-0.292194596475214,467.0,73.83994418286181,2.75,282,0.6382978723404256,2.345843003162465,0.2578296935627411,-0.18287967017482742
CoRoT-2,CoRoT-2__2026-08-16,930,85,-0.18909069667684256,-0.30047291819390237,1138.5,29.979631509318814,2.75,263,0.6844106463878327,2.2539087962604873,0.39203035471863035,-0.06876025333703366
CoRoT-2,CoRoT-2__2026-08-09,899,86,-0.10267521480821756,-0.30515318228667987,3104.0,15.931359123062473,2.75,282,0.6418439716312057,2.345843003162465,0.2578296935627411,-0.03733644174844275
CoRoT-2,CoRoT-2__2026-08-09,683,86,-0.1398867365171988,-0.31102455337497614,1874.25,20.98070193148376,2.75,282,0.6453900709219859,2.345843003162465,0.2578296935627411,-0.05086790418807229
CoRoT-2,CoRoT-2__2026-08-09,605,86,-0.15795778185906675,-0.3220492258113089,2221.0,22.908888424518942,2.75,282,0.648936170212766,2.345843003162465,0.2578296935627411,-0.057439193403297
CoRoT-2,CoRoT-2__2026-08-16,725,85,-0.13016364631608043,-0.3305446725072174,2201.0,18.820052849658385,2.75,263,0.688212927756654,2.2539087962604873,0.39203035471863035,-0.04733223502402925
CoRoT-2,CoRoT-2__2026-08-16,847,82,-0.45746475824702,-0.3370518128701378,584.0,61.16878294828527,2.75,263,0.6920152091254753,2.2539087962604873,0.39203035471863035,-0.16635082118073455
CoRoT-2,CoRoT-2__2026-08-16,978,85,-0.09935926811186424,-0.3400793464722904,6313.0,13.943215910256042,2.75,263,0.6958174904942965,2.2539087962604873,0.39203035471863035,-0.03613064294976882
CoRoT-2,CoRoT-2__2026-08-16,1055,85,-0.0998979726514473,-0.3425762670772069,31018.0,13.615102820556537,2.75,263,0.6996197718631179,2.2539087962604873,0.39203035471863035,-0.0363265355096172
CoRoT-2,CoRoT-2__2026-08-09,673,86,-0.23295205220559323,-0.34573436867397067,1079.0,31.738553786428128,2.75,282,0.6524822695035462,2.345843003162465,0.2578296935627411,-0.08470983716567027
CoRoT-2,CoRoT-2__2026-08-16,663,84,-0.2653204379788179,-0.36215419122445913,1221.5,34.4762475568979,2.75,263,0.7034220532319392,2.2539087962604873,0.39203035471863035,-0.09648015926502468
CoRoT-2,CoRoT-2__2026-08-09,660,85,-0.22423205687121173,-0.3726657948726085,1107.0,28.068970142743236,2.75,282,0.6560283687943262,2.345843003162465,0.2578296935627411,-0.08153892977134972
CoRoT-2,CoRoT-2__2026-08-16,687,84,-0.3173784523867773,-0.37298788243497133,911.75,39.81229874956372,2.75,263,0.7072243346007605,2.2539087962604873,0.39203035471863035,-0.11541034632246448
CoRoT-2,CoRoT-2__2026-08-16,888,85,-0.36899639093773184,-0.37613046234315034,1018.0,46.87404894441774,2.75,263,0.7110266159695817,2.2539087962604873,0.39203035471863035,-0.13418050579553886
CoRoT-2,CoRoT-2__2026-08-16,279,85,-0.23632893555665344,-0.3862497422950941,1097.0,29.313085107992002,2.75,263,0.714828897338403,2.2539087962604873,0.39203035471863035,-0.08593779474787398
CoRoT-2,CoRoT-2__2026-08-16,780,85,-0.2776951021924092,-0.3867323364356082,1167.5,34.224871287401044,2.75,263,0.7186311787072244,2.2539087962604873,0.39203035471863035,-0.10098003716087608
CoRoT-2,CoRoT-2__2026-08-09,698,84,-0.33864495601350686,-0.39218899230653664,906.5,39.887520590095036,2.75,282,0.6595744680851063,2.345843003162465,0.2578296935627411,-0.12314362036854795
CoRoT-2,CoRoT-2__2026-08-09,705,85,-0.3100166248482967,-0.3936214747786973,895.0,36.21888492218154,2.75,282,0.6631205673758865,2.345843003162465,0.2578296935627411,-0.11273331812665334
CoRoT-2,CoRoT-2__2026-08-09,804,84,-0.3844957605953379,-0.41771325505092155,678.0,42.250962226178636,2.75,282,0.6666666666666666,2.345843003162465,0.2578296935627411,-0.13981664021648652
CoRoT-2,CoRoT-2__2026-08-16,898,85,-0.21716989203431455,-0.42315299912289905,1595.0,24.065136069552782,2.75,263,0.7224334600760456,2.2539087962604873,0.39203035471863035,-0.07897086983065983
CoRoT-2,CoRoT-2__2026-08-16,634,73,-0.7959525414885118,-0.4463249508897846,429.5,77.86568166139187,2.75,263,0.7262357414448669,2.2539087962604873,0.39203035471863035,-0.2894372878140043
CoRoT-2,CoRoT-2__2026-08-16,541,85,-0.1392814087602321,-0.4536698556558566,3276.5,14.67230963567521,2.75,263,0.7300380228136882,2.2539087962604873,0.39203035471863035,-0.05064778500372076
CoRoT-2,CoRoT-2__2026-08-16,868,85,-0.22754546935384767,-0.4679050349942925,1874.0,23.294921798034114,2.75,263,0.7338403041825095,2.2539087962604873,0.39203035471863035,-0.0827438070377628
CoRoT-2,CoRoT-2__2026-08-16,689,85,-0.257996653603503,-0.4698584657795016,1491.5,25.978403265075862,2.75,263,0.7376425855513308,2.2539087962604873,0.39203035471863035,-0.09381696494672837
CoRoT-2,CoRoT-2__2026-08-09,284,85,-0.3719619274898585,-0.4801879097103498,1007.0,35.91321346984453,2.75,282,0.6702127659574468,2.345843003162465,0.2578296935627411,-0.1352588827235849
CoRoT-2,CoRoT-2__2026-08-09,897,84,-0.29520485808672187,-0.49266042354228,1031.75,27.704637532856736,2.75,282,0.6737588652482269,2.345843003162465,0.2578296935627411,-0.10734722112244431
CoRoT-2,CoRoT-2__2026-08-09,638,78,-0.8766956308451263,-0.49539228636691013,555.5,78.53073575566975,2.75,282,0.6773049645390071,2.345843003162465,0.2578296935627411,-0.31879841121640956
CoRoT-2,CoRoT-2__2026-08-16,648,81,-0.7620222019320327,-0.5219199446441947,520.0,65.76609495370386,2.75,263,0.7414448669201521,2.2539087962604873,0.39203035471863035,-0.27709898252073917
CoRoT-2,CoRoT-2__2026-08-09,947,67,-0.9833395852810591,-0.5281566524424742,428.0,76.54449164838138,2.75,282,0.6808510638297872,2.345843003162465,0.2578296935627411,-0.3575780310112942
CoRoT-2,CoRoT-2__2026-08-09,677,83,-0.5799791094881792,-0.5284826474651532,803.0,50.0301040216519,2.75,282,0.6843971631205674,2.345843003162465,0.2578296935627411,-0.2109014943593379
CoRoT-2,CoRoT-2__2026-08-16,747,84,-0.3566346690764827,-0.532343522213312,987.75,31.19875293455991,2.75,263,0.7452471482889734,2.2539087962604873,0.39203035471863035,-0.12968533420963008
CoRoT-2,CoRoT-2__2026-08-09,552,84,-0.5584461955327474,-0.5401244292125305,815.0,47.85396611998956,2.75,282,0.6879432624113475,2.345843003162465,0.2578296935627411,-0.20307134383008998
CoRoT-2,CoRoT-2__2026-08-09,931,68,-0.8124399748417171,-0.5556297846711854,501.0,60.63069423558734,2.75,282,0.6914893617021277,2.345843003162465,0.2578296935627411,-0.2954327181242608
CoRoT-2,CoRoT-2__2026-08-09,809,84,-0.4670435964084786,-0.564158205831772,790.5,38.4111240818615,2.75,282,0.6950354609929078,2.345843003162465,0.2578296935627411,-0.1698340350576286
CoRoT-2,CoRoT-2__2026-08-09,760,86,-0.22188884297350975,-0.5667600177330147,2720.5,18.55034018816066,2.75,282,0.6985815602836879,2.345843003162465,0.2578296935627411,-0.08068685199036718
CoRoT-2,CoRoT-2__2026-08-09,859,84,-0.5645203907430029,-0.5897890865618626,745.5,44.0702536402351,2.75,282,0.7021276595744681,2.345843003162465,0.2578296935627411,-0.20528014208836468
CoRoT-2,CoRoT-2__2026-08-16,738,85,-0.37999834096594437,-0.6084251042171733,1108.5,29.677121335281413,2.75,263,0.7490494296577946,2.2539087962604873,0.39203035471863035,-0.13818121489670704
CoRoT-2,CoRoT-2__2026-08-09,670,85,-0.542202658198664,-0.6169460402933634,754.0,40.84291858642233,2.75,282,0.7056737588652482,2.345843003162465,0.2578296935627411,-0.19716460298133234
CoRoT-2,CoRoT-2__2026-08-09,317,84,-0.8277631982064675,-0.6312856818217457,807.25,58.678253169227986,2.75,282,0.7092198581560284,2.345843003162465,0.2578296935627411,-0.3010047993478064
CoRoT-2,CoRoT-2__2026-08-09,721,85,-0.4137596067011834,-0.6397697698033826,1203.0,29.976741565913976,2.75,282,0.7127659574468085,2.345843003162465,0.2578296935627411,-0.15045803880043032
CoRoT-2,CoRoT-2__2026-08-16,781,83,-0.5746035439293583,-0.641946845371274,1122.0,41.90240028462489,2.75,263,0.752851711026616,2.2539087962604873,0.39203035471863035,-0.20894674324703938
CoRoT-2,CoRoT-2__2026-08-09,571,86,-0.4599360524859878,-0.6432223855939379,1513.5,34.08053224648534,2.75,282,0.7163120567375887,2.345843003162465,0.2578296935627411,-0.1672494736312683
CoRoT-2,CoRoT-2__2026-08-16,665,85,-0.561521131136861,-0.6545388610485088,749.0,40.45681793216278,2.75,263,0.7566539923954373,2.2539087962604873,0.39203035471863035,-0.2041895022315858
CoRoT-2,CoRoT-2__2026-08-09,765,86,-1.408318522780943,-0.6589265536766115,2178.0,95.15250617796596,2.75,282,0.7198581560283688,2.345843003162465,0.2578296935627411,-0.5121158264657975
CoRoT-2,CoRoT-2__2026-08-16,635,73,-0.7043760833444419,-0.6790197000231687,739.0,45.33938463349716,2.75,263,0.7604562737642585,2.2539087962604873,0.39203035471863035,-0.25613675757979704
CoRoT-2,CoRoT-2__2026-08-16,694,85,-0.5562758874469662,-0.6927578741700678,979.0,38.41928154512332,2.75,263,0.7642585551330798,2.2539087962604873,0.39203035471863035,-0.2022821408898059
CoRoT-2,CoRoT-2__2026-08-09,465,78,-1.06244742246995,-0.6973880003636247,470.0,68.24545910518097,2.75,282,0.723404255319149,2.345843003162465,0.2578296935627411,-0.3863445172618
CoRoT-2,CoRoT-2__2026-08-16,962,85,-0.15744008016042194,-0.6977458104824407,10592.0,10.858288850281987,2.75,263,0.7680608365019012,2.2539087962604873,0.39203035471863035,-0.05725093824015343
CoRoT-2,CoRoT-2__2026-08-09,562,86,-0.4961050973674708,-0.7005633755530524,1745.0,32.7402757735855,2.75,282,0.7269503546099291,2.345843003162465,0.2578296935627411,-0.1804018535881712
CoRoT-2,CoRoT-2__2026-08-16,677,85,-0.6580997419122085,-0.7048841816992054,902.0,44.37919204752504,2.75,263,0.7718631178707225,2.2539087962604873,0.39203035471863035,-0.23930899705898492
CoRoT-2,CoRoT-2__2026-08-09,762,86,-0.3824691690768363,-0.7066857019103255,1439.5,25.403825692008095,2.75,282,0.7304964539007093,2.345843003162465,0.2578296935627411,-0.13907969784612229
CoRoT-2,CoRoT-2__2026-08-16,1025,77,-0.8473640156877118,-0.721412726764703,608.5,51.048012170810324,2.75,263,0.7756653992395437,2.2539087962604873,0.39203035471863035,-0.3081323693409861
CoRoT-2,CoRoT-2__2026-08-16,778,81,-0.859079711212314,-0.7268114044896848,725.5,53.816099311591984,2.75,263,0.779467680608365,2.2539087962604873,0.39203035471863035,-0.31239262225902326
CoRoT-2,CoRoT-2__2026-08-09,646,86,-0.22811645651908224,-0.7273492242380483,9267.75,14.574853289176334,2.75,282,0.7340425531914894,2.345843003162465,0.2578296935627411,-0.08295143873421172
CoRoT-2,CoRoT-2__2026-08-16,886,85,-0.675200069550392,-0.728434640837663,721.5,44.26323827428738,2.75,263,0.7832699619771863,2.2539087962604873,0.39203035471863035,-0.24552729801832437
CoRoT-2,CoRoT-2__2026-08-09,607,85,-0.9170358468558228,-0.7636669343377421,694.5,56.20215819691311,2.75,282,0.7375886524822695,2.345843003162465,0.2578296935627411,-0.33346758067484467
CoRoT-2,CoRoT-2__2026-08-09,749,86,-0.3471245711774093,-0.7742866145373793,1608.0,20.9346242456817,2.75,282,0.7411347517730497,2.345843003162465,0.2578296935627411,-0.1262271167917852
CoRoT-2,CoRoT-2__2026-08-09,739,85,-0.4643648585708269,-0.7758853454987009,1161.0,27.722869506842876,2.75,282,0.7446808510638298,2.345843003162465,0.2578296935627411,-0.16885994857120978
CoRoT-2,CoRoT-2__2026-08-09,612,86,-0.39128801609918396,-0.7770161028074518,5045.5,23.334377169438003,2.75,282,0.74822695035461,2.345843003162465,0.2578296935627411,-0.14228655130879417
CoRoT-2,CoRoT-2__2026-08-09,542,86,-0.8075450703105647,-0.7927448238814462,949.0,47.833900749452496,2.75,282,0.75177304964539,2.345843003162465,0.2578296935627411,-0.2936527528402053
CoRoT-2,CoRoT-2__2026-08-16,883,85,-0.5293152313439559,-0.7954693682686775,1142.5,31.657682631180364,2.75,263,0.7870722433460076,2.2539087962604873,0.39203035471863035,-0.19247826594325668
CoRoT-2,CoRoT-2__2026-08-16,974,85,-0.40870648326834896,-0.8412114101236778,1573.5,22.977662968790785,2.75,263,0.7908745247148289,2.2539087962604873,0.39203035471863035,-0.14862053937030872
CoRoT-2,CoRoT-2__2026-08-16,1033,78,-0.7727864312112636,-0.8419257883817761,831.5,40.24644850061763,2.75,263,0.7946768060836502,2.2539087962604873,0.39203035471863035,-0.28101324771318675
CoRoT-2,CoRoT-2__2026-08-16,900,83,-1.787757953743465,-0.8739277487762241,918.5,93.98174616366477,2.75,263,0.7984790874524715,2.2539087962604873,0.39203035471863035,-0.6500938013612599
CoRoT-2,CoRoT-2__2026-08-16,860,85,-0.4262517711825684,-0.8815774425883006,2040.5,23.19128050582792,2.75,263,0.8022813688212928,2.2539087962604873,0.39203035471863035,-0.1550006440663885
CoRoT-2,CoRoT-2__2026-08-09,541,83,-0.8781661406882887,-0.8984266231103859,632.0,44.745917098310485,2.75,282,0.7553191489361702,2.345843003162465,0.2578296935627411,-0.31933314206846863
CoRoT-2,CoRoT-2__2026-08-09,567,85,-1.1854929366773264,-0.903105451362846,525.0,61.23315363267246,2.75,282,0.7588652482269503,2.345843003162465,0.2578296935627411,-0.43108834060993684
CoRoT-2,CoRoT-2__2026-08-09,766,83,-0.7844072980314796,-0.9145054453950994,819.0,38.69749468981793,2.75,282,0.7624113475177305,2.345843003162465,0.2578296935627411,-0.28523901746599256
CoRoT-2,CoRoT-2__2026-08-09,637,82,-1.3299854629182826,-0.9145974668638207,639.5,65.24539743013834,2.75,282,0.7659574468085106,2.345843003162465,0.2578296935627411,-0.48363107742483
CoRoT-2,CoRoT-2__2026-08-16,942,85,-0.5083074022911779,-0.9225182608878668,1533.0,25.712787275803763,2.75,263,0.8060836501901141,2.2539087962604873,0.39203035471863035,-0.18483905537861015
CoRoT-2,CoRoT-2__2026-08-09,829,81,-0.8213941810210698,-0.9279259648925514,913.0,40.519919397768966,2.75,282,0.7695035460992907,2.345843003162465,0.2578296935627411,-0.2986887930985708
CoRoT-2,CoRoT-2__2026-08-09,886,86,-0.4134952367895057,-0.9343240678478014,8449.25,21.318870751259237,2.75,282,0.7730496453900709,2.345843003162465,0.2578296935627411,-0.15036190428709298
CoRoT-2,CoRoT-2__2026-08-16,884,81,-0.9380313398006306,-0.9473727535138529,776.0,45.06417525470351,2.75,263,0.8098859315589354,2.2539087962604873,0.39203035471863035,-0.3411023053820475
CoRoT-2,CoRoT-2__2026-08-09,597,79,-1.2700418677336645,-0.9566850042253945,536.0,59.26978238345551,2.75,282,0.776595744680851,2.345843003162465,0.2578296935627411,-0.46183340644860527
CoRoT-2,CoRoT-2__2026-08-16,765,85,-0.767466907133409,-0.9571773719896612,826.5,38.40595588254495,2.75,263,0.8136882129277566,2.2539087962604873,0.39203035471863035,-0.27907887532123965
CoRoT-2,CoRoT-2__2026-08-16,948,82,-0.9888869285695361,-0.9640270561489663,646.75,46.824725042317425,2.75,263,0.8174904942965779,2.2539087962604873,0.39203035471863035,-0.35959524675255855
CoRoT-2,CoRoT-2__2026-08-09,604,86,-0.8089933785905165,-0.9745228502952687,1279.0,38.5100147331132,2.75,282,0.7801418439716312,2.345843003162465,0.2578296935627411,-0.29417941039655143
CoRoT-2,CoRoT-2__2026-08-09,576,86,-0.9385133934770659,-1.0007980553946525,984.0,44.39503997439238,2.75,282,0.7836879432624113,2.345843003162465,0.2578296935627411,-0.34127759762802395
CoRoT-2,CoRoT-2__2026-08-16,849,85,-0.35532629474382177,-1.0019754560764353,2623.5,16.93456814968478,2.75,263,0.8212927756653993,2.2539087962604873,0.39203035471863035,-0.1292095617250261
CoRoT-2,CoRoT-2__2026-08-09,783,86,-0.33584689818781327,-1.003265793479704,5343.75,15.781889605179435,2.75,282,0.7872340425531915,2.345843003162465,0.2578296935627411,-0.12212614479556846
CoRoT-2,CoRoT-2__2026-08-16,750,82,-1.1292483098124215,-1.0042532036323548,725.25,52.042859203682454,2.75,263,0.8250950570342205,2.2539087962604873,0.39203035471863035,-0.4106357490226987
CoRoT-2,CoRoT-2__2026-08-16,753,85,-0.44796757319143615,-1.0119419956613949,1900.0,21.100085351363607,2.75,263,0.8288973384030418,2.2539087962604873,0.39203035471863035,-0.16289729934234043
CoRoT-2,CoRoT-2__2026-08-09,806,86,-0.8116795508983994,-1.021177976811899,1550.75,38.102651536857955,2.75,282,0.7907801418439716,2.345843003162465,0.2578296935627411,-0.2951562003266907
CoRoT-2,CoRoT-2__2026-08-16,654,80,-1.3670856382374228,-1.0286662514579066,631.5,60.035215883265124,2.75,263,0.8326996197718631,2.2539087962604873,0.39203035471863035,-0.49712205026815376
CoRoT-2,CoRoT-2__2026-08-16,241,76,-1.265706260841047,-1.035173876592339,612.25,53.11146192726928,2.75,263,0.8365019011406845,2.2539087962604873,0.39203035471863035,-0.4602568221240171
CoRoT-2,CoRoT-2__2026-08-16,821,85,-0.34654130641351183,-1.0579084271808727,2871.5,15.42306502041107,2.75,263,0.8403041825095057,2.2539087962604873,0.39203035471863035,-0.1260150205140043
CoRoT-2,CoRoT-2__2026-08-16,983,85,-0.81097622452228,-1.0645840600213816,1152.0,36.52154460238154,2.75,263,0.844106463878327,2.2539087962604873,0.39203035471863035,-0.2949004452808291
CoRoT-2,CoRoT-2__2026-08-16,979,85,-0.4057911858981061,-1.0752262972490312,3568.5,18.045713670297335,2.75,263,0.8479087452471483,2.2539087962604873,0.39203035471863035,-0.14756043123567494
CoRoT-2,CoRoT-2__2026-08-16,1052,85,-0.3685675959330796,-1.078352019404625,3095.0,16.42608514578034,2.75,263,0.8517110266159695,2.2539087962604873,0.39203035471863035,-0.13402458033930167
CoRoT-2,CoRoT-2__2026-08-09,752,85,-1.0707322987635142,-1.1014780767493115,827.0,44.87001962436987,2.75,282,0.7943262411347518,2.345843003162465,0.2578296935627411,-0.3893571995503688
CoRoT-2,CoRoT-2__2026-08-09,548,85,-1.126395756327475,-1.1045674547826854,767.0,47.84375027174998,2.75,282,0.7978723404255319,2.345843003162465,0.2578296935627411,-0.4095984568463545
CoRoT-2,CoRoT-2__2026-08-16,808,84,-1.0048584394434548,-1.124617871978129,674.25,41.49582028180327,2.75,263,0.8555133079847909,2.2539087962604873,0.39203035471863035,-0.365403068888529
CoRoT-2,CoRoT-2__2026-08-16,784,79,-1.1695012011439692,-1.1442289176180584,977.5,46.102626448423266,2.75,263,0.8593155893536122,2.2539087962604873,0.39203035471863035,-0.42527316405235244
CoRoT-2,CoRoT-2__2026-08-09,789,84,-1.5706474328998954,-1.1959293627432974,519.0,60.84552462172663,2.75,282,0.8014184397163121,2.345843003162465,0.2578296935627411,-0.5711445210545074
CoRoT-2,CoRoT-2__2026-08-09,581,85,-1.7560470026721957,-1.1970964229555234,945.0,68.83613981349934,2.75,282,0.8049645390070922,2.345843003162465,0.2578296935627411,-0.638562546426253
CoRoT-2,CoRoT-2__2026-08-09,80,86,-0.6908121872652735,-1.2063467943068036,2766.0,26.406791692203385,2.75,282,0.8085106382978723,2.345843003162465,0.2578296935627411,-0.25120443173282675
CoRoT-2,CoRoT-2__2026-08-09,722,84,-1.1303760354489223,-1.2104787307984495,645.5,43.7956341414983,2.75,282,0.8120567375886525,2.345843003162465,0.2578296935627411,-0.4110458310723354
CoRoT-2,CoRoT-2__2026-08-16,946,85,-0.27059831627016145,-1.2128944368183066,12935.0,10.752663321552564,2.75,263,0.8631178707224335,2.2539087962604873,0.39203035471863035,-0.09839938773460416
CoRoT-2,CoRoT-2__2026-08-16,628,43,-3.401399862919552,-1.2158207545380781,351.0,93.29260237260826,2.75,263,0.8669201520912547,2.2539087962604873,0.39203035471863035,-1.2368726774252916
CoRoT-2,CoRoT-2__2026-08-09,531,83,-0.709343947568255,-1.2374745197831747,3040.0,26.50275536334822,2.75,282,0.8156028368794326,2.345843003162465,0.2578296935627411,-0.25794325366118365
CoRoT-2,CoRoT-2__2026-08-09,692,80,-1.4078463781492374,-1.2444623368059136,555.5,51.112832155092875,2.75,282,0.8191489361702128,2.345843003162465,0.2578296935627411,-0.5119441375088136
CoRoT-2,CoRoT-2__2026-08-09,557,75,-1.7724581499884584,-1.2875536161236498,671.0,59.79392808853819,2.75,282,0.8226950354609929,2.345843003162465,0.2578296935627411,-0.6445302363594394
CoRoT-2,CoRoT-2__2026-08-09,580,84,-1.9975679915467246,-1.303264354857069,493.0,70.62641837552489,2.75,282,0.8262411347517731,2.345843003162465,0.2578296935627411,-0.7263883605624453
CoRoT-2,CoRoT-2__2026-08-09,426,85,-0.7552241068634298,-1.30835638245718,1173.5,27.01670144048964,2.75,282,0.8297872340425532,2.345843003162465,0.2578296935627411,-0.2746269479503381
CoRoT-2,CoRoT-2__2026-08-16,1056,85,-0.4663604843903208,-1.3167628747252456,2785.5,16.969035572146048,2.75,263,0.870722433460076,2.2539087962604873,0.39203035471863035,-0.16958563068738938
CoRoT-2,CoRoT-2__2026-08-16,733,85,-0.44815388218588825,-1.3274009207975366,5045.0,16.314303090774658,2.75,263,0.8745247148288974,2.2539087962604873,0.39203035471863035,-0.16296504806759574
CoRoT-2,CoRoT-2__2026-08-16,466,85,-0.9502824732206655,-1.3482709664904753,1249.0,33.930590526751914,2.75,263,0.8783269961977186,2.2539087962604873,0.39203035471863035,-0.3455572629893329
CoRoT-2,CoRoT-2__2026-08-09,769,86,-0.37441379613840564,-1.3599289547935889,3930.75,12.966634376613506,2.75,282,0.8333333333333334,2.345843003162465,0.2578296935627411,-0.1361504713230566
CoRoT-2,CoRoT-2__2026-08-09,694,85,-1.0663616531358258,-1.3677294682553198,904.0,36.33449542410529,2.75,282,0.8368794326241135,2.345843003162465,0.2578296935627411,-0.387767873867573
CoRoT-2,CoRoT-2__2026-08-09,818,83,-2.223421204843816,-1.3775713568165528,697.0,73.59778352503217,2.75,282,0.8404255319148937,2.345843003162465,0.2578296935627411,-0.8085168017613875
CoRoT-2,CoRoT-2__2026-08-09,590,83,-1.9527562171837105,-1.396412055271063,998.5,64.45796618439293,2.75,282,0.8439716312056738,2.345843003162465,0.2578296935627411,-0.7100931698849856
CoRoT-2,CoRoT-2__2026-08-09,132,86,-0.8451170488500516,-1.3999679135736027,1932.75,28.16730586267764,2.75,282,0.8475177304964538,2.345843003162465,0.2578296935627411,-0.3073152904909278
CoRoT-2,CoRoT-2__2026-08-16,902,85,-0.5439469992584134,-1.401459760419898,1691.5,18.553858242308497,2.75,263,0.8821292775665399,2.2539087962604873,0.39203035471863035,-0.19779890882124124
CoRoT-2,CoRoT-2__2026-08-09,640,85,-1.2123147805680339,-1.4051571497096826,831.0,40.30766440614286,2.75,282,0.851063829787234,2.345843003162465,0.2578296935627411,-0.440841738388376
CoRoT-2,CoRoT-2__2026-08-09,709,82,-1.566529252634283,-1.4089913481832455,550.5,50.975537966948885,2.75,282,0.8546099290780141,2.345843003162465,0.2578296935627411,-0.5696470009579211
CoRoT-2,CoRoT-2__2026-08-09,620,85,-1.290837156045341,-1.416631401628798,862.5,42.84369426300904,2.75,282,0.8581560283687943,2.345843003162465,0.2578296935627411,-0.46939532947103313
CoRoT-2,CoRoT-2__2026-08-09,901,84,-1.5766472508788265,-1.421496104853715,690.5,51.12782193965848,2.75,282,0.8617021276595744,2.345843003162465,0.2578296935627411,-0.573326273046846
CoRoT-2,CoRoT-2__2026-08-09,559,85,-1.5930715714285164,-1.4419687199266233,792.5,51.88797015145578,2.75,282,0.8652482269503546,2.345843003162465,0.2578296935627411,-0.5792987532467332
CoRoT-2,CoRoT-2__2026-08-09,606,86,-1.2323240493057022,-1.445715326052952,969.0,39.85754503541269,2.75,282,0.8687943262411347,2.345843003162465,0.2578296935627411,-0.4481178361111644
CoRoT-2,CoRoT-2__2026-08-16,874,85,-0.6034668336911617,-1.4494945510192416,1988.5,20.11111728283808,2.75,263,0.8859315589353612,2.2539087962604873,0.39203035471863035,-0.21944248497860427
CoRoT-2,CoRoT-2__2026-08-09,745,84,-1.1387745365885014,-1.4554447803279322,911.0,36.43217578867124,2.75,282,0.8723404255319149,2.345843003162465,0.2578296935627411,-0.41409983148672774
CoRoT-2,CoRoT-2__2026-08-09,778,86,-0.8617100081519776,-1.4610474539542064,2020.5,27.901711044207936,2.75,282,0.875886524822695,2.345843003162465,0.2578296935627411,-0.3133490938734464
CoRoT-2,CoRoT-2__2026-08-16,791,84,-1.509081271131279,-1.465551536374244,805.5,49.30021769273753,2.75,263,0.8897338403041825,2.2539087962604873,0.39203035471863035,-0.5487568258659197
CoRoT-2,CoRoT-2__2026-08-09,149,85,-1.732912858564343,-1.5008073100606367,640.0,54.209115181937214,2.75,282,0.8794326241134752,2.345843003162465,0.2578296935627411,-0.6301501303870338
CoRoT-2,CoRoT-2__2026-08-09,770,86,-0.5204132135544848,-1.5058298650873452,2818.5,16.312769755167043,2.75,282,0.8829787234042553,2.345843003162465,0.2578296935627411,-0.18924116856526718
CoRoT-2,CoRoT-2__2026-08-16,630,71,-0.6365604372411549,-1.5820558436356003,2836.0,18.290040008363007,2.75,263,0.8935361216730038,2.2539087962604873,0.39203035471863035,-0.23147652263314722
CoRoT-2,CoRoT-2__2026-08-16,809,85,-1.2651112615296995,-1.5912812496221287,1063.0,37.622291785834875,2.75,263,0.8973384030418251,2.2539087962604873,0.39203035471863035,-0.4600404587380726
CoRoT-2,CoRoT-2__2026-08-09,572,86,-1.5925760200138388,-1.6285709514200126,1048.0,46.18227459709578,2.75,282,0.8865248226950354,2.345843003162465,0.2578296935627411,-0.5791185527323051
CoRoT-2,CoRoT-2__2026-08-09,634,85,-1.6569688061768413,-1.6378736132538925,776.0,47.74376085409359,2.75,282,0.8900709219858156,2.345843003162465,0.2578296935627411,-0.6025341113370332
CoRoT-2,CoRoT-2__2026-08-16,1032,85,-1.0033349798907099,-1.6408783319158577,1082.0,29.021630007959306,2.75,263,0.9011406844106464,2.2539087962604873,0.39203035471863035,-0.36484908359662177
CoRoT-2,CoRoT-2__2026-08-09,993,63,-2.582583638690842,-1.6426258685037924,538.5,62.97906088801861,2.75,282,0.8936170212765957,2.345843003162465,0.2578296935627411,-0.9391213231603062
CoRoT-2,CoRoT-2__2026-08-09,649,73,-2.555797973035199,-1.6529314256653231,429.0,65.53208152751417,2.75,282,0.8971631205673759,2.345843003162465,0.2578296935627411,-0.9293810811037088
CoRoT-2,CoRoT-2__2026-08-09,839,84,-1.5803768384790775,-1.6698314730111292,698.0,43.55651494087004,2.75,282,0.900709219858156,2.345843003162465,0.2578296935627411,-0.5746824867196646
CoRoT-2,CoRoT-2__2026-08-09,948,57,-1.936375868864914,-1.6775560511895342,733.0,45.650230665287246,2.75,282,0.9042553191489362,2.345843003162465,0.2578296935627411,-0.7041366795872415
CoRoT-2,CoRoT-2__2026-08-09,595,69,-11.440675854230093,-1.677985332120083,1037.0,279.37272746536485,2.75,282,0.9078014184397163,2.345843003162465,0.2578296935627411,-4.1602457651745794
CoRoT-2,CoRoT-2__2026-08-09,674,86,-0.9135485516156517,-1.6795201523590773,9300.0,25.343056640969486,2.75,282,0.9113475177304965,2.345843003162465,0.2578296935627411,-0.33219947331478245
CoRoT-2,CoRoT-2__2026-08-09,913,81,-0.9587280304690532,-1.6895990364812528,1083.0,26.00022283254962,2.75,282,0.9148936170212766,2.345843003162465,0.2578296935627411,-0.3486283747160193
CoRoT-2,CoRoT-2__2026-08-16,656,85,-0.6426538822591369,-1.7097737487699416,2723.5,17.962812501128994,2.75,263,0.9049429657794676,2.2539087962604873,0.39203035471863035,-0.23369232082150432
CoRoT-2,CoRoT-2__2026-08-09,194,86,-1.0681519218942976,-1.7203525829742616,1354.5,29.14752827749929,2.75,282,0.9184397163120568,2.345843003162465,0.2578296935627411,-0.3884188806888355
CoRoT-2,CoRoT-2__2026-08-09,790,81,-3.537818607261393,-1.724579831181694,708.0,93.63776603895886,2.75,282,0.9219858156028369,2.345843003162465,0.2578296935627411,-1.2864794935495973
CoRoT-2,CoRoT-2__2026-08-09,206,84,-1.799892682386934,-1.7390685012314648,784.875,48.07987077200276,2.75,282,0.925531914893617,2.345843003162465,0.2578296935627411,-0.6545064299588851
CoRoT-2,CoRoT-2__2026-08-09,828,86,-0.751586168365105,-1.744104821038476,5634.75,20.891976453686283,2.75,282,0.9290780141843972,2.345843003162465,0.2578296935627411,-0.2733040612236745
CoRoT-2,CoRoT-2__2026-08-16,804,67,-2.1137490896812223,-1.7706745634490941,771.0,47.98790541819258,2.75,263,0.908745247148289,2.2539087962604873,0.39203035471863035,-0.7686360326113536
CoRoT-2,CoRoT-2__2026-08-09,653,72,-2.6762236253980234,-1.791279080232653,493.75,64.6041989398412,2.75,282,0.9326241134751773,2.345843003162465,0.2578296935627411,-0.973172227417463
CoRoT-2,CoRoT-2__2026-08-09,549,85,-1.687150430175079,-1.8235070754129061,779.0,43.32869344632855,2.75,282,0.9361702127659575,2.345843003162465,0.2578296935627411,-0.6135092473363923
CoRoT-2,CoRoT-2__2026-08-09,594,79,-2.3661244482324815,-1.8384164570958337,498.0,58.35299742489755,2.75,282,0.9397163120567376,2.345843003162465,0.2578296935627411,-0.8604088902663569
CoRoT-2,CoRoT-2__2026-08-09,831,86,-0.6703685899404909,-1.911700644669146,4989.0,17.06922596075816,2.75,282,0.9432624113475178,2.345843003162465,0.2578296935627411,-0.24377039634199668
CoRoT-2,CoRoT-2__2026-08-16,794,84,-1.3570550167591882,-1.9212111715000646,1110.75,33.942485047975914,2.75,263,0.9125475285171103,2.2539087962604873,0.39203035471863035,-0.4934745515487957
CoRoT-2,CoRoT-2__2026-08-16,1010,85,-0.5714134037953584,-1.9246416864408757,3134.0,14.43626832439436,2.75,263,0.9163498098859315,2.2539087962604873,0.39203035471863035,-0.20778669228922125
CoRoT-2,CoRoT-2__2026-08-09,906,84,-1.3924207292195334,-1.9249684879845332,1265.75,33.87992637828583,2.75,282,0.9468085106382979,2.345843003162465,0.2578296935627411,-0.5063348106252848
CoRoT-2,CoRoT-2__2026-08-16,645,85,-0.5276556956902436,-1.9252714281945256,7474.0,13.254133340666206,2.75,263,0.9201520912547528,2.2539087962604873,0.39203035471863035,-0.19187479843281585
CoRoT-2,CoRoT-2__2026-08-16,924,85,-0.5085688943663572,-1.9262939350301693,5354.0,12.706297078129996,2.75,263,0.9239543726235742,2.2539087962604873,0.39203035471863035,-0.18493414340594808
CoRoT-2,CoRoT-2__2026-08-09,933,71,-3.185053241609926,-1.9431941094448753,792.0,70.44252915383457,2.75,282,0.950354609929078,2.345843003162465,0.2578296935627411,-1.158201178767246
CoRoT-2,CoRoT-2__2026-08-09,129,84,-2.842606903747258,-1.9567840958697857,530.5,67.11845675473447,2.75,282,0.9539007092198581,2.345843003162465,0.2578296935627411,-1.0336752377262757
CoRoT-2,CoRoT-2__2026-08-09,529,73,-2.5699782441213523,-1.961269138717898,794.0,56.42078463693383,2.75,282,0.9574468085106383,2.345843003162465,0.2578296935627411,-0.9345375433168553
CoRoT-2,CoRoT-2__2026-08-16,698,81,-3.119719010203021,-1.9799342227321384,494.0,72.00006494091478,2.75,263,0.9277566539923955,2.2539087962604873,0.39203035471863035,-1.1344432764374621
CoRoT-2,CoRoT-2__2026-08-09,905,85,-1.4569534607255847,-2.0106281068129386,1209.0,34.3976625746593,2.75,282,0.9609929078014184,2.345843003162465,0.2578296935627411,-0.5298012584456672
CoRoT-2,CoRoT-2__2026-08-16,774,85,-0.44958869615985897,-2.0380807549294833,9232.0,10.725084678105324,2.75,263,0.9315589353612167,2.2539087962604873,0.39203035471863035,-0.1634867986035851
CoRoT-2,CoRoT-2__2026-08-09,558,85,-2.012625764823606,-2.0402862543630276,924.0,46.41247287675242,2.75,282,0.9645390070921985,2.345843003162465,0.2578296935627411,-0.7318639144813113
CoRoT-2,CoRoT-2__2026-08-16,699,82,-3.255282032020474,-2.100832916320273,908.5,71.82120093986154,2.75,263,0.935361216730038,2.2539087962604873,0.39203035471863035,-1.1837389207347178
CoRoT-2,CoRoT-2__2026-08-16,907,85,-0.3946272543087873,-2.1845177947988255,28643.0,8.928564462252343,2.75,263,0.9391634980988594,2.2539087962604873,0.39203035471863035,-0.14350081974864992
CoRoT-2,CoRoT-2__2026-08-09,589,86,-0.9723367948567883,-2.1987807128130203,17739.5,21.586260194511027,2.75,282,0.9680851063829787,2.345843003162465,0.2578296935627411,-0.35357701631155936
CoRoT-2,CoRoT-2__2026-08-09,672,72,-4.526670559204541,-2.206759303406129,357.5,87.78984344329012,2.75,282,0.9716312056737588,2.345843003162465,0.2578296935627411,-1.646062021528924
CoRoT-2,CoRoT-2__2026-08-16,1059,85,-1.3901528723375955,-2.3242042467932835,1210.5,28.44764861585977,2.75,263,0.9429657794676806,2.2539087962604873,0.39203035471863035,-0.5055101353954893
CoRoT-2,CoRoT-2__2026-08-16,992,85,-0.5513143724198353,-2.3839002012371693,5024.5,11.41739578108078,2.75,263,0.9467680608365019,2.2539087962604873,0.39203035471863035,-0.20047795360721282
CoRoT-2,CoRoT-2__2026-08-16,996,85,-1.4162450257452197,-2.4605709956741553,1085.0,27.82681110659196,2.75,263,0.9505703422053232,2.2539087962604873,0.39203035471863035,-0.51499819118008
CoRoT-2,CoRoT-2__2026-08-09,550,81,-3.396778022409834,-2.463375515429209,491.0,62.95362832191473,2.75,282,0.975177304964539,2.345843003162465,0.2578296935627411,-1.2351920081490304
CoRoT-2,CoRoT-2__2026-08-16,1037,85,-0.7128514587194744,-2.5975717041132076,8483.5,13.558554113825714,2.75,263,0.9543726235741445,2.2539087962604873,0.39203035471863035,-0.25921871226162707
CoRoT-2,CoRoT-2__2026-08-16,906,85,-1.1110277810185099,-2.601820582110323,2741.0,21.084171202970435,2.75,263,0.9581749049429658,2.2539087962604873,0.39203035471863035,-0.40401010218854905
CoRoT-2,CoRoT-2__2026-08-16,752,85,-0.8705857338414051,-2.670980661642506,3181.0,16.06706512538404,2.75,263,0.9619771863117871,2.2539087962604873,0.39203035471863035,-0.3165766304877837
CoRoT-2,CoRoT-2__2026-08-16,643,85,-0.9467032978793779,-2.679593923801256,3049.0,17.388867962990012,2.75,263,0.9657794676806084,2.2539087962604873,0.39203035471863035,-0.34425574468341014
CoRoT-2,CoRoT-2__2026-08-09,618,76,-5.113790065609638,-2.76195462626858,362.5,81.32133922719117,2.75,282,0.9787234042553191,2.345843003162465,0.2578296935627411,-1.85956002385805
CoRoT-2,CoRoT-2__2026-08-16,632,85,-2.631965804305708,-3.023683504132595,40968.0,41.66074425555923,2.75,263,0.9695817490494296,2.2539087962604873,0.39203035471863035,-0.9570784742929846
CoRoT-2,CoRoT-2__2026-08-09,755,84,-8.594669775705732,-3.0858928503951235,998.0,132.94451138608395,2.75,282,0.9822695035460993,2.345843003162465,0.2578296935627411,-3.1253344638929934
CoRoT-2,CoRoT-2__2026-08-09,566,83,-11.346004744294232,-3.104259118963564,1029.0,165.27920915463568,2.75,282,0.9858156028368794,2.345843003162465,0.2578296935627411,-4.125819907016084
CoRoT-2,CoRoT-2__2026-08-09,585,86,-1.5745183622133219,-3.2292117035363317,8206.0,24.43415754047931,2.75,282,0.9893617021276596,2.345843003162465,0.2578296935627411,-0.5725521317139353
CoRoT-2,CoRoT-2__2026-08-16,708,85,-0.9186618058706294,-3.468831963640206,17826.5,13.209995531170271,2.75,263,0.973384030418251,2.2539087962604873,0.39203035471863035,-0.33405883849841067
CoRoT-2,CoRoT-2__2026-08-16,876,85,-1.3964621479316799,-3.603754593473851,2480.0,19.23316377472728,2.75,263,0.9771863117870723,2.2539087962604873,0.39203035471863035,-0.5078044174297017
CoRoT-2,CoRoT-2__2026-08-16,914,85,-1.052239167619257,-3.654112138693798,2843.0,14.489469391891967,2.75,263,0.9809885931558935,2.2539087962604873,0.39203035471863035,-0.38263242458882074
CoRoT-2,CoRoT-2__2026-08-09,383,86,-1.0027805867132054,-3.7114552991364085,9552.75,13.296405421527014,2.75,282,0.9929078014184397,2.345843003162465,0.2578296935627411,-0.3646474860775292
CoRoT-2,CoRoT-2__2026-08-16,968,85,-1.0221548912879734,-3.844548324019142,4988.0,13.623596594732348,2.75,263,0.9847908745247148,2.2539087962604873,0.39203035471863035,-0.3716926877410813
CoRoT-2,CoRoT-2__2026-08-09,848,84,-3.411653691659481,-3.844678262308496,917.0,43.56398901712124,2.75,282,0.9964539007092199,2.345843003162465,0.2578296935627411,-1.2406013424216296
CoRoT-2,CoRoT-2__2026-08-16,953,85,-1.0463310422676904,-3.8963647039164115,9552.5,13.759610279219077,2.75,263,0.9885931558935361,2.2539087962604873,0.39203035471863035,-0.3804840153700692
CoRoT-2,CoRoT-2__2026-08-16,702,81,-1.2366971740862527,-3.977017791761517,8362.5,15.280972406047736,2.75,263,0.9923954372623575,2.2539087962604873,0.39203035471863035,-0.4497080633040919
CoRoT-2,CoRoT-2__2026-08-16,870,82,-3.597001111684748,-4.0356471076568505,1041.5,44.21479169150366,2.75,263,0.9961977186311787,2.2539087962604873,0.39203035471863035,-1.3080004042489992
CoRoT-2,CoRoT-2__2026-08-16,730,85,-1.623971749330676,-4.954896782943465,4563.0,17.462020300757036,2.75,263,1.0,2.2539087962604873,0.39203035471863035,-0.5905351815747912
CoRoT-2,CoRoT-2__2026-08-09,814,84,-6.5570444246097415,-5.111892074422905,666.0,65.90670922448221,2.75,282,1.0,2.345843003162465,0.2578296935627411,-2.384379790767179
HATP-10,HATP-10__2026-09-05,704,71,1.9575844539292822,8.48252045995015,3490.0,12.565907887055017,1.6,128,0.0078125,2.4910924296657506,-0.1582784863565203,1.2234902837058013
HATP-10,HATP-10__2026-09-05,805,71,0.4802229537349502,3.01808418134353,31544.5,5.949016364439594,1.6,128,0.015625,2.4910924296657506,-0.1582784863565203,0.3001393460843439
HATP-10,HATP-10__2026-09-05,759,71,2.3124123135355954,2.8934640895761086,765.0,34.705454711330034,1.6,128,0.0234375,2.4910924296657506,-0.1582784863565203,1.445257695959747
HATP-10,HATP-10__2026-09-05,637,71,3.604036216336552,2.755185516075923,428.5,57.251188103593414,1.6,128,0.03125,2.4910924296657506,-0.1582784863565203,2.2525226352103447
HATP-10,HATP-10__2026-09-05,738,71,3.1647311750983995,2.6942785150492563,563.0,49.994227336191,1.6,128,0.0390625,2.4910924296657506,-0.1582784863565203,1.9779569844364997
HATP-10,HATP-10__2026-09-05,722,71,1.2634600661319388,2.6242116817775947,1358.0,20.2704329014809,1.6,128,0.046875,2.4910924296657506,-0.1582784863565203,0.7896625413324617
HATP-10,HATP-10__2026-09-05,751,71,1.2298676185154236,2.491302114456997,1333.0,19.900448666195885,1.6,128,0.0546875,2.4910924296657506,-0.1582784863565203,0.7686672615721397
HATP-10,HATP-10__2026-09-05,798,71,1.189679284660667,2.4907030150534357,1817.0,18.802391930967282,1.6,128,0.0625,2.4910924296657506,-0.1582784863565203,0.7435495529129168
HATP-10,HATP-10__2026-09-05,765,70,3.648256547702618,2.0810710027728994,350.25,78.68332935779206,1.6,128,0.0703125,2.4910924296657506,-0.1582784863565203,2.280160342314136
HATP-10,HATP-10__2026-09-05,678,71,0.6056677605736174,1.9480417523873843,3918.0,14.01241184150519,1.6,128,0.078125,2.4910924296657506,-0.1582784863565203,0.37854235035851086
HATP-10,HATP-10__2026-09-05,789,71,0.7486337572876763,1.7789067569399493,1826.5,16.252447524805987,1.6,128,0.0859375,2.4910924296657506,-0.1582784863565203,0.46789609830479767
HATP-10,HATP-10__2026-09-05,699,71,0.7754057546204984,1.7771392695074635,1649.0,18.538304191003057,1.6,128,0.09375,2.4910924296657506,-0.1582784863565203,0.4846285966378115
HATP-10,HATP-10__2026-09-05,700,71,2.8557600886161554,1.7471504924648331,379.0,67.71859672464902,1.6,128,0.1015625,2.4910924296657506,-0.1582784863565203,1.784850055385097
HATP-10,HATP-10__2026-09-05,661,71,1.3022898618071967,1.5571613853891706,685.0,34.01184430589603,1.6,128,0.109375,2.4910924296657506,-0.1582784863565203,0.8139311636294979
HATP-10,HATP-10__2026-09-05,780,71,1.434084264089946,1.4307980960538775,815.5,43.22978931808471,1.6,128,0.1171875,2.4910924296657506,-0.1582784863565203,0.8963026650562163
HATP-10,HATP-10__2026-09-05,677,71,2.0060173811924242,1.248366529455407,350.0,68.67918447401458,1.6,128,0.125,2.4910924296657506,-0.1582784863565203,1.253760863245265
HATP-10,HATP-10__2026-09-05,656,71,0.9626344195615147,1.0640773191860837,681.5,38.37378637593695,1.6,128,0.1328125,2.4910924296657506,-0.1582784863565203,0.6016465122259467
HATP-10,HATP-10__2026-09-05,776,71,1.4703809971350603,1.058028673660264,417.0,55.87485292169631,1.6,128,0.140625,2.4910924296657506,-0.1582784863565203,0.9189881232094127
HATP-10,HATP-10__2026-09-05,686,71,0.9216059105243568,0.9887397969842201,782.5,35.84824695871336,1.6,128,0.1484375,2.4910924296657506,-0.1582784863565203,0.576003694077723
HATP-10,HATP-10__2026-09-05,808,65,1.4866477900390602,0.9548371506869944,360.5,60.04159057604982,1.6,128,0.15625,2.4910924296657506,-0.1582784863565203,0.9291548687744126
HATP-10,HATP-10__2026-09-05,701,71,1.2863915475613072,0.886277122975517,504.5,57.26190866711785,1.6,128,0.1640625,2.4910924296657506,-0.1582784863565203,0.803994717225817
HATP-10,HATP-10__2026-09-05,619,71,0.3032410148329714,0.8336948055887521,2269.5,13.500802738925394,1.6,128,0.171875,2.4910924296657506,-0.1582784863565203,0.18952563427060712
HATP-10,HATP-10__2026-09-05,791,68,1.1688109687931467,0.8053804535928903,375.75,60.239148451231976,1.6,128,0.1796875,2.4910924296657506,-0.1582784863565203,0.7305068554957167
HATP-10,HATP-10__2026-09-05,676,68,1.750502252574786,0.782235872931848,276.5,84.15735805833758,1.6,128,0.1875,2.4910924296657506,-0.1582784863565203,1.0940639078592411
HATP-10,HATP-10__2026-09-05,616,64,1.2124412735645553,0.7189315985860346,401.0,62.25676574248899,1.6,128,0.1953125,2.4910924296657506,-0.1582784863565203,0.757775795977847
HATP-10,HATP-10__2026-09-05,682,71,0.7085889920876213,0.6930978339483013,717.5,39.05134998040341,1.6,128,0.203125,2.4910924296657506,-0.1582784863565203,0.4428681200547633
HATP-10,HATP-10__2026-09-05,621,71,0.6375239761628293,0.6886220308046924,740.5,36.24964512760618,1.6,128,0.2109375,2.4910924296657506,-0.1582784863565203,0.3984524851017683
HATP-10,HATP-10__2026-09-05,630,71,0.3184952708871839,0.6510586536254928,1357.5,20.68223398672402,1.6,128,0.21875,2.4910924296657506,-0.1582784863565203,0.1990595443044899
HATP-10,HATP-10__2026-09-05,733,71,1.0589195047844362,0.631108481953622,373.5,64.84819585199426,1.6,128,0.2265625,2.4910924296657506,-0.1582784863565203,0.6618246904902726
HATP-10,HATP-10__2026-09-05,634,69,0.9563312553610124,0.630981161947331,411.0,64.72074816489766,1.6,128,0.234375,2.4910924296657506,-0.1582784863565203,0.5977070346006327
HATP-10,HATP-10__2026-09-05,90,74,23.321492702762516,0.588506846200343,264.5,32814.64981302405,1.6,128,0.2421875,2.4910924296657506,-0.1582784863565203,14.575932939226572
HATP-10,HATP-10__2026-09-05,689,71,0.9079103114113912,0.5813667797943268,340.0,63.448832571441805,1.6,128,0.25,2.4910924296657506,-0.1582784863565203,0.5674439446321194
HATP-10,HATP-10__2026-09-05,726,71,0.4587158752301329,0.5667933851838676,685.5,33.414580109689425,1.6,128,0.2578125,2.4910924296657506,-0.1582784863565203,0.286697422018833
HATP-10,HATP-10__2026-09-05,662,71,1.0255615437897188,0.5285597933536024,294.0,77.14831712642113,1.6,128,0.265625,2.4910924296657506,-0.1582784863565203,0.6409759648685742
HATP-10,HATP-10__2026-09-05,804,68,0.9792653965390674,0.5137979225186985,458.75,71.43960721444992,1.6,128,0.2734375,2.4910924296657506,-0.1582784863565203,0.6120408728369171
HATP-10,HATP-10__2026-09-05,749,71,0.8666548790735921,0.4965480449806972,368.5,67.5114477816338,1.6,128,0.28125,2.4910924296657506,-0.1582784863565203,0.541659299420995
HATP-10,HATP-10__2026-09-05,645,70,1.1058442360514567,0.4616013392698055,266.25,93.07048198326005,1.6,128,0.2890625,2.4910924296657506,-0.1582784863565203,0.6911526475321603
HATP-10,HATP-10__2026-09-05,670,71,0.41353781452693117,0.41075606356221606,691.5,41.481323232807625,1.6,128,0.296875,2.4910924296657506,-0.1582784863565203,0.25846113407933197
HATP-10,HATP-10__2026-09-05,761,71,0.06639802222413718,0.3605263340139747,4412.0,7.51118153668027,1.6,128,0.3046875,2.4910924296657506,-0.1582784863565203,0.041498763890085735
HATP-10,HATP-10__2026-09-05,646,71,0.3957985789799361,0.27799377219617355,479.5,55.6284279342805,1.6,128,0.3125,2.4910924296657506,-0.1582784863565203,0.24737411186246006
HATP-10,HATP-10__2026-09-05,654,71,0.32367948787036044,0.2433472893412396,417.5,53.06561640168616,1.6,128,0.3203125,2.4910924296657506,-0.1582784863565203,0.20229967991897527
HATP-10,HATP-10__2026-09-05,151,87,6.82514185674194,0.21184868879292662,2078.5,5038.262490367406,1.6,128,0.328125,2.4910924296657506,-0.1582784863565203,4.265713660463712
HATP-10,HATP-10__2026-09-05,720,71,0.04502083113123184,0.2099327347789653,3391.5,7.8903147157463325,1.6,128,0.3359375,2.4910924296657506,-0.1582784863565203,0.0281380194570199
HATP-10,HATP-10__2026-09-05,635,71,0.4373493091343339,0.20471381952017634,324.5,82.85016710323704,1.6,128,0.34375,2.4910924296657506,-0.1582784863565203,0.2733433182089587
HATP-10,HATP-10__2026-09-05,707,71,0.1511559980649224,0.19964458499182225,791.5,31.37258198926683,1.6,128,0.3515625,2.4910924296657506,-0.1582784863565203,0.09447249879057648
HATP-10,HATP-10__2026-09-05,42,84,8.117679902109941,0.19300349511542736,268.25,29289.53953400754,1.6,128,0.359375,2.4910924296657506,-0.1582784863565203,5.073549938818713
HATP-10,HATP-10__2026-09-05,779,71,0.0847139918054776,0.17059005564540805,1431.0,18.745490107352417,1.6,128,0.3671875,2.4910924296657506,-0.1582784863565203,0.0529462448784235
HATP-10,HATP-10__2026-09-05,180,87,6.951034231912913,0.16648662892602226,473.0,23973.477514308535,1.6,128,0.375,2.4910924296657506,-0.1582784863565203,4.34439639494557
HATP-10,HATP-10__2026-09-05,196,87,6.1778550333528885,0.16576867998440362,2075.5,9363.392703743273,1.6,128,0.3828125,2.4910924296657506,-0.1582784863565203,3.8611593958455552
HATP-10,HATP-10__2026-09-05,729,71,0.0789550573002197,0.14753962045406227,1475.0,19.689429623031955,1.6,128,0.390625,2.4910924296657506,-0.1582784863565203,0.04934691081263731
HATP-10,HATP-10__2026-09-05,129,87,4.821366839157271,0.14360536720156808,1924.5,5746.315969465238,1.6,128,0.3984375,2.4910924296657506,-0.1582784863565203,3.0133542744732944
HATP-10,HATP-10__2026-09-05,807,71,0.20793937982716929,0.13938453416975743,457.5,59.274225814105826,1.6,128,0.40625,2.4910924296657506,-0.1582784863565203,0.1299621123919808
HATP-10,HATP-10__2026-09-05,766,66,0.31273728987032484,0.12170951457350049,232.25,101.38785319810718,1.6,128,0.4140625,2.4910924296657506,-0.1582784863565203,0.195460806168953
HATP-10,HATP-10__2026-09-05,664,71,0.08536232862760958,0.11536040054162275,844.5,29.40459770707107,1.6,128,0.421875,2.4910924296657506,-0.1582784863565203,0.053351455392255984
HATP-10,HATP-10__2026-09-05,773,71,0.023979053186695368,0.07775270100443356,2568.0,10.766149886681628,1.6,128,0.4296875,2.4910924296657506,-0.1582784863565203,0.014986908241684605
HATP-10,HATP-10__2026-09-05,760,67,-0.028819614175995205,-0.013802523758070217,318.0,84.89374199599973,1.6,128,0.4375,2.4910924296657506,-0.1582784863565203,-0.018012258859997
HATP-10,HATP-10__2026-09-05,778,71,-0.0032675965485374917,-0.023658140457027372,7636.5,5.532298273584446,1.6,128,0.4453125,2.4910924296657506,-0.1582784863565203,-0.002042247842835932
HATP-10,HATP-10__2026-09-05,806,71,-0.02998122612169781,-0.03117575484359971,659.5,37.889943236139025,1.6,128,0.453125,2.4910924296657506,-0.1582784863565203,-0.01873826632606113
HATP-10,HATP-10__2026-09-05,740,59,-0.07226275271068516,-0.06128559639283723,160280.0,44.40669465565589,1.6,128,0.4609375,2.4910924296657506,-0.1582784863565203,-0.04516422044417823
HATP-10,HATP-10__2026-09-05,734,71,-0.049636064500131666,-0.08057685563534947,1067.5,23.5736067792875,1.6,128,0.46875,2.4910924296657506,-0.1582784863565203,-0.03102254031258229
HATP-10,HATP-10__2026-09-05,706,71,-0.1919602331183808,-0.10448447349991338,297.5,72.19672645900705,1.6,128,0.4765625,2.4910924296657506,-0.1582784863565203,-0.119975145698988
HATP-10,HATP-10__2026-09-05,719,71,-0.17705431714467515,-0.13701473331761405,444.0,51.5562401623285,1.6,128,0.484375,2.4910924296657506,-0.1582784863565203,-0.11065894821542197
HATP-10,HATP-10__2026-09-05,703,71,-0.10209174831615539,-0.1402787894876313,743.0,30.664350986250103,1.6,128,0.4921875,2.4910924296657506,-0.1582784863565203,-0.06380734269759711
HATP-10,HATP-10__2026-09-05,782,71,-0.08092031604149587,-0.14757090288462113,1209.5,22.79265467494002,1.6,128,0.5,2.4910924296657506,-0.1582784863565203,-0.050575197525934916
HATP-10,HATP-10__2026-09-05,710,71,-0.11788398245398286,-0.16898606982841946,815.0,28.888042065277062,1.6,128,0.5078125,2.4910924296657506,-0.1582784863565203,-0.07367748903373929
HATP-10,HATP-10__2026-09-05,618,68,-0.5105381793658977,-0.17816178939544397,251.0,115.97982537606433,1.6,128,0.515625,2.4910924296657506,-0.1582784863565203,-0.31908636210368607
HATP-10,HATP-10__2026-09-05,809,67,-0.2789649059602571,-0.23565605037753365,513.0,46.13130112852308,1.6,128,0.5234375,2.4910924296657506,-0.1582784863565203,-0.17435306622516067
HATP-10,HATP-10__2026-09-05,787,69,-0.41288050681586136,-0.2439168537639186,372.5,65.33616045759031,1.6,128,0.53125,2.4910924296657506,-0.1582784863565203,-0.25805031675991336
HATP-10,HATP-10__2026-09-05,763,71,-0.038883961880033825,-0.31170431954819944,8553.0,4.7958133321043706,1.6,128,0.5390625,2.4910924296657506,-0.1582784863565203,-0.02430247617502114
HATP-10,HATP-10__2026-09-05,702,71,-0.379302228473358,-0.3299664039392753,536.5,44.500019237176666,1.6,128,0.546875,2.4910924296657506,-0.1582784863565203,-0.23706389279584872
HATP-10,HATP-10__2026-09-05,644,71,-0.1961674094461521,-0.33520090983036915,1514.25,21.414225799565827,1.6,128,0.5546875,2.4910924296657506,-0.1582784863565203,-0.12260463090384506
HATP-10,HATP-10__2026-09-05,673,71,-0.3839957241914392,-0.33576387274673175,631.5,45.285818260640774,1.6,128,0.5625,2.4910924296657506,-0.1582784863565203,-0.23999732761964948
HATP-10,HATP-10__2026-09-05,698,70,-0.8766393836037994,-0.337230203958338,269.25,103.03869173552208,1.6,128,0.5703125,2.4910924296657506,-0.1582784863565203,-0.5478996147523746
HATP-10,HATP-10__2026-09-05,792,71,-0.19357442793341872,-0.37925083205821486,1203.5,21.14000556527017,1.6,128,0.578125,2.4910924296657506,-0.1582784863565203,-0.1209840174583867
HATP-10,HATP-10__2026-09-05,771,71,-0.17131214599096803,-0.3943160695019503,1772.0,17.816192189913863,1.6,128,0.5859375,2.4910924296657506,-0.1582784863565203,-0.10707009124435501
HATP-10,HATP-10__2026-09-05,747,71,-0.21057336864226472,-0.39907258913459515,1618.0,20.54685372342214,1.6,128,0.59375,2.4910924296657506,-0.1582784863565203,-0.13160835540141544
HATP-10,HATP-10__2026-09-05,679,71,-0.1858501646910138,-0.49633503339862495,2148.5,14.29392442583329,1.6,128,0.6015625,2.4910924296657506,-0.1582784863565203,-0.11615635293188363
HATP-10,HATP-10__2026-09-05,705,69,-1.0186158492021213,-0.5274037976339997,279.0,82.96563623465363,1.6,128,0.609375,2.4910924296657506,-0.1582784863565203,-0.6366349057513258
HATP-10,HATP-10__2026-09-05,685,71,-1.1695434178864643,-0.6249876238406785,319.0,73.82640608736538,1.6,128,0.6171875,2.4910924296657506,-0.1582784863565203,-0.7309646361790402
HATP-10,HATP-10__2026-09-05,665,71,-0.2375748481764247,-0.6254267988356632,1799.0,15.817969640990588,1.6,128,0.625,2.4910924296657506,-0.1582784863565203,-0.14848428011026543
HATP-10,HATP-10__2026-09-05,730,71,-0.443743706405281,-0.7023441789111101,1030.5,27.437073943369555,1.6,128,0.6328125,2.4910924296657506,-0.1582784863565203,-0.2773398165033006
HATP-10,HATP-10__2026-09-05,728,71,-0.6197137392641578,-0.7170277518685312,736.5,36.36202998283151,1.6,128,0.640625,2.4910924296657506,-0.1582784863565203,-0.38732108704009865
HATP-10,HATP-10__2026-09-05,624,71,-3.022097270741514,-0.7655150013167807,550.5,170.46834772167998,1.6,128,0.6484375,2.4910924296657506,-0.1582784863565203,-1.8888107942134462
HATP-10,HATP-10__2026-09-05,713,71,-0.5939721893269672,-0.7808171679771372,819.5,31.82801683977072,1.6,128,0.65625,2.4910924296657506,-0.1582784863565203,-0.37123261832935445
HATP-10,HATP-10__2026-09-05,757,70,-1.6364825080264225,-0.78285474163132,355.25,78.38431725248473,1.6,128,0.6640625,2.4910924296657506,-0.1582784863565203,-1.022801567516514
HATP-10,HATP-10__2026-09-05,786,71,-0.7800393009539333,-0.7849811182943756,630.0,38.24060966309094,1.6,128,0.671875,2.4910924296657506,-0.1582784863565203,-0.4875245630962083
HATP-10,HATP-10__2026-09-05,735,71,-0.57698710022692,-0.815853998951987,934.5,26.516584274994962,1.6,128,0.6796875,2.4910924296657506,-0.1582784863565203,-0.360616937641825
HATP-10,HATP-10__2026-09-05,718,67,-1.7081800930152324,-0.8328846973741841,302.0,88.6655479592574,1.6,128,0.6875,2.4910924296657506,-0.1582784863565203,-1.0676125581345202
HATP-10,HATP-10__2026-09-05,732,71,-0.9936669795611984,-0.8743379951733264,1154.0,38.32427028896802,1.6,128,0.6953125,2.4910924296657506,-0.1582784863565203,-0.621041862225749
HATP-10,HATP-10__2026-09-05,755,67,-1.9940354429003253,-0.8914351331840128,286.5,88.32241780094024,1.6,128,0.703125,2.4910924296657506,-0.1582784863565203,-1.2462721518127033
HATP-10,HATP-10__2026-09-05,744,71,-0.50240969182677,-0.9105331830539679,1433.5,21.082592301131466,1.6,128,0.7109375,2.4910924296657506,-0.1582784863565203,-0.3140060573917312
HATP-10,HATP-10__2026-09-05,697,71,-0.2672589134971939,-0.9259080123000464,2257.0,12.151769264582306,1.6,128,0.71875,2.4910924296657506,-0.1582784863565203,-0.16703682093574618
HATP-10,HATP-10__2026-09-05,715,71,-1.22419327326778,-0.9348535516856403,469.5,51.31172021256774,1.6,128,0.7265625,2.4910924296657506,-0.1582784863565203,-0.7651207957923625
HATP-10,HATP-10__2026-09-05,663,71,-0.9522881920995139,-0.9368632956281646,609.0,37.692116577036195,1.6,128,0.734375,2.4910924296657506,-0.1582784863565203,-0.5951801200621961
HATP-10,HATP-10__2026-09-05,781,70,-1.6974357039455843,-0.978331718420782,360.25,67.1162277120385,1.6,128,0.7421875,2.4910924296657506,-0.1582784863565203,-1.0608973149659902
HATP-10,HATP-10__2026-09-05,802,68,-1.4700136452477324,-0.9901477495169999,364.25,64.36048431801507,1.6,128,0.75,2.4910924296657506,-0.1582784863565203,-0.9187585282798327
HATP-10,HATP-10__2026-09-05,803,71,-0.42447131169627494,-1.016859373318446,1464.5,18.673780941662933,1.6,128,0.7578125,2.4910924296657506,-0.1582784863565203,-0.2652945698101718
HATP-10,HATP-10__2026-09-05,724,70,-1.7581735210367533,-1.0316908525731237,375.75,69.11354212848597,1.6,128,0.765625,2.4910924296657506,-0.1582784863565203,-1.0988584506479708
HATP-10,HATP-10__2026-09-05,783,71,-3.9441732709365906,-1.088329993564878,1869.5,130.50171889538305,1.6,128,0.7734375,2.4910924296657506,-0.1582784863565203,-2.465108294335369
HATP-10,HATP-10__2026-09-05,480,77,-61.65845816246718,-1.145747013532877,382.5,3960.4890564798247,1.6,128,0.78125,2.4910924296657506,-0.1582784863565203,-38.53653635154198
HATP-10,HATP-10__2026-09-05,739,71,-0.33078540297590786,-1.1581446362604375,2238.0,11.550674526627647,1.6,128,0.7890625,2.4910924296657506,-0.1582784863565203,-0.2067408768599424
HATP-10,HATP-10__2026-09-05,795,71,-1.6102463104062432,-1.192553444693469,504.0,56.065541842246624,1.6,128,0.796875,2.4910924296657506,-0.1582784863565203,-1.0064039440039019
HATP-10,HATP-10__2026-09-05,727,71,-1.8449789209020666,-1.303440798718188,385.0,57.33765539508975,1.6,128,0.8046875,2.4910924296657506,-0.1582784863565203,-1.1531118255637915
HATP-10,HATP-10__2026-09-05,659,67,-3.581333856074397,-1.308602771549419,237.5,116.62451577982952,1.6,128,0.8125,2.4910924296657506,-0.1582784863565203,-2.238333660046498
HATP-10,HATP-10__2026-09-05,639,71,-0.39683672237627604,-1.3402288144112164,2682.5,10.46069577336332,1.6,128,0.8203125,2.4910924296657506,-0.1582784863565203,-0.2480229514851725
HATP-10,HATP-10__2026-09-05,567,73,-14.83284435423437,-1.3611144478138926,1621.0,622.9244225826633,1.6,128,0.828125,2.4910924296657506,-0.1582784863565203,-9.27052772139648
HATP-10,HATP-10__2026-09-05,684,71,-1.0980112290375053,-1.3859492732428444,798.0,32.02792919435633,1.6,128,0.8359375,2.4910924296657506,-0.1582784863565203,-0.6862570181484408
HATP-10,HATP-10__2026-09-05,658,71,-1.0773702568953063,-1.3996252587567601,919.5,33.09416126162558,1.6,128,0.84375,2.4910924296657506,-0.1582784863565203,-0.6733564105595664
HATP-10,HATP-10__2026-09-05,640,71,-2.213057386873578,-1.46992224369108,483.0,58.853876634926934,1.6,128,0.8515625,2.4910924296657506,-0.1582784863565203,-1.3831608667959863
HATP-10,HATP-10__2026-09-05,768,69,-2.4224955262549464,-1.4833178557151208,357.5,69.15557999755272,1.6,128,0.859375,2.4910924296657506,-0.1582784863565203,-1.5140597039093413
HATP-10,HATP-10__2026-09-05,770,70,-2.3711235877449526,-1.5172070578870007,393.25,64.44035094395028,1.6,128,0.8671875,2.4910924296657506,-0.1582784863565203,-1.4819522423405953
HATP-10,HATP-10__2026-09-05,660,71,-0.6886500483320479,-1.5699353227210642,1698.5,16.561271369031015,1.6,128,0.875,2.4910924296657506,-0.1582784863565203,-0.4304062802075299
HATP-10,HATP-10__2026-09-05,748,71,-4.308869298811989,-1.5982287719045907,1046.5,127.93396060145825,1.6,128,0.8828125,2.4910924296657506,-0.1582784863565203,-2.693043311757493
HATP-10,HATP-10__2026-09-05,794,71,-1.4653439243343718,-1.6203053613724603,707.0,33.70075234301376,1.6,128,0.890625,2.4910924296657506,-0.1582784863565203,-0.9158399527089823
HATP-10,HATP-10__2026-09-05,752,71,-0.30527227866655965,-1.6550247247353616,6103.0,7.358073146327677,1.6,128,0.8984375,2.4910924296657506,-0.1582784863565203,-0.19079517416659977
HATP-10,HATP-10__2026-09-05,762,71,-1.649338514012394,-1.6742783468758542,2686.5,36.74681862462892,1.6,128,0.90625,2.4910924296657506,-0.1582784863565203,-1.030836571257746
HATP-10,HATP-10__2026-09-05,769,71,-2.0653382778924336,-1.7089901960703124,529.5,47.65872861713156,1.6,128,0.9140625,2.4910924296657506,-0.1582784863565203,-1.290836423682771
HATP-10,HATP-10__2026-09-05,632,70,-3.0697947981072073,-1.7374012151519664,371.25,72.72873769868505,1.6,128,0.921875,2.4910924296657506,-0.1582784863565203,-1.9186217488170045
HATP-10,HATP-10__2026-09-05,631,71,-0.6578005100204629,-1.7440459173510945,5226.5,13.224651556433194,1.6,128,0.9296875,2.4910924296657506,-0.1582784863565203,-0.4111253187627893
HATP-10,HATP-10__2026-09-05,696,71,-0.9485646401139833,-1.766964539244466,1866.5,22.100772004493596,1.6,128,0.9375,2.4910924296657506,-0.1582784863565203,-0.5928529000712396
HATP-10,HATP-10__2026-09-05,650,70,-3.0150103646378352,-1.8227452851424484,491.0,66.33996314483413,1.6,128,0.9453125,2.4910924296657506,-0.1582784863565203,-1.884381477898647
HATP-10,HATP-10__2026-09-05,712,71,-3.134688719358085,-1.9973069693255745,426.5,59.85103440558631,1.6,128,0.953125,2.4910924296657506,-0.1582784863565203,-1.959180449598803
HATP-10,HATP-10__2026-09-05,649,71,-1.6815474015937522,-2.0366906385963697,647.0,34.817156352075266,1.6,128,0.9609375,2.4910924296657506,-0.1582784863565203,-1.050967125996095
HATP-10,HATP-10__2026-09-05,648,71,-3.2913455272881893,-2.1324915182881035,1337.0,56.377009035706315,1.6,128,0.96875,2.4910924296657506,-0.1582784863565203,-2.057090954555118
HATP-10,HATP-10__2026-09-05,655,71,-2.1908653533922444,-2.1492655972201753,786.5,46.56408175469035,1.6,128,0.9765625,2.4910924296657506,-0.1582784863565203,-1.3692908458701527
HATP-10,HATP-10__2026-09-05,743,67,-8.09257744586249,-2.829373878119213,256.0,105.55773566988165,1.6,128,0.984375,2.4910924296657506,-0.1582784863565203,-5.057860903664056
HATP-10,HATP-10__2026-09-05,653,71,-0.9574693103401113,-2.899949946196803,6573.0,11.94343664235332,1.6,128,0.9921875,2.4910924296657506,-0.1582784863565203,-0.5984183189625695
HATP-10,HATP-10__2026-09-05,758,71,-0.7131106465033189,-2.924536821060218,3096.5,9.946592233963901,1.6,128,1.0,2.4910924296657506,-0.1582784863565203,-0.4456941540645743
Qatar-1,Qatar-1__2026-08-18,107,71,4.921001056181815,5.254038349076075,1376.0,50.015414466420275,2.14,185,0.005405405405405406,3.3776872905673345,1.6500579644681186,2.299533203823278
Qatar-1,Qatar-1__2026-08-21,486,73,2.595361205273361,5.163295429096624,1528.0,25.705747487160583,2.14,198,0.005050505050505051,2.3422151037235146,0.08171470452759345,1.2127856099408227
Qatar-1,Qatar-1__2026-08-18,251,71,4.914274175240474,4.2167777771352775,769.0,57.00991461058023,2.14,185,0.010810810810810811,3.3776872905673345,1.6500579644681186,2.2963898015142403
Qatar-1,Qatar-1__2026-08-18,173,71,3.351819429432059,3.7213384911521397,2290.0,42.67768174023854,2.14,185,0.016216216216216217,3.3776872905673345,1.6500579644681186,1.56627076141685
Qatar-1,Qatar-1__2026-08-18,142,71,2.6747928895962994,3.7087351191377946,1766.0,35.36087750221034,2.14,185,0.021621621621621623,3.3776872905673345,1.6500579644681186,1.249903219437523
Qatar-1,Qatar-1__2026-08-18,50,71,4.32502451839393,3.677335601425318,803.0,56.7485465512568,2.14,185,0.02702702702702703,3.3776872905673345,1.6500579644681186,2.021039494576603
Qatar-1,Qatar-1__2026-08-18,303,71,2.597111895786292,3.6319605401078343,1242.0,34.75158748656661,2.14,185,0.032432432432432434,3.3776872905673345,1.6500579644681186,1.2136036896197626
Qatar-1,Qatar-1__2026-08-18,11,71,2.406525175496172,3.5980254905959863,3712.0,33.10626598391627,2.14,185,0.03783783783783784,3.3776872905673345,1.6500579644681186,1.1245444745309214
Qatar-1,Qatar-1__2026-08-18,275,71,2.8286992948015075,3.5066298170596983,1200.0,38.64895432688414,2.14,185,0.043243243243243246,3.3776872905673345,1.6500579644681186,1.321822100374536
Qatar-1,Qatar-1__2026-08-18,230,71,4.710847287297775,3.4118081629001087,514.0,64.69889004240693,2.14,185,0.04864864864864865,3.3776872905673345,1.6500579644681186,2.2013305080830725
Qatar-1,Qatar-1__2026-08-18,62,71,2.2372492420891588,3.3797542167958543,4120.0,32.446204267052856,2.14,185,0.05405405405405406,3.3776872905673345,1.6500579644681186,1.0454435710697003
Qatar-1,Qatar-1__2026-08-21,597,72,1.2250590255801794,3.3775076884830955,2568.5,16.672448917078505,2.14,198,0.010101010101010102,2.3422151037235146,0.08171470452759345,0.5724574885888689
Qatar-1,Qatar-1__2026-08-18,184,71,2.3923351213940443,3.3694195856532563,3448.0,34.27470126449507,2.14,185,0.05945945945945946,3.3776872905673345,1.6500579644681186,1.117913608128058
Qatar-1,Qatar-1__2026-08-18,121,71,2.056174588237196,3.3568318624547,6265.0,29.837781469220335,2.14,185,0.06486486486486487,3.3776872905673345,1.6500579644681186,0.9608292468398111
Qatar-1,Qatar-1__2026-08-18,145,69,2.0242309135749608,3.3534632220710803,2394.0,28.36719979965242,2.14,185,0.07027027027027027,3.3776872905673345,1.6500579644681186,0.9459022960630658
Qatar-1,Qatar-1__2026-08-18,278,71,2.574467293512319,3.3395619306274704,55349.0,37.46007212332363,2.14,185,0.07567567567567568,3.3776872905673345,1.6500579644681186,1.2030220997721117
Qatar-1,Qatar-1__2026-08-18,169,71,2.1276870177456524,3.320351033625516,22196.0,31.541631842183094,2.14,185,0.08108108108108109,3.3776872905673345,1.6500579644681186,0.9942462699746039
Qatar-1,Qatar-1__2026-08-18,152,71,2.814629729327769,3.3006534302367583,2020.0,41.74218961886396,2.14,185,0.08648648648648649,3.3776872905673345,1.6500579644681186,1.3152475370690508
Qatar-1,Qatar-1__2026-08-18,34,71,2.4014440161817134,3.1088588250076694,1971.0,36.87465749870164,2.14,185,0.0918918918918919,3.3776872905673345,1.6500579644681186,1.1221701010194922
Qatar-1,Qatar-1__2026-08-21,468,73,1.896749804477006,3.0911164495090047,1260.0,28.50552948055186,2.14,198,0.015151515151515152,2.3422151037235146,0.08171470452759345,0.8863316843350495
Qatar-1,Qatar-1__2026-08-18,292,71,2.091534408962517,3.082360729329169,2839.0,32.85415484549624,2.14,185,0.0972972972972973,3.3776872905673345,1.6500579644681186,0.977352527552578
Qatar-1,Qatar-1__2026-08-18,181,71,3.0309921268873943,3.0789799620724847,1327.0,47.38785833908381,2.14,185,0.10270270270270271,3.3776872905673345,1.6500579644681186,1.4163514611623338
Qatar-1,Qatar-1__2026-08-18,54,71,1.8900484658676557,3.0747652075063674,9835.0,29.688076802894113,2.14,185,0.10810810810810811,3.3776872905673345,1.6500579644681186,0.8832002176951662
Qatar-1,Qatar-1__2026-08-18,310,71,1.8794827801960619,3.0475206594088364,6216.0,29.72654541451325,2.14,185,0.11351351351351352,3.3776872905673345,1.6500579644681186,0.8782629814000289
Qatar-1,Qatar-1__2026-08-18,7,51,3.9235528649054414,3.0337264012763665,1111.0,52.64276525958052,2.14,185,0.11891891891891893,3.3776872905673345,1.6500579644681186,1.8334359181801128
Qatar-1,Qatar-1__2026-08-21,423,69,5.507334850265713,2.9626886388920366,317.0,83.79564695195207,2.14,198,0.020202020202020204,2.3422151037235146,0.08171470452759345,2.57352095806809
Qatar-1,Qatar-1__2026-08-18,130,71,2.6158345093346966,2.9576216001713513,996.0,40.804458723838756,2.14,185,0.12432432432432433,3.3776872905673345,1.6500579644681186,1.2223525744554657
Qatar-1,Qatar-1__2026-08-18,196,71,2.127498441538693,2.944232390551393,1686.0,34.181157884123486,2.14,185,0.12972972972972974,3.3776872905673345,1.6500579644681186,0.9941581502517256
Qatar-1,Qatar-1__2026-08-18,79,71,1.8959984537613699,2.9382659074180832,3893.0,30.999880154472475,2.14,185,0.13513513513513514,3.3776872905673345,1.6500579644681186,0.885980585869799
Qatar-1,Qatar-1__2026-08-18,299,71,1.8606251029557208,2.9200354259839263,2320.0,30.437641080532952,2.14,185,0.14054054054054055,3.3776872905673345,1.6500579644681186,0.8694509826895891
Qatar-1,Qatar-1__2026-08-18,211,71,3.865416817808439,2.906219997325895,683.0,62.864762548958275,2.14,185,0.14594594594594595,3.3776872905673345,1.6500579644681186,1.8062695410319807
Qatar-1,Qatar-1__2026-08-18,168,71,1.7567963360096095,2.883737218502436,5642.0,29.388228971341924,2.14,185,0.15135135135135136,3.3776872905673345,1.6500579644681186,0.82093286729421
Qatar-1,Qatar-1__2026-08-18,280,71,1.8460672790894546,2.870186044345981,2269.0,30.43589749776291,2.14,185,0.15675675675675677,3.3776872905673345,1.6500579644681186,0.8626482612567544
Qatar-1,Qatar-1__2026-08-18,238,71,1.7812689406869926,2.868869452011485,3845.0,29.72656890419639,2.14,185,0.16216216216216217,3.3776872905673345,1.6500579644681186,0.8323686638724264
Qatar-1,Qatar-1__2026-08-18,316,71,1.7563592672082444,2.8609360459173936,4189.0,29.31604395400989,2.14,185,0.16756756756756758,3.3776872905673345,1.6500579644681186,0.8207286295365628
Qatar-1,Qatar-1__2026-08-18,98,71,1.9922985847584906,2.8438208453353013,2247.0,33.47436011260811,2.14,185,0.17297297297297298,3.3776872905673345,1.6500579644681186,0.9309806470834068
Qatar-1,Qatar-1__2026-08-18,243,71,1.6849908939744782,2.813011314806576,26801.0,28.783428407960056,2.14,185,0.1783783783783784,3.3776872905673345,1.6500579644681186,0.7873789224179805
Qatar-1,Qatar-1__2026-08-18,265,71,2.102494366521262,2.787693272917378,2290.0,36.12893681360078,2.14,185,0.1837837837837838,3.3776872905673345,1.6500579644681186,0.9824740030473186
Qatar-1,Qatar-1__2026-08-18,293,71,2.175844778029577,2.738626409801509,147762.0,38.01877656848466,2.14,185,0.1891891891891892,3.3776872905673345,1.6500579644681186,1.016749896275503
Qatar-1,Qatar-1__2026-08-18,239,71,1.7716126158675727,2.7252388408396864,3827.0,31.090753164637768,2.14,185,0.1945945945945946,3.3776872905673345,1.6500579644681186,0.8278563625549404
Qatar-1,Qatar-1__2026-08-18,246,71,1.9290111237678764,2.7206557673926572,8224.0,34.0958586280274,2.14,185,0.2,3.3776872905673345,1.6500579644681186,0.9014070671812506
Qatar-1,Qatar-1__2026-08-21,279,73,3.0652512704020642,2.7198079952303433,583.0,52.043414457240594,2.14,198,0.025252525252525252,2.3422151037235146,0.08171470452759345,1.4323604067299365
Qatar-1,Qatar-1__2026-08-18,258,71,1.5709100002414291,2.716082220922103,8902.0,27.668194055882758,2.14,185,0.20540540540540542,3.3776872905673345,1.6500579644681186,0.7340700935707613
Qatar-1,Qatar-1__2026-08-21,220,73,1.5192926432432854,2.6793371255654197,1302.0,26.39439234138038,2.14,198,0.030303030303030304,2.3422151037235146,0.08171470452759345,0.7099498332912548
Qatar-1,Qatar-1__2026-08-21,514,73,3.2309249572524887,2.673954586442593,658.0,52.23539937416377,2.14,198,0.03535353535353535,2.3422151037235146,0.08171470452759345,1.509778017407705
Qatar-1,Qatar-1__2026-08-18,199,71,2.4326554865086982,2.632207634106005,986.0,42.68262300579797,2.14,185,0.21081081081081082,3.3776872905673345,1.6500579644681186,1.1367549002377093
Qatar-1,Qatar-1__2026-08-18,264,71,2.3147166358657083,2.623454623183479,1274.0,41.39234108936571,2.14,185,0.21621621621621623,3.3776872905673345,1.6500579644681186,1.081643287787714
Qatar-1,Qatar-1__2026-08-18,22,71,2.976966883899557,2.565301391824447,788.0,53.338001949044575,2.14,185,0.22162162162162163,3.3776872905673345,1.6500579644681186,1.3911060205138117
Qatar-1,Qatar-1__2026-08-18,109,71,1.7082405824006899,2.5574451697932385,4246.0,31.796467277455413,2.14,185,0.22702702702702704,3.3776872905673345,1.6500579644681186,0.7982432628040607
Qatar-1,Qatar-1__2026-08-18,67,71,1.5116513785832664,2.538263615544983,6071.0,28.328535478916816,2.14,185,0.23243243243243245,3.3776872905673345,1.6500579644681186,0.7063791488706852
Qatar-1,Qatar-1__2026-08-18,65,71,2.1196259230034187,2.5229721923603745,1430.0,39.32058207714878,2.14,185,0.23783783783783785,3.3776872905673345,1.6500579644681186,0.9904794032726255
Qatar-1,Qatar-1__2026-08-18,189,69,1.2266941776674365,2.5222128936466155,14555.0,22.28709799705009,2.14,185,0.24324324324324326,3.3776872905673345,1.6500579644681186,0.5732215783492693
Qatar-1,Qatar-1__2026-08-18,245,71,1.6064693285785505,2.5198810813725796,46132.0,30.29585139221187,2.14,185,0.24864864864864866,3.3776872905673345,1.6500579644681186,0.7506866021395096
Qatar-1,Qatar-1__2026-08-21,478,73,0.7958114638123512,2.5136684705214893,2506.0,14.570957258225334,2.14,198,0.04040404040404041,2.3422151037235146,0.08171470452759345,0.3718745158001641
Qatar-1,Qatar-1__2026-08-21,400,73,1.0904256707708777,2.5010275900400405,1665.0,19.543895601973983,2.14,198,0.045454545454545456,2.3422151037235146,0.08171470452759345,0.5095447059676999
Qatar-1,Qatar-1__2026-08-18,165,71,2.7673533076842594,2.4691596968097316,801.0,52.11072888197861,2.14,185,0.25405405405405407,3.3776872905673345,1.6500579644681186,1.2931557512543268
Qatar-1,Qatar-1__2026-08-18,105,71,2.1286154269473094,2.454698627471123,1446.0,40.24203054122235,2.14,185,0.2594594594594595,3.3776872905673345,1.6500579644681186,0.9946801060501446
Qatar-1,Qatar-1__2026-08-18,127,71,2.054171831450199,2.445718587406633,1390.0,39.26925440962811,2.14,185,0.2648648648648649,3.3776872905673345,1.6500579644681186,0.959893379182336
Qatar-1,Qatar-1__2026-08-18,30,71,3.347626532485847,2.425072611565122,562.0,61.78519671873537,2.14,185,0.2702702702702703,3.3776872905673345,1.6500579644681186,1.564311463778433
Qatar-1,Qatar-1__2026-08-21,285,73,1.483102998020521,2.390813725705318,1329.0,27.774458307463426,2.14,198,0.050505050505050504,2.3422151037235146,0.08171470452759345,0.6930387841217388
Qatar-1,Qatar-1__2026-08-18,139,71,1.7602360125326626,2.386154157916385,1787.0,34.19632620786899,2.14,185,0.2756756756756757,3.3776872905673345,1.6500579644681186,0.8225401927722722
Qatar-1,Qatar-1__2026-08-18,287,71,2.1739048347295626,2.3748172957147085,1145.0,41.58339702539881,2.14,185,0.2810810810810811,3.3776872905673345,1.6500579644681186,1.015843380714749
Qatar-1,Qatar-1__2026-08-18,304,71,1.5577721179208253,2.3443227229704267,5644.0,31.345021292861478,2.14,185,0.2864864864864865,3.3776872905673345,1.6500579644681186,0.7279308962246847
Qatar-1,Qatar-1__2026-08-21,516,73,1.6336314887104642,2.3336388763149625,889.0,31.18095659237028,2.14,198,0.05555555555555555,2.3422151037235146,0.08171470452759345,0.7633792003319926
Qatar-1,Qatar-1__2026-08-18,202,71,2.144778621935951,2.301367883337724,1062.0,42.60199227915299,2.14,185,0.2918918918918919,3.3776872905673345,1.6500579644681186,1.0022330009046498
Qatar-1,Qatar-1__2026-08-18,120,71,1.7091995508463242,2.2960191408455786,1148.0,34.36983538635345,2.14,185,0.2972972972972973,3.3776872905673345,1.6500579644681186,0.7986913789001515
Qatar-1,Qatar-1__2026-08-18,140,71,3.5048105799585385,2.2904952236157525,495.0,69.50223020145337,2.14,185,0.3027027027027027,3.3776872905673345,1.6500579644681186,1.6377619532516534
Qatar-1,Qatar-1__2026-08-21,647,73,0.6239377978541407,2.2897755792165433,2509.0,12.09261150690338,2.14,198,0.06060606060606061,2.3422151037235146,0.08171470452759345,0.2915597186234302
Qatar-1,Qatar-1__2026-08-18,102,71,2.5829128464419555,2.2689788320729276,751.0,50.60473915469168,2.14,185,0.3081081081081081,3.3776872905673345,1.6500579644681186,1.2069686198326894
Qatar-1,Qatar-1__2026-08-18,89,54,5.908335851158,2.2666831945019976,333.0,104.22523301654806,2.14,185,0.31351351351351353,3.3776872905673345,1.6500579644681186,2.76090460334486
Qatar-1,Qatar-1__2026-08-18,212,71,1.6622364074552505,2.2521647614661773,1511.0,34.105997366210325,2.14,185,0.31891891891891894,3.3776872905673345,1.6500579644681186,0.776745984792173
Qatar-1,Qatar-1__2026-08-18,223,69,1.0413699479809138,2.243820672388515,3046.0,20.838792092525843,2.14,185,0.32432432432432434,3.3776872905673345,1.6500579644681186,0.48662147101911857
Qatar-1,Qatar-1__2026-08-18,235,71,1.5912853894648562,2.2432728707434477,5051.0,33.534044964943384,2.14,185,0.32972972972972975,3.3776872905673345,1.6500579644681186,0.7435913034882505
Qatar-1,Qatar-1__2026-08-18,20,71,1.5947221658386073,2.241810141365777,2200.0,33.082292802312935,2.14,185,0.33513513513513515,3.3776872905673345,1.6500579644681186,0.7451972737563585
Qatar-1,Qatar-1__2026-08-18,104,71,3.7154571195740913,2.2370288082721506,471.0,74.45997619376767,2.14,185,0.34054054054054056,3.3776872905673345,1.6500579644681186,1.7361949156888277
Qatar-1,Qatar-1__2026-08-18,231,71,1.5000683118703582,2.230539678730775,1495.0,30.649025566545532,2.14,185,0.34594594594594597,3.3776872905673345,1.6500579644681186,0.7009665008739991
Qatar-1,Qatar-1__2026-08-18,222,71,2.3269507977705692,2.230006001141888,908.0,48.05096778895972,2.14,185,0.35135135135135137,3.3776872905673345,1.6500579644681186,1.0873601858740978
Qatar-1,Qatar-1__2026-08-18,117,71,1.5350981520472566,2.2093393155275374,2451.0,32.47757570456741,2.14,185,0.3567567567567568,3.3776872905673345,1.6500579644681186,0.7173355850688115
Qatar-1,Qatar-1__2026-08-18,40,71,3.807789391480424,2.202306957721778,444.0,78.94994796386855,2.14,185,0.3621621621621622,3.3776872905673345,1.6500579644681186,1.779340837140385
Qatar-1,Qatar-1__2026-08-18,155,68,5.198701872230804,2.1767760107978584,333.75,105.11964705235927,2.14,185,0.3675675675675676,3.3776872905673345,1.6500579644681186,2.429299940294768
Qatar-1,Qatar-1__2026-08-18,228,71,3.078631216647317,2.124054540018422,756.0,67.71862466013694,2.14,185,0.372972972972973,3.3776872905673345,1.6500579644681186,1.4386127180594939
Qatar-1,Qatar-1__2026-08-21,387,72,5.855585902003553,2.1142991637535498,222.0,123.85816706762523,2.14,198,0.06565656565656566,2.3422151037235146,0.08171470452759345,2.7362550943941835
Qatar-1,Qatar-1__2026-08-18,39,71,1.609310194476007,2.09978963202026,1733.0,35.01877483382087,2.14,185,0.3783783783783784,3.3776872905673345,1.6500579644681186,0.7520141095682276
Qatar-1,Qatar-1__2026-08-18,283,71,1.2730097367698656,2.0863620142953248,7025.0,28.178612654237668,2.14,185,0.3837837837837838,3.3776872905673345,1.6500579644681186,0.5948643629765726
Qatar-1,Qatar-1__2026-08-21,602,73,0.8724704401614802,2.070312550776954,1818.0,18.533404839575628,2.14,198,0.0707070707070707,2.3422151037235146,0.08171470452759345,0.4076964673651777
Qatar-1,Qatar-1__2026-08-18,94,71,3.483566951078032,2.05670026433364,453.0,77.1573775601847,2.14,185,0.3891891891891892,3.3776872905673345,1.6500579644681186,1.627835023868239
Qatar-1,Qatar-1__2026-08-18,84,71,1.7836631883652292,2.054991673840205,1166.0,39.27333687950494,2.14,185,0.3945945945945946,3.3776872905673345,1.6500579644681186,0.8334874711987051
Qatar-1,Qatar-1__2026-08-18,221,71,1.65001214604048,2.053643612442058,1662.0,37.036329691198475,2.14,185,0.4,3.3776872905673345,1.6500579644681186,0.7710337131030279
Qatar-1,Qatar-1__2026-08-21,83,57,7.9470771108063705,2.0438137192020247,195.0,148.89163851420702,2.14,198,0.07575757575757576,2.3422151037235146,0.08171470452759345,3.713587434956248
Qatar-1,Qatar-1__2026-08-18,217,71,1.4220723093814722,2.042660886593965,2391.0,32.22765120962766,2.14,185,0.40540540540540543,3.3776872905673345,1.6500579644681186,0.6645197707390057
Qatar-1,Qatar-1__2026-08-18,312,69,1.2959750132711971,2.034784859689954,2212.0,28.31425359704883,2.14,185,0.41081081081081083,3.3776872905673345,1.6500579644681186,0.6055958005940173
Qatar-1,Qatar-1__2026-08-18,41,71,1.4575406707145107,2.006147167558544,2037.0,33.179103202491355,2.14,185,0.41621621621621624,3.3776872905673345,1.6500579644681186,0.6810937713619208
Qatar-1,Qatar-1__2026-08-21,654,73,2.635418768805331,1.9773016804570824,547.0,60.62403890863668,2.14,198,0.08080808080808081,2.3422151037235146,0.08171470452759345,1.2315040975725846
Qatar-1,Qatar-1__2026-08-18,234,71,2.9289497419306567,1.9523794168084478,520.0,67.83366215530141,2.14,185,0.42162162162162165,3.3776872905673345,1.6500579644681186,1.3686681037059143
Qatar-1,Qatar-1__2026-08-18,315,69,2.038299736663225,1.8583434072789868,789.0,48.42225945266721,2.14,185,0.42702702702702705,3.3776872905673345,1.6500579644681186,0.9524765124594509
Qatar-1,Qatar-1__2026-08-18,253,70,2.716928864030309,1.8577457076575659,639.0,65.50383212056202,2.14,185,0.43243243243243246,3.3776872905673345,1.6500579644681186,1.2695929271169666
Qatar-1,Qatar-1__2026-08-18,295,71,1.8167617423177191,1.8416453250200477,792.0,43.761659613538875,2.14,185,0.43783783783783786,3.3776872905673345,1.6500579644681186,0.8489540851951958
Qatar-1,Qatar-1__2026-08-18,36,71,2.9705613658271712,1.836205106363526,483.0,71.19171778125421,2.14,185,0.44324324324324327,3.3776872905673345,1.6500579644681186,1.3881127877697061
Qatar-1,Qatar-1__2026-08-18,284,71,1.5379884479348824,1.8170479207666062,1166.0,38.11467618313886,2.14,185,0.4486486486486487,3.3776872905673345,1.6500579644681186,0.7186861906237768
Qatar-1,Qatar-1__2026-08-18,262,71,1.6411670285358226,1.7890061699999114,2001.0,42.53570827200281,2.14,185,0.4540540540540541,3.3776872905673345,1.6500579644681186,0.7669004806242161
Qatar-1,Qatar-1__2026-08-18,24,71,1.6871196053712505,1.7678250297581517,1040.0,42.50923145442379,2.14,185,0.4594594594594595,3.3776872905673345,1.6500579644681186,0.7883736473697431
Qatar-1,Qatar-1__2026-08-18,53,71,1.1695589285874315,1.7627621357910295,1549.0,30.158175461011243,2.14,185,0.4648648648648649,3.3776872905673345,1.6500579644681186,0.5465228638259025
Qatar-1,Qatar-1__2026-08-18,82,68,1.022038377276047,1.7625378993056144,3502.5,25.50501678723663,2.14,185,0.4702702702702703,3.3776872905673345,1.6500579644681186,0.47758802676450796
Qatar-1,Qatar-1__2026-08-18,255,71,1.7956117564111724,1.7488725862771504,822.0,46.46760208730675,2.14,185,0.4756756756756757,3.3776872905673345,1.6500579644681186,0.8390709142108282
Qatar-1,Qatar-1__2026-08-21,394,73,5.24937624299002,1.7450553772619084,258.0,131.73537775008035,2.14,198,0.08585858585858586,2.3422151037235146,0.08171470452759345,2.4529795527990745
Qatar-1,Qatar-1__2026-08-21,138,73,1.27982599462461,1.7363511872578614,1022.0,32.96707682530453,2.14,198,0.09090909090909091,2.3422151037235146,0.08171470452759345,0.5980495301984159
Qatar-1,Qatar-1__2026-08-18,300,71,1.1628486233360553,1.7280938072335366,2496.0,31.190748380792982,2.14,185,0.4810810810810811,3.3776872905673345,1.6500579644681186,0.543387207166381
Qatar-1,Qatar-1__2026-08-18,76,71,1.5987929069131328,1.7113732289329906,1267.0,43.18292045594385,2.14,185,0.4864864864864865,3.3776872905673345,1.6500579644681186,0.7470994892117443
Qatar-1,Qatar-1__2026-08-21,392,73,1.0169237445684634,1.7112675506439856,1410.0,26.02297760335101,2.14,198,0.09595959595959595,2.3422151037235146,0.08171470452759345,0.4751980114805903
Qatar-1,Qatar-1__2026-08-18,177,71,1.8314259610676422,1.7067092640170725,898.0,49.13252556987676,2.14,185,0.4918918918918919,3.3776872905673345,1.6500579644681186,0.8558065238633842
Qatar-1,Qatar-1__2026-08-21,539,72,3.0978301584737,1.705478154678273,386.0,77.7825180469459,2.14,198,0.10101010101010101,2.3422151037235146,0.08171470452759345,1.4475841862026635
Qatar-1,Qatar-1__2026-08-21,398,71,5.629977406692525,1.6851487970754802,220.0,146.4231014364022,2.14,198,0.10606060606060606,2.3422151037235146,0.08171470452759345,2.6308305638750116
Qatar-1,Qatar-1__2026-08-21,540,73,1.9642439157179603,1.6796636685108246,573.0,50.34793291082435,2.14,198,0.1111111111111111,2.3422151037235146,0.08171470452759345,0.9178709886532525
Qatar-1,Qatar-1__2026-08-21,553,73,0.595326023846544,1.670403079450054,2073.0,15.898182544621012,2.14,198,0.11616161616161616,2.3422151037235146,0.08171470452759345,0.27818973076941306
Qatar-1,Qatar-1__2026-08-18,307,63,3.4195356839530193,1.652080787686564,390.0,85.17025715174225,2.14,185,0.4972972972972973,3.3776872905673345,1.6500579644681186,1.5979138710060836
Qatar-1,Qatar-1__2026-08-18,185,71,3.783193932614027,1.6500579644681186,649.0,98.61803585749318,2.14,185,0.5027027027027027,3.3776872905673345,1.6500579644681186,1.7678476320626295
Qatar-1,Qatar-1__2026-08-18,282,63,2.438387293092397,1.6317267156599533,527.0,60.851210898587034,2.14,185,0.5081081081081081,3.3776872905673345,1.6500579644681186,1.1394333145291575
Qatar-1,Qatar-1__2026-08-18,15,71,2.520507986879361,1.6287662474706341,623.0,68.97680889055204,2.14,185,0.5135135135135135,3.3776872905673345,1.6500579644681186,1.1778074705043744
Qatar-1,Qatar-1__2026-08-21,604,65,7.8873264036017545,1.626523036144902,352.0,226.11667171045664,2.14,198,0.12121212121212122,2.3422151037235146,0.08171470452759345,3.6856665437391376
Qatar-1,Qatar-1__2026-08-21,600,73,2.072442812665816,1.6215440363459117,580.0,58.430577684157264,2.14,198,0.12626262626262627,2.3422151037235146,0.08171470452759345,0.9684312208718766
Qatar-1,Qatar-1__2026-08-18,250,71,1.2489358951002203,1.6184882953642596,1218.0,34.40432789022275,2.14,185,0.518918918918919,3.3776872905673345,1.6500579644681186,0.5836149042524393
Qatar-1,Qatar-1__2026-08-18,195,71,1.3593050624736025,1.6126886551536765,1202.0,38.01924613413841,2.14,185,0.5243243243243243,3.3776872905673345,1.6500579644681186,0.6351892815297208
Qatar-1,Qatar-1__2026-08-18,171,71,1.3103106931780433,1.5971246791130596,1896.0,37.329499861923054,2.14,185,0.5297297297297298,3.3776872905673345,1.6500579644681186,0.612294716438338
Qatar-1,Qatar-1__2026-08-18,106,70,2.531080257928234,1.5805854163158284,460.0,68.86373145152332,2.14,185,0.5351351351351351,3.3776872905673345,1.6500579644681186,1.182747784078614
Qatar-1,Qatar-1__2026-08-21,636,73,0.7430135770605241,1.5747437844891887,1751.0,20.04386062466515,2.14,198,0.13131313131313133,2.3422151037235146,0.08171470452759345,0.3472026061030486
Qatar-1,Qatar-1__2026-08-18,248,71,2.4068421578373957,1.5711604097221963,625.0,68.21069781917346,2.14,185,0.5405405405405406,3.3776872905673345,1.6500579644681186,1.1246925971202784
Qatar-1,Qatar-1__2026-08-18,143,71,1.4236933524313515,1.5642647072071831,930.0,40.87502803718624,2.14,185,0.5459459459459459,3.3776872905673345,1.6500579644681186,0.6652772674912857
Qatar-1,Qatar-1__2026-08-21,543,59,3.7528273839331785,1.5578809363056496,280.0,96.20319855369344,2.14,198,0.13636363636363635,2.3422151037235146,0.08171470452759345,1.7536576560435413
Qatar-1,Qatar-1__2026-08-18,96,71,2.0240173830400723,1.5474737873022633,581.0,57.418126829274236,2.14,185,0.5513513513513514,3.3776872905673345,1.6500579644681186,0.9458025154392861
Qatar-1,Qatar-1__2026-08-18,182,71,1.2600268857971166,1.541478545364986,2200.0,37.30432871708826,2.14,185,0.5567567567567567,3.3776872905673345,1.6500579644681186,0.5887976101855685
Qatar-1,Qatar-1__2026-08-18,147,71,1.6824276725200709,1.5402453707043995,823.0,49.10600127698951,2.14,185,0.5621621621621622,3.3776872905673345,1.6500579644681186,0.7861811553832107
Qatar-1,Qatar-1__2026-08-18,48,71,2.4998417447960644,1.526222801689102,448.0,72.48975076364313,2.14,185,0.5675675675675675,3.3776872905673345,1.6500579644681186,1.168150348035544
Qatar-1,Qatar-1__2026-08-18,10,71,2.0590662926602707,1.52472769727076,726.0,59.1915163245562,2.14,185,0.572972972972973,3.3776872905673345,1.6500579644681186,0.9621805105889115
Qatar-1,Qatar-1__2026-08-18,226,71,2.0909207363908986,1.5237001398470038,641.0,61.783814117242734,2.14,185,0.5783783783783784,3.3776872905673345,1.6500579644681186,0.9770657646686441
Qatar-1,Qatar-1__2026-08-18,92,71,1.3092187021381663,1.5022929958898832,1227.0,39.26489949190333,2.14,185,0.5837837837837838,3.3776872905673345,1.6500579644681186,0.6117844402514795
Qatar-1,Qatar-1__2026-08-21,412,73,1.197103976187522,1.5009521211895873,876.5,34.63108233532057,2.14,198,0.1414141414141414,2.3422151037235146,0.08171470452759345,0.5593943813960383
Qatar-1,Qatar-1__2026-08-18,261,65,0.8333013095724442,1.4942814841691774,11725.0,22.942529797390993,2.14,185,0.5891891891891892,3.3776872905673345,1.6500579644681186,0.38939313531422626
Qatar-1,Qatar-1__2026-08-18,80,71,1.279951082228268,1.4927677363597804,1151.0,38.68520303448078,2.14,185,0.5945945945945946,3.3776872905673345,1.6500579644681186,0.5981079823496579
Qatar-1,Qatar-1__2026-08-18,254,71,1.36936720487268,1.4791314884858728,1616.0,40.99863212257785,2.14,185,0.6,3.3776872905673345,1.6500579644681186,0.6398912172302242
Qatar-1,Qatar-1__2026-08-21,451,73,0.5526738355784063,1.457959143401324,2253.0,16.33652108059896,2.14,198,0.14646464646464646,2.3422151037235146,0.08171470452759345,0.2582588016721525
Qatar-1,Qatar-1__2026-08-18,218,71,1.7630441512646606,1.4347253522647612,659.0,54.30544675450912,2.14,185,0.6054054054054054,3.3776872905673345,1.6500579644681186,0.823852407133019
Qatar-1,Qatar-1__2026-08-21,665,73,0.5841575866312979,1.4276363180091451,7587.0,17.96352031657708,2.14,198,0.15151515151515152,2.3422151037235146,0.08171470452759345,0.27297083487443824
Qatar-1,Qatar-1__2026-08-18,25,71,1.5751438630775865,1.3909374856417303,659.0,50.381991067697044,2.14,185,0.6108108108108108,3.3776872905673345,1.6500579644681186,0.7360485341484049
Qatar-1,Qatar-1__2026-08-18,210,71,1.7085163968033814,1.3848053092345016,698.0,55.2098204158144,2.14,185,0.6162162162162163,3.3776872905673345,1.6500579644681186,0.7983721480389633
Qatar-1,Qatar-1__2026-08-18,61,71,1.0183913519809815,1.367947333162107,2072.0,34.06278806451046,2.14,185,0.6216216216216216,3.3776872905673345,1.6500579644681186,0.4758838093369072
Qatar-1,Qatar-1__2026-08-18,149,63,2.656763203465068,1.3522620190979857,410.0,81.84092321829303,2.14,185,0.6270270270270271,3.3776872905673345,1.6500579644681186,1.2414781324603121
Qatar-1,Qatar-1__2026-08-18,174,71,1.082459301199073,1.348007865676678,1844.0,36.554604239103675,2.14,185,0.6324324324324324,3.3776872905673345,1.6500579644681186,0.5058221033640528
Qatar-1,Qatar-1__2026-08-18,101,71,1.4121486815459061,1.3233434585529154,910.0,47.48504111492359,2.14,185,0.6378378378378379,3.3776872905673345,1.6500579644681186,0.6598825614700495
Qatar-1,Qatar-1__2026-08-18,219,71,2.193422078112303,1.3185495077137337,520.0,73.88135813762949,2.14,185,0.6432432432432432,3.3776872905673345,1.6500579644681186,1.0249635879029453
Qatar-1,Qatar-1__2026-08-21,362,72,0.614209706843197,1.3064225916569372,1633.5,20.25082810823448,2.14,198,0.15656565656565657,2.3422151037235146,0.08171470452759345,0.2870138817024285
Qatar-1,Qatar-1__2026-08-21,492,73,1.6568070612292878,1.2693036620618525,559.0,55.98612031498975,2.14,198,0.16161616161616163,2.3422151037235146,0.08171470452759345,0.7742089071164896
Qatar-1,Qatar-1__2026-08-21,525,73,0.37612944394765757,1.2666420617197944,3993.0,12.73752768506792,2.14,198,0.16666666666666666,2.3422151037235146,0.08171470452759345,0.17576142240544745
Qatar-1,Qatar-1__2026-08-21,481,73,1.17609126944957,1.2539716964272078,828.0,40.62175886508195,2.14,198,0.1717171717171717,2.3422151037235146,0.08171470452759345,0.5495753595558738
Qatar-1,Qatar-1__2026-08-18,33,71,1.3239018554269213,1.2511595643936804,950.0,47.04525015525209,2.14,185,0.6486486486486487,3.3776872905673345,1.6500579644681186,0.61864572683501
Qatar-1,Qatar-1__2026-08-21,542,65,3.163725661132491,1.2482819462520323,413.0,101.17076165442126,2.14,198,0.17676767676767677,2.3422151037235146,0.08171470452759345,1.4783764771647152
Qatar-1,Qatar-1__2026-08-21,541,62,2.422165939595992,1.2438762243725643,360.5,79.0239171053778,2.14,198,0.18181818181818182,2.3422151037235146,0.08171470452759345,1.1318532428018653
Qatar-1,Qatar-1__2026-08-21,404,73,0.2916201265567792,1.2433198296835772,4117.0,10.377506331067675,2.14,198,0.18686868686868688,2.3422151037235146,0.08171470452759345,0.13627108717606504
Qatar-1,Qatar-1__2026-08-21,660,73,0.5163833483732472,1.2376214411278137,1692.0,18.115796613370765,2.14,198,0.1919191919191919,2.3422151037235146,0.08171470452759345,0.24130063008095662
Qatar-1,Qatar-1__2026-08-21,441,73,0.5875526207990854,1.229664943720962,1681.0,21.172004289534495,2.14,198,0.19696969696969696,2.3422151037235146,0.08171470452759345,0.27455729943882495
Qatar-1,Qatar-1__2026-08-18,179,71,1.5819434463471782,1.2216069292128737,638.0,58.17601762886365,2.14,185,0.654054054054054,3.3776872905673345,1.6500579644681186,0.7392259095080271
Qatar-1,Qatar-1__2026-08-21,485,73,1.7808234217813472,1.219129119128362,500.0,62.29381470131345,2.14,198,0.20202020202020202,2.3422151037235146,0.08171470452759345,0.8321604774679192
Qatar-1,Qatar-1__2026-08-21,432,73,0.6968931387167513,1.2177365904582524,1068.0,24.748361429822474,2.14,198,0.20707070707070707,2.3422151037235146,0.08171470452759345,0.325650999400351
Qatar-1,Qatar-1__2026-08-18,77,70,2.7587700204544063,1.2023756934127265,328.0,100.52903668570708,2.14,185,0.6594594594594595,3.3776872905673345,1.6500579644681186,1.2891448693712177
Qatar-1,Qatar-1__2026-08-21,556,73,0.41612020452452336,1.1683129514398407,2032.0,15.188268013425667,2.14,198,0.21212121212121213,2.3422151037235146,0.08171470452759345,0.1944486937030483
Qatar-1,Qatar-1__2026-08-18,83,71,2.338297303422852,1.159851243897283,367.0,88.97610321664907,2.14,185,0.6648648648648648,3.3776872905673345,1.6500579644681186,1.0926622913190898
Qatar-1,Qatar-1__2026-08-21,455,73,0.19261180953104512,1.157479146896897,6673.0,7.142336435999898,2.14,198,0.21717171717171718,2.3422151037235146,0.08171470452759345,0.09000551847245099
Qatar-1,Qatar-1__2026-08-21,409,73,1.4472934746386517,1.1566951458850343,551.0,54.38827258624397,2.14,198,0.2222222222222222,2.3422151037235146,0.08171470452759345,0.6763053619806783
Qatar-1,Qatar-1__2026-08-18,157,66,2.3373217311060035,1.1526071264320077,349.0,85.5590737253636,2.14,185,0.6702702702702703,3.3776872905673345,1.6500579644681186,1.0922064164046745
Qatar-1,Qatar-1__2026-08-21,651,73,1.5460025141829088,1.1510102529695618,489.0,59.43740595104572,2.14,198,0.22727272727272727,2.3422151037235146,0.08171470452759345,0.7224310813938826
Qatar-1,Qatar-1__2026-08-18,269,64,2.4224360068969655,1.1109747655289515,355.0,89.71855728428847,2.14,185,0.6756756756756757,3.3776872905673345,1.6500579644681186,1.1319794424752174
Qatar-1,Qatar-1__2026-08-21,639,73,0.17610473188364886,1.1044360962761204,9817.0,7.321670072201023,2.14,198,0.23232323232323232,2.3422151037235146,0.08171470452759345,0.0822919307867518
Qatar-1,Qatar-1__2026-08-18,216,65,2.7811244358329485,1.0967219081793738,311.0,105.44689603019108,2.14,185,0.6810810810810811,3.3776872905673345,1.6500579644681186,1.2995908578658637
Qatar-1,Qatar-1__2026-08-18,49,71,2.2135878250351246,1.0835071469258322,381.0,89.956108772325,2.14,185,0.6864864864864865,3.3776872905673345,1.6500579644681186,1.034386834128563
Qatar-1,Qatar-1__2026-08-21,405,73,1.752524036733772,1.0691226215104144,454.0,72.53458413268291,2.14,198,0.23737373737373738,2.3422151037235146,0.08171470452759345,0.8189364657634448
Qatar-1,Qatar-1__2026-08-18,276,59,2.4967017446833175,1.0364361819483705,343.5,97.29698268002132,2.14,185,0.6918918918918919,3.3776872905673345,1.6500579644681186,1.1666830582632324
Qatar-1,Qatar-1__2026-08-18,16,71,2.0380508138960214,1.027087677084362,422.0,88.32855894873046,2.14,185,0.6972972972972973,3.3776872905673345,1.6500579644681186,0.9523601934093557
Qatar-1,Qatar-1__2026-08-21,366,73,1.5093483049621792,1.0268770124653608,527.0,64.59165438512694,2.14,198,0.24242424242424243,2.3422151037235146,0.08171470452759345,0.7053029462440089
Qatar-1,Qatar-1__2026-08-21,626,73,0.14208191330206363,1.0149643069342809,29471.0,5.790415515406841,2.14,198,0.2474747474747475,2.3422151037235146,0.08171470452759345,0.06639341743087085
Qatar-1,Qatar-1__2026-08-21,446,73,13.648281799533201,1.012513284282392,402.0,727.8467576516186,2.14,198,0.25252525252525254,2.3422151037235146,0.08171470452759345,6.377701775482804
Qatar-1,Qatar-1__2026-08-21,667,73,0.2272928864504036,0.9997077423400424,3725.0,9.595720382968475,2.14,198,0.25757575757575757,2.3422151037235146,0.08171470452759345,0.10621162918243159
Qatar-1,Qatar-1__2026-08-21,490,73,1.0975585841054363,0.977948588640581,639.0,48.531550537030384,2.14,198,0.26262626262626265,2.3422151037235146,0.08171470452759345,0.5128778430399235
Qatar-1,Qatar-1__2026-08-21,675,69,0.9661409530905508,0.9730828816516017,712.0,41.51264184609812,2.14,198,0.2676767676767677,2.3422151037235146,0.08171470452759345,0.4514677350890424
Qatar-1,Qatar-1__2026-08-18,159,71,1.4279710477986496,0.961479386751026,526.0,66.01177418326343,2.14,185,0.7027027027027027,3.3776872905673345,1.6500579644681186,0.6672761905601166
Qatar-1,Qatar-1__2026-08-18,291,71,0.8175140606597204,0.9539571429157171,973.0,37.459131937441036,2.14,185,0.7081081081081081,3.3776872905673345,1.6500579644681186,0.382015916196131
Qatar-1,Qatar-1__2026-08-21,531,61,1.59144517141477,0.9531660443082998,450.0,65.52642844686578,2.14,198,0.2727272727272727,2.3422151037235146,0.08171470452759345,0.7436659679508271
Qatar-1,Qatar-1__2026-08-18,309,69,1.2791042452550474,0.938865825718707,475.0,58.94319664765738,2.14,185,0.7135135135135136,3.3776872905673345,1.6500579644681186,0.5977122641378726
Qatar-1,Qatar-1__2026-08-21,616,73,0.17602925061213348,0.9382445099728359,5499.0,8.264274124506393,2.14,198,0.2777777777777778,2.3422151037235146,0.08171470452759345,0.08225665916454836
Qatar-1,Qatar-1__2026-08-21,425,73,1.208508378302637,0.9216332884146372,536.5,56.95307996013365,2.14,198,0.2828282828282828,2.3422151037235146,0.08171470452759345,0.5647235412629145
Qatar-1,Qatar-1__2026-08-18,63,71,1.8619017596501217,0.9164898832061685,395.0,88.86076319150911,2.14,185,0.7189189189189189,3.3776872905673345,1.6500579644681186,0.8700475512383746
Qatar-1,Qatar-1__2026-08-18,37,71,1.0680615096319206,0.901969550342557,837.0,51.61279830721781,2.14,185,0.7243243243243244,3.3776872905673345,1.6500579644681186,0.4990941633794021
Qatar-1,Qatar-1__2026-08-18,209,71,1.06967603692284,0.8953651074766473,856.0,53.29317553343638,2.14,185,0.7297297297297297,3.3776872905673345,1.6500579644681186,0.49984861538450465
Qatar-1,Qatar-1__2026-08-21,627,52,1.8772293591625613,0.8946548990149215,369.0,76.06275958840659,2.14,198,0.2878787878787879,2.3422151037235146,0.08171470452759345,0.8772099809170847
Qatar-1,Qatar-1__2026-08-21,421,73,0.9965318951512943,0.8814877255080578,628.0,49.47663084923629,2.14,198,0.29292929292929293,2.3422151037235146,0.08171470452759345,0.46566910988378235
Qatar-1,Qatar-1__2026-08-18,289,71,1.0209845710896635,0.8710410221426266,844.0,52.01723410546858,2.14,185,0.7351351351351352,3.3776872905673345,1.6500579644681186,0.4770955939671324
Qatar-1,Qatar-1__2026-08-18,51,69,1.825229559367134,0.8551901873733515,324.0,90.53534476224041,2.14,185,0.7405405405405405,3.3776872905673345,1.6500579644681186,0.8529110090500626
Qatar-1,Qatar-1__2026-08-18,112,71,1.0092559986870213,0.821768413758813,512.0,52.987153100100485,2.14,185,0.745945945945946,3.3776872905673345,1.6500579644681186,0.47161495265748654
Qatar-1,Qatar-1__2026-08-21,135,73,0.8489151488143587,0.8148529997700255,641.0,44.99576873604279,2.14,198,0.29797979797979796,2.3422151037235146,0.08171470452759345,0.39668932187586853
Qatar-1,Qatar-1__2026-08-21,599,73,0.8117969065745998,0.8091340010634902,715.0,42.79935276596422,2.14,198,0.30303030303030304,2.3422151037235146,0.08171470452759345,0.3793443488666354
Qatar-1,Qatar-1__2026-08-18,141,70,1.714189410610814,0.8084178420810638,431.0,93.5757697464251,2.14,185,0.7513513513513513,3.3776872905673345,1.6500579644681186,0.8010230890704738
Qatar-1,Qatar-1__2026-08-21,646,73,0.10471395705259723,0.7820401544743402,12745.0,5.637916763116682,2.14,198,0.30808080808080807,2.3422151037235146,0.08171470452759345,0.04893175563205478
Qatar-1,Qatar-1__2026-08-18,69,64,2.3026441593824902,0.781879039664859,238.25,121.3523553689441,2.14,185,0.7567567567567568,3.3776872905673345,1.6500579644681186,1.0760019436366777
Qatar-1,Qatar-1__2026-08-21,389,73,0.13529257807885597,0.763670377323589,6048.0,7.876569645127596,2.14,198,0.31313131313131315,2.3422151037235146,0.08171470452759345,0.06322083087797008
Qatar-1,Qatar-1__2026-08-21,63,73,0.5099483058906096,0.7503010152420525,1045.0,29.693705209840324,2.14,198,0.3181818181818182,2.3422151037235146,0.08171470452759345,0.2382936008834624
Qatar-1,Qatar-1__2026-08-21,458,73,0.797266822180225,0.7328038027427619,647.0,46.128983919768125,2.14,198,0.32323232323232326,2.3422151037235146,0.08171470452759345,0.3725545898038435
Qatar-1,Qatar-1__2026-08-18,259,71,1.012895691926526,0.7322091315332444,581.0,59.23538318597822,2.14,185,0.7621621621621621,3.3776872905673345,1.6500579644681186,0.4733157438909
Qatar-1,Qatar-1__2026-08-21,537,73,0.9930043238519133,0.708547892633215,496.0,60.248334644094804,2.14,198,0.3282828282828283,2.3422151037235146,0.08171470452759345,0.4640207120803333
Qatar-1,Qatar-1__2026-08-21,633,73,0.818654299124128,0.7017683012147287,726.0,50.753857713008145,2.14,198,0.3333333333333333,2.3422151037235146,0.08171470452759345,0.382548737908471
Qatar-1,Qatar-1__2026-08-21,588,73,0.5132794928223136,0.6977521865894796,990.0,32.364559302310994,2.14,198,0.3383838383838384,2.3422151037235146,0.08171470452759345,0.23985023029080071
Qatar-1,Qatar-1__2026-08-21,510,73,0.427344340616832,0.6899709753867885,1092.0,26.633976046710224,2.14,198,0.3434343434343434,2.3422151037235146,0.08171470452759345,0.19969361711066916
Qatar-1,Qatar-1__2026-08-18,318,68,0.7414207814010552,0.6620990879067636,799.0,47.41507178149509,2.14,185,0.7675675675675676,3.3776872905673345,1.6500579644681186,0.3464583090659136
Qatar-1,Qatar-1__2026-08-18,13,71,0.9279536308028425,0.6600225293348221,528.0,61.54368001878441,2.14,185,0.772972972972973,3.3776872905673345,1.6500579644681186,0.4336231919639451
Qatar-1,Qatar-1__2026-08-21,574,73,0.6918785104653972,0.6301515903692899,624.0,48.38525451334949,2.14,198,0.3484848484848485,2.3422151037235146,0.08171470452759345,0.3233077151707463
Qatar-1,Qatar-1__2026-08-18,298,71,0.8068507369082841,0.6152976283549749,611.0,55.731389197305354,2.14,185,0.7783783783783784,3.3776872905673345,1.6500579644681186,0.3770330546300393
Qatar-1,Qatar-1__2026-08-21,607,73,0.564401968600415,0.6047725991347771,825.0,40.64192350723369,2.14,198,0.35353535353535354,2.3422151037235146,0.08171470452759345,0.26373923766374535
Qatar-1,Qatar-1__2026-08-21,385,73,1.3394027737358734,0.5931721372092387,301.0,97.64440836274953,2.14,198,0.35858585858585856,2.3422151037235146,0.08171470452759345,0.6258891466055483
Qatar-1,Qatar-1__2026-08-21,476,73,0.4158749561888571,0.5847178821664175,1033.0,30.789118934020042,2.14,198,0.36363636363636365,2.3422151037235146,0.08171470452759345,0.19433409167703602
Qatar-1,Qatar-1__2026-08-21,615,73,0.7150721667008068,0.5657746093056872,568.0,53.46316582241082,2.14,198,0.3686868686868687,2.3422151037235146,0.08171470452759345,0.33414587229009657
Qatar-1,Qatar-1__2026-08-18,187,71,0.8139684549544038,0.5500535918736894,563.0,62.80978981497889,2.14,185,0.7837837837837838,3.3776872905673345,1.6500579644681186,0.3803590911001887
Qatar-1,Qatar-1__2026-08-18,136,70,0.8701301862693275,0.5223208027373507,482.5,71.81096046456959,2.14,185,0.7891891891891892,3.3776872905673345,1.6500579644681186,0.40660289078005957
Qatar-1,Qatar-1__2026-08-21,399,73,0.4924425578745932,0.5123378227001912,799.0,40.566543949379216,2.14,198,0.37373737373737376,2.3422151037235146,0.08171470452759345,0.23011334480121176
Qatar-1,Qatar-1__2026-08-18,186,64,1.3761454423928599,0.4983530365967291,298.5,112.75218803514694,2.14,185,0.7945945945945946,3.3776872905673345,1.6500579644681186,0.6430586179405887
Qatar-1,Qatar-1__2026-08-18,317,66,0.9544308713858229,0.4956778777918726,385.5,78.995460784828,2.14,185,0.8,3.3776872905673345,1.6500579644681186,0.4459957342924406
Qatar-1,Qatar-1__2026-08-18,314,67,0.9127084610763398,0.49267942588255037,485.0,76.754671992591,2.14,185,0.8054054054054054,3.3776872905673345,1.6500579644681186,0.4264992808767943
Qatar-1,Qatar-1__2026-08-21,391,72,0.6096194003673696,0.48294607887461766,602.0,52.673758235237045,2.14,198,0.3787878787878788,2.3422151037235146,0.08171470452759345,0.2848688786763409
Qatar-1,Qatar-1__2026-08-21,569,73,0.49953170367559596,0.4802449989804441,617.0,43.36664769566298,2.14,198,0.3838383838383838,2.3422151037235146,0.08171470452759345,0.23342602975495136
Qatar-1,Qatar-1__2026-08-21,545,73,0.08743665397701651,0.4802177619072873,4042.0,7.891389484258333,2.14,198,0.3888888888888889,2.3422151037235146,0.08171470452759345,0.04085824952197033
Qatar-1,Qatar-1__2026-08-18,18,71,0.8328075124034452,0.4765218425308022,489.0,75.9677101394855,2.14,185,0.8108108108108109,3.3776872905673345,1.6500579644681186,0.38916238897357247
Qatar-1,Qatar-1__2026-08-18,45,71,0.8991323695051049,0.4747545544108422,382.0,81.5312824729619,2.14,185,0.8162162162162162,3.3776872905673345,1.6500579644681186,0.42015531285285274
Qatar-1,Qatar-1__2026-08-21,464,73,0.24606388025469467,0.4683825062392276,1264.0,22.74469495705905,2.14,198,0.3939393939393939,2.3422151037235146,0.08171470452759345,0.11498312161434329
Qatar-1,Qatar-1__2026-08-21,48,73,0.21014335906503842,0.4398952984615606,1279.0,21.36655341095355,2.14,198,0.398989898989899,2.3422151037235146,0.08171470452759345,0.098197831338803
Qatar-1,Qatar-1__2026-08-18,172,71,0.62655266867693,0.43931741734244434,614.0,61.50562151240337,2.14,185,0.8216216216216217,3.3776872905673345,1.6500579644681186,0.2927816208770701
Qatar-1,Qatar-1__2026-08-18,38,71,0.49368720084670153,0.41408361467210636,712.0,52.30745125398169,2.14,185,0.827027027027027,3.3776872905673345,1.6500579644681186,0.23069495366668294
Qatar-1,Qatar-1__2026-08-18,244,68,0.560426557131119,0.4113363772737997,660.0,57.11053105111878,2.14,185,0.8324324324324325,3.3776872905673345,1.6500579644681186,0.26188156875285934
Qatar-1,Qatar-1__2026-08-18,197,69,0.8900970145016045,0.4109122833071641,528.0,91.66077133010172,2.14,185,0.8378378378378378,3.3776872905673345,1.6500579644681186,0.41593318434654414
Qatar-1,Qatar-1__2026-08-18,156,70,0.7251609370968758,0.4053542431417112,445.0,78.11019507904388,2.14,185,0.8432432432432433,3.3776872905673345,1.6500579644681186,0.33886025097984845
Qatar-1,Qatar-1__2026-08-21,579,73,0.2553580347649317,0.37818026420854994,1084.0,29.491913284458583,2.14,198,0.40404040404040403,2.3422151037235146,0.08171470452759345,0.11932618446959424
Qatar-1,Qatar-1__2026-08-21,622,73,0.07199022741127287,0.37289281659705253,4173.0,8.540486783262097,2.14,198,0.4090909090909091,2.3422151037235146,0.08171470452759345,0.03364029318283779
Qatar-1,Qatar-1__2026-08-21,437,60,1.026886312742762,0.3534644277754142,350.0,114.93541049886655,2.14,198,0.41414141414141414,2.3422151037235146,0.08171470452759345,0.47985341716951496
Qatar-1,Qatar-1__2026-08-21,422,73,0.4334698924335052,0.3488338183215808,617.0,52.59205189365394,2.14,198,0.41919191919191917,2.3422151037235146,0.08171470452759345,0.20255602450163793
Qatar-1,Qatar-1__2026-08-21,576,73,0.13737175134433954,0.3314401623705509,1863.0,17.620710848483295,2.14,198,0.42424242424242425,2.3422151037235146,0.08171470452759345,0.06419240717025212
Qatar-1,Qatar-1__2026-08-18,113,61,1.000308341100767,0.31320724481928897,312.0,127.37430397894536,2.14,185,0.8486486486486486,3.3776872905673345,1.6500579644681186,0.4674338042526948
Qatar-1,Qatar-1__2026-08-21,84,73,0.6073191929126628,0.3061429964116132,417.0,88.11301000307236,2.14,198,0.4292929292929293,2.3422151037235146,0.08171470452759345,0.28379401537974897
Qatar-1,Qatar-1__2026-08-18,301,71,0.3049970339107131,0.30320031241554396,807.0,43.42772681844685,2.14,185,0.8540540540540541,3.3776872905673345,1.6500579644681186,0.14252197846295003
Qatar-1,Qatar-1__2026-08-18,146,68,0.4593272799125538,0.27350222925030576,440.0,69.50863104624459,2.14,185,0.8594594594594595,3.3776872905673345,1.6500579644681186,0.21463891584698774
Qatar-1,Qatar-1__2026-08-21,591,55,0.12282179100079187,0.23534374129419022,1639.0,19.456777583637532,2.14,198,0.43434343434343436,2.3422151037235146,0.08171470452759345,0.057393360280743856
Qatar-1,Qatar-1__2026-08-21,250,73,0.1478375338194463,0.22081276592357166,1001.5,28.499406148135424,2.14,198,0.4393939393939394,2.3422151037235146,0.08171470452759345,0.06908295972871323
Qatar-1,Qatar-1__2026-08-21,429,73,0.1861075207716282,0.19566452939766957,771.0,40.490758005601414,2.14,198,0.4444444444444444,2.3422151037235146,0.08171470452759345,0.08696613120169541
Qatar-1,Qatar-1__2026-08-21,613,73,0.039638511494158,0.19333819466374047,4683.0,8.805466354859886,2.14,198,0.4494949494949495,2.3422151037235146,0.08171470452759345,0.01852266892250374
Qatar-1,Qatar-1__2026-08-21,566,73,0.19523305356362738,0.179277679078934,715.0,46.89713732325704,2.14,198,0.45454545454545453,2.3422151037235146,0.08171470452759345,0.09123039886150812
Qatar-1,Qatar-1__2026-08-21,497,73,0.12735378526264424,0.17105955282790533,980.0,31.709166265136876,2.14,198,0.4595959595959596,2.3422151037235146,0.08171470452759345,0.05951111460871226
Qatar-1,Qatar-1__2026-08-18,95,71,0.17776471934491003,0.16764959713422312,952.0,46.91769107303411,2.14,185,0.8648648648648649,3.3776872905673345,1.6500579644681186,0.08306762586210749
Qatar-1,Qatar-1__2026-08-18,267,67,0.26842881489689246,0.1526383127190028,447.0,72.61997022526793,2.14,185,0.8702702702702703,3.3776872905673345,1.6500579644681186,0.1254340256527535
Qatar-1,Qatar-1__2026-08-18,72,71,0.19210643609131556,0.14365606046786975,578.0,57.9857414403699,2.14,185,0.8756756756756757,3.3776872905673345,1.6500579644681186,0.08976936265949324
Qatar-1,Qatar-1__2026-08-18,180,55,0.2914733829050621,0.13398227195821105,336.0,80.5581446260707,2.14,185,0.8810810810810811,3.3776872905673345,1.6500579644681186,0.13620251537619724
Qatar-1,Qatar-1__2026-08-18,214,66,0.31273879447809155,0.1304035156027415,375.0,99.40716627015563,2.14,185,0.8864864864864865,3.3776872905673345,1.6500579644681186,0.14613962358789323
Qatar-1,Qatar-1__2026-08-21,375,73,0.052042970228662964,0.1239603230696404,1593.0,18.18775835227722,2.14,198,0.46464646464646464,2.3422151037235146,0.08171470452759345,0.024319144966664936
Qatar-1,Qatar-1__2026-08-21,384,73,0.17917182023186687,0.12009286069603163,600.0,63.239398760966,2.14,198,0.4696969696969697,2.3422151037235146,0.08171470452759345,0.08372514964105927
Qatar-1,Qatar-1__2026-08-21,504,72,0.22170474243969648,0.11375414508025833,325.0,84.29109908859787,2.14,198,0.47474747474747475,2.3422151037235146,0.08171470452759345,0.1036003469344376
Qatar-1,Qatar-1__2026-08-18,21,71,0.22017781653506963,0.10744711835638758,403.0,90.2327678915115,2.14,185,0.8918918918918919,3.3776872905673345,1.6500579644681186,0.10288683015657459
Qatar-1,Qatar-1__2026-08-21,573,73,0.06836570502592627,0.1058459139651675,1323.0,27.842841004160015,2.14,198,0.4797979797979798,2.3422151037235146,0.08171470452759345,0.031946591133610404
Qatar-1,Qatar-1__2026-08-21,503,73,0.12583192097028603,0.09749639823536999,600.0,55.68076544903393,2.14,198,0.48484848484848486,2.3422151037235146,0.08171470452759345,0.05879996307022711
Qatar-1,Qatar-1__2026-08-21,519,56,0.30784742586451336,0.09289547982874503,252.0,126.73918263455458,2.14,198,0.4898989898989899,2.3422151037235146,0.08171470452759345,0.14385393731986604
Qatar-1,Qatar-1__2026-08-21,439,73,0.07350120245357486,0.08291547502638576,904.0,37.771994228211554,2.14,198,0.494949494949495,2.3422151037235146,0.08171470452759345,0.03434635628671722
Qatar-1,Qatar-1__2026-08-21,565,73,0.019948405472245242,0.08179893229143148,3808.0,10.679178928893693,2.14,198,0.5,2.3422151037235146,0.08171470452759345,0.009321684800114598
Qatar-1,Qatar-1__2026-08-21,617,71,0.18112160669493024,0.08163047676375543,350.0,96.31584714778874,2.14,198,0.5050505050505051,2.3422151037235146,0.08171470452759345,0.08463626481071507
Qatar-1,Qatar-1__2026-08-21,649,73,0.0414195792923617,0.06463843180439612,1236.0,28.20110752989494,2.14,198,0.51010101010101,2.3422151037235146,0.08171470452759345,0.019354943594561542
Qatar-1,Qatar-1__2026-08-21,611,73,0.02110929278345132,0.05040137521654477,1644.0,18.386872603207543,2.14,198,0.5151515151515151,2.3422151037235146,0.08171470452759345,0.009864155506285662
Qatar-1,Qatar-1__2026-08-21,625,73,0.05800144048420272,0.049537607649943916,700.0,50.89554248746685,2.14,198,0.5202020202020202,2.3422151037235146,0.08171470452759345,0.02710347686177697
Qatar-1,Qatar-1__2026-08-21,630,73,0.044310006135377764,0.041357845533756224,679.0,46.44131231540856,2.14,198,0.5252525252525253,2.3422151037235146,0.08171470452759345,0.020705610343634467
Qatar-1,Qatar-1__2026-08-21,567,72,0.04966090179216239,0.027614270604627643,401.5,79.2353763431412,2.14,198,0.5303030303030303,2.3422151037235146,0.08171470452759345,0.023206028874842237
Qatar-1,Qatar-1__2026-08-21,496,73,0.035807601495119884,0.020655591187108108,393.0,72.82814262588126,2.14,198,0.5353535353535354,2.3422151037235146,0.08171470452759345,0.01673252406314013
Qatar-1,Qatar-1__2026-08-21,434,73,0.03217066414687592,0.019620067659012804,487.0,69.47392684596439,2.14,198,0.5404040404040404,2.3422151037235146,0.08171470452759345,0.015033020629381272
Qatar-1,Qatar-1__2026-08-21,605,73,0.0017257549207908417,0.0017484642033495218,696.0,41.76199660473442,2.14,198,0.5454545454545454,2.3422151037235146,0.08171470452759345,0.0008064275330798325
Qatar-1,Qatar-1__2026-08-18,160,59,-0.02159165673976538,-0.008384587937541332,312.0,100.42477416262767,2.14,185,0.8972972972972973,3.3776872905673345,1.6500579644681186,-0.01008955922418943
Qatar-1,Qatar-1__2026-08-21,595,72,-0.14486428758524544,-0.07317941683254597,356.5,84.4997002105406,2.14,198,0.5505050505050505,2.3422151037235146,0.08171470452759345,-0.06769359232955394
Qatar-1,Qatar-1__2026-08-21,657,69,-0.16932251423865868,-0.09027003406010337,380.0,80.39512896076238,2.14,198,0.5555555555555556,2.3422151037235146,0.08171470452759345,-0.07912267020498069
Qatar-1,Qatar-1__2026-08-21,368,73,-0.04335767123187048,-0.0991465561390237,1859.0,19.4898670479174,2.14,198,0.5606060606060606,2.3422151037235146,0.08171470452759345,-0.020260594033584337
Qatar-1,Qatar-1__2026-08-21,370,73,-0.1304539824905945,-0.11029398995263733,552.0,52.05089016898036,2.14,198,0.5656565656565656,2.3422151037235146,0.08171470452759345,-0.06095980490214696
Qatar-1,Qatar-1__2026-08-18,205,69,-0.2372065595858212,-0.14906727927623756,470.0,67.38076799778628,2.14,185,0.9027027027027027,3.3776872905673345,1.6500579644681186,-0.11084418672234635
Qatar-1,Qatar-1__2026-08-18,225,54,-0.4600784929123019,-0.1517292161430583,342.0,109.0280672984407,2.14,185,0.9081081081081082,3.3776872905673345,1.6500579644681186,-0.21498994995901957
Qatar-1,Qatar-1__2026-08-21,482,73,-0.15161620108355647,-0.17077795836693577,1007.0,39.26357524344783,2.14,198,0.5707070707070707,2.3422151037235146,0.08171470452759345,-0.07084869209511985
Qatar-1,Qatar-1__2026-08-21,411,73,-0.13032180418251152,-0.21143175017057353,1150.0,26.604158474402396,2.14,198,0.5757575757575758,2.3422151037235146,0.08171470452759345,-0.0608980393376222
Qatar-1,Qatar-1__2026-08-18,129,71,-0.25192410693435335,-0.21561530313093247,694.0,50.867786914292196,2.14,185,0.9135135135135135,3.3776872905673345,1.6500579644681186,-0.1177215452964268
Qatar-1,Qatar-1__2026-08-21,479,72,-0.4718147968830582,-0.21891865433244756,556.0,92.4852748845852,2.14,198,0.5808080808080808,2.3422151037235146,0.08171470452759345,-0.22047420415096178
Qatar-1,Qatar-1__2026-08-18,131,55,-0.5684404355996338,-0.23817677711434115,314.0,89.02712297139108,2.14,185,0.918918918918919,3.3776872905673345,1.6500579644681186,-0.2656263717755298
Qatar-1,Qatar-1__2026-08-21,559,73,-0.13826126306585293,-0.24136029670394846,1230.0,24.083245401501514,2.14,198,0.5858585858585859,2.3422151037235146,0.08171470452759345,-0.0646080668532023
Qatar-1,Qatar-1__2026-08-21,445,73,-0.13754903149124578,-0.24784259222383143,1367.5,23.437316573076053,2.14,198,0.5909090909090909,2.3422151037235146,0.08171470452759345,-0.06427524836039522
Qatar-1,Qatar-1__2026-08-21,147,72,-0.1540425516883487,-0.3003143912978376,1613.5,22.243304597638623,2.14,198,0.5959595959595959,2.3422151037235146,0.08171470452759345,-0.071982500788948
Qatar-1,Qatar-1__2026-08-21,474,73,-0.45122016637339873,-0.30966965247716316,551.0,61.763303228922126,2.14,198,0.601010101010101,2.3422151037235146,0.08171470452759345,-0.21085054503429845
Qatar-1,Qatar-1__2026-08-18,47,68,-0.8935622067895731,-0.31278765401521325,250.5,117.54464662851107,2.14,185,0.9243243243243243,3.3776872905673345,1.6500579644681186,-0.4175524330792397
Qatar-1,Qatar-1__2026-08-21,373,71,-0.5315644270977383,-0.31724351707606574,419.0,69.80537538145938,2.14,198,0.6060606060606061,2.3422151037235146,0.08171470452759345,-0.24839459210174686
Qatar-1,Qatar-1__2026-08-18,323,60,-0.7701555425684226,-0.3281667043855632,404.0,91.20456933941011,2.14,185,0.9297297297297298,3.3776872905673345,1.6500579644681186,-0.35988576755533763
Qatar-1,Qatar-1__2026-08-21,515,73,-0.5036573346823101,-0.33452387435043546,502.0,64.39575654705078,2.14,198,0.6111111111111112,2.3422151037235146,0.08171470452759345,-0.23535389471135984
Qatar-1,Qatar-1__2026-08-21,383,72,-0.832413261382883,-0.35343370566048443,495.0,97.2436339947204,2.14,198,0.6161616161616161,2.3422151037235146,0.08171470452759345,-0.38897815952471165
Qatar-1,Qatar-1__2026-08-21,555,73,-0.17185551924869757,-0.38497381188327817,2532.0,20.4397075073967,2.14,198,0.6212121212121212,2.3422151037235146,0.08171470452759345,-0.08030631740593344
Qatar-1,Qatar-1__2026-08-21,74,73,-0.6265686127608165,-0.39407329615440617,471.0,67.72388961420127,2.14,198,0.6262626262626263,2.3422151037235146,0.08171470452759345,-0.29278907138355914
Qatar-1,Qatar-1__2026-08-18,241,54,-1.2236700215101546,-0.3942898495301116,359.0,109.63266615861068,2.14,185,0.9351351351351351,3.3776872905673345,1.6500579644681186,-0.5718084212664274
Qatar-1,Qatar-1__2026-08-21,554,73,-0.6836150685548585,-0.4321575561013829,615.0,67.39558171188605,2.14,198,0.6313131313131313,2.3422151037235146,0.08171470452759345,-0.3194462937172236
Qatar-1,Qatar-1__2026-08-21,513,73,-0.1283931671105863,-0.4376620837277381,2970.0,12.865043143841431,2.14,198,0.6363636363636364,2.3422151037235146,0.08171470452759345,-0.05999680706102163
Qatar-1,Qatar-1__2026-08-21,471,73,-0.6658741181812833,-0.46747395111859147,491.0,62.573352748892226,2.14,198,0.6414141414141414,2.3422151037235146,0.08171470452759345,-0.31115612999125386
Qatar-1,Qatar-1__2026-08-18,100,63,-1.2832685666124626,-0.4850291592407097,503.0,103.93153883352075,2.14,185,0.9405405405405406,3.3776872905673345,1.6500579644681186,-0.5996582086974124
Qatar-1,Qatar-1__2026-08-21,386,73,-0.9201348639208758,-0.48623069907368904,345.0,82.06599261462866,2.14,198,0.6464646464646465,2.3422151037235146,0.08171470452759345,-0.4299695625798485
Qatar-1,Qatar-1__2026-08-21,452,73,-0.11760934741746394,-0.5176299023565455,4528.0,10.162182457984347,2.14,198,0.6515151515151515,2.3422151037235146,0.08171470452759345,-0.05495763898012333
Qatar-1,Qatar-1__2026-08-21,668,73,-0.2543421828868755,-0.5229601660064223,1285.0,21.004345102896462,2.14,198,0.6565656565656566,2.3422151037235146,0.08171470452759345,-0.11885148733031564
Qatar-1,Qatar-1__2026-08-21,643,73,-0.238696132432992,-0.5338295210720914,2195.0,18.962911576673665,2.14,198,0.6616161616161617,2.3422151037235146,0.08171470452759345,-0.11154024880046355
Qatar-1,Qatar-1__2026-08-18,75,62,-1.500196672307528,-0.549119091735573,336.5,107.58791653561867,2.14,185,0.9459459459459459,3.3776872905673345,1.6500579644681186,-0.7010264823866953
Qatar-1,Qatar-1__2026-08-18,35,71,-0.882416242408331,-0.551181676888473,489.0,68.74195470807892,2.14,185,0.9513513513513514,3.3776872905673345,1.6500579644681186,-0.4123440385085659
Qatar-1,Qatar-1__2026-08-18,224,56,-1.519424164812295,-0.5662601480245718,318.0,101.50939320781535,2.14,185,0.9567567567567568,3.3776872905673345,1.6500579644681186,-0.7100112919683621
Qatar-1,Qatar-1__2026-08-21,420,73,-0.501750988171023,-0.5703463988362032,968.0,38.077858247550665,2.14,198,0.6666666666666666,2.3422151037235146,0.08171470452759345,-0.2344630785845902
Qatar-1,Qatar-1__2026-08-21,650,73,-0.9041152598274409,-0.571712559439779,494.0,66.0847486617167,2.14,198,0.6717171717171717,2.3422151037235146,0.08171470452759345,-0.42248376627450507
Qatar-1,Qatar-1__2026-08-21,456,73,-0.3175852420119509,-0.5899159186515956,1334.0,23.011366522246014,2.14,198,0.6767676767676768,2.3422151037235146,0.08171470452759345,-0.1484043186971733
Qatar-1,Qatar-1__2026-08-21,505,73,-0.863992284464025,-0.590910880287617,480.0,61.23192902406006,2.14,198,0.6818181818181818,2.3422151037235146,0.08171470452759345,-0.40373471236636677
Qatar-1,Qatar-1__2026-08-21,495,72,-1.6311913857319476,-0.6254839630263155,286.5,109.15281339350196,2.14,198,0.6868686868686869,2.3422151037235146,0.08171470452759345,-0.7622389652953026
Qatar-1,Qatar-1__2026-08-21,522,73,-0.7754857913127619,-0.6327096037240593,543.0,53.459116939427595,2.14,198,0.6919191919191919,2.3422151037235146,0.08171470452759345,-0.3623765379966177
Qatar-1,Qatar-1__2026-08-21,585,73,-0.5627534603750474,-0.641797673614011,799.0,36.51191413546585,2.14,198,0.696969696969697,2.3422151037235146,0.08171470452759345,-0.2629689067173118
Qatar-1,Qatar-1__2026-08-21,538,72,-1.6228437058071845,-0.6437207317395801,360.5,102.26467377457682,2.14,198,0.702020202020202,2.3422151037235146,0.08171470452759345,-0.758338180283731
Qatar-1,Qatar-1__2026-08-21,21,42,-0.6102664342485484,-0.6619968640773991,879.5,29.472267098723155,2.14,198,0.7070707070707071,2.3422151037235146,0.08171470452759345,-0.2851712309572656
Qatar-1,Qatar-1__2026-08-21,369,73,-0.17417610714675313,-0.6771850278755991,3410.0,11.31119428461224,2.14,198,0.7121212121212122,2.3422151037235146,0.08171470452759345,-0.0813907042741837
Qatar-1,Qatar-1__2026-08-21,548,73,-1.106847142655319,-0.6829142809246155,415.0,69.2420577117149,2.14,198,0.7171717171717171,2.3422151037235146,0.08171470452759345,-0.5172182909604294
Qatar-1,Qatar-1__2026-08-18,115,68,-1.4019511731715097,-0.6878100456871369,361.0,85.62600764647142,2.14,185,0.9621621621621622,3.3776872905673345,1.6500579644681186,-0.6551173706408924
Qatar-1,Qatar-1__2026-08-21,634,73,-0.5819029731756084,-0.7482454804721378,900.0,33.379835909870536,2.14,198,0.7222222222222222,2.3422151037235146,0.08171470452759345,-0.2719172771848637
Qatar-1,Qatar-1__2026-08-21,403,73,-0.8334822801885177,-0.7492204622172717,686.0,47.786369607679035,2.14,198,0.7272727272727273,2.3422151037235146,0.08171470452759345,-0.38947770102267176
Qatar-1,Qatar-1__2026-08-18,290,71,-0.9636255404022733,-0.786724230975355,647.0,51.36067643987889,2.14,185,0.9675675675675676,3.3776872905673345,1.6500579644681186,-0.4502923085991931
Qatar-1,Qatar-1__2026-08-21,465,73,-0.45269417427358916,-0.8171537704288802,1350.0,24.04742021612563,2.14,198,0.7323232323232324,2.3422151037235146,0.08171470452759345,-0.2115393337727052
Qatar-1,Qatar-1__2026-08-21,590,73,-0.6889190481807415,-0.8210470706485371,762.0,36.486552449269176,2.14,198,0.7373737373737373,2.3422151037235146,0.08171470452759345,-0.3219247888695053
Qatar-1,Qatar-1__2026-08-21,381,61,-2.482184818469898,-0.8239693539928206,260.0,120.09830211803006,2.14,198,0.7424242424242424,2.3422151037235146,0.08171470452759345,-1.1598994478831297
Qatar-1,Qatar-1__2026-08-21,480,73,-0.7430194010023283,-0.860667883783898,960.0,36.916582487943494,2.14,198,0.7474747474747475,2.3422151037235146,0.08171470452759345,-0.34720532757118144
Qatar-1,Qatar-1__2026-08-21,563,73,-0.5028789276279453,-0.8715233661679119,1457.0,24.377323575949493,2.14,198,0.7525252525252525,2.3422151037235146,0.08171470452759345,-0.23499015309717067
Qatar-1,Qatar-1__2026-08-21,523,73,-0.5786010820498556,-0.8715300902350857,1027.0,28.02645446297929,2.14,198,0.7575757575757576,2.3422151037235146,0.08171470452759345,-0.27037433740647454
Qatar-1,Qatar-1__2026-08-21,114,73,-1.2998022801996405,-0.8755182075261457,409.0,64.45194055058465,2.14,198,0.7626262626262627,2.3422151037235146,0.08171470452759345,-0.6073842430839441
Qatar-1,Qatar-1__2026-08-21,635,73,-0.37487589405855415,-0.8845360058696404,1771.0,18.773674007065726,2.14,198,0.7676767676767676,2.3422151037235146,0.08171470452759345,-0.1751756514292309
Qatar-1,Qatar-1__2026-08-21,380,73,-0.848058809560899,-0.9433637630155207,764.0,40.01115120930124,2.14,198,0.7727272727272727,2.3422151037235146,0.08171470452759345,-0.39628916334621445
Qatar-1,Qatar-1__2026-08-21,618,73,-1.4208709880744463,-0.9860139131313465,531.0,60.43546331954125,2.14,198,0.7777777777777778,2.3422151037235146,0.08171470452759345,-0.6639584056422646
Qatar-1,Qatar-1__2026-08-21,447,73,-0.1784330221851715,-0.9989393009347526,4626.0,7.854295368788024,2.14,198,0.7828282828282829,2.3422151037235146,0.08171470452759345,-0.08337991690895864
Qatar-1,Qatar-1__2026-08-18,268,68,-2.164362553666218,-1.0010621962708333,446.5,91.02693140551179,2.14,185,0.972972972972973,3.3776872905673345,1.6500579644681186,-1.0113843708720645
Qatar-1,Qatar-1__2026-08-21,424,72,-0.3729071463246451,-1.0092924558978809,2161.0,16.072128071215257,2.14,198,0.7878787878787878,2.3422151037235146,0.08171470452759345,-0.1742556758526379
Qatar-1,Qatar-1__2026-08-18,206,62,-2.351822860122359,-1.0323115009935735,354.0,90.24901719491152,2.14,185,0.9783783783783784,3.3776872905673345,1.6500579644681186,-1.0989826449169902
Qatar-1,Qatar-1__2026-08-21,371,73,-1.217989724274237,-1.0645394322261792,595.0,47.862621753698335,2.14,198,0.7929292929292929,2.3422151037235146,0.08171470452759345,-0.5691540767636621
Qatar-1,Qatar-1__2026-08-21,662,73,-0.37472489782775253,-1.0738836631335058,2472.5,14.874329893304717,2.14,198,0.797979797979798,2.3422151037235146,0.08171470452759345,-0.175105092442875
Qatar-1,Qatar-1__2026-08-21,397,73,-0.5728558549007366,-1.0806439663232479,1262.0,22.947035234055534,2.14,198,0.803030303030303,2.3422151037235146,0.08171470452759345,-0.2676896518227741
Qatar-1,Qatar-1__2026-08-18,161,60,-2.3890557548946205,-1.0946275903571283,375.0,85.92566473826099,2.14,185,0.9837837837837838,3.3776872905673345,1.6500579644681186,-1.1163811938759909
Qatar-1,Qatar-1__2026-08-18,274,59,-2.8409362290272475,-1.100062558974948,374.0,99.38003083657163,2.14,185,0.9891891891891892,3.3776872905673345,1.6500579644681186,-1.3275402939379661
Qatar-1,Qatar-1__2026-08-18,158,55,-3.2207681465681337,-1.1069231063550942,260.0,107.52090299713694,2.14,185,0.9945945945945946,3.3776872905673345,1.6500579644681186,-1.5050318441907167
Qatar-1,Qatar-1__2026-08-21,583,70,-2.287829708289906,-1.1403968523531385,386.0,85.19082416561109,2.14,198,0.8080808080808081,2.3422151037235146,0.08171470452759345,-1.0690793029392085
Qatar-1,Qatar-1__2026-08-21,629,73,-0.20080502784876714,-1.1637821480995152,50613.0,7.704458198720157,2.14,198,0.8131313131313131,2.3422151037235146,0.08171470452759345,-0.09383412516297529
Qatar-1,Qatar-1__2026-08-21,592,73,-1.1270365073664164,-1.2046356447137423,748.0,40.122729914646705,2.14,198,0.8181818181818182,2.3422151037235146,0.08171470452759345,-0.5266525735357086
Qatar-1,Qatar-1__2026-08-21,426,73,-1.6234965401292254,-1.2086781758001104,542.0,57.050556600132886,2.14,198,0.8232323232323232,2.3422151037235146,0.08171470452759345,-0.7586432430510398
Qatar-1,Qatar-1__2026-08-21,606,73,-2.1980366576863695,-1.2662809534535757,375.0,75.62277726206653,2.14,198,0.8282828282828283,2.3422151037235146,0.08171470452759345,-1.0271199334983034
Qatar-1,Qatar-1__2026-08-21,363,72,-0.6793279216049266,-1.2673523364751946,1231.0,23.128896808115933,2.14,198,0.8333333333333334,2.3422151037235146,0.08171470452759345,-0.3174429540209937
Qatar-1,Qatar-1__2026-08-21,520,73,-0.5090487392658123,-1.3032829718019434,1968.0,17.088421669378018,2.14,198,0.8383838383838383,2.3422151037235146,0.08171470452759345,-0.2378732426475758
Qatar-1,Qatar-1__2026-08-21,511,62,-4.178396569559341,-1.3426663931136498,346.5,127.99114386235874,2.14,198,0.8434343434343434,2.3422151037235146,0.08171470452759345,-1.9525217614763275
Qatar-1,Qatar-1__2026-08-21,463,73,-0.27545696731068214,-1.3454908325865935,4267.0,9.143977555200127,2.14,198,0.8484848484848485,2.3422151037235146,0.08171470452759345,-0.12871820902368325
Qatar-1,Qatar-1__2026-08-21,632,73,-1.2674848791831945,-1.3881130723333488,859.0,39.01499616842858,2.14,198,0.8535353535353535,2.3422151037235146,0.08171470452759345,-0.5922826538239226
Qatar-1,Qatar-1__2026-08-21,612,73,-1.328456594254252,-1.392572401442217,687.0,41.93457591077391,2.14,198,0.8585858585858586,2.3422151037235146,0.08171470452759345,-0.6207741094646038
Qatar-1,Qatar-1__2026-08-21,528,73,-2.150193776505183,-1.4149038491582218,472.0,65.45295847157587,2.14,198,0.8636363636363636,2.3422151037235146,0.08171470452759345,-1.0047634469650388
Qatar-1,Qatar-1__2026-08-21,459,57,-0.9025869415859318,-1.4167995385216117,1386.0,24.00473091988387,2.14,198,0.8686868686868687,2.3422151037235146,0.08171470452759345,-0.4217695988719307
Qatar-1,Qatar-1__2026-08-21,521,73,-2.2397458111616633,-1.4497283538517407,471.0,66.25901263628408,2.14,198,0.8737373737373737,2.3422151037235146,0.08171470452759345,-1.0466101921316182
Qatar-1,Qatar-1__2026-08-21,547,73,-1.2832391003715382,-1.5233331734987183,892.5,37.66851873820055,2.14,198,0.8787878787878788,2.3422151037235146,0.08171470452759345,-0.5996444394259524
Qatar-1,Qatar-1__2026-08-21,658,70,-2.7242592379059003,-1.5336331275136539,498.0,75.1178293414372,2.14,198,0.8838383838383839,2.3422151037235146,0.08171470452759345,-1.2730183354700468
Qatar-1,Qatar-1__2026-08-21,453,73,-0.7750716852345441,-1.5880467597587176,1568.0,21.12563551434859,2.14,198,0.8888888888888888,2.3422151037235146,0.08171470452759345,-0.36218303048343176
Qatar-1,Qatar-1__2026-08-21,460,71,-2.7347471406947492,-1.6103270137321037,358.0,73.08878617530938,2.14,198,0.8939393939393939,2.3422151037235146,0.08171470452759345,-1.2779192246237145
Qatar-1,Qatar-1__2026-08-18,233,68,-3.6917363079617322,-1.7039900341126544,415.0,88.72753962501338,2.14,185,1.0,3.3776872905673345,1.6500579644681186,-1.7251104242811832
Qatar-1,Qatar-1__2026-08-21,507,73,-2.4986434735002545,-1.7361158784961601,475.0,61.59572194751036,2.14,198,0.898989898989899,2.3422151037235146,0.08171470452759345,-1.1675904081776889
Qatar-1,Qatar-1__2026-08-21,430,73,-0.8224032721392943,-1.740249291430523,1887.0,20.76389403625669,2.14,198,0.9040404040404041,2.3422151037235146,0.08171470452759345,-0.38430059445761416
Qatar-1,Qatar-1__2026-08-21,396,73,-0.980776338969457,-1.7485344131817218,1252.0,24.88780133818321,2.14,198,0.9090909090909091,2.3422151037235146,0.08171470452759345,-0.4583067004530173
Qatar-1,Qatar-1__2026-08-21,532,73,-2.1166071956760755,-1.9174193920771239,572.0,48.44195426323016,2.14,198,0.9141414141414141,2.3422151037235146,0.08171470452759345,-0.9890687830262034
Qatar-1,Qatar-1__2026-08-21,431,73,-0.6819279658662052,-1.9560243832436388,2213.0,14.916662977534097,2.14,198,0.9191919191919192,2.3422151037235146,0.08171470452759345,-0.3186579279748622
Qatar-1,Qatar-1__2026-08-21,378,73,-1.3143011222632397,-2.0750203933739795,1120.0,27.649866985923747,2.14,198,0.9242424242424242,2.3422151037235146,0.08171470452759345,-0.6141594029267475
Qatar-1,Qatar-1__2026-08-21,395,73,-1.1476486022791168,-2.1283392217080976,1397.0,23.86249450388442,2.14,198,0.9292929292929293,2.3422151037235146,0.08171470452759345,-0.5362843935883723
Qatar-1,Qatar-1__2026-08-21,536,73,-0.829943042623654,-2.168668418347372,2200.0,16.9096870975929,2.14,198,0.9343434343434344,2.3422151037235146,0.08171470452759345,-0.38782385169329625
Qatar-1,Qatar-1__2026-08-21,664,68,-3.065804087465184,-2.2148070366592774,561.0,58.48263591020264,2.14,198,0.9393939393939394,2.3422151037235146,0.08171470452759345,-1.4326187324603663
Qatar-1,Qatar-1__2026-08-21,655,73,-0.7749495967480621,-2.2425707671972988,2620.0,15.332639377375438,2.14,198,0.9444444444444444,2.3422151037235146,0.08171470452759345,-0.36212597978881406
Qatar-1,Qatar-1__2026-08-21,501,73,-0.34800204432450604,-2.477421059108833,6954.0,6.25592411732699,2.14,198,0.9494949494949495,2.3422151037235146,0.08171470452759345,-0.16261777772173178
Qatar-1,Qatar-1__2026-08-21,374,73,-4.59771256514159,-2.4977636741360456,380.0,78.61503111112404,2.14,198,0.9545454545454546,2.3422151037235146,0.08171470452759345,-2.1484638154867244
Qatar-1,Qatar-1__2026-08-21,433,73,-0.8813779805254938,-2.5511873459724477,2365.0,15.680369063532824,2.14,198,0.9595959595959596,2.3422151037235146,0.08171470452759345,-0.41185886940443633
Qatar-1,Qatar-1__2026-08-21,518,73,-4.869629386331081,-2.605565276466177,507.0,84.80157303136808,2.14,198,0.9646464646464646,2.3422151037235146,0.08171470452759345,-2.275527750622
Qatar-1,Qatar-1__2026-08-21,663,73,-3.911437178626175,-2.6134189722052814,476.0,65.02109401144813,2.14,198,0.9696969696969697,2.3422151037235146,0.08171470452759345,-1.8277743825355957
Qatar-1,Qatar-1__2026-08-21,551,73,-0.4445112601924005,-2.6431022217879674,6173.0,7.6282295692537305,2.14,198,0.9747474747474747,2.3422151037235146,0.08171470452759345,-0.20771554214598154
Qatar-1,Qatar-1__2026-08-21,659,73,-1.0565409251306694,-2.740414870314751,60961.0,17.92880223516007,2.14,198,0.9797979797979798,2.3422151037235146,0.08171470452759345,-0.4937107126778829
Qatar-1,Qatar-1__2026-08-21,418,73,-5.256065574614379,-3.2345323660080925,468.0,72.76305083390872,2.14,198,0.9848484848484849,2.3422151037235146,0.08171470452759345,-2.4561054086983076
Qatar-1,Qatar-1__2026-08-21,575,73,-0.5749935246345209,-3.251705009797956,8387.0,8.518606407868871,2.14,198,0.98989898989899,2.3422151037235146,0.08171470452759345,-0.2686885629133275
Qatar-1,Qatar-1__2026-08-21,564,73,-1.5884243369204682,-3.832922951460846,2418.0,19.219631236896934,2.14,198,0.9949494949494949,2.3422151037235146,0.08171470452759345,-0.7422543630469477
Qatar-1,Qatar-1__2026-08-21,415,73,-3.5207281603178533,-4.173934199183982,762.0,39.888980773665715,2.14,198,1.0,2.3422151037235146,0.08171470452759345,-1.6452000749148845
TRES-3,TRES-3__2026-08-27,88,70,3.270753075678734,4.550340705028315,1704.5,35.676644760865486,2.739,88,0.011363636363636364,2.5443607167710236,0.0717047708945185,1.1941413200725572
TRES-3,TRES-3__2026-08-27,43,67,9.594936365215084,3.222289865253044,1031.0,145.15935451145893,2.739,88,0.022727272727272728,2.5443607167710236,0.0717047708945185,3.5030800895272303
TRES-3,TRES-3__2026-08-27,103,69,3.767966155263623,3.178669758936926,941.0,50.071222631939655,2.739,88,0.03409090909090909,2.5443607167710236,0.0717047708945185,1.3756721998041705
TRES-3,TRES-3__2026-08-27,108,70,0.9260822220617861,2.914734981662726,21326.0,15.036353411807521,2.739,88,0.045454545454545456,2.5443607167710236,0.0717047708945185,0.33810961009922824
TRES-3,TRES-3__2026-08-27,35,58,5.055230492352247,2.6816151043673955,558.0,79.74655856774818,2.739,88,0.056818181818181816,2.5443607167710236,0.0717047708945185,1.8456482264885896
TRES-3,TRES-3__2026-08-31,235,60,3.0636251018023315,2.4266693890171043,2677.5,46.31632237875413,2.739,22,0.045454545454545456,1.934641583196588,-1.4279079996288422,1.1185195698438597
TRES-3,TRES-3__2026-08-27,163,70,1.3521468140342112,2.289459711234914,58640.0,28.097296622716993,2.739,88,0.06818181818181818,2.5443607167710236,0.0717047708945185,0.49366440819065766
TRES-3,TRES-3__2026-08-27,168,70,0.5399104996629756,2.1164894204618254,21903.0,12.683812674514806,2.739,88,0.07954545454545454,2.5443607167710236,0.0717047708945185,0.19711956906278771
TRES-3,TRES-3__2026-08-27,153,70,1.7739162810803308,2.0997682387094994,1513.5,38.33914942744477,2.739,88,0.09090909090909091,2.5443607167710236,0.0717047708945185,0.6476510701279047
TRES-3,TRES-3__2026-08-10,29,49,3.3439978877772205,2.064163521594849,1501.5,64.17193261134838,2.739,15,0.06666666666666667,1.6797498596358469,-0.05882684262713356,1.2208827629708727
TRES-3,TRES-3__2026-08-31,140,61,2.367076738062797,2.0052749393588334,3350.0,47.19871800148712,2.739,22,0.09090909090909091,1.934641583196588,-1.4279079996288422,0.8642120255796996
TRES-3,TRES-3__2026-08-14,62,47,7.07667739820438,1.9132313671338803,5005.0,136.3401820990187,2.739,59,0.01694915254237288,1.5586461683794721,-0.016748836683016466,2.583671923404301
TRES-3,TRES-3__2026-08-27,41,70,2.2301322039471114,1.8765182728878735,67640.5,56.70957104715219,2.739,88,0.10227272727272728,2.5443607167710236,0.0717047708945185,0.8142140211563021
TRES-3,TRES-3__2026-08-14,56,47,6.187751530588383,1.832796671552614,2379.0,123.83696199204701,2.739,59,0.03389830508474576,1.5586461683794721,-0.016748836683016466,2.2591279775788182
TRES-3,TRES-3__2026-08-27,79,70,0.7729615412335427,1.6189537857639325,3116.25,19.862036527302312,2.739,88,0.11363636363636363,2.5443607167710236,0.0717047708945185,0.2822057470732175
TRES-3,TRES-3__2026-08-14,40,43,3.592160159081289,1.5842670749208487,798.0,77.26484153862475,2.739,59,0.05084745762711865,1.5586461683794721,-0.016748836683016466,1.3114860018551622
TRES-3,TRES-3__2026-08-14,77,42,6.590135362927449,1.5557994009859861,1118.25,162.13038578647945,2.739,59,0.06779661016949153,1.5586461683794721,-0.016748836683016466,2.406037007275447
TRES-3,TRES-3__2026-08-27,144,70,1.4671625426353334,1.5209235439951925,1104.0,41.12773360568262,2.739,88,0.125,2.5443607167710236,0.0717047708945185,0.5356562769752952
TRES-3,TRES-3__2026-08-10,19,50,2.1760386843845607,1.515001147367704,2378.25,57.3577207668876,2.739,15,0.13333333333333333,1.6797498596358469,-0.05882684262713356,0.7944646529333921
TRES-3,TRES-3__2026-08-27,50,69,2.4916363554631267,1.5092079476925644,703.0,72.33456701175413,2.739,88,0.13636363636363635,2.5443607167710236,0.0717047708945185,0.9096883371533869
TRES-3,TRES-3__2026-08-14,12,42,3.9001617435922094,1.4128101358639589,687.75,95.70867825038589,2.739,59,0.0847457627118644,1.5586461683794721,-0.016748836683016466,1.4239363795517377
TRES-3,TRES-3__2026-08-14,15,45,4.044486494325464,1.3772175342891317,1514.0,104.16194611675743,2.739,59,0.1016949152542373,1.5586461683794721,-0.016748836683016466,1.476628877081221
TRES-3,TRES-3__2026-08-27,146,70,0.5972776119068153,1.3682320469752536,3193.0,20.169714021908135,2.739,88,0.14772727272727273,2.5443607167710236,0.0717047708945185,0.21806411533655176
TRES-3,TRES-3__2026-08-27,130,70,0.40861460937532307,1.3504229577050817,10724.0,14.46991483052837,2.739,88,0.1590909090909091,2.5443607167710236,0.0717047708945185,0.14918386614652177
TRES-3,TRES-3__2026-08-27,122,57,2.5436743397068318,1.343311788223089,606.0,73.91256009641344,2.739,88,0.17045454545454544,2.5443607167710236,0.0717047708945185,0.9286872361105629
TRES-3,TRES-3__2026-08-14,5,47,6.100662530817255,1.3293955646685862,2663.0,161.56489433749928,2.739,59,0.11864406779661017,1.5586461683794721,-0.016748836683016466,2.2273320667459857
TRES-3,TRES-3__2026-08-10,22,50,0.9194239319500567,1.3177070338048227,4223.75,26.121687593487557,2.739,15,0.2,1.6797498596358469,-0.05882684262713356,0.3356786900146246
TRES-3,TRES-3__2026-08-27,91,70,1.4686933665928117,1.3079830518292845,946.5,48.31499746499544,2.739,88,0.18181818181818182,2.5443607167710236,0.0717047708945185,0.5362151758279707
TRES-3,TRES-3__2026-08-27,99,69,1.6054265685700762,1.2889517233908765,1012.0,52.530263121920356,2.739,88,0.19318181818181818,2.5443607167710236,0.0717047708945185,0.586136023574325
TRES-3,TRES-3__2026-08-27,157,57,1.8792218963222065,1.2511601292663563,656.0,57.96761921694139,2.739,88,0.20454545454545456,2.5443607167710236,0.0717047708945185,0.6860978080767457
TRES-3,TRES-3__2026-08-27,74,70,1.48241947146621,1.164668711727614,46841.5,54.14285526906948,2.739,88,0.2159090909090909,2.5443607167710236,0.0717047708945185,0.5412265321161774
TRES-3,TRES-3__2026-08-14,71,44,2.85671532536128,1.159209707073317,3233.5,85.26087513306571,2.739,59,0.13559322033898305,1.5586461683794721,-0.016748836683016466,1.0429774827898066
TRES-3,TRES-3__2026-08-27,165,70,0.5853892101087774,1.1337555362101508,2073.0,22.269403001507968,2.739,88,0.22727272727272727,2.5443607167710236,0.0717047708945185,0.21372369846979827
TRES-3,TRES-3__2026-08-27,32,67,1.657106772631721,1.0936353284124603,711.0,62.2404848084903,2.739,88,0.23863636363636365,2.5443607167710236,0.0717047708945185,0.6050042981495878
TRES-3,TRES-3__2026-08-14,82,47,3.6445188225320773,1.0852096665618456,5006.5,117.444301415435,2.739,59,0.15254237288135594,1.5586461683794721,-0.016748836683016466,1.3306019797488418
TRES-3,TRES-3__2026-08-27,178,70,0.7895972740406141,1.0638158275847416,1371.0,33.49990354024727,2.739,88,0.25,2.5443607167710236,0.0717047708945185,0.28827939906557654
TRES-3,TRES-3__2026-08-14,27,42,4.042697053847984,1.0462223801490163,629.25,132.3545080540666,2.739,59,0.1694915254237288,1.5586461683794721,-0.016748836683016466,1.4759755581774314
TRES-3,TRES-3__2026-08-27,158,70,0.41577875182128976,1.0418293662169733,3343.0,18.602388278532388,2.739,88,0.26136363636363635,2.5443607167710236,0.0717047708945185,0.15179947127465857
TRES-3,TRES-3__2026-08-14,88,44,4.841302788305784,0.9945050944238839,1536.5,177.54574790626793,2.739,59,0.1864406779661017,1.5586461683794721,-0.016748836683016466,1.7675439168695817
TRES-3,TRES-3__2026-08-10,23,50,0.668267349282556,0.9582751401596971,4516.25,26.978050122749323,2.739,15,0.26666666666666666,1.6797498596358469,-0.05882684262713356,0.24398223778114497
TRES-3,TRES-3__2026-08-14,66,44,2.7147433839609163,0.9226400611607108,1403.75,105.77864309956281,2.739,59,0.2033898305084746,1.5586461683794721,-0.016748836683016466,0.9911439883026347
TRES-3,TRES-3__2026-08-27,39,70,0.46461990117160423,0.8820353322965051,3203.5,23.575792885278993,2.739,88,0.2727272727272727,2.5443607167710236,0.0717047708945185,0.16963121619992855
TRES-3,TRES-3__2026-08-27,68,70,0.3730085099933267,0.8581778435659667,3896.0,18.669208153986133,2.739,88,0.2840909090909091,2.5443607167710236,0.0717047708945185,0.13618419495922846
TRES-3,TRES-3__2026-08-14,30,45,2.5582186541676597,0.8127331393920635,1729.0,110.27039882066333,2.739,59,0.22033898305084745,1.5586461683794721,-0.016748836683016466,0.9339973180604818
TRES-3,TRES-3__2026-08-14,87,42,2.197901085704562,0.7964614271130854,751.0,96.45316666354337,2.739,59,0.23728813559322035,1.5586461683794721,-0.016748836683016466,0.8024465446164886
TRES-3,TRES-3__2026-08-14,38,44,3.16970973986336,0.7763481512925304,887.75,148.6425946988913,2.739,59,0.2542372881355932,1.5586461683794721,-0.016748836683016466,1.157250726492647
TRES-3,TRES-3__2026-08-27,164,60,1.1391602093545161,0.7570771443956782,691.0,60.14821090258287,2.739,88,0.29545454545454547,2.5443607167710236,0.0717047708945185,0.4159036908924849
TRES-3,TRES-3__2026-08-27,30,70,0.8989460046289909,0.7517653260525226,1069.0,47.94954094419659,2.739,88,0.3068181818181818,2.5443607167710236,0.0717047708945185,0.3282022652898835
TRES-3,TRES-3__2026-08-14,74,44,1.9479689080435028,0.7256597083176466,913.25,92.38466227867389,2.739,59,0.2711864406779661,1.5586461683794721,-0.016748836683016466,0.7111971186723267
TRES-3,TRES-3__2026-08-27,42,70,0.8375674062371318,0.7037070499895887,792.5,53.97150189241703,2.739,88,0.3181818181818182,2.5443607167710236,0.0717047708945185,0.3057931384582445
TRES-3,TRES-3__2026-08-14,13,43,2.7492819250928786,0.6801626603299266,650.0,142.4838263988613,2.739,59,0.288135593220339,1.5586461683794721,-0.016748836683016466,1.0037538974417228
TRES-3,TRES-3__2026-08-27,117,68,0.8312521626745774,0.6628529747414049,988.5,56.2216938336552,2.739,88,0.32954545454545453,2.5443607167710236,0.0717047708945185,0.3034874635540626
TRES-3,TRES-3__2026-08-27,52,69,0.8720449663967931,0.6608319813077315,757.0,54.20503890860587,2.739,88,0.3409090909090909,2.5443607167710236,0.0717047708945185,0.3183807836424947
TRES-3,TRES-3__2026-08-27,170,69,0.8665523516022594,0.6560636590559193,2601.0,55.724385143236304,2.739,88,0.3522727272727273,2.5443607167710236,0.0717047708945185,0.31637544782849925
TRES-3,TRES-3__2026-08-14,76,49,4.437174854116507,0.5998080576487119,9100.5,277.8551745157657,2.739,59,0.3050847457627119,1.5586461683794721,-0.016748836683016466,1.6199981212546577
TRES-3,TRES-3__2026-08-31,250,60,0.931661824680992,0.5926078161139468,2714.5,53.99480350238115,2.739,22,0.13636363636363635,1.934641583196588,-1.4279079996288422,0.3401467048853567
TRES-3,TRES-3__2026-08-27,53,60,1.0871969261413956,0.572165903616223,524.5,73.993109828011,2.739,88,0.36363636363636365,2.5443607167710236,0.0717047708945185,0.3969320650388447
TRES-3,TRES-3__2026-08-31,210,60,0.8952813837358357,0.5701457302296288,1718.0,58.82399668279078,2.739,22,0.18181818181818182,1.934641583196588,-1.4279079996288422,0.32686432410946903
TRES-3,TRES-3__2026-08-27,126,70,0.16107521763139837,0.5514340540981655,5675.5,13.25155255701953,2.739,88,0.375,2.5443607167710236,0.0717047708945185,0.058808038565680315
TRES-3,TRES-3__2026-08-10,9,51,1.6148651407369092,0.5020634282683653,31634.0,131.05198497902876,2.739,15,0.3333333333333333,1.6797498596358469,-0.05882684262713356,0.5895820156031067
TRES-3,TRES-3__2026-08-14,8,43,1.3302788343355476,0.46413865038150626,973.5,98.58467376550429,2.739,59,0.3220338983050847,1.5586461683794721,-0.016748836683016466,0.4856804798596377
TRES-3,TRES-3__2026-08-27,106,70,0.14114935120740407,0.45791352494188636,5395.5,14.110522253105492,2.739,88,0.38636363636363635,2.5443607167710236,0.0717047708945185,0.05153316948061485
TRES-3,TRES-3__2026-08-27,81,70,0.5348725816548037,0.41806021655103104,1029.0,56.5023259703186,2.739,88,0.3977272727272727,2.5443607167710236,0.0717047708945185,0.19528024156801888
TRES-3,TRES-3__2026-08-27,86,70,0.21427585228108786,0.41800557152785206,1997.25,22.445703679711908,2.739,88,0.4090909090909091,2.5443607167710236,0.0717047708945185,0.07823141740821025
TRES-3,TRES-3__2026-08-27,67,66,0.5640803840432014,0.416320574241418,769.0,56.35487183450468,2.739,88,0.42045454545454547,2.5443607167710236,0.0717047708945185,0.20594391531332654
TRES-3,TRES-3__2026-08-10,25,50,0.3456612169522544,0.39032023682009925,4974.75,32.80798548903619,2.739,15,0.4,1.6797498596358469,-0.05882684262713356,0.12619978713116262
TRES-3,TRES-3__2026-08-14,16,44,1.2658782600277514,0.3624275092189777,1390.0,119.73765781638565,2.739,59,0.3389830508474576,1.5586461683794721,-0.016748836683016466,0.46216803944058105
TRES-3,TRES-3__2026-08-10,21,50,0.34640505783628395,0.3496741534842329,2126.5,38.4952295665211,2.739,15,0.4666666666666667,1.6797498596358469,-0.05882684262713356,0.1264713610209142
TRES-3,TRES-3__2026-08-27,133,70,0.10829660765587375,0.33004020643633525,4216.5,14.078213555927421,2.739,88,0.4318181818181818,2.5443607167710236,0.0717047708945185,0.03953873956037742
TRES-3,TRES-3__2026-08-27,28,61,0.31807217148808853,0.2801838398066781,886.0,44.530874744879135,2.739,88,0.4431818181818182,2.5443607167710236,0.0717047708945185,0.11612711627896624
TRES-3,TRES-3__2026-08-14,33,49,2.104144557165024,0.2766410979138726,21481.0,289.0288699510654,2.739,59,0.3559322033898305,1.5586461683794721,-0.016748836683016466,0.7682163406955181
TRES-3,TRES-3__2026-08-14,86,49,1.6313002266767154,0.25858109694123405,9710.5,234.43839670840651,2.739,59,0.3728813559322034,1.5586461683794721,-0.016748836683016466,0.5955824120762013
TRES-3,TRES-3__2026-08-14,39,44,0.7051424389549434,0.24480035230808014,859.0,100.74665046221246,2.739,59,0.3898305084745763,1.5586461683794721,-0.016748836683016466,0.25744521320005237
TRES-3,TRES-3__2026-08-14,22,49,1.7820664917277014,0.24189774133137715,18184.0,281.1918930754782,2.739,59,0.4067796610169492,1.5586461683794721,-0.016748836683016466,0.6506266855522824
TRES-3,TRES-3__2026-08-14,75,49,1.4779312769237591,0.23633105604577337,15001.5,234.4114649586127,2.739,59,0.423728813559322,1.5586461683794721,-0.016748836683016466,0.5395879068724934
TRES-3,TRES-3__2026-08-27,169,55,0.30776675049668284,0.22276155140422157,737.0,51.59112146064183,2.739,88,0.45454545454545453,2.5443607167710236,0.0717047708945185,0.11236464056103791
TRES-3,TRES-3__2026-08-27,51,70,0.2319210559129905,0.21038633734233383,951.5,48.5781118579674,2.739,88,0.4659090909090909,2.5443607167710236,0.0717047708945185,0.08467362391857997
TRES-3,TRES-3__2026-08-14,63,43,0.27975750229954743,0.16860534930027565,971.0,54.76232176133765,2.739,59,0.4406779661016949,1.5586461683794721,-0.016748836683016466,0.10213855505642477
TRES-3,TRES-3__2026-08-27,149,70,0.15837562178358489,0.15914034617632655,1059.5,43.985055585692834,2.739,88,0.4772727272727273,2.5443607167710236,0.0717047708945185,0.05782242489360529
TRES-3,TRES-3__2026-08-27,136,70,0.03907540446920863,0.1558087917358124,11837.0,11.849586018117744,2.739,88,0.48863636363636365,2.5443607167710236,0.0717047708945185,0.014266303201609577
TRES-3,TRES-3__2026-08-27,186,58,0.11828492558579287,0.08739949509133639,781.0,52.6967334074517,2.739,88,0.5,2.5443607167710236,0.0717047708945185,0.04318544198093935
TRES-3,TRES-3__2026-08-27,137,70,0.031748361867532195,0.056010046697700606,2141.5,24.742490763433704,2.739,88,0.5113636363636364,2.5443607167710236,0.0717047708945185,0.011591223755944577
TRES-3,TRES-3__2026-08-14,46,43,0.03531931609993877,0.01131857538215765,1006.0,106.69581941246389,2.739,59,0.4576271186440678,1.5586461683794721,-0.016748836683016466,0.012894967542876513
TRES-3,TRES-3__2026-08-14,36,44,-0.02067276473909829,-0.01111502059352134,1402.0,62.476288937243396,2.739,59,0.4745762711864407,1.5586461683794721,-0.016748836683016466,-0.007547559232967612
TRES-3,TRES-3__2026-08-27,159,70,-0.006083215305334032,-0.012552266820560392,7132.25,21.197664251137166,2.739,88,0.5227272727272727,2.5443607167710236,0.0717047708945185,-0.0022209621414143966
TRES-3,TRES-3__2026-08-14,68,42,-0.028373306942649796,-0.013202760226297978,715.75,70.90244712355056,2.739,59,0.4915254237288136,1.5586461683794721,-0.016748836683016466,-0.010359002169642131
TRES-3,TRES-3__2026-08-14,23,43,-0.04628256411376151,-0.016748836683016466,894.0,94.4086556384355,2.739,59,0.5084745762711864,1.5586461683794721,-0.016748836683016466,-0.016897613769171784
TRES-3,TRES-3__2026-08-14,21,45,-0.05773733943030586,-0.020287611143990303,1433.0,101.72910510159544,2.739,59,0.5254237288135594,1.5586461683794721,-0.016748836683016466,-0.021079715016541024
TRES-3,TRES-3__2026-08-10,27,49,-0.06722257542426054,-0.05882684262713356,2679.5,40.723644340024144,2.739,15,0.5333333333333333,1.6797498596358469,-0.05882684262713356,-0.024542743856977196
TRES-3,TRES-3__2026-08-27,94,70,-0.0820431624817765,-0.06633471800593795,1022.0,53.72679449420908,2.739,88,0.5340909090909091,2.5443607167710236,0.0717047708945185,-0.029953692034237495
TRES-3,TRES-3__2026-08-27,128,70,-0.025470556175290964,-0.07502573814440927,3993.0,14.676711067878468,2.739,88,0.5454545454545454,2.5443607167710236,0.0717047708945185,-0.009299217296564792
TRES-3,TRES-3__2026-08-27,72,70,-0.04765663476286397,-0.10500796293631798,3923.5,20.44419747435767,2.739,88,0.5568181818181818,2.5443607167710236,0.0717047708945185,-0.0173992824983074
TRES-3,TRES-3__2026-08-27,84,70,-0.08943578635101132,-0.16906828059520673,2037.0,23.47668225016801,2.739,88,0.5681818181818182,2.5443607167710236,0.0717047708945185,-0.03265271498759084
TRES-3,TRES-3__2026-08-27,112,70,-0.2115650406405397,-0.1983727712742532,1180.0,45.55478791720527,2.739,88,0.5795454545454546,2.5443607167710236,0.0717047708945185,-0.07724170888665195
TRES-3,TRES-3__2026-08-14,6,43,-0.7871568733310134,-0.2165631180850879,730.5,123.47101434390453,2.739,59,0.5423728813559322,1.5586461683794721,-0.016748836683016466,-0.2873884166962444
TRES-3,TRES-3__2026-08-14,53,41,-0.8079502667168389,-0.2251477472385421,691.5,114.95980415776827,2.739,59,0.559322033898305,1.5586461683794721,-0.016748836683016466,-0.2949800170561661
TRES-3,TRES-3__2026-08-14,28,40,-0.5607321911056982,-0.3016420561061235,854.25,58.5096994773254,2.739,59,0.576271186440678,1.5586461683794721,-0.016748836683016466,-0.20472150095133193
TRES-3,TRES-3__2026-08-27,90,70,-0.3446820605081935,-0.3030794714797797,944.25,50.84952756270973,2.739,88,0.5909090909090909,2.5443607167710236,0.0717047708945185,-0.12584230029506882
TRES-3,TRES-3__2026-08-27,80,70,-0.2982052844376314,-0.33910375645873,1450.0,38.35105766727486,2.739,88,0.6022727272727273,2.5443607167710236,0.0717047708945185,-0.10887378037153392
TRES-3,TRES-3__2026-08-27,22,62,-0.6405335189969482,-0.3458040949916085,593.5,73.35559210424063,2.739,88,0.6136363636363636,2.5443607167710236,0.0717047708945185,-0.2338567064610983
TRES-3,TRES-3__2026-08-27,76,70,-0.4051791883276106,-0.36134817896836996,1106.5,48.286726641047125,2.739,88,0.625,2.5443607167710236,0.0717047708945185,-0.14792960508492536
TRES-3,TRES-3__2026-08-27,180,65,-0.48248534641372326,-0.37492440089773343,879.0,53.1877168316422,2.739,88,0.6363636363636364,2.5443607167710236,0.0717047708945185,-0.17615383220654374
TRES-3,TRES-3__2026-08-27,183,70,-0.1664096481099269,-0.37496555590348696,3428.0,20.020303438839665,2.739,88,0.6477272727272727,2.5443607167710236,0.0717047708945185,-0.060755621799900295
TRES-3,TRES-3__2026-08-27,101,68,-0.6758614034093647,-0.41700458576403854,738.5,64.4078957842507,2.739,88,0.6590909090909091,2.5443607167710236,0.0717047708945185,-0.2467548022670189
TRES-3,TRES-3__2026-08-27,60,70,-0.26755884222856785,-0.42757704659476076,1681.0,25.949663108174214,2.739,88,0.6704545454545454,2.5443607167710236,0.0717047708945185,-0.09768486390236139
TRES-3,TRES-3__2026-08-14,50,41,-1.637052066380713,-0.44250430542413416,715.5,117.30195164176641,2.739,59,0.5932203389830508,1.5586461683794721,-0.016748836683016466,-0.5976823900623268
TRES-3,TRES-3__2026-08-10,11,51,-1.3134066946507557,-0.4768652748917547,16873.5,113.30910605469782,2.739,15,0.6,1.6797498596358469,-0.05882684262713356,-0.4795205164843942
TRES-3,TRES-3__2026-08-27,109,70,-0.4105042821696183,-0.4791800124031673,1376.0,35.48721607853306,2.739,88,0.6818181818181818,2.5443607167710236,0.0717047708945185,-0.1498737795434897
TRES-3,TRES-3__2026-08-14,52,43,-1.714992237696234,-0.4855845972547378,1061.0,119.98838582024197,2.739,59,0.6101694915254238,1.5586461683794721,-0.016748836683016466,-0.6261380933538643
TRES-3,TRES-3__2026-08-27,113,70,-0.4039709006013055,-0.495732213070273,1404.0,36.36891431065195,2.739,88,0.6931818181818182,2.5443607167710236,0.0717047708945185,-0.1474884631622145
TRES-3,TRES-3__2026-08-27,121,70,-0.6162642849394584,-0.5028062442068534,956.0,51.45361075613867,2.739,88,0.7045454545454546,2.5443607167710236,0.0717047708945185,-0.22499608796621337
TRES-3,TRES-3__2026-08-31,206,60,-0.7064211656395277,-0.5086542248174158,2128.0,44.65472659511309,2.739,22,0.22727272727272727,1.934641583196588,-1.4279079996288422,-0.25791207215754935
TRES-3,TRES-3__2026-08-14,69,42,-1.3568690433609645,-0.5163092460005855,759.0,86.12958777955654,2.739,59,0.6271186440677966,1.5586461683794721,-0.016748836683016466,-0.4953884787736271
TRES-3,TRES-3__2026-08-10,17,51,-1.211784399894832,-0.5429015744321625,8097.5,91.9556560962887,2.739,15,0.6666666666666666,1.6797498596358469,-0.05882684262713356,-0.44241854687653603
TRES-3,TRES-3__2026-08-14,31,46,-1.2065029883764722,-0.564063798908393,1714.5,72.20124152413246,2.739,59,0.6440677966101694,1.5586461683794721,-0.016748836683016466,-0.44049032069239585
TRES-3,TRES-3__2026-08-27,54,70,-0.8403914155691607,-0.6003880276700524,939.75,57.35892239124751,2.739,88,0.7159090909090909,2.5443607167710236,0.0717047708945185,-0.30682417508914234
TRES-3,TRES-3__2026-08-14,20,42,-1.8552146265180065,-0.6479001953914533,643.25,94.7363628184093,2.739,59,0.6610169491525424,1.5586461683794721,-0.016748836683016466,-0.6773328318795204
TRES-3,TRES-3__2026-08-27,44,70,-0.1504689550886748,-0.6535341491142066,11156.5,11.185751132213666,2.739,88,0.7272727272727273,2.5443607167710236,0.0717047708945185,-0.05493572657490866
TRES-3,TRES-3__2026-08-31,285,65,-1.4955007015757524,-0.7567392543407546,4659.0,74.1006883331097,2.739,22,0.2727272727272727,1.934641583196588,-1.4279079996288422,-0.5460024467235314
TRES-3,TRES-3__2026-08-27,177,70,-0.20257170130929852,-0.7647566131075313,7240.5,12.39134506170894,2.739,88,0.7386363636363636,2.5443607167710236,0.0717047708945185,-0.07395826991942261
TRES-3,TRES-3__2026-08-10,12,51,-2.3907344641670476,-0.7786952541687205,19074.0,126.4923928933508,2.739,15,0.7333333333333333,1.6797498596358469,-0.05882684262713356,-0.872849384507867
TRES-3,TRES-3__2026-08-14,32,40,-1.4312541195571247,-0.7943843099241333,946.0,58.86432232359063,2.739,59,0.6779661016949152,1.5586461683794721,-0.016748836683016466,-0.5225462283888735
TRES-3,TRES-3__2026-08-27,124,70,-0.6610537773652283,-0.8315512768760889,1187.0,32.97977721641325,2.739,88,0.75,2.5443607167710236,0.0717047708945185,-0.24134858611362844
TRES-3,TRES-3__2026-08-27,17,47,-1.183105950738974,-0.8331235915750388,1040.5,46.59635144445807,2.739,88,0.7613636363636364,2.5443607167710236,0.0717047708945185,-0.4319481382763688
TRES-3,TRES-3__2026-08-14,89,48,-3.973114409556672,-0.8359553468441508,7174.25,165.62683466921806,2.739,59,0.6949152542372882,1.5586461683794721,-0.016748836683016466,-1.4505711608458094
TRES-3,TRES-3__2026-08-10,13,51,-1.5064915796223128,-0.9325971349862193,6017.5,65.7894792441057,2.739,15,0.8,1.6797498596358469,-0.05882684262713356,-0.5500151805849992
TRES-3,TRES-3__2026-08-10,18,51,-2.7106103947954803,-0.9327181222518025,8588.0,119.97077989671504,2.739,15,0.8666666666666667,1.6797498596358469,-0.05882684262713356,-0.9896350473879081
TRES-3,TRES-3__2026-08-14,78,48,-4.110228404714053,-0.9416987525442901,5870.25,153.79434540086226,2.739,59,0.711864406779661,1.5586461683794721,-0.016748836683016466,-1.5006310349448897
TRES-3,TRES-3__2026-08-27,143,57,-2.462338945017069,-0.9561068507601498,619.0,96.88307850150272,2.739,88,0.7727272727272727,2.5443607167710236,0.0717047708945185,-0.8989919477973966
TRES-3,TRES-3__2026-08-27,33,70,-0.7602683987925293,-0.9877720590884298,1380.0,34.0879710867724,2.739,88,0.7840909090909091,2.5443607167710236,0.0717047708945185,-0.27757152201260654
TRES-3,TRES-3__2026-08-27,45,70,-0.44970249739812046,-1.006495043924189,3123.0,20.751600021723004,2.739,88,0.7954545454545454,2.5443607167710236,0.0717047708945185,-0.16418492055426084
TRES-3,TRES-3__2026-08-27,38,70,-0.46583820375686297,-1.0084067465873456,3487.0,21.516032860153896,2.739,88,0.8068181818181818,2.5443607167710236,0.0717047708945185,-0.1700760145151015
TRES-3,TRES-3__2026-08-14,81,44,-6.371952578585144,-1.026673872521913,1619.5,219.47861902958945,2.739,59,0.7288135593220338,1.5586461683794721,-0.016748836683016466,-2.326379181666719
TRES-3,TRES-3__2026-08-27,78,68,-2.179807289881867,-1.044309529956497,749.75,92.05266872121105,2.739,88,0.8181818181818182,2.5443607167710236,0.0717047708945185,-0.7958405585548984
TRES-3,TRES-3__2026-08-31,229,65,-2.147219450268072,-1.0605389936342053,4582.0,70.28043896514366,2.739,22,0.3181818181818182,1.934641583196588,-1.4279079996288422,-0.7839428442015597
TRES-3,TRES-3__2026-08-27,191,70,-0.9534686038309046,-1.065331475494891,1391.5,38.6293937627712,2.739,88,0.8295454545454546,2.5443607167710236,0.0717047708945185,-0.34810828909489033
TRES-3,TRES-3__2026-08-14,44,49,-3.22295890597405,-1.0731700314586567,6913.0,110.44221422658052,2.739,59,0.7457627118644068,1.5586461683794721,-0.016748836683016466,-1.1766918240138922
TRES-3,TRES-3__2026-08-27,156,61,-1.6309360176394043,-1.0956519771882358,701.0,57.42341422788706,2.739,88,0.8409090909090909,2.5443607167710236,0.0717047708945185,-0.5954494405401257
TRES-3,TRES-3__2026-08-27,63,70,-0.4795035996934277,-1.1036776572300586,4458.0,18.65781690355614,2.739,88,0.8522727272727273,2.5443607167710236,0.0717047708945185,-0.17506520616773558
TRES-3,TRES-3__2026-08-14,57,46,-3.3415673834629436,-1.1379013168980596,2398.0,104.90024845111033,2.739,59,0.7627118644067796,1.5586461683794721,-0.016748836683016466,-1.2199953937433163
TRES-3,TRES-3__2026-08-27,66,65,-2.4327352254242802,-1.148814388515331,687.0,90.29656202111262,2.739,88,0.8636363636363636,2.5443607167710236,0.0717047708945185,-0.8881837259672436
TRES-3,TRES-3__2026-08-14,58,46,-2.11436448572019,-1.1848885368715698,1795.75,63.567866591235436,2.739,59,0.7796610169491526,1.5586461683794721,-0.016748836683016466,-0.7719476034027711
TRES-3,TRES-3__2026-08-27,190,70,-0.2716957938323808,-1.1851684746563385,16879.0,10.8161629820821,2.739,88,0.875,2.5443607167710236,0.0717047708945185,-0.09919525149046397
TRES-3,TRES-3__2026-08-31,174,61,-2.52863096195752,-1.2124345138837118,2568.0,90.77591873124221,2.739,22,0.36363636363636365,1.934641583196588,-1.4279079996288422,-0.9231949477756554
TRES-3,TRES-3__2026-08-14,90,44,-4.0496552453327705,-1.2214077466722861,1294.0,116.30542323861046,2.739,59,0.7966101694915254,1.5586461683794721,-0.016748836683016466,-1.4785159712788503
TRES-3,TRES-3__2026-08-31,281,66,-4.743555327442387,-1.2260515185606748,5405.0,140.97749315433768,2.739,22,0.4090909090909091,1.934641583196588,-1.4279079996288422,-1.7318566365251504
TRES-3,TRES-3__2026-08-14,61,47,-4.212710336357672,-1.2279235139978246,1866.0,118.5581610592724,2.739,59,0.8135593220338984,1.5586461683794721,-0.016748836683016466,-1.5380468551871749
TRES-3,TRES-3__2026-08-27,98,70,-0.4418420376914133,-1.2283765373568964,11928.75,16.65417111620843,2.739,88,0.8863636363636364,2.5443607167710236,0.0717047708945185,-0.1613150922568139
TRES-3,TRES-3__2026-08-14,19,49,-9.859091879742973,-1.2708329491590895,4770.0,285.58692309007165,2.739,59,0.8305084745762712,1.5586461683794721,-0.016748836683016466,-3.5995224095447145
TRES-3,TRES-3__2026-08-27,181,70,-0.9008760703830455,-1.2735180707562828,1586.5,30.968906268026174,2.739,88,0.8977272727272727,2.5443607167710236,0.0717047708945185,-0.3289069260252083
TRES-3,TRES-3__2026-08-27,129,70,-0.43789917115306837,-1.2772207204978505,3958.5,14.794450660664538,2.739,88,0.9090909090909091,2.5443607167710236,0.0717047708945185,-0.15987556449546125
TRES-3,TRES-3__2026-08-14,7,49,-10.33272803520084,-1.33824924438711,6206.0,282.749426074728,2.739,59,0.847457627118644,1.5586461683794721,-0.016748836683016466,-3.772445430887492
TRES-3,TRES-3__2026-08-31,249,61,-1.823118057794866,-1.3384414600720884,2328.0,50.68502795620226,2.739,22,0.45454545454545453,1.934641583196588,-1.4279079996288422,-0.6656144789320431
TRES-3,TRES-3__2026-08-14,29,47,-6.314504429921679,-1.3851468321533429,1956.0,158.18424330768426,2.739,59,0.864406779661017,1.5586461683794721,-0.016748836683016466,-2.3054050492594667
TRES-3,TRES-3__2026-08-31,257,66,-4.307312550757877,-1.4241912188726626,4617.0,111.86344573227936,2.739,22,0.5,1.934641583196588,-1.4279079996288422,-1.5725858162679363
TRES-3,TRES-3__2026-08-31,228,67,-5.837780291433633,-1.4316247803850215,6513.0,152.327270516439,2.739,22,0.5454545454545454,1.934641583196588,-1.4279079996288422,-2.131354615346343
TRES-3,TRES-3__2026-08-31,186,61,-2.7185663243673606,-1.51188330558667,1422.0,69.52454511523968,2.739,22,0.5909090909090909,1.934641583196588,-1.4279079996288422,-0.9925397314229137
TRES-3,TRES-3__2026-08-27,37,70,-3.5701490370504665,-1.5376902238841814,1232.0,102.93181396545643,2.739,88,0.9204545454545454,2.5443607167710236,0.0717047708945185,-1.3034498127237921
TRES-3,TRES-3__2026-08-27,119,70,-0.9794684520575099,-1.5626808948050939,2303.0,27.76149935617452,2.739,88,0.9318181818181818,2.5443607167710236,0.0717047708945185,-0.357600749199529
TRES-3,TRES-3__2026-08-14,47,47,-7.003203841852808,-1.5673629908595785,2369.0,152.66999131607508,2.739,59,0.8813559322033898,1.5586461683794721,-0.016748836683016466,-2.5568469667224565
TRES-3,TRES-3__2026-08-27,155,70,-1.1210084515161267,-1.5762413020534314,1584.5,31.31253537094441,2.739,88,0.9431818181818182,2.5443607167710236,0.0717047708945185,-0.4092765430873044
TRES-3,TRES-3__2026-08-27,173,70,-1.4396803012268893,-1.667511224302053,1139.5,36.40486919893347,2.739,88,0.9545454545454546,2.5443607167710236,0.0717047708945185,-0.5256225999367978
TRES-3,TRES-3__2026-08-10,26,50,-1.000847184827046,-1.6815813370653867,4057.75,21.701355642670237,2.739,15,0.9333333333333333,1.6797498596358469,-0.05882684262713356,-0.3654060550664644
TRES-3,TRES-3__2026-08-31,290,67,-6.784307101566475,-1.6874462601405469,9381.0,151.18442683490247,2.739,22,0.6363636363636364,1.934641583196588,-1.4279079996288422,-2.476928478118465
TRES-3,TRES-3__2026-08-14,45,48,-9.688346833178962,-1.7320514902943065,5177.0,198.22350756706066,2.739,59,0.8983050847457628,1.5586461683794721,-0.016748836683016466,-3.5371839478565033
TRES-3,TRES-3__2026-08-31,236,67,-6.65361273004117,-1.7476543690058264,8083.0,137.97523238975882,2.739,22,0.6818181818181818,1.934641583196588,-1.4279079996288422,-2.4292123877477803
TRES-3,TRES-3__2026-08-31,274,67,-7.135846084326528,-1.7560277354696974,23222.0,151.0869707305652,2.739,22,0.7272727272727273,1.934641583196588,-1.4279079996288422,-2.605274218447071
TRES-3,TRES-3__2026-08-27,176,70,-0.6148338340996544,-1.8584669469555681,11516.0,15.794279759402997,2.739,88,0.9659090909090909,2.5443607167710236,0.0717047708945185,-0.22447383501265222
TRES-3,TRES-3__2026-08-14,83,47,-5.7159894055386085,-1.9114483535964053,3141.0,104.64529726878398,2.739,59,0.9152542372881356,1.5586461683794721,-0.016748836683016466,-2.086889158648634
TRES-3,TRES-3__2026-08-27,25,70,-3.434904584385936,-1.9316353007542946,1894.5,82.16373256764177,2.739,88,0.9772727272727273,2.5443607167710236,0.0717047708945185,-1.254072502514033
TRES-3,TRES-3__2026-08-31,277,67,-7.9861496757587345,-1.949861387368318,14368.0,154.41800512289058,2.739,22,0.7727272727272727,1.934641583196588,-1.4279079996288422,-2.9157172967355733
TRES-3,TRES-3__2026-08-14,80,45,-8.850013779164584,-2.012702751959715,1423.0,161.2268042166419,2.739,59,0.9322033898305084,1.5586461683794721,-0.016748836683016466,-3.2311112738826524
TRES-3,TRES-3__2026-08-14,18,49,-15.014789282133304,-2.0265499368490483,35359.0,254.39508864444565,2.739,59,0.9491525423728814,1.5586461683794721,-0.016748836683016466,-5.481850778434941
TRES-3,TRES-3__2026-08-10,16,51,-6.363042235267555,-2.0483046206223605,12216.0,128.3696192996904,2.739,15,1.0,1.6797498596358469,-0.05882684262713356,-2.32312604427439
TRES-3,TRES-3__2026-08-31,278,67,-7.724294524877792,-2.0757668500116537,8889.0,141.07725766169392,2.739,22,0.8181818181818182,1.934641583196588,-1.4279079996288422,-2.8201148320108773
TRES-3,TRES-3__2026-08-14,48,49,-10.709112785682356,-2.094298371325232,9162.0,188.04045216092922,2.739,59,0.9661016949152542,1.5586461683794721,-0.016748836683016466,-3.909862280278334
TRES-3,TRES-3__2026-08-27,179,70,-0.4396582737446462,-2.163898756586504,23066.0,9.803479187206941,2.739,88,0.9886363636363636,2.5443607167710236,0.0717047708945185,-0.16051780713568684
TRES-3,TRES-3__2026-08-31,177,67,-8.722610565072143,-2.219233692695286,5461.0,144.33346006196723,2.739,22,0.8636363636363636,1.934641583196588,-1.4279079996288422,-3.1845967743965473
TRES-3,TRES-3__2026-08-14,73,49,-12.927336639142581,-2.261352809509197,25967.0,209.57237343001182,2.739,59,0.9830508474576272,1.5586461683794721,-0.016748836683016466,-4.719728601366405
TRES-3,TRES-3__2026-08-14,64,48,-16.39085568528637,-2.397636281729757,5905.0,244.32371912120863,2.739,59,1.0,1.5586461683794721,-0.016748836683016466,-5.984248150889511
TRES-3,TRES-3__2026-08-27,171,70,-0.623259352366919,-2.62770774367446,13899.0,11.494382871989854,2.739,88,1.0,2.5443607167710236,0.0717047708945185,-0.22754996435447938
TRES-3,TRES-3__2026-08-31,195,67,-14.935676168977515,-3.745319813805049,17787.0,157.2805289684838,2.739,22,0.9090909090909091,1.934641583196588,-1.4279079996288422,-5.452966837888834
TRES-3,TRES-3__2026-08-31,213,67,-16.178415026018083,-3.785846247452861,20731.0,168.6895291206236,2.739,22,0.9545454545454546,1.934641583196588,-1.4279079996288422,-5.90668675648707
TRES-3,TRES-3__2026-08-31,191,67,-22.409321566728636,-4.6879058217617775,33127.0,194.94611928536412,2.739,22,1.0,1.934641583196588,-1.4279079996288422,-8.181570488035282
TRES-5,TRES-5__2026-08-17,495,52,1.7286504647584326,5.673593122932809,6075.25,14.432714130602573,2.192,220,0.004545454545454545,3.061041116275965,0.3416575141851451,0.7886179127547593
TRES-5,TRES-5__2026-08-17,178,52,5.086785755160264,5.486342306026622,949.0,44.257484459218084,2.192,220,0.00909090909090909,3.061041116275965,0.3416575141851451,2.3206139393979304
TRES-5,TRES-5__2026-08-17,233,52,8.628786792429247,5.075914467492231,549.25,82.36071113151351,2.192,220,0.013636363636363636,3.061041116275965,0.3416575141851451,3.9364903250133425
TRES-5,TRES-5__2026-08-17,409,52,2.4070535385468204,5.0468302669604155,1543.5,21.553889550687142,2.192,220,0.01818181818181818,3.061041116275965,0.3416575141851451,1.098108366125374
TRES-5,TRES-5__2026-08-17,137,52,1.229337947325217,4.808974631567935,4210.25,11.52972469417496,2.192,220,0.022727272727272728,3.061041116275965,0.3416575141851451,0.5608293555315771
TRES-5,TRES-5__2026-08-29,218,73,12.284782217950493,4.796855936743862,478.0,136.34185745600797,2.192,241,0.004149377593360996,2.34732511070012,0.09874798066907436,5.604371449794932
TRES-5,TRES-5__2026-08-29,376,66,2.0223905076068927,4.651023250322977,2277.5,20.702382950781747,2.192,241,0.008298755186721992,2.34732511070012,0.09874798066907436,0.9226234067549692
TRES-5,TRES-5__2026-08-17,300,52,0.9849006014761038,4.616201083977306,5964.0,9.572925360818031,2.192,220,0.02727272727272727,3.061041116275965,0.3416575141851451,0.44931596782668964
TRES-5,TRES-5__2026-09-01,73,74,2.845017119476191,4.452149954370995,1248.75,33.51245654795987,2.192,335,0.0029850746268656717,2.6967963921627147,0.2238016875674055,1.2979092698340287
TRES-5,TRES-5__2026-08-17,391,52,3.477846083982998,4.435617850350439,767.0,35.69819257149659,2.192,220,0.031818181818181815,3.061041116275965,0.3416575141851451,1.586608614955747
TRES-5,TRES-5__2026-09-01,69,74,1.549516992999269,4.265028466567674,7093.75,19.41703199112962,2.192,335,0.005970149253731343,2.6967963921627147,0.2238016875674055,0.7068964384120752
TRES-5,TRES-5__2026-08-17,499,52,2.672462485888377,4.2226281074001815,1420.5,26.583879520765883,2.192,220,0.03636363636363636,3.061041116275965,0.3416575141851451,1.2191890902775442
TRES-5,TRES-5__2026-08-26,152,74,6.355804957478235,4.079006891816313,557.0,79.76329215368263,2.192,225,0.0044444444444444444,1.8881783586794032,-0.06514002558174027,2.8995460572437204
TRES-5,TRES-5__2026-08-29,295,73,0.8186673754066185,3.736439385064763,8519.0,10.456424540084978,2.192,241,0.012448132780082987,2.34732511070012,0.09874798066907436,0.3734796420650632
TRES-5,TRES-5__2026-09-04,974,56,3.5982540332643684,3.6806115806830926,595.0,43.03636434883081,2.192,450,0.0022222222222222222,1.757376496727763,0.18400955907077746,1.6415392487519929
TRES-5,TRES-5__2026-09-01,150,74,1.9800722026416033,3.6167925177842193,2089.0,27.8151824774723,2.192,335,0.008955223880597015,2.6967963921627147,0.2238016875674055,0.903317610694162
TRES-5,TRES-5__2026-08-17,108,52,3.3044783504422157,3.54077657664081,918.75,40.77699984712108,2.192,220,0.04090909090909091,3.061041116275965,0.3416575141851451,1.5075174956396968
TRES-5,TRES-5__2026-09-01,101,71,4.078513838207572,3.4669325179421766,613.5,54.00622285188558,2.192,335,0.011940298507462687,2.6967963921627147,0.2238016875674055,1.860635875094695
TRES-5,TRES-5__2026-09-01,164,74,5.788188856171158,3.466765385384202,64995.25,90.86324466172482,2.192,335,0.014925373134328358,2.6967963921627147,0.2238016875674055,2.640597105917499
TRES-5,TRES-5__2026-09-01,435,58,3.6763281997405444,3.3719511234462884,806.75,46.655295631363664,2.192,335,0.01791044776119403,2.6967963921627147,0.2238016875674055,1.6771570254290804
TRES-5,TRES-5__2026-08-29,154,69,6.515986706980461,3.3595616110812974,492.0,90.91765787687595,2.192,241,0.016597510373443983,2.34732511070012,0.09874798066907436,2.972621672892546
TRES-5,TRES-5__2026-09-01,189,74,2.1236990580354367,3.337838767800457,1613.75,32.44437874238508,2.192,335,0.020895522388059702,2.6967963921627147,0.2238016875674055,0.9688408111475532
TRES-5,TRES-5__2026-09-01,244,69,3.5157104860701116,3.316175869984479,849.0,49.34371658084858,2.192,335,0.023880597014925373,2.6967963921627147,0.2238016875674055,1.6038825210173866
TRES-5,TRES-5__2026-09-01,269,74,2.313907300266449,3.3103783359819188,1746.5,34.67660372747948,2.192,335,0.026865671641791045,2.6967963921627147,0.2238016875674055,1.055614644282139
TRES-5,TRES-5__2026-08-17,538,52,2.269532877509556,3.2839115872019016,956.75,28.18404879832445,2.192,220,0.045454545454545456,3.061041116275965,0.3416575141851451,1.035370838279907
TRES-5,TRES-5__2026-09-01,264,74,4.6173113562157875,3.259852732403254,36098.25,75.7014701154173,2.192,335,0.029850746268656716,2.6967963921627147,0.2238016875674055,2.106437662507202
TRES-5,TRES-5__2026-08-26,153,74,2.042267809070079,3.2421438700561067,1623.0,27.997935142822133,2.192,225,0.008888888888888889,1.8881783586794032,-0.06514002558174027,0.9316915187363499
TRES-5,TRES-5__2026-08-17,123,52,0.7993010120434386,3.2172358415621116,6061.0,10.068476063537283,2.192,220,0.05,3.061041116275965,0.3416575141851451,0.3646446222825906
TRES-5,TRES-5__2026-09-01,112,74,0.8682875255941055,3.1965234520153047,6581.75,13.761382522544864,2.192,335,0.03283582089552239,2.6967963921627147,0.2238016875674055,0.39611657189512106
TRES-5,TRES-5__2026-09-01,237,74,1.0385373833505125,3.1035477156791447,2522.5,15.74390391682403,2.192,335,0.03582089552238806,2.6967963921627147,0.2238016875674055,0.47378530262340895
TRES-5,TRES-5__2026-09-04,1127,54,6.861442234936788,3.087282365803123,547.5,90.91847058964932,2.192,450,0.0044444444444444444,1.757376496727763,0.18400955907077746,3.13021999769014
TRES-5,TRES-5__2026-08-17,146,51,1.2652307081423508,3.0528203412609076,1739.0,15.900015327279228,2.192,220,0.05454545454545454,3.061041116275965,0.3416575141851451,0.5772037902109264
TRES-5,TRES-5__2026-09-04,966,56,7.186715613025968,3.0509632936705042,567.75,96.23733301374664,2.192,450,0.006666666666666667,1.757376496727763,0.18400955907077746,3.278611137329365
TRES-5,TRES-5__2026-08-17,535,52,1.1239054042055598,3.0307495406152496,2273.0,14.30480529503504,2.192,220,0.05909090909090909,3.061041116275965,0.3416575141851451,0.5127305676120254
TRES-5,TRES-5__2026-09-01,218,69,4.827400997625466,3.0218768734770336,438.0,72.1408768236984,2.192,335,0.03880597014925373,2.6967963921627147,0.2238016875674055,2.2022814770189165
TRES-5,TRES-5__2026-08-29,303,73,2.109359519770866,2.969767433424295,37860.0,32.68173941569556,2.192,241,0.02074688796680498,2.34732511070012,0.09874798066907436,0.9622990509903584
TRES-5,TRES-5__2026-08-17,540,52,1.3863874134823495,2.89572512875126,1487.25,19.25706759850015,2.192,220,0.06363636363636363,3.061041116275965,0.3416575141851451,0.6324760098003419
TRES-5,TRES-5__2026-08-26,189,74,2.856331145543579,2.865801296450562,762.0,46.34082858378217,2.192,225,0.013333333333333334,1.8881783586794032,-0.06514002558174027,1.30307077807645
TRES-5,TRES-5__2026-09-01,95,74,2.557012725054657,2.8552949471188924,1076.5,43.63044236150744,2.192,335,0.041791044776119404,2.6967963921627147,0.2238016875674055,1.1665204037658106
TRES-5,TRES-5__2026-08-17,547,52,0.7450539199858369,2.8511648158769107,3530.5,11.033791550699927,2.192,220,0.06818181818181818,3.061041116275965,0.3416575141851451,0.3398968613074073
TRES-5,TRES-5__2026-09-04,1021,56,3.380752553339787,2.810549399418848,453.0,51.481159265390076,2.192,450,0.008888888888888889,1.757376496727763,0.18400955907077746,1.5423141210491729
TRES-5,TRES-5__2026-08-17,79,52,4.89307958192662,2.8013706590946135,365.0,68.5490874648157,2.192,220,0.07272727272727272,3.061041116275965,0.3416575141851451,2.232244334820538
TRES-5,TRES-5__2026-08-17,268,52,2.949813944067098,2.8009678132627127,802.0,40.7534675641204,2.192,220,0.07727272727272727,3.061041116275965,0.3416575141851451,1.3457180401765958
TRES-5,TRES-5__2026-09-01,71,74,1.1493118708944912,2.7503179212141533,3151.0,21.185037373378634,2.192,335,0.04477611940298507,2.6967963921627147,0.2238016875674055,0.5243211089847131
TRES-5,TRES-5__2026-08-26,313,74,4.448518284174991,2.742672885546242,492.5,73.04043245681818,2.192,225,0.017777777777777778,1.8881783586794032,-0.06514002558174027,2.0294335238024592
TRES-5,TRES-5__2026-08-17,308,52,0.8617933882236103,2.726695859005045,2347.5,12.859523050252077,2.192,220,0.08181818181818182,3.061041116275965,0.3416575141851451,0.39315391798522364
TRES-5,TRES-5__2026-09-01,241,74,0.7366161526746258,2.717164937567183,3947.75,13.324397113846256,2.192,335,0.04776119402985075,2.6967963921627147,0.2238016875674055,0.33604751490630735
TRES-5,TRES-5__2026-09-01,188,72,3.551355914392424,2.7007461105112176,591.5,60.46580304062963,2.192,335,0.050746268656716415,2.6967963921627147,0.2238016875674055,1.6201441215293904
TRES-5,TRES-5__2026-08-26,150,74,2.4268279600329077,2.6975224852506887,1011.0,40.15716747913853,2.192,225,0.022222222222222223,1.8881783586794032,-0.06514002558174027,1.107129543810633
TRES-5,TRES-5__2026-09-01,442,64,6.642686574685501,2.695103655727642,290.75,107.6442325115322,2.192,335,0.05373134328358209,2.6967963921627147,0.2238016875674055,3.030422707429517
TRES-5,TRES-5__2026-08-29,121,73,1.4116983288620895,2.6629536471060153,1935.0,23.926612593344622,2.192,241,0.024896265560165973,2.34732511070012,0.09874798066907436,0.6440229602473035
TRES-5,TRES-5__2026-08-17,393,52,2.1363496025311886,2.651596918669268,808.75,32.379982326103956,2.192,220,0.08636363636363636,3.061041116275965,0.3416575141851451,0.9746120449503597
TRES-5,TRES-5__2026-08-17,399,52,1.276550996658829,2.626350911993093,1627.5,19.624994712460218,2.192,220,0.09090909090909091,3.061041116275965,0.3416575141851451,0.5823681554100497
TRES-5,TRES-5__2026-09-01,157,74,2.2712107988452823,2.6070554596993905,947.0,43.363593850903584,2.192,335,0.056716417910447764,2.6967963921627147,0.2238016875674055,1.0361363133418258
TRES-5,TRES-5__2026-08-29,189,73,2.0803370634671072,2.6028639500106214,1255.0,35.33770759253911,2.192,241,0.029045643153526972,2.34732511070012,0.09874798066907436,0.9490588793189357
TRES-5,TRES-5__2026-08-29,223,73,3.767290503223377,2.579806870933544,553.0,67.68612012356986,2.192,241,0.03319502074688797,2.34732511070012,0.09874798066907436,1.7186544266530004
TRES-5,TRES-5__2026-09-01,315,72,2.7399717890721482,2.5729326288444585,762.5,48.11566169579937,2.192,335,0.05970149253731343,2.6967963921627147,0.2238016875674055,1.2499871300511625
TRES-5,TRES-5__2026-09-01,117,74,2.552996544989979,2.560855276130365,18034.0,45.51340063885231,2.192,335,0.0626865671641791,2.6967963921627147,0.2238016875674055,1.1646882048311948
TRES-5,TRES-5__2026-08-29,196,73,1.8005260872677362,2.5489256247524574,65749.0,32.35124479636297,2.192,241,0.03734439834024896,2.34732511070012,0.09874798066907436,0.8214078865272518
TRES-5,TRES-5__2026-08-17,203,52,2.526923198710915,2.5453169831735742,717.0,39.06731445299964,2.192,220,0.09545454545454546,3.061041116275965,0.3416575141851451,1.1527934300688478
TRES-5,TRES-5__2026-08-26,269,74,1.0954949882694327,2.5448980069282134,1897.0,19.225506387837758,2.192,225,0.02666666666666667,1.8881783586794032,-0.06514002558174027,0.49976961143678494
TRES-5,TRES-5__2026-09-01,360,72,3.502545252006301,2.5365578153680493,684.75,67.84265617506182,2.192,335,0.06567164179104477,2.6967963921627147,0.2238016875674055,1.5978764835795167
TRES-5,TRES-5__2026-08-17,242,52,1.3165420414429891,2.5361890986841034,2162.5,19.317202780122095,2.192,220,0.1,3.061041116275965,0.3416575141851451,0.6006122451838454
TRES-5,TRES-5__2026-09-04,914,56,3.899785215699663,2.5314189043891107,857.0,61.00691922908529,2.192,450,0.011111111111111112,1.757376496727763,0.18400955907077746,1.7790990947534957
TRES-5,TRES-5__2026-08-29,75,73,2.614765675877835,2.5231538846519594,804.0,47.886641552310934,2.192,241,0.04149377593360996,2.34732511070012,0.09874798066907436,1.1928675528639756
TRES-5,TRES-5__2026-09-01,710,52,5.213405992873711,2.522733865905545,2031.0,80.67554523082775,2.192,335,0.06865671641791045,2.6967963921627147,0.2238016875674055,2.378378646383992
TRES-5,TRES-5__2026-09-01,91,74,0.7339193308446185,2.5051296206697247,7037.25,14.92399717543941,2.192,335,0.07164179104477612,2.6967963921627147,0.2238016875674055,0.3348172129765595
TRES-5,TRES-5__2026-08-17,32,52,4.104031559769357,2.450863084802786,329.25,59.20524619248404,2.192,220,0.10454545454545454,3.061041116275965,0.3416575141851451,1.8722771714276263
TRES-5,TRES-5__2026-09-04,791,40,13.188818375698306,2.4365837841772384,131.5,195.16020471025155,2.192,450,0.013333333333333334,1.757376496727763,0.18400955907077746,6.016796704241927
TRES-5,TRES-5__2026-09-01,223,74,0.5552700711226621,2.4335716344280525,9570.0,11.306948709767205,2.192,335,0.07462686567164178,2.6967963921627147,0.2238016875674055,0.25331663828588596
TRES-5,TRES-5__2026-08-29,142,73,0.5237597359122261,2.4306998408030167,17734.0,10.0376374128123,2.192,241,0.04564315352697095,2.34732511070012,0.09874798066907436,0.23894148536141702
TRES-5,TRES-5__2026-09-01,142,74,1.2393507437426932,2.416356735874556,2721.5,25.621525317900744,2.192,335,0.07761194029850746,2.6967963921627147,0.2238016875674055,0.5653972371088928
TRES-5,TRES-5__2026-08-29,127,73,0.4878729683408396,2.413489151074258,14064.0,9.556991765957836,2.192,241,0.04979253112033195,2.34732511070012,0.09874798066907436,0.22256978482702536
TRES-5,TRES-5__2026-08-17,449,51,2.9909274594326227,2.402053811852188,502.0,48.95292270101702,2.192,220,0.10909090909090909,3.061041116275965,0.3416575141851451,1.3644742059455395
TRES-5,TRES-5__2026-08-26,161,74,0.8256737981225395,2.4011994222450954,2841.5,15.142768176194444,2.192,225,0.03111111111111111,1.8881783586794032,-0.06514002558174027,0.3766760027931293
TRES-5,TRES-5__2026-09-01,198,74,1.0885871786874388,2.3785621027424417,1760.5,20.530157809354982,2.192,335,0.08059701492537313,2.6967963921627147,0.2238016875674055,0.4966182384522987
TRES-5,TRES-5__2026-09-04,1232,54,6.174063183787544,2.3760667453631266,286.75,102.59878944842829,2.192,450,0.015555555555555555,1.757376496727763,0.18400955907077746,2.816634664136653
TRES-5,TRES-5__2026-09-04,80,56,2.243712773738117,2.3560380712131908,3924.5,42.32113684211187,2.192,450,0.017777777777777778,1.757376496727763,0.18400955907077746,1.02359159385863
TRES-5,TRES-5__2026-08-29,273,73,1.3187948802536642,2.34732511070012,2359.0,24.561379494422624,2.192,241,0.05394190871369295,2.34732511070012,0.09874798066907436,0.6016400001157227
TRES-5,TRES-5__2026-09-01,284,71,2.314502111035114,2.3318625911326376,821.5,46.30376264921182,2.192,335,0.08358208955223881,2.6967963921627147,0.2238016875674055,1.0558859995598147
TRES-5,TRES-5__2026-09-01,455,61,4.378912180842415,2.3270564941776217,456.0,78.58485817837798,2.192,335,0.08656716417910448,2.6967963921627147,0.2238016875674055,1.9976789146178902
TRES-5,TRES-5__2026-09-01,206,74,1.7579422556033206,2.32293886111538,1376.0,36.999972772689475,2.192,335,0.08955223880597014,2.6967963921627147,0.2238016875674055,0.8019809560234127
TRES-5,TRES-5__2026-09-01,75,74,1.1665020724649813,2.309300298094256,1571.75,24.272320875329182,2.192,335,0.09253731343283582,2.6967963921627147,0.2238016875674055,0.532163354226725
TRES-5,TRES-5__2026-08-29,182,73,2.0525468025041653,2.299833481215664,942.5,39.518054493420486,2.192,241,0.058091286307053944,2.34732511070012,0.09874798066907436,0.9363808405584695
TRES-5,TRES-5__2026-09-04,1287,56,6.344964511578949,2.299716668858797,869.75,115.2219877636825,2.192,450,0.02,1.757376496727763,0.18400955907077746,2.8946005983480605
TRES-5,TRES-5__2026-08-29,280,73,1.1860603803912366,2.2925156645916167,1993.0,23.200765574794197,2.192,241,0.06224066390041494,2.34732511070012,0.09874798066907436,0.5410859399595057
TRES-5,TRES-5__2026-09-04,1050,54,6.270620394116981,2.283404203045786,265.5,109.7408599746099,2.192,450,0.022222222222222223,1.757376496727763,0.18400955907077746,2.8606844863672354
TRES-5,TRES-5__2026-08-17,41,52,4.163070642239973,2.280887360277691,326.0,72.92460225773004,2.192,220,0.11363636363636363,3.061041116275965,0.3416575141851451,1.8992110594160458
TRES-5,TRES-5__2026-08-17,318,52,0.9962578810364664,2.2764708035805286,2017.5,18.146860834677316,2.192,220,0.11818181818181818,3.061041116275965,0.3416575141851451,0.45449720850203756
TRES-5,TRES-5__2026-08-29,368,73,1.969028410826721,2.242166256271065,1208.0,38.86502840916353,2.192,241,0.06639004149377593,2.34732511070012,0.09874798066907436,0.8982793845012413
TRES-5,TRES-5__2026-08-26,262,74,0.34183941527873624,2.2413931873777933,13047.0,6.9156484635982345,2.192,225,0.035555555555555556,1.8881783586794032,-0.06514002558174027,0.1559486383570877
TRES-5,TRES-5__2026-09-01,178,74,1.0285109589968588,2.228089842202811,1631.75,21.75911444762361,2.192,335,0.0955223880597015,2.6967963921627147,0.2238016875674055,0.4692112039219246
TRES-5,TRES-5__2026-09-01,415,65,4.2142008498795205,2.2235311567045755,361.0,81.63693650832005,2.192,335,0.09850746268656717,2.6967963921627147,0.2238016875674055,1.9225368840691242
TRES-5,TRES-5__2026-09-01,93,74,2.3463284179843433,2.221234735541853,847.25,51.44341530985073,2.192,335,0.10149253731343283,2.6967963921627147,0.2238016875674055,1.070405300175339
TRES-5,TRES-5__2026-08-29,172,73,4.516675421479914,2.2181150146381508,421.0,92.00039258645268,2.192,241,0.07053941908713693,2.34732511070012,0.09874798066907436,2.060527108339377
TRES-5,TRES-5__2026-08-29,398,73,2.670838032893539,2.2175041830213957,695.0,54.899447698217614,2.192,241,0.07468879668049792,2.34732511070012,0.09874798066907436,1.2184480077069062
TRES-5,TRES-5__2026-08-29,211,73,1.2061549772877989,2.2173582551851156,1521.0,25.194555420741565,2.192,241,0.07883817427385892,2.34732511070012,0.09874798066907436,0.5502531830692513
TRES-5,TRES-5__2026-09-01,131,69,4.0779773997145226,2.2159614716757785,379.0,82.34141280006008,2.192,335,0.1044776119402985,2.6967963921627147,0.2238016875674055,1.8603911495048002
TRES-5,TRES-5__2026-09-01,491,60,5.10832407758945,2.211681962477473,300.25,95.59493698879407,2.192,335,0.10746268656716418,2.6967963921627147,0.2238016875674055,2.3304398164185445
TRES-5,TRES-5__2026-09-01,87,71,2.0137837204881586,2.210788657506309,738.5,41.03212173282834,2.192,335,0.11044776119402985,2.6967963921627147,0.2238016875674055,0.9186969527774446
TRES-5,TRES-5__2026-08-26,289,74,2.8133610191467997,2.1835080416343637,614.0,56.25943123015929,2.192,225,0.04,1.8881783586794032,-0.06514002558174027,1.2834676182239049
TRES-5,TRES-5__2026-08-17,322,52,2.380684921479016,2.178898247568916,818.0,42.089804540645574,2.192,220,0.12272727272727273,3.061041116275965,0.3416575141851451,1.0860788875360472
TRES-5,TRES-5__2026-09-01,228,72,1.9491230540576276,2.165793403247791,854.75,41.46437902089893,2.192,335,0.11343283582089553,2.6967963921627147,0.2238016875674055,0.8891984735664359
TRES-5,TRES-5__2026-08-29,77,73,0.8281488096711375,2.1640239884172217,3293.0,17.240879564374765,2.192,241,0.08298755186721991,2.34732511070012,0.09874798066907436,0.37780511390106636
TRES-5,TRES-5__2026-08-29,132,73,7.124726867631158,2.1611721935783796,327.0,152.38960983204905,2.192,241,0.08713692946058091,2.34732511070012,0.09874798066907436,3.250331600196696
TRES-5,TRES-5__2026-09-01,722,53,2.987319400588587,2.1420113771155123,1229.0,52.63708732996177,2.192,335,0.11641791044776119,2.6967963921627147,0.2238016875674055,1.3628281936991729
TRES-5,TRES-5__2026-08-29,138,73,3.1670657487803697,2.141477451847883,681.0,67.2434679712123,2.192,241,0.0912863070539419,2.34732511070012,0.09874798066907436,1.4448292649545482
TRES-5,TRES-5__2026-09-01,185,74,1.4480113438098623,2.1340121120024946,1041.0,31.965289461729952,2.192,335,0.11940298507462686,2.6967963921627147,0.2238016875674055,0.6605891167015795
TRES-5,TRES-5__2026-08-26,232,74,2.594646022079162,2.1283932183867607,641.5,54.71469014665562,2.192,225,0.044444444444444446,1.8881783586794032,-0.06514002558174027,1.1836888786857491
TRES-5,TRES-5__2026-08-17,167,52,3.6514313503709,2.100907854122751,422.5,66.70938187417413,2.192,220,0.12727272727272726,3.061041116275965,0.3416575141851451,1.665798973709352
TRES-5,TRES-5__2026-08-17,115,52,0.46225860228115767,2.090055522128653,14047.25,8.865157958600344,2.192,220,0.1318181818181818,3.061041116275965,0.3416575141851451,0.21088439885089308
TRES-5,TRES-5__2026-09-01,124,74,1.356760454220376,2.0893705672847545,2360.75,32.58136484406967,2.192,335,0.12238805970149254,2.6967963921627147,0.2238016875674055,0.6189600612319233
TRES-5,TRES-5__2026-09-01,111,74,1.0452601149145984,2.0733989059288773,2553.0,23.629831718412973,2.192,335,0.1253731343283582,2.6967963921627147,0.2238016875674055,0.4768522422055649
TRES-5,TRES-5__2026-08-26,61,74,2.377024452291936,2.0665233533884133,823.0,50.90795726582073,2.192,225,0.04888888888888889,1.8881783586794032,-0.06514002558174027,1.0844089654616496
TRES-5,TRES-5__2026-09-01,155,71,3.2544288574045823,2.063353002725477,848.0,74.00885549392325,2.192,335,0.12835820895522387,2.6967963921627147,0.2238016875674055,1.4846846977210684
TRES-5,TRES-5__2026-08-29,214,73,1.0390499598129,2.024750180017296,2336.0,22.31817595329426,2.192,241,0.0954356846473029,2.34732511070012,0.09874798066907436,0.47401914225041053
TRES-5,TRES-5__2026-08-17,173,52,2.519946392246038,2.015220661813283,518.25,46.36523866499501,2.192,220,0.13636363636363635,3.061041116275965,0.3416575141851451,1.1496105804042143
TRES-5,TRES-5__2026-09-01,59,74,1.0298675930885064,2.002910414280611,3480.0,25.6895342416161,2.192,335,0.13134328358208955,2.6967963921627147,0.2238016875674055,0.4698301063359974
TRES-5,TRES-5__2026-09-04,951,54,5.578487116113099,1.983721743776565,276.25,110.35179830243754,2.192,450,0.024444444444444446,1.757376496727763,0.18400955907077746,2.544930253701231
TRES-5,TRES-5__2026-08-29,302,73,1.3731771555346872,1.9801249259000002,1453.0,30.79023027568679,2.192,241,0.0995850622406639,2.34732511070012,0.09874798066907436,0.626449432269474
TRES-5,TRES-5__2026-08-17,237,52,2.758000855922063,1.974953138587818,542.25,53.22521629022784,2.192,220,0.1409090909090909,3.061041116275965,0.3416575141851451,1.2582120693075105
TRES-5,TRES-5__2026-09-01,546,62,5.828720427010211,1.9721910274997274,862.75,122.5443094583458,2.192,335,0.13432835820895522,2.6967963921627147,0.2238016875674055,2.659087786044804
TRES-5,TRES-5__2026-08-29,130,73,4.990873768531973,1.9711078134583533,974.0,116.71214949248774,2.192,241,0.1037344398340249,2.34732511070012,0.09874798066907436,2.2768584710456077
TRES-5,TRES-5__2026-08-17,262,52,3.913243809991502,1.9651889215377691,378.25,74.90068162488147,2.192,220,0.14545454545454545,3.061041116275965,0.3416575141851451,1.7852389644121813
TRES-5,TRES-5__2026-09-04,1137,56,2.4175976324048265,1.9579336520663935,597.75,48.66821580421864,2.192,450,0.02666666666666667,1.757376496727763,0.18400955907077746,1.1029186279219099
TRES-5,TRES-5__2026-09-04,822,56,2.3988876984767202,1.9498930896042126,933.25,52.76604134533643,2.192,450,0.028888888888888888,1.757376496727763,0.18400955907077746,1.0943830741225913
TRES-5,TRES-5__2026-08-29,204,73,2.993183806636597,1.9392179837557764,626.0,67.50213556510538,2.192,241,0.1078838174273859,2.34732511070012,0.09874798066907436,1.3655035614218052
TRES-5,TRES-5__2026-09-04,1161,54,5.021976958054564,1.9315926288375116,272.5,103.14114619926868,2.192,450,0.03111111111111111,1.757376496727763,0.18400955907077746,2.2910478823241625
TRES-5,TRES-5__2026-09-04,1067,49,9.239387262591134,1.9313913247378713,1938.5,199.61641063606973,2.192,450,0.03333333333333333,1.757376496727763,0.18400955907077746,4.215048933663838
TRES-5,TRES-5__2026-08-29,350,73,0.3673221740864435,1.9195773553160078,28795.0,8.98319827292912,2.192,241,0.11203319502074689,2.34732511070012,0.09874798066907436,0.16757398452848699
TRES-5,TRES-5__2026-09-04,882,56,1.7108334297769017,1.9148181193220501,774.5,34.990977829661354,2.192,450,0.035555555555555556,1.757376496727763,0.18400955907077746,0.7804897033653748
TRES-5,TRES-5__2026-09-01,67,74,1.0676287066386378,1.9125841864048692,2917.25,28.135829234465444,2.192,335,0.1373134328358209,2.6967963921627147,0.2238016875674055,0.487056891714707
TRES-5,TRES-5__2026-09-01,474,63,3.6267715375759986,1.9089752920942045,376.0,79.74277180325555,2.192,335,0.14029850746268657,2.6967963921627147,0.2238016875674055,1.654549059113138
TRES-5,TRES-5__2026-09-01,52,72,2.4074841375988147,1.904377767991427,871.5,61.28722141918769,2.192,335,0.14328358208955225,2.6967963921627147,0.2238016875674055,1.0983048072987294
TRES-5,TRES-5__2026-09-04,1111,54,3.9346307619645478,1.8971805849591914,331.0,81.13060790512594,2.192,450,0.03777777777777778,1.757376496727763,0.18400955907077746,1.794995785567768
TRES-5,TRES-5__2026-08-26,140,74,0.6353815612067454,1.8925468294879069,2717.5,15.134450181261421,2.192,225,0.05333333333333334,1.8881783586794032,-0.06514002558174027,0.289863850915486
TRES-5,TRES-5__2026-09-04,999,56,1.852044262221399,1.8883909834320485,797.5,40.54406865482813,2.192,450,0.04,1.757376496727763,0.18400955907077746,0.8449107035681565
TRES-5,TRES-5__2026-08-29,402,73,0.46022970550363307,1.8877522198842465,13448.0,10.591065943396359,2.192,241,0.11618257261410789,2.34732511070012,0.09874798066907436,0.20995880725530705
TRES-5,TRES-5__2026-09-04,113,56,0.8871178758137079,1.8839495126308066,1643.75,19.523974811462256,2.192,450,0.042222222222222223,1.757376496727763,0.18400955907077746,0.4047070601339908
TRES-5,TRES-5__2026-08-26,300,74,0.3790789338287992,1.8707044754453899,4949.5,8.965938570290822,2.192,225,0.057777777777777775,1.8881783586794032,-0.06514002558174027,0.17293746981240837
TRES-5,TRES-5__2026-08-29,124,71,3.817985729552592,1.8589895390865139,485.0,89.99888988483502,2.192,241,0.12033195020746888,2.34732511070012,0.09874798066907436,1.7417818109272771
TRES-5,TRES-5__2026-08-29,242,73,1.5099743630200637,1.8266441182275257,1267.0,36.1221123403315,2.192,241,0.12448132780082988,2.34732511070012,0.09874798066907436,0.6888569174361604
TRES-5,TRES-5__2026-08-26,102,74,0.7988782130063569,1.8200483607345828,2703.5,18.677420756648036,2.192,225,0.06222222222222222,1.8881783586794032,-0.06514002558174027,0.36445173951019927
TRES-5,TRES-5__2026-09-04,1175,54,4.569442391950051,1.8198273258411468,288.5,97.53222545123174,2.192,450,0.044444444444444446,1.757376496727763,0.18400955907077746,2.0845996313640742
TRES-5,TRES-5__2026-09-01,48,74,1.4759513826937924,1.8194581078255605,1747.75,38.704235196964724,2.192,335,0.14626865671641792,2.6967963921627147,0.2238016875674055,0.6733354848055622
TRES-5,TRES-5__2026-08-29,358,73,2.434758651498847,1.8175434697414916,728.0,59.75131358823183,2.192,241,0.12863070539419086,2.34732511070012,0.09874798066907436,1.1107475599903498
TRES-5,TRES-5__2026-09-04,892,53,3.234957957988114,1.8091463331514075,830.0,67.48235199841201,2.192,450,0.04666666666666667,1.757376496727763,0.18400955907077746,1.4758019881332636
TRES-5,TRES-5__2026-08-29,359,73,1.9202835538553529,1.8039507993871364,971.0,46.879828436643855,2.192,241,0.13278008298755187,2.34732511070012,0.09874798066907436,0.8760417672697777
TRES-5,TRES-5__2026-08-29,374,73,0.6761394394116016,1.79857041433309,2756.0,16.608382220807883,2.192,241,0.13692946058091288,2.34732511070012,0.09874798066907436,0.3084577734541978
TRES-5,TRES-5__2026-08-17,482,52,0.9332853704343084,1.7920808936318768,1412.75,20.06750817891515,2.192,220,0.15,3.061041116275965,0.3416575141851451,0.4257688733733158
TRES-5,TRES-5__2026-09-04,1223,54,3.4428284635557027,1.7866672762769678,298.0,75.85422002523481,2.192,450,0.04888888888888889,1.757376496727763,0.18400955907077746,1.5706334231549737
TRES-5,TRES-5__2026-09-01,119,74,1.6724394335371409,1.7845491103287594,3158.0,43.72602208171019,2.192,335,0.14925373134328357,2.6967963921627147,0.2238016875674055,0.7629741941319073
TRES-5,TRES-5__2026-09-01,538,56,4.945757618622441,1.7838374517512223,255.5,112.01017819950908,2.192,335,0.15223880597014924,2.6967963921627147,0.2238016875674055,2.2562762858679015
TRES-5,TRES-5__2026-09-01,519,61,5.675568033758196,1.7652942839109549,259.0,138.193919554585,2.192,335,0.15522388059701492,2.6967963921627147,0.2238016875674055,2.5892189935028265
TRES-5,TRES-5__2026-09-01,529,59,3.4475403009748615,1.762809934167441,372.5,78.58757351674465,2.192,335,0.1582089552238806,2.6967963921627147,0.2238016875674055,1.5727829840213783
TRES-5,TRES-5__2026-09-04,1098,55,3.4142670312991474,1.758475613103496,424.5,78.50146618043458,2.192,450,0.051111111111111114,1.757376496727763,0.18400955907077746,1.5576035726729687
TRES-5,TRES-5__2026-09-04,856,56,2.784925371775716,1.7560331322685339,708.0,67.62925009156463,2.192,450,0.05333333333333334,1.757376496727763,0.18400955907077746,1.2704951513575344
TRES-5,TRES-5__2026-08-17,355,52,4.037896252482207,1.7489638963236291,380.0,82.81128372059364,2.192,220,0.15454545454545454,3.061041116275965,0.3416575141851451,1.8421059545995466
TRES-5,TRES-5__2026-09-01,159,71,2.1752477770837046,1.7477581763418244,500.5,55.092776536217315,2.192,335,0.16119402985074627,2.6967963921627147,0.2238016875674055,0.9923575625381863
TRES-5,TRES-5__2026-08-17,301,51,1.372455884780589,1.7475668888439047,999.5,26.111048808950112,2.192,220,0.1590909090909091,3.061041116275965,0.3416575141851451,0.6261203853926044
TRES-5,TRES-5__2026-09-01,163,74,0.9554226749295914,1.7471886312560734,2074.0,26.213748961744592,2.192,335,0.16417910447761194,2.6967963921627147,0.2238016875674055,0.43586800863576247
TRES-5,TRES-5__2026-09-01,143,69,2.5367643877889745,1.7456127113941364,444.5,64.75897816827178,2.192,335,0.16716417910447762,2.6967963921627147,0.2238016875674055,1.157283023626357
TRES-5,TRES-5__2026-08-29,228,73,2.834046686459307,1.733739852867159,632.0,70.95139031667598,2.192,241,0.14107883817427386,2.34732511070012,0.09874798066907436,1.2929045102460341
TRES-5,TRES-5__2026-08-26,351,74,1.102075392414121,1.726058798120224,1356.0,28.072454674076802,2.192,225,0.06666666666666667,1.8881783586794032,-0.06514002558174027,0.50277162062688
TRES-5,TRES-5__2026-09-04,825,56,1.8594415459857225,1.7178194347029507,1431.75,46.404348844728936,2.192,450,0.05555555555555555,1.757376496727763,0.18400955907077746,0.848285376818304
TRES-5,TRES-5__2026-09-01,139,64,4.958461033281374,1.7034286605803093,288.25,124.28819775543238,2.192,335,0.1701492537313433,2.6967963921627147,0.2238016875674055,2.2620716392706997
TRES-5,TRES-5__2026-09-01,184,72,1.65974449845239,1.6996141490236316,760.25,42.465154798191314,2.192,335,0.17313432835820897,2.6967963921627147,0.2238016875674055,0.757182709147988
TRES-5,TRES-5__2026-08-29,235,73,2.2059793231796943,1.6956896698116164,892.5,57.95239209893308,2.192,241,0.14522821576763487,2.34732511070012,0.09874798066907436,1.0063774284578897
TRES-5,TRES-5__2026-09-01,329,73,1.8849009598887836,1.6947270128059784,832.5,51.688253442815636,2.192,335,0.1761194029850746,2.6967963921627147,0.2238016875674055,0.8599000729419632
TRES-5,TRES-5__2026-08-29,199,73,1.0045055826951503,1.6944427936681494,1771.0,26.013930597639675,2.192,241,0.14937759336099585,2.34732511070012,0.09874798066907436,0.4582598461200503
TRES-5,TRES-5__2026-09-04,1086,50,5.7433060997888274,1.6942931179029288,197.25,126.9199793811816,2.192,450,0.057777777777777775,1.757376496727763,0.18400955907077746,2.6201213958890635
TRES-5,TRES-5__2026-09-01,242,74,1.5405013898715492,1.6839717134994863,917.0,43.785078800933064,2.192,335,0.1791044776119403,2.6967963921627147,0.2238016875674055,0.7027834807808162
TRES-5,TRES-5__2026-08-26,379,73,2.771611790481676,1.6805996888825325,539.0,70.14332977188417,2.192,225,0.07111111111111111,1.8881783586794032,-0.06514002558174027,1.2644214372635383
TRES-5,TRES-5__2026-08-29,129,73,4.08722358632457,1.6803376470508717,1875.0,115.79671285948713,2.192,241,0.15352697095435686,2.34732511070012,0.09874798066907436,1.864609300330552
TRES-5,TRES-5__2026-08-26,114,74,1.825070950535875,1.6796562856580635,974.0,50.29876557316759,2.192,225,0.07555555555555556,1.8881783586794032,-0.06514002558174027,0.8326053606459284
TRES-5,TRES-5__2026-09-01,152,74,1.5126143894826047,1.6791000948472683,981.75,43.088790375287545,2.192,335,0.18208955223880596,2.6967963921627147,0.2238016875674055,0.6900613090705313
TRES-5,TRES-5__2026-09-04,1174,54,2.7099774591978854,1.6786009206150507,330.25,63.76425064107137,2.192,450,0.06,1.757376496727763,0.18400955907077746,1.2363035854004951
TRES-5,TRES-5__2026-08-26,164,74,1.6322038395907628,1.6762963594584823,936.0,43.02452352485504,2.192,225,0.08,1.8881783586794032,-0.06514002558174027,0.7446185399592895
TRES-5,TRES-5__2026-08-29,282,73,1.8481358774370866,1.6745644662469832,758.0,48.95716424154309,2.192,241,0.15767634854771784,2.34732511070012,0.09874798066907436,0.8431276813125395
TRES-5,TRES-5__2026-09-04,965,56,2.274179878691204,1.6678542429685617,517.5,51.65309295064467,2.192,450,0.06222222222222222,1.757376496727763,0.18400955907077746,1.0374908205708047
TRES-5,TRES-5__2026-09-04,1022,56,1.999128999496559,1.6636904886975388,604.5,49.18494993010739,2.192,450,0.06444444444444444,1.757376496727763,0.18400955907077746,0.912011404879817
TRES-5,TRES-5__2026-09-01,179,74,0.5462199892774711,1.6589897017431579,3024.75,16.067388703102214,2.192,335,0.18507462686567164,2.6967963921627147,0.2238016875674055,0.24918795131271487
TRES-5,TRES-5__2026-08-26,250,74,1.5698325391750132,1.656912551341336,841.0,41.27226275302951,2.192,225,0.08444444444444445,1.8881783586794032,-0.06514002558174027,0.7161644795506447
TRES-5,TRES-5__2026-09-04,1055,56,1.9442941516313434,1.6566191861298238,5914.0,47.285290543883036,2.192,450,0.06666666666666667,1.757376496727763,0.18400955907077746,0.8869955071310873
TRES-5,TRES-5__2026-09-04,1063,50,6.290631882015492,1.6512468779963212,171.0,139.3171362090432,2.192,450,0.06888888888888889,1.757376496727763,0.18400955907077746,2.869813814788089
TRES-5,TRES-5__2026-08-17,216,52,0.9179005769796201,1.6495885361188638,1202.5,19.79284915946255,2.192,220,0.16363636363636364,3.061041116275965,0.3416575141851451,0.4187502632206296
TRES-5,TRES-5__2026-08-29,316,73,1.9106651143182836,1.646149796035281,795.0,52.367991910061285,2.192,241,0.16182572614107885,2.34732511070012,0.09874798066907436,0.871653793028414
TRES-5,TRES-5__2026-09-01,668,58,4.057375079317984,1.6368229462803316,293.25,99.46314566746577,2.192,335,0.1880597014925373,2.6967963921627147,0.2238016875674055,1.8509922807107588
TRES-5,TRES-5__2026-09-01,422,57,1.8078726552884499,1.6288231641669646,769.5,44.0750429033447,2.192,335,0.191044776119403,2.6967963921627147,0.2238016875674055,0.8247594230330518
TRES-5,TRES-5__2026-08-26,221,74,0.7259361459980207,1.6259399387517202,2478.0,20.018640705800816,2.192,225,0.08888888888888889,1.8881783586794032,-0.06514002558174027,0.3311752490866883
TRES-5,TRES-5__2026-09-01,176,74,0.9799250560170469,1.6258529087353215,1295.75,28.563638030222105,2.192,335,0.19402985074626866,2.6967963921627147,0.2238016875674055,0.44704610219755786
TRES-5,TRES-5__2026-08-26,185,74,0.2216842361891495,1.6074077896191117,12315.0,6.200038999135403,2.192,225,0.09333333333333334,1.8881783586794032,-0.06514002558174027,0.10113331942935652
TRES-5,TRES-5__2026-09-04,785,56,0.7377512548970014,1.6056943812639217,1572.5,19.120567080198594,2.192,450,0.07111111111111111,1.757376496727763,0.18400955907077746,0.33656535351140576
TRES-5,TRES-5__2026-09-01,103,71,2.065459351562868,1.6036344287339583,600.0,56.82226627267478,2.192,335,0.19701492537313434,2.6967963921627147,0.2238016875674055,0.9422716019903593
TRES-5,TRES-5__2026-09-01,168,74,1.497381069361362,1.6009980035414733,768.75,41.54691212509348,2.192,335,0.2,2.6967963921627147,0.2238016875674055,0.6831118017159498
TRES-5,TRES-5__2026-09-04,841,56,5.021863792460785,1.6003609793564424,2167.25,131.66881598118903,2.192,450,0.07333333333333333,1.757376496727763,0.18400955907077746,2.2909962556846644
TRES-5,TRES-5__2026-08-17,248,52,1.9562228703447,1.5964296305303483,664.0,48.29033470011418,2.192,220,0.16818181818181818,3.061041116275965,0.3416575141851451,0.8924374408506842
TRES-5,TRES-5__2026-09-04,224,56,1.379297800263693,1.5944501665639745,1073.5,33.761972342051514,2.192,450,0.07555555555555556,1.757376496727763,0.18400955907077746,0.6292416972005899
TRES-5,TRES-5__2026-09-01,49,67,2.745215429437339,1.5885540430586766,363.0,75.3028511393477,2.192,335,0.20298507462686566,2.6967963921627147,0.2238016875674055,1.2523793017506109
TRES-5,TRES-5__2026-09-01,534,62,2.7647537062590657,1.581350129034559,405.25,71.95285531337943,2.192,335,0.20597014925373133,2.6967963921627147,0.2238016875674055,1.261292749205778
TRES-5,TRES-5__2026-09-01,409,66,2.541144718582423,1.5806701394282427,426.0,68.09369587161862,2.192,335,0.208955223880597,2.6967963921627147,0.2238016875674055,1.1592813497182586
TRES-5,TRES-5__2026-08-29,411,73,0.5548359638522791,1.5801007118252468,3017.0,15.626585218217603,2.192,241,0.16597510373443983,2.34732511070012,0.09874798066907436,0.2531185966479375
TRES-5,TRES-5__2026-09-01,348,67,2.407193242572196,1.5761559330355877,400.5,67.28454220070051,2.192,335,0.21194029850746268,2.6967963921627147,0.2238016875674055,1.098172099713593
TRES-5,TRES-5__2026-08-29,111,73,0.5941951383609987,1.5732252762665195,2822.0,16.856747258885395,2.192,241,0.17012448132780084,2.34732511070012,0.09874798066907436,0.27107442443476215
TRES-5,TRES-5__2026-09-04,1069,54,2.8656366213827127,1.5730152145943903,331.25,70.95610419023188,2.192,450,0.07777777777777778,1.757376496727763,0.18400955907077746,1.3073159769081717
TRES-5,TRES-5__2026-09-04,880,56,2.2987468728924494,1.557174873954909,388.25,57.33947485478768,2.192,450,0.08,1.757376496727763,0.18400955907077746,1.0486983909180883
TRES-5,TRES-5__2026-09-01,421,66,2.6435338748925026,1.5549065114257552,432.25,72.62515379296039,2.192,335,0.21492537313432836,2.6967963921627147,0.2238016875674055,1.2059917312465795
TRES-5,TRES-5__2026-09-04,1170,54,2.9964910218175516,1.5539607901055366,304.5,72.86258857003749,2.192,450,0.08222222222222222,1.757376496727763,0.18400955907077746,1.3670123274715107
TRES-5,TRES-5__2026-08-26,70,74,0.30486110761939456,1.5531963336316932,6406.5,8.80578182695211,2.192,225,0.09777777777777778,1.8881783586794032,-0.06514002558174027,0.13907897245410333
TRES-5,TRES-5__2026-08-29,158,73,0.4626118934292966,1.5511389970587608,4606.0,13.437412121170228,2.192,241,0.17427385892116182,2.34732511070012,0.09874798066907436,0.21104557181993455
TRES-5,TRES-5__2026-09-01,278,74,0.7951054795332394,1.5495880414516954,2615.25,24.68996271705587,2.192,335,0.21791044776119403,2.6967963921627147,0.2238016875674055,0.36273060197684276
TRES-5,TRES-5__2026-09-04,786,53,3.9926221003752786,1.5365603792911302,264.0,103.04842272057016,2.192,450,0.08444444444444445,1.757376496727763,0.18400955907077746,1.821451688127408
TRES-5,TRES-5__2026-08-29,408,73,0.487773269475419,1.5331584846427933,3140.0,14.42418360925909,2.192,241,0.17842323651452283,2.34732511070012,0.09874798066907436,0.2225243017679831
TRES-5,TRES-5__2026-09-01,390,72,1.3482588057505835,1.5307134511699685,1031.5,41.71148418662364,2.192,335,0.2208955223880597,2.6967963921627147,0.2238016875674055,0.615081571966507
TRES-5,TRES-5__2026-09-04,1073,50,5.279544384822096,1.5208406913171943,212.25,130.30018684554295,2.192,450,0.08666666666666667,1.757376496727763,0.18400955907077746,2.4085512704480365
TRES-5,TRES-5__2026-08-29,403,73,0.6859925478559747,1.5155618152354418,2114.0,19.906481955234778,2.192,241,0.1825726141078838,2.34732511070012,0.09874798066907436,0.3129528046788206
TRES-5,TRES-5__2026-08-17,422,52,1.9636387163917846,1.5143066605676767,508.0,49.15256662373821,2.192,220,0.17272727272727273,3.061041116275965,0.3416575141851451,0.8958205822955221
TRES-5,TRES-5__2026-08-29,310,73,2.128975068213715,1.5121326495157816,635.0,61.124619787755535,2.192,241,0.18672199170124482,2.34732511070012,0.09874798066907436,0.9712477500974978
TRES-5,TRES-5__2026-08-26,291,74,0.9459757806478486,1.5103207058132884,1507.5,28.56745950381789,2.192,225,0.10222222222222223,1.8881783586794032,-0.06514002558174027,0.43155829409117175
TRES-5,TRES-5__2026-08-26,244,74,2.130169374843464,1.508704920386048,718.0,62.530376422257255,2.192,225,0.10666666666666667,1.8881783586794032,-0.06514002558174027,0.971792598012529
TRES-5,TRES-5__2026-09-04,1143,56,2.128472723969928,1.506346403735216,844.25,57.715498439314665,2.192,450,0.08888888888888889,1.757376496727763,0.18400955907077746,0.9710185784534342
TRES-5,TRES-5__2026-09-01,452,62,3.3970013602576654,1.5048530272346927,454.75,92.83789075250985,2.192,335,0.22388059701492538,2.6967963921627147,0.2238016875674055,1.549726897927767
TRES-5,TRES-5__2026-09-04,840,55,2.9345736883909024,1.5038781039031182,414.0,76.81571331961436,2.192,450,0.09111111111111111,1.757376496727763,0.18400955907077746,1.33876536879147
TRES-5,TRES-5__2026-09-01,564,58,3.2311259585985757,1.5016981679462722,291.5,87.22634410819376,2.192,335,0.22686567164179106,2.6967963921627147,0.2238016875674055,1.474053813229277
TRES-5,TRES-5__2026-08-29,279,73,0.5268346544225256,1.4981686240722907,3686.0,15.26859877428066,2.192,241,0.1908713692946058,2.34732511070012,0.09874798066907436,0.24034427665261204
TRES-5,TRES-5__2026-08-29,327,73,0.9719824933161385,1.4954852468982969,1632.0,28.650473334636548,2.192,241,0.1950207468879668,2.34732511070012,0.09874798066907436,0.44342267030845733
TRES-5,TRES-5__2026-09-04,761,56,0.8827042716795,1.4954819998842863,3494.75,25.240808349802126,2.192,450,0.09333333333333334,1.757376496727763,0.18400955907077746,0.402693554598312
TRES-5,TRES-5__2026-09-04,1002,56,0.8130216663618027,1.494936364570324,2363.5,23.104502330149703,2.192,450,0.09555555555555556,1.757376496727763,0.18400955907077746,0.37090404487308515
TRES-5,TRES-5__2026-08-17,427,52,0.36154860877667033,1.494354180407478,4336.25,9.690025559528111,2.192,220,0.17727272727272728,3.061041116275965,0.3416575141851451,0.16494005874848097
TRES-5,TRES-5__2026-09-01,219,71,1.9038000756550668,1.4915919113048215,590.0,55.56683172441327,2.192,335,0.2298507462686567,2.6967963921627147,0.2238016875674055,0.8685219323243917
TRES-5,TRES-5__2026-08-26,163,66,2.9891085404183944,1.4913345427671858,467.5,86.4091544852435,2.192,225,0.1111111111111111,1.8881783586794032,-0.06514002558174027,1.3636444071251799
TRES-5,TRES-5__2026-09-04,770,54,3.808020844787372,1.485324777344947,244.875,95.61024458998085,2.192,450,0.09777777777777778,1.757376496727763,0.18400955907077746,1.7372357868555528
TRES-5,TRES-5__2026-08-17,368,52,1.283695583552294,1.4842641702088488,897.0,33.073333366563354,2.192,220,0.18181818181818182,3.061041116275965,0.3416575141851451,0.5856275472410101
TRES-5,TRES-5__2026-08-17,232,52,1.419090779930876,1.478551832120207,805.5,35.89782703344369,2.192,220,0.18636363636363637,3.061041116275965,0.3416575141851451,0.6473954288005821
TRES-5,TRES-5__2026-08-17,358,52,0.8114970988912515,1.4570517767567195,1652.0,21.299079499091636,2.192,220,0.19090909090909092,3.061041116275965,0.3416575141851451,0.3702085305160819
TRES-5,TRES-5__2026-08-17,47,52,3.0665638272701945,1.4477893946850817,323.0,90.46668604037175,2.192,220,0.19545454545454546,3.061041116275965,0.3416575141851451,1.3989798482072053
TRES-5,TRES-5__2026-09-04,1272,54,2.1379645070860556,1.445237637153941,413.25,57.507459005505424,2.192,450,0.1,1.757376496727763,0.18400955907077746,0.9753487714808647
TRES-5,TRES-5__2026-09-04,760,56,1.1949093640956314,1.4373779810984721,884.25,33.97596053590109,2.192,450,0.10222222222222223,1.757376496727763,0.18400955907077746,0.5451228850801237
TRES-5,TRES-5__2026-09-04,424,56,2.5564186568079235,1.436815657541372,611.75,64.24645996806318,2.192,450,0.10444444444444445,1.757376496727763,0.18400955907077746,1.166249387229892
TRES-5,TRES-5__2026-09-01,50,74,0.6843342723444701,1.4342825337413738,5039.5,24.059648421465127,2.192,335,0.23283582089552238,2.6967963921627147,0.2238016875674055,0.31219629212795164
TRES-5,TRES-5__2026-08-26,53,74,1.1656283261994944,1.4330933199714955,1058.5,35.98652207555565,2.192,225,0.11555555555555555,1.8881783586794032,-0.06514002558174027,0.5317647473537839
TRES-5,TRES-5__2026-09-01,441,67,2.96874836983014,1.421148170366319,384.5,89.64027148881628,2.192,335,0.23582089552238805,2.6967963921627147,0.2238016875674055,1.3543560081341879
TRES-5,TRES-5__2026-08-17,184,52,0.617247143612761,1.4185188600299785,1768.5,15.811917112178016,2.192,220,0.2,3.061041116275965,0.3416575141851451,0.2815908501883034
TRES-5,TRES-5__2026-08-17,433,52,0.5876966513864094,1.4108059953209897,2289.75,15.01812489470608,2.192,220,0.20454545454545456,3.061041116275965,0.3416575141851451,0.2681097862164276
TRES-5,TRES-5__2026-08-26,195,74,0.7969648860512494,1.4097097272849055,1344.0,25.053366484836154,2.192,225,0.12,1.8881783586794032,-0.06514002558174027,0.3635788713737451
TRES-5,TRES-5__2026-09-01,65,74,0.5730321436741779,1.3996224559239538,3413.25,20.12545485567907,2.192,335,0.23880597014925373,2.6967963921627147,0.2238016875674055,0.2614197735739862
TRES-5,TRES-5__2026-09-01,42,74,1.0185733698747697,1.3985447435547744,1394.25,35.10444934821653,2.192,335,0.2417910447761194,2.6967963921627147,0.2238016875674055,0.4646776322421394
TRES-5,TRES-5__2026-09-01,128,70,1.8474345704664357,1.3968851121678358,544.5,58.72884735204104,2.192,335,0.24477611940298508,2.6967963921627147,0.2238016875674055,0.8428077420011111
TRES-5,TRES-5__2026-09-04,853,54,4.68874651411396,1.3860833008996645,405.0,127.26158555849592,2.192,450,0.10666666666666667,1.757376496727763,0.18400955907077746,2.1390266943950547
TRES-5,TRES-5__2026-09-04,1059,56,1.5456874740492599,1.382836283220374,866.75,45.17646417001897,2.192,450,0.10888888888888888,1.757376496727763,0.18400955907077746,0.7051493950954653
TRES-5,TRES-5__2026-09-01,613,53,3.90339561793119,1.3787085084881026,265.0,109.51598250325263,2.192,335,0.24776119402985075,2.6967963921627147,0.2238016875674055,1.7807461760634988
TRES-5,TRES-5__2026-09-04,1043,56,1.255400769698295,1.3635506945687002,1076.5,37.265887770505316,2.192,450,0.1111111111111111,1.757376496727763,0.18400955907077746,0.5727193292419228
TRES-5,TRES-5__2026-08-29,213,73,0.5833522641397044,1.363029780270547,2842.0,18.6833839448682,2.192,241,0.1991701244813278,2.34732511070012,0.09874798066907436,0.2661278577279673
TRES-5,TRES-5__2026-08-29,234,73,0.8388569628244713,1.3595644450524669,1654.0,26.927439637318976,2.192,241,0.2033195020746888,2.34732511070012,0.09874798066907436,0.38269022026663835
TRES-5,TRES-5__2026-08-17,517,52,0.9074460434123638,1.35636971408676,1478.0,24.637018060801324,2.192,220,0.20909090909090908,3.061041116275965,0.3416575141851451,0.41398085922096883
TRES-5,TRES-5__2026-08-26,212,68,2.8913488941717342,1.35271014972936,417.5,91.54673875947617,2.192,225,0.12444444444444444,1.8881783586794032,-0.06514002558174027,1.3190460283630174
TRES-5,TRES-5__2026-09-04,1447,46,3.972921161547062,1.3491998703449626,1325.5,85.73705399880846,2.192,450,0.11333333333333333,1.757376496727763,0.18400955907077746,1.8124640335524915
TRES-5,TRES-5__2026-08-26,130,74,0.8862951672017264,1.345814605764142,71259.0,29.48130353233466,2.192,225,0.1288888888888889,1.8881783586794032,-0.06514002558174027,0.40433173686210144
TRES-5,TRES-5__2026-09-01,62,74,0.7045838681687392,1.3446563504370186,3899.25,26.218965128365703,2.192,335,0.2507462686567164,2.6967963921627147,0.2238016875674055,0.32143424642734447
TRES-5,TRES-5__2026-09-01,197,74,1.055323382277681,1.3431607307743254,1147.75,36.33523470413404,2.192,335,0.2537313432835821,2.6967963921627147,0.2238016875674055,0.481443148849307
TRES-5,TRES-5__2026-09-01,659,52,4.170471071852192,1.3414673650964584,262.5,119.30555429799823,2.192,335,0.25671641791044775,2.6967963921627147,0.2238016875674055,1.9025871678157809
TRES-5,TRES-5__2026-09-04,356,49,3.4844351214254274,1.3394906955896455,374.0,94.93543285880074,2.192,450,0.11555555555555555,1.757376496727763,0.18400955907077746,1.5896145626940816
TRES-5,TRES-5__2026-08-17,438,52,2.1695960647656163,1.3336187799202461,481.0,64.1662599288486,2.192,220,0.21363636363636362,3.061041116275965,0.3416575141851451,0.9897792266266496
TRES-5,TRES-5__2026-09-04,1023,53,4.0998103553121705,1.330685767806842,227.0,116.95126746595409,2.192,450,0.11777777777777777,1.757376496727763,0.18400955907077746,1.870351439467231
TRES-5,TRES-5__2026-08-17,62,52,1.1949855542413559,1.3302102276056487,1164.0,31.084500929902486,2.192,220,0.21818181818181817,3.061041116275965,0.3416575141851451,0.5451576433582828
TRES-5,TRES-5__2026-08-17,140,52,2.5886023352184653,1.318495168916514,429.25,73.52759368761136,2.192,220,0.22272727272727272,3.061041116275965,0.3416575141851451,1.1809317222711975
TRES-5,TRES-5__2026-09-04,978,49,4.74208217968455,1.3148863402554274,186.5,134.4633666942984,2.192,450,0.12,1.757376496727763,0.18400955907077746,2.163358658615214
TRES-5,TRES-5__2026-09-01,256,74,0.32361012496629005,1.3145225848618827,9131.25,11.844056354366236,2.192,335,0.25970149253731345,2.6967963921627147,0.2238016875674055,0.1476323562802418
TRES-5,TRES-5__2026-09-01,224,71,1.0963829246924917,1.3132816512203875,786.5,38.02431209784048,2.192,335,0.2626865671641791,2.6967963921627147,0.2238016875674055,0.5001746919217571
TRES-5,TRES-5__2026-09-04,1266,54,3.873221393238185,1.3079212989986782,849.0,113.09329131800935,2.192,450,0.12222222222222222,1.757376496727763,0.18400955907077746,1.766980562608661
TRES-5,TRES-5__2026-08-26,198,74,1.6852567854083522,1.3075679388637638,631.5,56.74166253600888,2.192,225,0.13333333333333333,1.8881783586794032,-0.06514002558174027,0.7688215261899416
TRES-5,TRES-5__2026-08-17,529,52,0.8921072635031289,1.2936323153092928,1312.5,24.455939797692185,2.192,220,0.22727272727272727,3.061041116275965,0.3416575141851451,0.4069832406492376
TRES-5,TRES-5__2026-09-01,174,74,0.5963218089570427,1.2844733671068747,2392.5,22.427183889303425,2.192,335,0.2656716417910448,2.6967963921627147,0.2238016875674055,0.27204462087456327
TRES-5,TRES-5__2026-08-29,102,73,3.3324701944678203,1.283997650283396,728.0,117.46749786018742,2.192,241,0.2074688796680498,2.34732511070012,0.09874798066907436,1.5202874974761953
TRES-5,TRES-5__2026-08-29,224,73,1.032649433059676,1.2838903527452639,1533.0,34.225445337445024,2.192,241,0.21161825726141079,2.34732511070012,0.09874798066907436,0.4710991939140858
TRES-5,TRES-5__2026-08-29,288,55,3.302325510644673,1.2823617976986004,415.0,97.55858959184546,2.192,241,0.2157676348547718,2.34732511070012,0.09874798066907436,1.5065353606955623
TRES-5,TRES-5__2026-09-04,758,54,2.7519274756369363,1.2821933322049681,352.75,85.74366637077932,2.192,450,0.12444444444444444,1.757376496727763,0.18400955907077746,1.2554413666226898
TRES-5,TRES-5__2026-08-17,420,52,1.7524054428300462,1.282141821410563,482.5,53.056221564752214,2.192,220,0.2318181818181818,3.061041116275965,0.3416575141851451,0.7994550377874298
TRES-5,TRES-5__2026-08-29,291,73,0.2727522177761744,1.2801831612287247,21165.0,9.692784248753952,2.192,241,0.21991701244813278,2.34732511070012,0.09874798066907436,0.1244307562847511
TRES-5,TRES-5__2026-08-26,330,74,0.2653648487252572,1.2770239025070396,5168.0,8.982292807897663,2.192,225,0.13777777777777778,1.8881783586794032,-0.06514002558174027,0.12106060617028155
TRES-5,TRES-5__2026-09-04,1282,56,1.0066737547051143,1.2742552563679748,1029.5,32.72371299868476,2.192,450,0.12666666666666668,1.757376496727763,0.18400955907077746,0.4592489756866397
TRES-5,TRES-5__2026-08-29,73,73,3.2485927514287165,1.2721800772848861,399.0,111.8957118367617,2.192,241,0.22406639004149378,2.34732511070012,0.09874798066907436,1.4820222406152903
TRES-5,TRES-5__2026-09-01,353,66,2.3763765899931366,1.2701775583310733,390.0,79.47198310907255,2.192,335,0.26865671641791045,2.6967963921627147,0.2238016875674055,1.0841134078435841
TRES-5,TRES-5__2026-08-26,57,74,0.5663037655053572,1.2679965882564723,2028.5,19.56197319370315,2.192,225,0.14222222222222222,1.8881783586794032,-0.06514002558174027,0.2583502579860206
TRES-5,TRES-5__2026-09-04,1275,56,0.875278160150076,1.2676343412586548,1430.75,27.423623941982317,2.192,450,0.1288888888888889,1.757376496727763,0.18400955907077746,0.3993057299954726
TRES-5,TRES-5__2026-08-26,173,74,0.4296484452223913,1.2671891561467588,2233.5,15.247135938275221,2.192,225,0.14666666666666667,1.8881783586794032,-0.06514002558174027,0.19600750238247777
TRES-5,TRES-5__2026-09-01,253,74,0.5412766941090482,1.2597182688883444,2281.75,19.459943125196144,2.192,335,0.2716417910447761,2.6967963921627147,0.2238016875674055,0.2469327984074125
TRES-5,TRES-5__2026-09-04,484,55,1.3214142836555216,1.2592254152826867,643.5,40.61761874254508,2.192,450,0.13111111111111112,1.757376496727763,0.18400955907077746,0.6028349834194897
TRES-5,TRES-5__2026-09-04,1045,56,1.3015530410557177,1.2587614899543949,662.75,38.150283274848746,2.192,450,0.13333333333333333,1.757376496727763,0.18400955907077746,0.593774197561915
TRES-5,TRES-5__2026-09-04,790,56,1.7741141327824113,1.2575714301448284,502.5,56.69129748875782,2.192,450,0.13555555555555557,1.757376496727763,0.18400955907077746,0.8093586372182533
TRES-5,TRES-5__2026-09-04,797,55,2.1357629116870944,1.2567472296079172,404.5,64.79494328469616,2.192,450,0.13777777777777778,1.757376496727763,0.18400955907077746,0.974344394017835
TRES-5,TRES-5__2026-09-04,817,56,1.124386663485683,1.246358924718994,846.5,36.33358084700611,2.192,450,0.14,1.757376496727763,0.18400955907077746,0.5129501202033224
TRES-5,TRES-5__2026-09-04,1015,56,1.6801715152280419,1.2425053987548254,491.75,54.28382429560658,2.192,450,0.14222222222222222,1.757376496727763,0.18400955907077746,0.7665016036624278
TRES-5,TRES-5__2026-08-29,309,73,2.0910910474783586,1.2406699308265048,576.0,75.27399948972992,2.192,241,0.22821576763485477,2.34732511070012,0.09874798066907436,0.9539648939226087
TRES-5,TRES-5__2026-09-04,888,56,5.5348817010499385,1.2277876969287909,689.25,188.13989490556753,2.192,450,0.14444444444444443,1.757376496727763,0.18400955907077746,2.5250372723767964
TRES-5,TRES-5__2026-09-04,97,56,0.5664343698160443,1.2200487807815534,3156.0,19.522578163736398,2.192,450,0.14666666666666667,1.757376496727763,0.18400955907077746,0.2584098402445458
TRES-5,TRES-5__2026-09-01,80,69,1.747906056975312,1.2194594060576427,483.5,62.63143138141411,2.192,335,0.2746268656716418,2.6967963921627147,0.2238016875674055,0.7974023982551605
TRES-5,TRES-5__2026-09-04,941,56,1.4120947591947468,1.2108979832241993,668.25,46.32344304193054,2.192,450,0.14888888888888888,1.757376496727763,0.18400955907077746,0.6442038135012531
TRES-5,TRES-5__2026-09-04,403,54,3.0589284711236364,1.210896779961696,285.25,95.39104634106431,2.192,450,0.1511111111111111,1.757376496727763,0.18400955907077746,1.3954965652936298
TRES-5,TRES-5__2026-09-04,1316,47,14.14744536227103,1.2107278671042383,479.0,437.435714734658,2.192,450,0.15333333333333332,1.757376496727763,0.18400955907077746,6.454126533882769
TRES-5,TRES-5__2026-09-04,835,56,1.1214487187209854,1.2064190628859726,870.25,39.12948893491717,2.192,450,0.15555555555555556,1.757376496727763,0.18400955907077746,0.511609816934756
TRES-5,TRES-5__2026-09-04,889,53,2.800801230643014,1.2032156805117147,294.0,89.28346296183199,2.192,450,0.15777777777777777,1.757376496727763,0.18400955907077746,1.2777377877021048
TRES-5,TRES-5__2026-09-01,377,74,1.1058882436598727,1.2027399382228927,1019.75,43.42930898252273,2.192,335,0.27761194029850744,2.6967963921627147,0.2238016875674055,0.5045110600638105
TRES-5,TRES-5__2026-09-01,147,72,2.34430578118815,1.2020405652561297,571.5,94.61256988159312,2.192,335,0.28059701492537314,2.6967963921627147,0.2238016875674055,1.0694825644106523
TRES-5,TRES-5__2026-08-26,281,74,1.2742950386726684,1.2014588590158264,752.0,46.58068527949495,2.192,225,0.1511111111111111,1.8881783586794032,-0.06514002558174027,0.5813389774966552
TRES-5,TRES-5__2026-08-17,168,52,1.1710695415817873,1.2002879920380347,921.0,34.492666891365865,2.192,220,0.23636363636363636,3.061041116275965,0.3416575141851451,0.5342470536413263
TRES-5,TRES-5__2026-08-29,92,66,3.0959484821910763,1.1999457129310191,350.5,109.78618435055576,2.192,241,0.23236514522821577,2.34732511070012,0.09874798066907436,1.4123852564740311
TRES-5,TRES-5__2026-09-01,74,74,1.1059471891773909,1.1980937768932531,898.5,44.08236445132178,2.192,335,0.2835820895522388,2.6967963921627147,0.2238016875674055,0.5045379512670578
TRES-5,TRES-5__2026-08-17,560,47,0.5395949981485878,1.1945013744606152,1928.0,15.976225057092192,2.192,220,0.2409090909090909,3.061041116275965,0.3416575141851451,0.24616560134515864
TRES-5,TRES-5__2026-08-17,188,52,1.8315305248402918,1.193190862328688,471.5,58.016221281788845,2.192,220,0.24545454545454545,3.061041116275965,0.3416575141851451,0.8355522467337096
TRES-5,TRES-5__2026-08-17,527,52,0.7866434393681586,1.1912900226912835,1188.5,25.02122394053472,2.192,220,0.25,3.061041116275965,0.3416575141851451,0.358870182193503
TRES-5,TRES-5__2026-09-04,1294,56,0.6377913665039044,1.1882084572315728,1048.75,20.542607807871796,2.192,450,0.16,1.757376496727763,0.18400955907077746,0.29096321464594177
TRES-5,TRES-5__2026-08-26,224,74,0.3278678806239365,1.1855791135178368,5218.5,11.55769095641426,2.192,225,0.15555555555555556,1.8881783586794032,-0.06514002558174027,0.14957476305836517
TRES-5,TRES-5__2026-09-04,878,56,0.5072099133514736,1.1850305921784854,4893.75,18.084890084278523,2.192,450,0.1622222222222222,1.757376496727763,0.18400955907077746,0.231391383828227
TRES-5,TRES-5__2026-08-17,320,52,1.655219585381799,1.184996874271948,578.5,50.28931510207079,2.192,220,0.2545454545454545,3.061041116275965,0.3416575141851451,0.755118423988047
TRES-5,TRES-5__2026-08-29,317,72,2.880509864428628,1.183094242909932,504.5,104.85964062234532,2.192,241,0.23651452282157676,2.34732511070012,0.09874798066907436,1.314101215524009
TRES-5,TRES-5__2026-09-01,282,71,1.5847603636444194,1.1830496484155657,605.0,58.569024452055814,2.192,335,0.2865671641791045,2.6967963921627147,0.2238016875674055,0.7229746184509213
TRES-5,TRES-5__2026-09-04,741,47,0.9442957235041096,1.182536576470439,1396.0,29.885783032324206,2.192,450,0.16444444444444445,1.757376496727763,0.18400955907077746,0.43079184466428355
TRES-5,TRES-5__2026-08-29,335,73,1.6221093588821556,1.1813836741854622,900.0,58.58807925324679,2.192,241,0.24066390041493776,2.34732511070012,0.09874798066907436,0.7400133936506184
TRES-5,TRES-5__2026-09-04,881,56,1.0782590652654465,1.1795943956496018,1944.0,38.89959284018299,2.192,450,0.16666666666666666,1.757376496727763,0.18400955907077746,0.49190650787657225
TRES-5,TRES-5__2026-08-26,174,74,0.9975107663218087,1.1783294684752956,1166.5,35.29875727071956,2.192,225,0.16,1.8881783586794032,-0.06514002558174027,0.45506878025629954
TRES-5,TRES-5__2026-08-17,337,52,0.33379404034595994,1.1721650342832577,8479.25,10.122382804261246,2.192,220,0.2590909090909091,3.061041116275965,0.3416575141851451,0.15227830307753645
TRES-5,TRES-5__2026-09-04,1186,56,0.678185379701723,1.1635878117794847,3467.25,25.002846550086986,2.192,450,0.1688888888888889,1.757376496727763,0.18400955907077746,0.3093911403748736
TRES-5,TRES-5__2026-09-04,890,56,0.6471312100632032,1.1579438258873511,2105.25,22.814615135406456,2.192,450,0.1711111111111111,1.757376496727763,0.18400955907077746,0.2952240921821182
TRES-5,TRES-5__2026-08-17,131,52,0.5284983491188255,1.1561413503277511,2080.75,17.485994256916147,2.192,220,0.2636363636363636,3.061041116275965,0.3416575141851451,0.2411032614593182
TRES-5,TRES-5__2026-08-17,257,52,1.1235915058452903,1.1558885993181351,905.75,35.092878042327236,2.192,220,0.2681818181818182,3.061041116275965,0.3416575141851451,0.5125873658053332
TRES-5,TRES-5__2026-09-04,1296,56,2.262979741535486,1.155802538957159,646.5,79.21675631172018,2.192,450,0.17333333333333334,1.757376496727763,0.18400955907077746,1.0323812689486704
TRES-5,TRES-5__2026-08-26,256,74,0.304318988995322,1.1543725572839691,3406.0,11.499201524051122,2.192,225,0.16444444444444445,1.8881783586794032,-0.06514002558174027,0.1388316555635593
TRES-5,TRES-5__2026-08-26,296,74,0.4357379147727923,1.1481960038554349,2402.0,16.814986298750963,2.192,225,0.1688888888888889,1.8881783586794032,-0.06514002558174027,0.1987855450605804
TRES-5,TRES-5__2026-09-04,1322,52,2.4310057851885523,1.146311036929101,308.0,76.94856802738393,2.192,450,0.17555555555555555,1.757376496727763,0.18400955907077746,1.1090354859436826
TRES-5,TRES-5__2026-09-04,1019,55,1.8359185572196153,1.1437032315444666,413.0,61.53719396634559,2.192,450,0.17777777777777778,1.757376496727763,0.18400955907077746,0.8375540863228171
TRES-5,TRES-5__2026-09-01,160,68,1.7584065600865215,1.140743848157385,390.0,67.92176160468004,2.192,335,0.28955223880597014,2.6967963921627147,0.2238016875674055,0.8021927737620992
TRES-5,TRES-5__2026-09-01,379,74,0.4396986591732166,1.137650507910039,13261.0,19.17386437037918,2.192,335,0.29253731343283584,2.6967963921627147,0.2238016875674055,0.20059245400237982
TRES-5,TRES-5__2026-09-01,210,68,2.2226503252129657,1.1348506962158644,408.75,82.21279803520845,2.192,335,0.2955223880597015,2.6967963921627147,0.2238016875674055,1.0139828125971557
TRES-5,TRES-5__2026-09-04,342,56,1.6913279830293992,1.124490263111264,641.25,61.86674200151295,2.192,450,0.18,1.757376496727763,0.18400955907077746,0.7715912331338499
TRES-5,TRES-5__2026-09-04,1200,56,1.487876841010517,1.1196240841772098,540.0,52.78053591570779,2.192,450,0.18222222222222223,1.757376496727763,0.18400955907077746,0.6787759311179365
TRES-5,TRES-5__2026-08-29,367,73,1.6056721932513274,1.1179877940295346,578.5,63.31997949943632,2.192,241,0.24481327800829875,2.34732511070012,0.09874798066907436,0.7325146867022478
TRES-5,TRES-5__2026-08-17,157,52,1.0786468123749213,1.1171089496523268,879.25,39.551837424601565,2.192,220,0.2727272727272727,3.061041116275965,0.3416575141851451,0.4920833998060772
TRES-5,TRES-5__2026-09-04,946,54,1.7215849687900995,1.1103003527131805,471.25,64.11189432321096,2.192,450,0.18444444444444444,1.757376496727763,0.18400955907077746,0.7853946025502277
TRES-5,TRES-5__2026-09-04,1087,51,2.704238079673357,1.102272822114367,195.5,92.50498445896636,2.192,450,0.18666666666666668,1.757376496727763,0.18400955907077746,1.2336852553254365
TRES-5,TRES-5__2026-08-29,136,73,0.5797271095673023,1.1019232291219168,2446.0,23.60305938265491,2.192,241,0.24896265560165975,2.34732511070012,0.09874798066907436,0.26447404633544813
TRES-5,TRES-5__2026-09-01,469,66,1.6015021078530145,1.1011546576152333,393.75,60.47311827642764,2.192,335,0.29850746268656714,2.6967963921627147,0.2238016875674055,0.7306122754803898
TRES-5,TRES-5__2026-08-17,165,52,1.7862747567309885,1.100815901103673,480.0,60.07389272418714,2.192,220,0.2772727272727273,3.061041116275965,0.3416575141851451,0.8149063671218012
TRES-5,TRES-5__2026-09-04,1054,56,1.1981825555975214,1.0985035400226246,663.0,44.41621420839029,2.192,450,0.18888888888888888,1.757376496727763,0.18400955907077746,0.5466161293784313
TRES-5,TRES-5__2026-08-17,113,52,1.3969721123998138,1.0977034638542085,581.5,47.39251267532986,2.192,220,0.2818181818181818,3.061041116275965,0.3416575141851451,0.6373047958028347
TRES-5,TRES-5__2026-09-04,483,56,0.4919627297574632,1.0973515080576137,3493.5,19.085272233121398,2.192,450,0.19111111111111112,1.757376496727763,0.18400955907077746,0.2244355518966529
TRES-5,TRES-5__2026-08-29,343,73,1.338743179917746,1.0945406901310544,799.0,53.269608907155224,2.192,241,0.25311203319502074,2.34732511070012,0.09874798066907436,0.6107405017872929
TRES-5,TRES-5__2026-08-26,378,73,1.3535688808608215,1.0911171529154413,755.0,52.12302009505245,2.192,225,0.17333333333333334,1.8881783586794032,-0.06514002558174027,0.617504051487601
TRES-5,TRES-5__2026-08-17,107,52,1.2820794555478026,1.0870704975578769,552.25,43.272751056621324,2.192,220,0.2863636363636364,3.061041116275965,0.3416575141851451,0.5848902625674282
TRES-5,TRES-5__2026-08-29,103,73,1.5321928274696648,1.0806355899948745,895.0,60.306908902713765,2.192,241,0.2572614107883817,2.34732511070012,0.09874798066907436,0.698993078225212
TRES-5,TRES-5__2026-09-04,749,56,0.9360690465669378,1.077099967564467,1776.0,33.9194185995326,2.192,450,0.19333333333333333,1.757376496727763,0.18400955907077746,0.4270387986163037
TRES-5,TRES-5__2026-09-01,127,71,0.9671371779916086,1.074416300947024,971.5,40.636708991805705,2.192,335,0.30149253731343284,2.6967963921627147,0.2238016875674055,0.4412122162370477
TRES-5,TRES-5__2026-08-29,230,66,2.453419697521174,1.0737094154492104,427.0,97.77354280074883,2.192,241,0.26141078838174275,2.34732511070012,0.09874798066907436,1.1192608109129443
TRES-5,TRES-5__2026-08-17,384,52,1.1435823641403464,1.071690545156678,697.25,43.030170164144636,2.192,220,0.2909090909090909,3.061041116275965,0.3416575141851451,0.521707282910742
TRES-5,TRES-5__2026-08-26,29,47,2.800414872248113,1.0691260092903878,571.0,70.13474564018229,2.192,225,0.17777777777777778,1.8881783586794032,-0.06514002558174027,1.2775615293102704
TRES-5,TRES-5__2026-09-04,819,53,2.1606675671650146,1.066921072025826,322.5,73.82504937804451,2.192,450,0.19555555555555557,1.757376496727763,0.18400955907077746,0.985706006918346
TRES-5,TRES-5__2026-09-04,849,56,0.7856071355439541,1.065498031668675,2565.0,30.765355782377064,2.192,450,0.19777777777777777,1.757376496727763,0.18400955907077746,0.358397415850344
TRES-5,TRES-5__2026-08-29,357,66,2.7896496491786893,1.0651255320487694,407.0,108.33777223032817,2.192,241,0.26556016597510373,2.34732511070012,0.09874798066907436,1.272650387399037
TRES-5,TRES-5__2026-08-17,191,52,1.5334031262209935,1.0596527445343127,456.25,52.985413540866574,2.192,220,0.29545454545454547,3.061041116275965,0.3416575141851451,0.6995452218161466
TRES-5,TRES-5__2026-09-04,125,56,1.3000040737436338,1.059391802413279,585.25,48.146422220496895,2.192,450,0.2,1.757376496727763,0.18400955907077746,0.5930675518903439
TRES-5,TRES-5__2026-09-01,304,74,0.6715430597452035,1.0587847983040761,1961.75,30.680213842683887,2.192,335,0.3044776119402985,2.6967963921627147,0.2238016875674055,0.30636088492025704
TRES-5,TRES-5__2026-08-17,530,52,0.8596964550038074,1.0571331150234207,947.0,28.771029153547946,2.192,220,0.3,3.061041116275965,0.3416575141851451,0.39219728786670044
TRES-5,TRES-5__2026-08-26,194,74,0.8804650423909899,1.0567029863529047,1057.0,35.80365757065554,2.192,225,0.18222222222222223,1.8881783586794032,-0.06514002558174027,0.4016720083900501
TRES-5,TRES-5__2026-08-26,172,74,1.2463866627187772,1.0526423730626948,848.5,52.49525613373977,2.192,225,0.18666666666666668,1.8881783586794032,-0.06514002558174027,0.568607054160026
TRES-5,TRES-5__2026-08-29,334,73,0.34965055174962517,1.0500543178629795,3263.0,14.548690856326695,2.192,241,0.2697095435684647,2.34732511070012,0.09874798066907436,0.15951211302446403
TRES-5,TRES-5__2026-09-04,811,56,0.4798463642823712,1.049182286201981,2983.75,19.05232573412039,2.192,450,0.20222222222222222,1.757376496727763,0.18400955907077746,0.21890801290254158
TRES-5,TRES-5__2026-09-04,199,56,0.9303255702527707,1.0473401497995785,1362.0,37.417944188410075,2.192,450,0.20444444444444446,1.757376496727763,0.18400955907077746,0.4244185995678698
TRES-5,TRES-5__2026-09-01,478,64,4.127345329628005,1.0446063649760708,221.0,160.71349780905365,2.192,335,0.3074626865671642,2.6967963921627147,0.2238016875674055,1.882913015341243
TRES-5,TRES-5__2026-08-17,418,52,1.0618178114902788,1.0441207893776983,787.5,35.91616654753793,2.192,220,0.30454545454545456,3.061041116275965,0.3416575141851451,0.4844059358988498
TRES-5,TRES-5__2026-09-04,1094,56,0.2978411196233481,1.0187671336216457,2263.0,11.246378526070307,2.192,450,0.20666666666666667,1.757376496727763,0.18400955907077746,0.13587642318583396
TRES-5,TRES-5__2026-08-29,391,73,0.3489217868730849,1.014455570780398,3844.0,15.046201073234462,2.192,241,0.27385892116182575,2.34732511070012,0.09874798066907436,0.15917964729611536
TRES-5,TRES-5__2026-08-17,528,52,0.24205473259321067,1.0140218912203935,4924.25,8.747386122064679,2.192,220,0.3090909090909091,3.061041116275965,0.3416575141851451,0.11042642910274209
TRES-5,TRES-5__2026-08-17,129,52,1.3071739021342506,1.0109419612129664,505.75,49.40619904809931,2.192,220,0.31363636363636366,3.061041116275965,0.3416575141851451,0.5963384590028514
TRES-5,TRES-5__2026-08-17,335,52,0.4340699374257106,1.0099567465451578,2124.5,15.174880119325058,2.192,220,0.3181818181818182,3.061041116275965,0.3416575141851451,0.19802460648983147
TRES-5,TRES-5__2026-09-01,331,68,1.2906007144715423,1.006054156754113,485.25,53.13262918796692,2.192,335,0.31044776119402984,2.6967963921627147,0.2238016875674055,0.5887776982078203
TRES-5,TRES-5__2026-09-04,773,56,0.4292948725936416,1.00486060651488,2919.25,17.74624797240841,2.192,450,0.2088888888888889,1.757376496727763,0.18400955907077746,0.19584620100074887
TRES-5,TRES-5__2026-08-26,87,74,1.618185362849145,1.002173691909102,498.5,69.84848795936146,2.192,225,0.19111111111111112,1.8881783586794032,-0.06514002558174027,0.7382232494749749
TRES-5,TRES-5__2026-09-04,1191,53,2.5858745977989197,1.001660388805842,269.5,95.8771643659408,2.192,450,0.2111111111111111,1.757376496727763,0.18400955907077746,1.1796873165141055
TRES-5,TRES-5__2026-08-26,99,74,3.306848470457563,0.9996312497303714,771.5,148.07276858073172,2.192,225,0.19555555555555557,1.8881783586794032,-0.06514002558174027,1.508598754770786
TRES-5,TRES-5__2026-09-01,527,59,2.8287424482207855,0.9947432869604109,249.5,113.83462364462856,2.192,335,0.31343283582089554,2.6967963921627147,0.2238016875674055,1.29048469353138
TRES-5,TRES-5__2026-09-01,368,74,0.4034726000004028,0.9935310282521127,3311.5,19.456311634454647,2.192,335,0.3164179104477612,2.6967963921627147,0.2238016875674055,0.18406596715346843
TRES-5,TRES-5__2026-08-29,417,72,0.772494215461215,0.9881688318331332,1325.0,33.349473672911486,2.192,241,0.27800829875518673,2.34732511070012,0.09874798066907436,0.35241524427975135
TRES-5,TRES-5__2026-08-26,79,74,0.3603856687458441,0.9881532398011905,4420.5,16.139767293549117,2.192,225,0.2,1.8881783586794032,-0.06514002558174027,0.16440952041325002
TRES-5,TRES-5__2026-09-01,321,66,1.698216934266352,0.9812880703992616,503.0,73.16271193792761,2.192,335,0.3194029850746269,2.6967963921627147,0.2238016875674055,0.7747340028587372
TRES-5,TRES-5__2026-09-04,975,56,0.5346645817050963,0.9809397089851118,1633.25,22.00331746784347,2.192,450,0.21333333333333335,1.757376496727763,0.18400955907077746,0.24391632377057312
TRES-5,TRES-5__2026-09-04,1129,54,2.7956583323719078,0.9751081052034184,351.5,102.01034891423221,2.192,450,0.21555555555555556,1.757376496727763,0.18400955907077746,1.275391574987184
TRES-5,TRES-5__2026-08-26,364,74,1.2934653297675751,0.9734268883348236,606.5,60.03664123649401,2.192,225,0.20444444444444446,1.8881783586794032,-0.06514002558174027,0.5900845482516309
TRES-5,TRES-5__2026-08-29,314,73,2.1978897423738326,0.972997721160653,565.0,95.90927170912434,2.192,241,0.2821576763485477,2.34732511070012,0.09874798066907436,1.0026869262654345
TRES-5,TRES-5__2026-08-17,254,52,0.5551744854685458,0.9699129828206947,1633.0,23.373410160493293,2.192,220,0.32272727272727275,3.061041116275965,0.3416575141851451,0.2532730316918548
TRES-5,TRES-5__2026-09-04,953,56,0.6448501523961975,0.9689129310557894,1636.75,27.343988024054614,2.192,450,0.21777777777777776,1.757376496727763,0.18400955907077746,0.29418346368439663
TRES-5,TRES-5__2026-08-26,375,73,1.5737733506127412,0.9607425850462588,494.0,68.7975538651472,2.192,225,0.2088888888888889,1.8881783586794032,-0.06514002558174027,0.7179622949875644
TRES-5,TRES-5__2026-09-04,938,54,2.428266592501891,0.9583571063267383,223.25,96.81727589594283,2.192,450,0.22,1.757376496727763,0.18400955907077746,1.1077858542435632
TRES-5,TRES-5__2026-08-17,200,52,0.3155939607872012,0.9578262462895747,1924.75,12.74057751463383,2.192,220,0.32727272727272727,3.061041116275965,0.3416575141851451,0.14397534707445309
TRES-5,TRES-5__2026-09-04,1151,56,1.2416945158709023,0.9553486711993878,523.0,49.824911547922596,2.192,450,0.2222222222222222,1.757376496727763,0.18400955907077746,0.5664664762184772
TRES-5,TRES-5__2026-08-26,66,74,2.322170613699603,0.9526918793244622,379.5,102.65649689737465,2.192,225,0.21333333333333335,1.8881783586794032,-0.06514002558174027,1.0593844040600378
TRES-5,TRES-5__2026-08-26,176,69,2.2397173043525838,0.9511892749294567,383.0,101.1021981289868,2.192,225,0.21777777777777776,1.8881783586794032,-0.06514002558174027,1.0217688432265437
TRES-5,TRES-5__2026-09-04,813,54,2.001564224129816,0.9495240825016735,340.75,78.05039445898744,2.192,450,0.22444444444444445,1.757376496727763,0.18400955907077746,0.9131223650227263
TRES-5,TRES-5__2026-09-04,1031,56,0.4053229796510394,0.9413243848324144,9596.75,18.50436704625144,2.192,450,0.22666666666666666,1.757376496727763,0.18400955907077746,0.1849101184539413
TRES-5,TRES-5__2026-09-04,861,53,1.4037233326735958,0.9377496467100233,424.0,57.04319835721966,2.192,450,0.2288888888888889,1.757376496727763,0.18400955907077746,0.6403847320591222
TRES-5,TRES-5__2026-08-17,509,52,0.37242731074361907,0.9354819735886029,2109.75,14.301771130142585,2.192,220,0.33181818181818185,3.061041116275965,0.3416575141851451,0.1699029702297532
TRES-5,TRES-5__2026-09-04,1241,56,1.2069731387222025,0.9351604118287039,646.0,52.254679017338034,2.192,450,0.2311111111111111,1.757376496727763,0.18400955907077746,0.550626431898815
TRES-5,TRES-5__2026-09-04,1168,56,1.219951579527612,0.9326241366494704,521.25,50.24588264212576,2.192,450,0.23333333333333334,1.757376496727763,0.18400955907077746,0.5565472534341295
TRES-5,TRES-5__2026-09-01,121,74,0.3507213073055693,0.9311933816463888,4556.0,18.252098466169013,2.192,335,0.32238805970149254,2.6967963921627147,0.2238016875674055,0.16000059639852612
TRES-5,TRES-5__2026-08-17,304,52,0.5857010035814618,0.9295202355070491,1289.375,24.78596010551334,2.192,220,0.33636363636363636,3.061041116275965,0.3416575141851451,0.26719936294774715
TRES-5,TRES-5__2026-08-17,562,45,0.5352565922445865,0.9270053966361252,1564.0,19.787111119039658,2.192,220,0.3409090909090909,3.061041116275965,0.3416575141851451,0.24418640157143545
TRES-5,TRES-5__2026-09-04,1077,56,0.3145756906330892,0.9197532715199119,2297.25,12.718079611857656,2.192,450,0.23555555555555555,1.757376496727763,0.18400955907077746,0.14351080777056988
TRES-5,TRES-5__2026-08-17,142,52,0.3218409251639508,0.9144203818886671,2243.0,13.904062269289973,2.192,220,0.34545454545454546,3.061041116275965,0.3416575141851451,0.14682523958209434
TRES-5,TRES-5__2026-08-26,166,74,2.028670395845747,0.913159908543305,745.5,95.10834136054683,2.192,225,0.2222222222222222,1.8881783586794032,-0.06514002558174027,0.9254883192726946
TRES-5,TRES-5__2026-09-04,995,56,1.0345181021991459,0.9111256954762623,616.75,46.596748289742514,2.192,450,0.23777777777777778,1.757376496727763,0.18400955907077746,0.4719516889594643
TRES-5,TRES-5__2026-08-17,177,52,0.4439704012281261,0.9106620684774704,1985.0,18.21048128863992,2.192,220,0.35,3.061041116275965,0.3416575141851451,0.2025412414361889
TRES-5,TRES-5__2026-08-29,78,73,3.6562657774165,0.9090021765693126,854.0,185.52448428720578,2.192,241,0.2863070539419087,2.34732511070012,0.09874798066907436,1.668004460500228
TRES-5,TRES-5__2026-08-26,340,74,0.573052864434056,0.9080252435819215,1582.0,27.521871417562792,2.192,225,0.22666666666666666,1.8881783586794032,-0.06514002558174027,0.2614292264753905
TRES-5,TRES-5__2026-08-29,345,73,0.18283830461969514,0.9044344778522408,27438.0,9.030335865891567,2.192,241,0.29045643153526973,2.34732511070012,0.09874798066907436,0.08341163531920398
TRES-5,TRES-5__2026-08-26,109,74,0.9026506841058579,0.9014822636682321,817.5,43.86909956321717,2.192,225,0.2311111111111111,1.8881783586794032,-0.06514002558174027,0.4117931953037673
TRES-5,TRES-5__2026-08-29,407,72,1.9022619967786376,0.8998370716240802,517.5,90.36436120605639,2.192,241,0.2946058091286307,2.34732511070012,0.09874798066907436,0.8678202540048529
TRES-5,TRES-5__2026-08-26,350,74,0.1323648031882485,0.8977437796512505,8941.0,6.27801926295114,2.192,225,0.23555555555555555,1.8881783586794032,-0.06514002558174027,0.06038540291434694
TRES-5,TRES-5__2026-08-26,341,74,1.1425771241918392,0.8923028188247092,688.0,55.318209401688165,2.192,225,0.24,1.8881783586794032,-0.06514002558174027,0.5212486880437223
TRES-5,TRES-5__2026-08-17,189,52,3.5438954513540217,0.8919852915940275,324.0,175.32819214761167,2.192,220,0.35454545454545455,3.061041116275965,0.3416575141851451,1.6167406256177106
TRES-5,TRES-5__2026-09-01,235,65,2.871287208495702,0.8882112571494647,233.5,131.97335385415067,2.192,335,0.3253731343283582,2.6967963921627147,0.2238016875674055,1.3098937994962143
TRES-5,TRES-5__2026-09-04,1236,54,1.6688582828380119,0.8873925631359721,337.25,68.97975640294402,2.192,450,0.24,1.757376496727763,0.18400955907077746,0.761340457499093
TRES-5,TRES-5__2026-09-01,58,73,0.8619871959171281,0.8802304543574662,865.0,47.44494165433834,2.192,335,0.3283582089552239,2.6967963921627147,0.2238016875674055,0.3932423339037993
TRES-5,TRES-5__2026-09-04,1255,56,0.9796203247400329,0.8797987292242613,682.25,43.794421828777686,2.192,450,0.24222222222222223,1.757376496727763,0.18400955907077746,0.44690708245439453
TRES-5,TRES-5__2026-08-17,297,52,0.9309554875920244,0.8789585603301151,714.75,38.04797049886211,2.192,220,0.35909090909090907,3.061041116275965,0.3416575141851451,0.42470597061679943
TRES-5,TRES-5__2026-09-01,440,66,2.120048801615819,0.8787382537789026,515.0,101.30992046560196,2.192,335,0.33134328358208953,2.6967963921627147,0.2238016875674055,0.9671755481823991
TRES-5,TRES-5__2026-09-04,814,56,0.6081529233681959,0.8769879318267348,6996.5,30.000341844786373,2.192,450,0.24444444444444444,1.757376496727763,0.18400955907077746,0.277442027084031
TRES-5,TRES-5__2026-08-29,297,73,0.41936633022663,0.8764761731990972,2348.0,20.837906398860117,2.192,241,0.2987551867219917,2.34732511070012,0.09874798066907436,0.1913167564902509
TRES-5,TRES-5__2026-09-04,757,56,2.2752525940851,0.8758140028480191,1635.0,90.41298562969874,2.192,450,0.24666666666666667,1.757376496727763,0.18400955907077746,1.0379801980315235
TRES-5,TRES-5__2026-09-01,308,74,0.7587359413639078,0.8726236847101306,28792.75,41.58154246875578,2.192,335,0.33432835820895523,2.6967963921627147,0.2238016875674055,0.34613865938134475
TRES-5,TRES-5__2026-09-04,333,56,0.588469785004084,0.8724410394626978,1381.125,27.70684722876247,2.192,450,0.24888888888888888,1.757376496727763,0.18400955907077746,0.2684624931587974
TRES-5,TRES-5__2026-08-26,237,73,1.5985795885678569,0.8676998457493212,623.0,79.60650184674584,2.192,225,0.24444444444444444,1.8881783586794032,-0.06514002558174027,0.7292790093831463
TRES-5,TRES-5__2026-09-01,153,74,0.49080569480819203,0.8674032924416637,1887.75,25.284102923207367,2.192,335,0.3373134328358209,2.6967963921627147,0.2238016875674055,0.22390770748548905
TRES-5,TRES-5__2026-09-04,1008,56,1.9089133844168555,0.8655454986743215,294.5,85.99613086332157,2.192,450,0.2511111111111111,1.757376496727763,0.18400955907077746,0.8708546461755727
TRES-5,TRES-5__2026-08-26,368,74,0.4599513532273919,0.8652342626666847,1647.0,22.93695206567503,2.192,225,0.24888888888888888,1.8881783586794032,-0.06514002558174027,0.20983182172782475
TRES-5,TRES-5__2026-09-01,328,65,1.395756750734511,0.8617913028980858,780.5,65.63608699891073,2.192,335,0.3402985074626866,2.6967963921627147,0.2238016875674055,0.6367503424883717
TRES-5,TRES-5__2026-08-29,401,73,1.4021861961499924,0.8587623999111405,655.0,71.07576094706579,2.192,241,0.3029045643153527,2.34732511070012,0.09874798066907436,0.6396834836450694
TRES-5,TRES-5__2026-09-01,473,63,2.1082747671956494,0.8587037673853415,295.5,98.97642414802166,2.192,335,0.34328358208955223,2.6967963921627147,0.2238016875674055,0.9618041821148035
TRES-5,TRES-5__2026-08-29,414,73,1.6495678147720734,0.8570631239658446,480.0,82.49616229096347,2.192,241,0.3070539419087137,2.34732511070012,0.09874798066907436,0.7525400614836101
TRES-5,TRES-5__2026-08-17,20,52,1.149503409748856,0.8486548252705971,581.0,47.31247042188294,2.192,220,0.36363636363636365,3.061041116275965,0.3416575141851451,0.5244084898489305
TRES-5,TRES-5__2026-08-26,270,74,0.36849859057370504,0.8481981749211974,2400.0,18.989532036446313,2.192,225,0.25333333333333335,1.8881783586794032,-0.06514002558174027,0.1681106708821647
TRES-5,TRES-5__2026-08-29,202,73,0.3866594545641086,0.8479329491059597,2434.0,19.66194210371116,2.192,241,0.3112033195020747,2.34732511070012,0.09874798066907436,0.1763957365712174
TRES-5,TRES-5__2026-09-01,166,74,0.5077306236610991,0.847252118803948,1878.5,28.08981644042058,2.192,335,0.34626865671641793,2.6967963921627147,0.2238016875674055,0.23162893415196126
TRES-5,TRES-5__2026-09-04,754,55,1.3027736840152517,0.8433636341774163,425.0,59.401469264347945,2.192,450,0.25333333333333335,1.757376496727763,0.18400955907077746,0.594331060225936
TRES-5,TRES-5__2026-08-29,165,69,3.2002555715445644,0.8355451557990381,669.0,170.13551272117158,2.192,241,0.3153526970954357,2.34732511070012,0.09874798066907436,1.4599706074564618
TRES-5,TRES-5__2026-08-26,265,74,1.4367044876703683,0.8299594754398941,527.0,72.92089812387658,2.192,225,0.2577777777777778,1.8881783586794032,-0.06514002558174027,0.6554308794116643
TRES-5,TRES-5__2026-09-01,35,56,0.6433470279404799,0.8256250951121514,1473.5,34.668576322250345,2.192,335,0.3492537313432836,2.6967963921627147,0.2238016875674055,0.2934977317246715
TRES-5,TRES-5__2026-09-04,919,56,0.5241282065651944,0.8248177246493151,954.25,24.858950398523152,2.192,450,0.25555555555555554,1.757376496727763,0.18400955907077746,0.23910958328704124
TRES-5,TRES-5__2026-09-04,490,54,2.0026297089600766,0.814032990664915,262.5,94.0546963024174,2.192,450,0.2577777777777778,1.757376496727763,0.18400955907077746,0.913608443868648
TRES-5,TRES-5__2026-08-29,290,73,0.5509630616112828,0.8136692844278924,1710.0,29.455102981121662,2.192,241,0.31950207468879666,2.34732511070012,0.09874798066907436,0.2513517616839794
TRES-5,TRES-5__2026-09-01,387,74,0.45597560800764386,0.8074730485975953,1615.5,25.730631957919073,2.192,335,0.3522388059701492,2.6967963921627147,0.2238016875674055,0.20801806934655284
TRES-5,TRES-5__2026-08-26,225,74,0.25237723582323085,0.8074474784694269,42559.5,13.356999129254037,2.192,225,0.26222222222222225,1.8881783586794032,-0.06514002558174027,0.11513560028432064
TRES-5,TRES-5__2026-09-04,1024,56,0.3021562615955797,0.805056487282397,12510.5,16.159215926751003,2.192,450,0.26,1.757376496727763,0.18400955907077746,0.13784500985199802
TRES-5,TRES-5__2026-09-04,1256,56,0.8676577468290715,0.8020292099445471,703.25,45.25010549464288,2.192,450,0.26222222222222225,1.757376496727763,0.18400955907077746,0.3958292640643574
TRES-5,TRES-5__2026-09-01,323,74,0.5412527673338813,0.792965998301866,1292.75,31.542471774838514,2.192,335,0.35522388059701493,2.6967963921627147,0.2238016875674055,0.24692188290779254
TRES-5,TRES-5__2026-08-29,330,73,0.3310197761481311,0.7904088557804807,2307.0,18.069491790341257,2.192,241,0.3236514522821577,2.34732511070012,0.09874798066907436,0.15101267160042475
TRES-5,TRES-5__2026-09-04,531,53,1.8083809589814863,0.7895073981286047,348.0,80.890750684415,2.192,450,0.2644444444444444,1.757376496727763,0.18400955907077746,0.8249913134039627
TRES-5,TRES-5__2026-09-01,286,72,0.7218641524851955,0.7850164213373214,871.25,40.907464415400675,2.192,335,0.3582089552238806,2.6967963921627147,0.2238016875674055,0.3293175878125892
TRES-5,TRES-5__2026-09-04,908,55,1.2624732256012758,0.7805989750260618,478.5,63.97574210381765,2.192,450,0.26666666666666666,1.757376496727763,0.18400955907077746,0.5759458145991222
TRES-5,TRES-5__2026-08-17,404,52,0.2114888799803729,0.779947656318132,3236.5,11.085643331310484,2.192,220,0.36818181818181817,3.061041116275965,0.3416575141851451,0.09648215327571756
TRES-5,TRES-5__2026-08-26,77,74,1.2011580351140223,0.7789653487124888,663.5,64.68424792351168,2.192,225,0.26666666666666666,1.8881783586794032,-0.06514002558174027,0.5479735561651561
TRES-5,TRES-5__2026-09-04,948,56,0.34120916576118326,0.7765231435714725,2394.75,17.608611143588302,2.192,450,0.2688888888888889,1.757376496727763,0.18400955907077746,0.15566111576696315
TRES-5,TRES-5__2026-09-01,259,74,0.7081573825409577,0.7626025032918627,990.25,44.50635380175431,2.192,335,0.3611940298507463,2.6967963921627147,0.2238016875674055,0.3230644993343785
TRES-5,TRES-5__2026-08-26,219,74,0.10732258913013747,0.7622538075934957,9006.0,6.434173275276068,2.192,225,0.27111111111111114,1.8881783586794032,-0.06514002558174027,0.048961035187106504
TRES-5,TRES-5__2026-08-17,451,52,0.6710852297537094,0.760025231984332,725.0,33.3973143548831,2.192,220,0.37272727272727274,3.061041116275965,0.3416575141851451,0.3061520208730426
TRES-5,TRES-5__2026-08-29,320,73,0.33001148533602037,0.7553821182529457,2456.0,18.85534729898753,2.192,241,0.3278008298755187,2.34732511070012,0.09874798066907436,0.15055268491606769
TRES-5,TRES-5__2026-08-29,119,73,1.005722569089218,0.7472307743436214,702.0,58.512987819529464,2.192,241,0.33195020746887965,2.34732511070012,0.09874798066907436,0.45881504064289136
TRES-5,TRES-5__2026-08-26,359,68,2.0638897920612904,0.7452547531955724,370.0,114.81186861610121,2.192,225,0.27555555555555555,1.8881783586794032,-0.06514002558174027,0.9415555620717565
TRES-5,TRES-5__2026-09-04,917,54,1.6185158144666811,0.7447803763442717,350.75,84.80377179376,2.192,450,0.27111111111111114,1.757376496727763,0.18400955907077746,0.7383740029501282
TRES-5,TRES-5__2026-08-26,369,74,0.4288135229554567,0.744612371515103,1601.0,25.44050060523155,2.192,225,0.28,1.8881783586794032,-0.06514002558174027,0.19562660718770833
TRES-5,TRES-5__2026-09-01,201,71,1.0674906258567545,0.7383281819931633,630.5,66.79721451696905,2.192,335,0.3641791044776119,2.6967963921627147,0.2238016875674055,0.48699389865727843
TRES-5,TRES-5__2026-09-04,1068,55,1.0605025611214882,0.7378750775083602,446.0,55.02314625458193,2.192,450,0.2733333333333333,1.757376496727763,0.18400955907077746,0.48380591292038694
TRES-5,TRES-5__2026-09-04,931,56,0.39434125350802585,0.7342435331684598,2081.75,22.774397367850497,2.192,450,0.27555555555555555,1.757376496727763,0.18400955907077746,0.17990020689234754
TRES-5,TRES-5__2026-08-17,122,52,1.4898698497340235,0.7323603869742734,352.25,66.6073567811357,2.192,220,0.37727272727272726,3.061041116275965,0.3416575141851451,0.6796851504261056
TRES-5,TRES-5__2026-08-17,472,52,0.6931539199545667,0.7320823345386775,884.0,33.20872585911573,2.192,220,0.38181818181818183,3.061041116275965,0.3416575141851451,0.31621985399387165
TRES-5,TRES-5__2026-09-04,961,56,0.29916359403210413,0.726360776259696,2535.75,16.501877122091006,2.192,450,0.2777777777777778,1.757376496727763,0.18400955907077746,0.1364797418029672
TRES-5,TRES-5__2026-09-04,837,56,0.5299316817934779,0.7226184749710116,15435.0,31.01027626459623,2.192,450,0.28,1.757376496727763,0.18400955907077746,0.241757154102864
TRES-5,TRES-5__2026-08-17,145,52,0.6014420322176007,0.7188715501844669,926.5,29.077099751428605,2.192,220,0.38636363636363635,3.061041116275965,0.3416575141851451,0.2743804891503653
TRES-5,TRES-5__2026-08-29,104,71,1.679441192377231,0.7183187358163983,366.0,98.8698472146762,2.192,241,0.3360995850622407,2.34732511070012,0.09874798066907436,0.7661684271793936
TRES-5,TRES-5__2026-09-04,1037,55,1.9133548595841081,0.7180605721234782,1127.0,100.99493130004694,2.192,450,0.2822222222222222,1.757376496727763,0.18400955907077746,0.8728808665985894
TRES-5,TRES-5__2026-09-04,1071,56,0.9029836599928472,0.7168806589768209,628.5,46.93714270527506,2.192,450,0.28444444444444444,1.757376496727763,0.18400955907077746,0.41194510036170034
TRES-5,TRES-5__2026-08-29,237,72,1.8039795078941263,0.7004762788098303,370.0,110.93260520448428,2.192,241,0.34024896265560167,2.34732511070012,0.09874798066907436,0.8229833521414809
TRES-5,TRES-5__2026-08-26,144,74,0.2712120681621697,0.6989574035300763,2415.5,16.835941840414787,2.192,225,0.28444444444444444,1.8881783586794032,-0.06514002558174027,0.12372813328566135
TRES-5,TRES-5__2026-08-26,131,74,0.5901777844300261,0.6982061103885454,43760.0,36.61836879439823,2.192,225,0.28888888888888886,1.8881783586794032,-0.06514002558174027,0.26924168997720166
TRES-5,TRES-5__2026-09-01,104,74,0.6486451760261697,0.6976219512632305,873.5,42.04509996349291,2.192,335,0.36716417910447763,2.6967963921627147,0.2238016875674055,0.2959147700849314
TRES-5,TRES-5__2026-08-26,342,74,0.2819427765874646,0.6953046222835539,1860.5,18.21201739084602,2.192,225,0.29333333333333333,1.8881783586794032,-0.06514002558174027,0.1286235294650842
TRES-5,TRES-5__2026-09-04,1058,56,0.7442018092934408,0.6952550247550368,799.5,42.95460312661836,2.192,450,0.2866666666666667,1.757376496727763,0.18400955907077746,0.33950812467766456
TRES-5,TRES-5__2026-09-04,100,56,0.34472912070604916,0.6947667505379366,7058.75,21.293966775144927,2.192,450,0.28888888888888886,1.757376496727763,0.18400955907077746,0.15726693462867206
TRES-5,TRES-5__2026-08-29,233,63,1.563136388135878,0.6942138320551459,456.0,91.08045932331295,2.192,241,0.34439834024896265,2.34732511070012,0.09874798066907436,0.7131096661203822
TRES-5,TRES-5__2026-09-04,752,56,0.2696256210108384,0.6938606422993366,5021.75,15.90493102590959,2.192,450,0.2911111111111111,1.757376496727763,0.18400955907077746,0.12300438914728029
TRES-5,TRES-5__2026-09-04,984,56,0.45193789757177766,0.6918076204276324,1167.75,25.369638533924473,2.192,450,0.29333333333333333,1.757376496727763,0.18400955907077746,0.2061760481623073
TRES-5,TRES-5__2026-09-01,180,74,0.21714966669071192,0.6904179516092698,2548.25,14.212701573733973,2.192,335,0.3701492537313433,2.6967963921627147,0.2238016875674055,0.09906462896474083
TRES-5,TRES-5__2026-09-04,1198,56,0.8567198210522875,0.6872716243427932,517.0,46.94784722435066,2.192,450,0.29555555555555557,1.757376496727763,0.18400955907077746,0.39083933442166396
TRES-5,TRES-5__2026-09-04,863,56,1.00922837771571,0.6847731863521691,524.75,56.74834274033056,2.192,450,0.29777777777777775,1.757376496727763,0.18400955907077746,0.46041440589220345
TRES-5,TRES-5__2026-08-26,353,74,0.2863212032691306,0.684556605512998,2027.5,17.859660427878932,2.192,225,0.29777777777777775,1.8881783586794032,-0.06514002558174027,0.13062098689285154
TRES-5,TRES-5__2026-09-04,1285,54,2.4828741875879303,0.6774211243011061,217.5,134.82265550676019,2.192,450,0.3,1.757376496727763,0.18400955907077746,1.1326980782791651
TRES-5,TRES-5__2026-09-04,884,56,0.9840812980994179,0.6729488054455594,490.75,58.15648926281678,2.192,450,0.3022222222222222,1.757376496727763,0.18400955907077746,0.4489421980380556
TRES-5,TRES-5__2026-09-01,118,72,0.6862208898215815,0.6697126595777524,702.25,46.05429103150156,2.192,335,0.373134328358209,2.6967963921627147,0.2238016875674055,0.3130569752835682
TRES-5,TRES-5__2026-09-04,1131,56,0.47745792088731925,0.6688299074122319,1533.5,29.668135852540313,2.192,450,0.30444444444444446,1.757376496727763,0.18400955907077746,0.21781839456538285
TRES-5,TRES-5__2026-09-04,1210,56,0.455254982027418,0.6664727096003408,1523.0,27.972381173173343,2.192,450,0.30666666666666664,1.757376496727763,0.18400955907077746,0.2076893166183476
TRES-5,TRES-5__2026-08-26,62,74,1.2209257604981658,0.665127489564891,601.5,85.25984948233523,2.192,225,0.3022222222222222,1.8881783586794032,-0.06514002558174027,0.5569916790593822
TRES-5,TRES-5__2026-09-04,1089,54,0.5099818796436832,0.6638013036930656,3132.5,31.56013730667622,2.192,450,0.3088888888888889,1.757376496727763,0.18400955907077746,0.23265596699073138
TRES-5,TRES-5__2026-09-04,1370,50,1.8563278220851223,0.6597634405186855,222.5,103.07375066175096,2.192,450,0.3111111111111111,1.757376496727763,0.18400955907077746,0.8468648823381032
TRES-5,TRES-5__2026-09-04,771,56,0.4675074580211781,0.6587242083745545,3405.5,30.193637309122984,2.192,450,0.31333333333333335,1.757376496727763,0.18400955907077746,0.21327894982717976
TRES-5,TRES-5__2026-08-17,218,52,0.2269333656903369,0.6543653977913934,2583.5,12.187912467451913,2.192,220,0.39090909090909093,3.061041116275965,0.3416575141851451,0.10352799529668653
TRES-5,TRES-5__2026-08-29,293,73,0.39101681107960445,0.6532811825960009,2105.0,25.58774302663098,2.192,241,0.34854771784232363,2.34732511070012,0.09874798066907436,0.17838358169689983
TRES-5,TRES-5__2026-09-04,1117,56,0.49816188138415657,0.6523152034409233,965.0,29.70272027605168,2.192,450,0.31555555555555553,1.757376496727763,0.18400955907077746,0.2272636320183196
TRES-5,TRES-5__2026-09-01,327,74,0.5184457599415158,0.6517663301547022,1520.0,36.56014829934155,2.192,335,0.3761194029850746,2.6967963921627147,0.2238016875674055,0.23651722625069146
TRES-5,TRES-5__2026-08-29,109,73,0.8668026547450257,0.6493564815834114,696.0,56.73289522554892,2.192,241,0.35269709543568467,2.34732511070012,0.09874798066907436,0.3954391673106869
TRES-5,TRES-5__2026-09-04,865,40,2.4765291043696434,0.6479650380618397,201.25,126.25413182460251,2.192,450,0.31777777777777777,1.757376496727763,0.18400955907077746,1.129803423526297
TRES-5,TRES-5__2026-08-17,555,51,0.3921345422686363,0.6452881381680767,1282.5,22.76018436195037,2.192,220,0.39545454545454545,3.061041116275965,0.3416575141851451,0.17889349556050926
TRES-5,TRES-5__2026-08-26,298,74,0.5656316109631285,0.6358027516055907,933.5,37.69288377138133,2.192,225,0.30666666666666664,1.8881783586794032,-0.06514002558174027,0.25804361814011334
TRES-5,TRES-5__2026-08-17,284,52,0.8481137246134486,0.6351153546377658,564.75,48.23858717206663,2.192,220,0.4,3.061041116275965,0.3416575141851451,0.3869131955353324
TRES-5,TRES-5__2026-08-29,817,72,1.0150590136803954,0.6341526284869627,663.0,71.35104231794789,2.192,241,0.35684647302904565,2.34732511070012,0.09874798066907436,0.46307436755492487
TRES-5,TRES-5__2026-09-01,290,70,0.7912476766012085,0.63181358100268,635.0,55.47454187644877,2.192,335,0.37910447761194027,2.6967963921627147,0.2238016875674055,0.360970655383763
TRES-5,TRES-5__2026-08-26,323,74,0.18542900710550325,0.6287422574215271,3285.0,13.02560136047184,2.192,225,0.3111111111111111,1.8881783586794032,-0.06514002558174027,0.08459352513937192
TRES-5,TRES-5__2026-08-26,160,74,0.6210749429535807,0.6285602338541052,1191.0,41.58548786424215,2.192,225,0.31555555555555553,1.8881783586794032,-0.06514002558174027,0.28333710901167
TRES-5,TRES-5__2026-09-04,780,48,2.2658913425696365,0.6244635012572826,219.0,130.34986278865634,2.192,450,0.32,1.757376496727763,0.18400955907077746,1.0337095540919874
TRES-5,TRES-5__2026-08-29,96,73,0.46083605359214797,0.6240558734707069,1462.0,31.20000430598336,2.192,241,0.36099585062240663,2.34732511070012,0.09874798066907436,0.2102354259088266
TRES-5,TRES-5__2026-09-01,393,73,0.5096471668299076,0.6239518399073292,975.5,36.61568134751462,2.192,335,0.382089552238806,2.6967963921627147,0.2238016875674055,0.23250326953919143
TRES-5,TRES-5__2026-09-04,774,56,1.2815566453994973,0.6232827769528675,354.5,76.38173487844959,2.192,450,0.32222222222222224,1.757376496727763,0.18400955907077746,0.5846517542880918
TRES-5,TRES-5__2026-09-01,234,72,0.6367231393158802,0.6228154338303703,654.5,47.195527468266434,2.192,335,0.3850746268656716,2.6967963921627147,0.2238016875674055,0.2904758847243979
TRES-5,TRES-5__2026-08-17,548,52,0.4802543109760432,0.6223844353997834,910.0,29.523642338155724,2.192,220,0.40454545454545454,3.061041116275965,0.3416575141851451,0.21909411997082262
TRES-5,TRES-5__2026-08-26,346,74,0.5994958726016414,0.6223137494813031,885.5,43.50569997708927,2.192,225,0.32,1.8881783586794032,-0.06514002558174027,0.2734926426102378
TRES-5,TRES-5__2026-09-04,929,56,0.9944572386935966,0.6212290778131586,506.0,63.62760194093522,2.192,450,0.3244444444444444,1.757376496727763,0.18400955907077746,0.4536757475791955
TRES-5,TRES-5__2026-09-01,239,74,0.3075832174786852,0.6166158501745156,2186.25,23.226342358378385,2.192,335,0.3880597014925373,2.6967963921627147,0.2238016875674055,0.14032081089356077
TRES-5,TRES-5__2026-09-04,1107,56,0.6525764693235284,0.6137434329893406,883.25,39.86142863030493,2.192,450,0.32666666666666666,1.757376496727763,0.18400955907077746,0.2977082433045294
TRES-5,TRES-5__2026-08-29,349,73,1.074908303165076,0.6119068287536937,481.0,75.34603720536008,2.192,241,0.3651452282157676,2.34732511070012,0.09874798066907436,0.4903778755315127
TRES-5,TRES-5__2026-08-29,315,73,0.637776091603491,0.6110330159171463,895.0,44.81327923649582,2.192,241,0.36929460580912865,2.34732511070012,0.09874798066907436,0.2909562461694758
TRES-5,TRES-5__2026-08-29,342,73,1.1772202983837177,0.6106002817089726,490.0,81.94656448398844,2.192,241,0.37344398340248963,2.34732511070012,0.09874798066907436,0.5370530558319879
TRES-5,TRES-5__2026-08-17,316,52,0.5054832008204355,0.6056972497799608,947.75,31.2918284967509,2.192,220,0.4090909090909091,3.061041116275965,0.3416575141851451,0.23060365000932276
TRES-5,TRES-5__2026-09-01,53,71,1.4991912193481287,0.6011369180575861,1040.0,109.20902057508853,2.192,335,0.39104477611940297,2.6967963921627147,0.2238016875674055,0.6839376000675769
TRES-5,TRES-5__2026-09-04,1026,55,1.1242656886036086,0.6008389106328874,389.5,69.53715965368295,2.192,450,0.3288888888888889,1.757376496727763,0.18400955907077746,0.5128949309323032
TRES-5,TRES-5__2026-09-01,82,71,0.7443376810883148,0.5960696429327372,504.0,53.36801727634578,2.192,335,0.3940298507462687,2.6967963921627147,0.2238016875674055,0.33957010998554504
TRES-5,TRES-5__2026-09-04,1020,56,0.6363620160428175,0.5944750559983751,712.25,43.89810679739028,2.192,450,0.33111111111111113,1.757376496727763,0.18400955907077746,0.2903111387056649
TRES-5,TRES-5__2026-08-17,105,52,0.5970853712838109,0.5902604432896528,709.0,35.73286413060694,2.192,220,0.41363636363636364,3.061041116275965,0.3416575141851451,0.2723929613521035
TRES-5,TRES-5__2026-08-17,36,52,1.216671102211953,0.5892730929656225,391.5,69.54542594979392,2.192,220,0.41818181818181815,3.061041116275965,0.3416575141851451,0.5550506853156719
TRES-5,TRES-5__2026-09-04,1244,55,1.360997022204922,0.5866408669618721,287.0,90.7665093246682,2.192,450,0.3333333333333333,1.757376496727763,0.18400955907077746,0.6208928021007855
TRES-5,TRES-5__2026-09-01,371,74,0.21243518855039462,0.5856477459421379,4819.25,17.030517279325846,2.192,335,0.3970149253731343,2.6967963921627147,0.2238016875674055,0.09691386338977856
TRES-5,TRES-5__2026-09-01,385,71,0.7713639342566123,0.581085473217303,702.0,58.698833823433226,2.192,335,0.4,2.6967963921627147,0.2238016875674055,0.3518996050440749
TRES-5,TRES-5__2026-08-26,123,74,0.9376465377325427,0.5805948465404409,489.5,69.71787457378483,2.192,225,0.3244444444444444,1.8881783586794032,-0.06514002558174027,0.4277584569947731
TRES-5,TRES-5__2026-09-01,376,74,0.37840845952069296,0.578919225549386,1427.5,30.33317878139069,2.192,335,0.40298507462686567,2.6967963921627147,0.2238016875674055,0.17263159649666648
TRES-5,TRES-5__2026-09-01,151,71,0.8054885582665458,0.5787256526958231,562.5,63.22667877756875,2.192,335,0.4059701492537313,2.6967963921627147,0.2238016875674055,0.3674674079683146
TRES-5,TRES-5__2026-09-04,1261,56,0.7710457400376176,0.5749310090837032,552.25,50.17679386297854,2.192,450,0.33555555555555555,1.757376496727763,0.18400955907077746,0.3517544434478182
TRES-5,TRES-5__2026-09-04,1120,54,3.4591286623901913,0.5742525150575759,284.75,211.49466709044424,2.192,450,0.3377777777777778,1.757376496727763,0.18400955907077746,1.5780696452509997
TRES-5,TRES-5__2026-08-17,388,52,0.7303425770545542,0.5720621875360464,554.0,49.24530832529282,2.192,220,0.42272727272727273,3.061041116275965,0.3416575141851451,0.33318548223291705
TRES-5,TRES-5__2026-09-04,1212,56,0.48870519409830837,0.5697046825398475,870.0,34.389095957744985,2.192,450,0.34,1.757376496727763,0.18400955907077746,0.22294944986236695
TRES-5,TRES-5__2026-09-04,1042,56,0.36126844548133724,0.5690669233424898,1409.5,25.236843490989934,2.192,450,0.3422222222222222,1.757376496727763,0.18400955907077746,0.1648122470261575
TRES-5,TRES-5__2026-08-17,211,52,0.2531548655698879,0.5675727218127093,2242.5,15.755817641585997,2.192,220,0.42727272727272725,3.061041116275965,0.3416575141851451,0.11549035838042332
TRES-5,TRES-5__2026-08-29,209,73,0.2596763142503811,0.5641361103464202,2602.0,19.21305912415477,2.192,241,0.3775933609958506,2.34732511070012,0.09874798066907436,0.11846547182955343
TRES-5,TRES-5__2026-08-29,97,73,1.2666894316481536,0.5630023846049355,527.0,95.94757963001607,2.192,241,0.3817427385892116,2.34732511070012,0.09874798066907436,0.5778692662628437
TRES-5,TRES-5__2026-09-04,981,56,0.725274039641223,0.5626255456004465,671.75,52.10395173667202,2.192,450,0.34444444444444444,1.757376496727763,0.18400955907077746,0.3308731932669812
TRES-5,TRES-5__2026-08-29,227,73,0.34238502973950447,0.5587525123325777,2143.0,26.455358683108994,2.192,241,0.38589211618257263,2.34732511070012,0.09874798066907436,0.15619755006364253
TRES-5,TRES-5__2026-08-26,116,74,0.7408792245360327,0.5535418801543631,540.0,57.384600456436246,2.192,225,0.3288888888888889,1.8881783586794032,-0.06514002558174027,0.3379923469598689
TRES-5,TRES-5__2026-08-26,98,72,1.3473983685928832,0.5532726632447713,350.5,106.94264787737323,2.192,225,0.3333333333333333,1.8881783586794032,-0.06514002558174027,0.6146890367668262
TRES-5,TRES-5__2026-09-04,850,56,0.6072424348936724,0.5445495599691611,725.75,44.1390295460035,2.192,450,0.3466666666666667,1.757376496727763,0.18400955907077746,0.27702665825441253
TRES-5,TRES-5__2026-09-01,190,74,0.5101662782803943,0.541049379845446,959.5,42.631126223970625,2.192,335,0.408955223880597,2.6967963921627147,0.2238016875674055,0.23274009045638425
TRES-5,TRES-5__2026-08-26,68,74,1.4633836663274062,0.5388365458049565,354.0,116.70176327905973,2.192,225,0.3377777777777778,1.8881783586794032,-0.06514002558174027,0.6676020375581232
TRES-5,TRES-5__2026-08-26,78,74,0.9880970788643387,0.5386531421807975,479.0,80.81534593257074,2.192,225,0.3422222222222222,1.8881783586794032,-0.06514002558174027,0.4507742148103735
TRES-5,TRES-5__2026-08-29,259,73,0.11647671583799603,0.5367923460015745,11746.0,9.861083931596863,2.192,241,0.3900414937759336,2.34732511070012,0.09874798066907436,0.05313718788229745
TRES-5,TRES-5__2026-09-04,1308,55,0.9090959267169877,0.5364868641377454,468.5,65.40103201983362,2.192,450,0.3488888888888889,1.757376496727763,0.18400955907077746,0.4147335432103046
TRES-5,TRES-5__2026-08-29,819,72,0.3611282916504196,0.5333807212410145,1521.0,29.84514665477437,2.192,241,0.3941908713692946,2.34732511070012,0.09874798066907436,0.16474830823468045
TRES-5,TRES-5__2026-09-01,196,74,0.1942756634860736,0.5322508006537316,2955.75,17.108463191345024,2.192,335,0.41194029850746267,2.6967963921627147,0.2238016875674055,0.08862940852466861
TRES-5,TRES-5__2026-08-17,377,52,0.5312232946040966,0.5322431290226469,797.5,36.81031255915563,2.192,220,0.4318181818181818,3.061041116275965,0.3416575141851451,0.24234639352376666
TRES-5,TRES-5__2026-09-01,359,71,0.6147460484635406,0.5308567621709891,672.0,51.35959471321205,2.192,335,0.41492537313432837,2.6967963921627147,0.2238016875674055,0.2804498396275276
TRES-5,TRES-5__2026-08-17,46,52,0.32376127027680024,0.5304006965709619,1328.5,21.729392460953182,2.192,220,0.43636363636363634,3.061041116275965,0.3416575141851451,0.14770130943284682
TRES-5,TRES-5__2026-08-17,265,52,0.5531542664354925,0.5299705254007312,731.5,38.08503355923768,2.192,220,0.4409090909090909,3.061041116275965,0.3416575141851451,0.2523513989213013
TRES-5,TRES-5__2026-09-04,897,56,0.41313926295306447,0.5295537026331457,1003.0,31.081030949798826,2.192,450,0.3511111111111111,1.757376496727763,0.18400955907077746,0.18847594112822283
TRES-5,TRES-5__2026-08-26,234,74,0.5708350859332036,0.5213465983606542,882.0,46.04455408917463,2.192,225,0.3466666666666667,1.8881783586794032,-0.06514002558174027,0.2604174662104031
TRES-5,TRES-5__2026-09-01,388,69,0.9757622831670922,0.5169477891570065,634.0,80.99325793623298,2.192,335,0.417910447761194,2.6967963921627147,0.2238016875674055,0.4451470269922866
TRES-5,TRES-5__2026-09-04,839,54,1.5184536202810544,0.5110384601798384,292.0,111.75517057682694,2.192,450,0.35333333333333333,1.757376496727763,0.18400955907077746,0.6927251917340576
TRES-5,TRES-5__2026-09-04,277,56,0.5406528528627744,0.5102225708067332,1314.0,43.13788244283971,2.192,450,0.35555555555555557,1.757376496727763,0.18400955907077746,0.24664819929871093
TRES-5,TRES-5__2026-09-01,68,68,1.02331028688308,0.5048152194864597,362.25,86.8991719586653,2.192,335,0.4208955223880597,2.6967963921627147,0.2238016875674055,0.46683863452695246
TRES-5,TRES-5__2026-09-04,1027,56,0.31068988337519365,0.5017695699643534,18864.0,24.761866780791475,2.192,450,0.35777777777777775,1.757376496727763,0.18400955907077746,0.14173808548138395
TRES-5,TRES-5__2026-09-01,162,71,0.6317937282793802,0.5004949100060029,508.0,53.733580523069065,2.192,335,0.42388059701492536,2.6967963921627147,0.2238016875674055,0.2882270658208851
TRES-5,TRES-5__2026-09-04,806,54,0.6479317363009829,0.49423133658268886,572.5,50.53905325533924,2.192,450,0.36,1.757376496727763,0.18400955907077746,0.2955892957577476
TRES-5,TRES-5__2026-09-04,1048,56,0.9808947255949229,0.4931285403733209,518.25,80.26735494456533,2.192,450,0.3622222222222222,1.757376496727763,0.18400955907077746,0.44748846970571293
TRES-5,TRES-5__2026-09-01,345,74,0.13971325456455505,0.492872934363718,20928.0,14.006272049808087,2.192,335,0.42686567164179107,2.6967963921627147,0.2238016875674055,0.06373779861521671
TRES-5,TRES-5__2026-08-29,331,73,0.4627207534094284,0.4914734374125694,1042.0,40.44413054634743,2.192,241,0.3983402489626556,2.34732511070012,0.09874798066907436,0.21109523421962972
TRES-5,TRES-5__2026-08-17,231,52,0.6547641275911226,0.48587887325349166,697.25,51.558499514713176,2.192,220,0.44545454545454544,3.061041116275965,0.3416575141851451,0.2987062625871909
TRES-5,TRES-5__2026-09-04,947,52,1.511495365949644,0.4827604194317202,214.25,115.66665363005758,2.192,450,0.36444444444444446,1.757376496727763,0.18400955907077746,0.6895508056339616
TRES-5,TRES-5__2026-08-17,134,52,0.7684816490438098,0.48158370289922897,463.5,61.692202729912886,2.192,220,0.45,3.061041116275965,0.3416575141851451,0.3505846939068475
TRES-5,TRES-5__2026-08-29,114,73,0.5748884372609284,0.4804391605238508,779.0,53.12386297398563,2.192,241,0.4024896265560166,2.34732511070012,0.09874798066907436,0.2622666228380148
TRES-5,TRES-5__2026-08-17,402,52,0.41692451180662565,0.47949477658710216,1037.75,36.60024086840178,2.192,220,0.45454545454545453,3.061041116275965,0.3416575141851451,0.19020278823294964
TRES-5,TRES-5__2026-08-26,226,67,1.0800462659659478,0.4712841492119875,393.0,92.310332761315,2.192,225,0.3511111111111111,1.8881783586794032,-0.06514002558174027,0.49272183666329733
TRES-5,TRES-5__2026-09-04,463,56,0.8633162321951292,0.4667463328935622,563.25,68.7755286972038,2.192,450,0.36666666666666664,1.757376496727763,0.18400955907077746,0.3938486460744202
TRES-5,TRES-5__2026-09-04,872,55,0.5348107208301064,0.4650650892076024,530.0,45.173430769113665,2.192,450,0.3688888888888889,1.757376496727763,0.18400955907077746,0.24398299307942808
TRES-5,TRES-5__2026-09-01,222,74,0.34182957925947444,0.4647509299379355,18289.25,33.438424845295565,2.192,335,0.4298507462686567,2.6967963921627147,0.2238016875674055,0.155944151122023
TRES-5,TRES-5__2026-08-26,352,74,0.26192266212886933,0.4646637426726685,1641.0,24.06735200209707,2.192,225,0.35555555555555557,1.8881783586794032,-0.06514002558174027,0.11949026556973966
TRES-5,TRES-5__2026-08-26,168,74,0.691208936756822,0.4619736051296982,591.5,63.25723868309331,2.192,225,0.36,1.8881783586794032,-0.06514002558174027,0.31533254414088596
TRES-5,TRES-5__2026-09-04,1044,56,0.47580196807680725,0.4587062542741884,759.75,37.778756913281356,2.192,450,0.3711111111111111,1.757376496727763,0.18400955907077746,0.2170629416408792
TRES-5,TRES-5__2026-09-01,263,74,0.23469939780322546,0.45812864122682884,1523.5,22.808265913886228,2.192,335,0.43283582089552236,2.6967963921627147,0.2238016875674055,0.10707089315840577
TRES-5,TRES-5__2026-09-04,902,54,0.9329655833227944,0.45624406836271614,310.25,77.12082870263205,2.192,450,0.37333333333333335,1.757376496727763,0.18400955907077746,0.42562298509251567
TRES-5,TRES-5__2026-08-29,71,73,1.0120429341700816,0.45604350679667544,1030.0,97.815737511468,2.192,241,0.4066390041493776,2.34732511070012,0.09874798066907436,0.4616984188732124
TRES-5,TRES-5__2026-09-04,798,56,1.0784500763958922,0.4547286505502043,335.75,91.1059666649657,2.192,450,0.37555555555555553,1.757376496727763,0.18400955907077746,0.4919936479908267
TRES-5,TRES-5__2026-08-17,515,52,0.21780388830667666,0.4544570856703303,1701.5,17.558429647472423,2.192,220,0.4590909090909091,3.061041116275965,0.3416575141851451,0.0993630877311481
TRES-5,TRES-5__2026-08-29,824,71,0.12760652353019414,0.4544486059148917,3581.0,11.934321788300066,2.192,241,0.4107883817427386,2.34732511070012,0.09874798066907436,0.058214654895161554
TRES-5,TRES-5__2026-08-29,393,73,0.672136987125965,0.45378229528771397,588.0,65.12593427735278,2.192,241,0.4149377593360996,2.34732511070012,0.09874798066907436,0.30663183719250225
TRES-5,TRES-5__2026-08-17,88,52,0.6264439134338452,0.4511671309983847,517.0,47.71309468216252,2.192,220,0.4636363636363636,3.061041116275965,0.3416575141851451,0.285786456858506
TRES-5,TRES-5__2026-08-26,148,74,1.4204252945609042,0.4492095443526276,506.0,139.9541949325521,2.192,225,0.36444444444444446,1.8881783586794032,-0.06514002558174027,0.6480042402193905
TRES-5,TRES-5__2026-09-01,116,74,0.2465942000412565,0.4485801221447409,2211.5,26.43982637598299,2.192,335,0.43582089552238806,2.6967963921627147,0.2238016875674055,0.11249735403341993
TRES-5,TRES-5__2026-08-29,283,73,0.583718995304779,0.44174458492064167,761.0,57.78138488918076,2.192,241,0.4190871369294606,2.34732511070012,0.09874798066907436,0.26629516209159626
TRES-5,TRES-5__2026-09-04,876,55,0.6916227980649609,0.44011393447477404,422.5,60.19235343596459,2.192,450,0.37777777777777777,1.757376496727763,0.18400955907077746,0.3155213494821901
TRES-5,TRES-5__2026-09-04,1160,50,1.6913577352945859,0.4395632115028202,178.5,140.71391338732477,2.192,450,0.38,1.757376496727763,0.18400955907077746,0.77160480624753
TRES-5,TRES-5__2026-09-01,316,68,0.6314834828180803,0.43327249015905617,651.0,60.712064690246116,2.192,335,0.4388059701492537,2.6967963921627147,0.2238016875674055,0.28808553048270086
TRES-5,TRES-5__2026-08-17,511,52,0.2245400731732977,0.43279728458005656,1317.25,18.389147250824532,2.192,220,0.4681818181818182,3.061041116275965,0.3416575141851451,0.10243616476884018
TRES-5,TRES-5__2026-09-04,898,56,0.6220048629432373,0.432662141641663,513.75,58.466304437884716,2.192,450,0.38222222222222224,1.757376496727763,0.18400955907077746,0.28376134258359365
TRES-5,TRES-5__2026-08-29,260,73,0.07966360309243048,0.42293718595355984,17997.0,8.460683870219087,2.192,241,0.42323651452282157,2.34732511070012,0.09874798066907436,0.03634288462245916
TRES-5,TRES-5__2026-09-04,756,56,1.1591326235832007,0.42259230502867506,1085.25,100.33464609505872,2.192,450,0.3844444444444444,1.757376496727763,0.18400955907077746,0.5288013793718981
TRES-5,TRES-5__2026-09-04,1025,52,1.0294547833732248,0.42154992083908416,280.75,87.12965356148416,2.192,450,0.38666666666666666,1.757376496727763,0.18400955907077746,0.4696417807359602
TRES-5,TRES-5__2026-09-01,405,64,0.811395926684929,0.41993069171956937,355.5,78.16453223823342,2.192,335,0.4417910447761194,2.6967963921627147,0.2238016875674055,0.3701623753124676
TRES-5,TRES-5__2026-08-17,187,52,1.3302385532924057,0.419842248460398,281.75,126.65187508945361,2.192,220,0.4727272727272727,3.061041116275965,0.3416575141851451,0.6068606538742727
TRES-5,TRES-5__2026-08-26,239,74,0.3921085956121876,0.4174398633428757,830.5,38.430600897824945,2.192,225,0.3688888888888889,1.8881783586794032,-0.06514002558174027,0.17888165858220234
TRES-5,TRES-5__2026-08-26,317,74,0.05053396755146052,0.4115226971381443,14111.5,5.492684361603153,2.192,225,0.37333333333333335,1.8881783586794032,-0.06514002558174027,0.0230538173136225
TRES-5,TRES-5__2026-09-01,252,71,0.5081219716260996,0.4101133923292444,614.0,54.435120632902574,2.192,335,0.44477611940298506,2.6967963921627147,0.2238016875674055,0.23180746880752717
TRES-5,TRES-5__2026-08-17,73,52,0.6956078552577311,0.4085906893781318,455.0,59.02247093251385,2.192,220,0.4772727272727273,3.061041116275965,0.3416575141851451,0.3173393500263371
TRES-5,TRES-5__2026-08-26,44,57,1.44317942131652,0.4079540622566211,264.0,145.19530464008471,2.192,225,0.37777777777777777,1.8881783586794032,-0.06514002558174027,0.6583847724984124
TRES-5,TRES-5__2026-09-04,954,56,0.3263931012365659,0.4075424344855537,1286.25,32.132607874498525,2.192,450,0.3888888888888889,1.757376496727763,0.18400955907077746,0.14890196224295887
TRES-5,TRES-5__2026-09-01,336,72,0.30900209078883095,0.4061793337240436,940.75,33.00703963116013,2.192,335,0.44776119402985076,2.6967963921627147,0.2238016875674055,0.14096810711169294
TRES-5,TRES-5__2026-09-01,100,74,0.21057429512874376,0.4060538364178493,2050.25,24.971166829572166,2.192,335,0.4507462686567164,2.6967963921627147,0.2238016875674055,0.09606491566092325
TRES-5,TRES-5__2026-09-04,675,56,0.3019731452739166,0.4039888852323837,985.5,28.266553870198734,2.192,450,0.39111111111111113,1.757376496727763,0.18400955907077746,0.13776147138408604
TRES-5,TRES-5__2026-08-17,348,52,0.17764041613468576,0.4030664861870982,2094.25,15.771289099770751,2.192,220,0.4818181818181818,3.061041116275965,0.3416575141851451,0.08104033582786759
TRES-5,TRES-5__2026-09-04,1139,55,0.5433562133995485,0.40143726924113676,522.0,53.97784771953102,2.192,450,0.3933333333333333,1.757376496727763,0.18400955907077746,0.2478814842151225
TRES-5,TRES-5__2026-09-04,1056,56,0.21181109255201813,0.40058894333209416,2189.0,21.75372772078208,2.192,450,0.39555555555555555,1.757376496727763,0.18400955907077746,0.09662914806205206
TRES-5,TRES-5__2026-08-17,376,52,0.22151178654618722,0.39914028445698335,2462.25,21.51483775245096,2.192,220,0.4863636363636364,3.061041116275965,0.3416575141851451,0.10105464714698321
TRES-5,TRES-5__2026-09-04,998,54,0.49520388929528963,0.39740157243949087,483.0,47.23281655923711,2.192,450,0.3977777777777778,1.757376496727763,0.18400955907077746,0.2259141830726686
TRES-5,TRES-5__2026-09-04,1224,54,0.7660731199669585,0.39557876729344904,380.5,75.03442555605112,2.192,450,0.4,1.757376496727763,0.18400955907077746,0.3494859123936854
TRES-5,TRES-5__2026-09-04,1323,46,1.7220764708134852,0.39526656050789943,226.5,152.99012830178276,2.192,450,0.4022222222222222,1.757376496727763,0.18400955907077746,0.78561882792586
TRES-5,TRES-5__2026-08-26,214,74,0.21744832296954242,0.3944363870819784,1776.0,23.566599259487102,2.192,225,0.38222222222222224,1.8881783586794032,-0.06514002558174027,0.09920087726712701
TRES-5,TRES-5__2026-09-04,923,56,0.24201161872617155,0.3942239057366893,1291.5,24.637342430042406,2.192,450,0.40444444444444444,1.757376496727763,0.18400955907077746,0.11040676036777898
TRES-5,TRES-5__2026-08-17,321,52,0.4073017289823833,0.39370610338393697,838.5,35.94053474862354,2.192,220,0.4909090909090909,3.061041116275965,0.3416575141851451,0.18581283256495587
TRES-5,TRES-5__2026-09-01,231,74,0.2813643380422918,0.3921017714679984,1082.75,32.6644101995054,2.192,335,0.4537313432835821,2.6967963921627147,0.2238016875674055,0.12835964326746888
TRES-5,TRES-5__2026-09-04,887,56,0.42074389909092125,0.38878991792258205,1890.75,44.04428769744618,2.192,450,0.4066666666666667,1.757376496727763,0.18400955907077746,0.1919452094392889
TRES-5,TRES-5__2026-09-01,271,71,0.37224554162945844,0.3887526324940915,681.0,41.95354634695499,2.192,335,0.45671641791044776,2.6967963921627147,0.2238016875674055,0.16982004636380402
TRES-5,TRES-5__2026-09-04,1052,43,1.2611806487168464,0.38392088374229705,193.0,109.04947774571829,2.192,450,0.4088888888888889,1.757376496727763,0.18400955907077746,0.5753561353635248
TRES-5,TRES-5__2026-09-01,291,74,0.15005540504798798,0.3824507620983876,3489.5,18.856742927731442,2.192,335,0.4597014925373134,2.6967963921627147,0.2238016875674055,0.06845593295984853
TRES-5,TRES-5__2026-08-29,112,73,0.3482411903669407,0.3776872592069697,956.0,39.15044838827324,2.192,241,0.42738589211618255,2.34732511070012,0.09874798066907436,0.15886915618929776
TRES-5,TRES-5__2026-08-26,128,74,0.8747219267015391,0.37607109463712707,388.5,95.94976215040333,2.192,225,0.38666666666666666,1.8881783586794032,-0.06514002558174027,0.3990519738601912
TRES-5,TRES-5__2026-08-17,156,50,0.4318050089787073,0.3757614898378957,717.5,42.169919429152486,2.192,220,0.4954545454545455,3.061041116275965,0.3416575141851451,0.1969913362129139
TRES-5,TRES-5__2026-09-04,767,54,0.9811675857089508,0.36707680623283656,312.25,102.6019175405871,2.192,450,0.4111111111111111,1.757376496727763,0.18400955907077746,0.4476129496847403
TRES-5,TRES-5__2026-09-04,334,56,0.2531799162521109,0.36659945143906253,1207.75,28.724804191541626,2.192,450,0.41333333333333333,1.757376496727763,0.18400955907077746,0.11550178661136445
TRES-5,TRES-5__2026-09-01,158,74,0.27971710829310564,0.3658078578382337,1319.25,35.760559718425306,2.192,335,0.4626865671641791,2.6967963921627147,0.2238016875674055,0.12760816984174528
TRES-5,TRES-5__2026-09-01,410,68,0.6555572591246489,0.36420644231040633,483.0,75.5016094368501,2.192,335,0.46567164179104475,2.6967963921627147,0.2238016875674055,0.2990680926663544
TRES-5,TRES-5__2026-09-04,905,56,0.39307514964599616,0.3632283773937913,836.75,41.29145550925033,2.192,450,0.41555555555555557,1.757376496727763,0.18400955907077746,0.17932260476550918
TRES-5,TRES-5__2026-08-17,491,51,0.471070536158401,0.3612663300716495,585.5,45.11251373779814,2.192,220,0.5,3.061041116275965,0.3416575141851451,0.21490444167810263
TRES-5,TRES-5__2026-09-01,132,71,0.21860895097157246,0.3609582571143765,1947.0,28.00620952581929,2.192,335,0.46865671641791046,2.6967963921627147,0.2238016875674055,0.09973036084469546
TRES-5,TRES-5__2026-09-01,105,74,0.39001281741867916,0.35977937048828074,14805.25,51.425862022729575,2.192,335,0.4716417910447761,2.6967963921627147,0.2238016875674055,0.1779255553917332
TRES-5,TRES-5__2026-09-01,107,73,0.8448460721791831,0.3584867529940781,976.0,105.29550934053074,2.192,335,0.4746268656716418,2.6967963921627147,0.2238016875674055,0.3854224781839338
TRES-5,TRES-5__2026-08-29,370,73,0.2639930775857333,0.35627933967623093,1419.0,31.85492333126054,2.192,241,0.4315352697095436,2.34732511070012,0.09874798066907436,0.12043479816867395
TRES-5,TRES-5__2026-09-04,812,56,0.2692283060698814,0.3549461736418968,1032.75,30.313860581327106,2.192,450,0.4177777777777778,1.757376496727763,0.18400955907077746,0.12282313233115026
TRES-5,TRES-5__2026-09-04,1028,53,0.9716306921921156,0.3518699240986184,267.0,100.97658735783047,2.192,450,0.42,1.757376496727763,0.18400955907077746,0.4432621770949432
TRES-5,TRES-5__2026-09-04,818,54,0.6383484554187946,0.34912444067898707,337.75,69.55779378341565,2.192,450,0.4222222222222222,1.757376496727763,0.18400955907077746,0.29121736104872015
TRES-5,TRES-5__2026-09-04,1088,56,0.2556691060413804,0.3468733288224508,995.5,29.07518274968782,2.192,450,0.42444444444444446,1.757376496727763,0.18400955907077746,0.1166373658947903
TRES-5,TRES-5__2026-08-26,159,74,0.4889112232308474,0.3450241350715989,669.0,60.52298525922639,2.192,225,0.39111111111111113,1.8881783586794032,-0.06514002558174027,0.22304344125494863
TRES-5,TRES-5__2026-09-04,972,54,0.9869709937118687,0.3332854916233315,232.0,110.55157671018023,2.192,450,0.4266666666666667,1.757376496727763,0.18400955907077746,0.45026048983205685
TRES-5,TRES-5__2026-08-29,125,73,0.6827659686190358,0.3320882134112912,577.0,86.56866542759427,2.192,241,0.43568464730290457,2.34732511070012,0.09874798066907436,0.3114808250999251
TRES-5,TRES-5__2026-09-04,907,56,0.1712809400026556,0.33107200040370627,2086.75,20.18951236413539,2.192,450,0.4288888888888889,1.757376496727763,0.18400955907077746,0.07813911496471514
TRES-5,TRES-5__2026-09-04,1140,54,0.9160183858806835,0.32903980860531334,329.25,105.12344853136278,2.192,450,0.4311111111111111,1.757376496727763,0.18400955907077746,0.417891599398122
TRES-5,TRES-5__2026-09-04,963,55,0.5714350701323512,0.3263936434766123,361.0,65.6893074324171,2.192,450,0.43333333333333335,1.757376496727763,0.18400955907077746,0.2606911816297222
TRES-5,TRES-5__2026-09-04,866,56,0.14506661900615825,0.3247743313302079,2367.75,18.444410010588264,2.192,450,0.43555555555555553,1.757376496727763,0.18400955907077746,0.0661800269188678
TRES-5,TRES-5__2026-08-26,205,74,0.15766421878605122,0.3224845840688331,2110.5,22.420881053793245,2.192,225,0.39555555555555555,1.8881783586794032,-0.06514002558174027,0.07192710711042483
TRES-5,TRES-5__2026-08-17,413,52,0.6427899907721876,0.32204869829864075,352.75,79.42686378251153,2.192,220,0.5045454545454545,3.061041116275965,0.3416575141851451,0.29324360892891765
TRES-5,TRES-5__2026-08-29,139,72,0.6575626602028676,0.32156212726308975,503.5,89.97581190872668,2.192,241,0.43983402489626555,2.34732511070012,0.09874798066907436,0.2999829654210162
TRES-5,TRES-5__2026-09-04,1273,53,0.7451504288674421,0.31416696589096804,276.5,86.59928752300188,2.192,450,0.43777777777777777,1.757376496727763,0.18400955907077746,0.33994088908186226
TRES-5,TRES-5__2026-09-04,769,55,0.7698874685058698,0.31251585072281546,333.0,89.31221616155301,2.192,450,0.44,1.757376496727763,0.18400955907077746,0.3512260349023128
TRES-5,TRES-5__2026-09-01,303,74,0.10675502633864704,0.30905051608982415,4636.75,16.85704727748498,2.192,335,0.47761194029850745,2.6967963921627147,0.2238016875674055,0.04870211055595212
TRES-5,TRES-5__2026-08-17,260,52,0.4013639736616406,0.307883544049045,579.0,45.38223654381864,2.192,220,0.509090909090909,3.061041116275965,0.3416575141851451,0.18310400258286524
TRES-5,TRES-5__2026-09-01,311,68,0.4592679160188449,0.30166420235996094,490.0,62.774806816257964,2.192,335,0.48059701492537316,2.6967963921627147,0.2238016875674055,0.20952003468012997
TRES-5,TRES-5__2026-09-04,821,52,0.4855141077465471,0.3000327660108545,390.5,56.60217515767593,2.192,450,0.44222222222222224,1.757376496727763,0.18400955907077746,0.22149366229313278
TRES-5,TRES-5__2026-09-04,1250,56,0.3470854619689925,0.29847277465045857,730.0,47.71478624132092,2.192,450,0.4444444444444444,1.757376496727763,0.18400955907077746,0.15834190783256955
TRES-5,TRES-5__2026-09-04,1216,48,1.001343356674105,0.2982345099234566,198.25,119.05116095335545,2.192,450,0.44666666666666666,1.757376496727763,0.18400955907077746,0.45681722476008435
TRES-5,TRES-5__2026-08-29,140,73,0.1465699232324011,0.2976299255650025,2079.0,21.18810767463402,2.192,241,0.44398340248962653,2.34732511070012,0.09874798066907436,0.06686584089069392
TRES-5,TRES-5__2026-09-04,750,55,0.4591955788072254,0.29731255724999084,524.0,57.93152518607034,2.192,450,0.4488888888888889,1.757376496727763,0.18400955907077746,0.20948703412738384
TRES-5,TRES-5__2026-08-26,301,69,0.6343860355275077,0.29583990553492756,353.0,91.90456547774566,2.192,225,0.4,1.8881783586794032,-0.06514002558174027,0.2894096877406513
TRES-5,TRES-5__2026-08-29,263,73,0.409577750909649,0.29196272268911455,720.0,60.16739959302142,2.192,241,0.44813278008298757,2.34732511070012,0.09874798066907436,0.1868511637361537
TRES-5,TRES-5__2026-09-01,182,70,0.40980389135319834,0.28493933291456675,506.0,64.67101088350614,2.192,335,0.4835820895522388,2.6967963921627147,0.2238016875674055,0.18695432999689704
TRES-5,TRES-5__2026-08-17,209,52,0.34570247127625053,0.28392845830854996,628.25,42.25311056965668,2.192,220,0.5136363636363637,3.061041116275965,0.3416575141851451,0.15771098142164713
TRES-5,TRES-5__2026-08-29,276,73,0.4425856485283295,0.28341463112294946,619.0,69.6123372407465,2.192,241,0.45228215767634855,2.34732511070012,0.09874798066907436,0.20190951118993133
TRES-5,TRES-5__2026-08-26,119,66,1.0155240368187677,0.28214778264651613,278.0,151.17638433467798,2.192,225,0.40444444444444444,1.8881783586794032,-0.06514002558174027,0.463286513147248
TRES-5,TRES-5__2026-09-04,989,54,0.3598695333428133,0.2794528276711651,487.75,49.51918407619472,2.192,450,0.45111111111111113,1.757376496727763,0.18400955907077746,0.16417405718194036
TRES-5,TRES-5__2026-09-04,900,51,0.7717168862202157,0.27925332495441235,272.5,100.47224850704971,2.192,450,0.4533333333333333,1.757376496727763,0.18400955907077746,0.35206062327564586
TRES-5,TRES-5__2026-08-17,439,52,0.40825966200216607,0.279197289888875,429.75,53.47578451468508,2.192,220,0.5181818181818182,3.061041116275965,0.3416575141851451,0.18624984580390785
TRES-5,TRES-5__2026-08-17,340,52,0.4935020371067448,0.2782340913758811,426.0,66.02048719285862,2.192,220,0.5227272727272727,3.061041116275965,0.3416575141851451,0.2251377906508872
TRES-5,TRES-5__2026-08-29,346,73,0.0804557605866663,0.2771303648361667,4345.0,12.774182577554408,2.192,241,0.45643153526970953,2.34732511070012,0.09874798066907436,0.036704270340632436
TRES-5,TRES-5__2026-08-29,113,73,0.06540646582612161,0.2768598434366753,6616.0,10.571125604749684,2.192,241,0.4605809128630705,2.34732511070012,0.09874798066907436,0.02983871616155183
TRES-5,TRES-5__2026-09-04,826,56,0.1754676991517182,0.2740106812214279,2045.25,27.053056342038317,2.192,450,0.45555555555555555,1.757376496727763,0.18400955907077746,0.08004913282468895
TRES-5,TRES-5__2026-09-01,89,74,0.40295758433973305,0.27251479395567235,1019.0,70.9276095516804,2.192,335,0.48656716417910445,2.6967963921627147,0.2238016875674055,0.18383101475352784
TRES-5,TRES-5__2026-08-17,18,51,0.4986390398411384,0.270737545038523,483.5,64.65200325833126,2.192,220,0.5272727272727272,3.061041116275965,0.3416575141851451,0.22748131379613976
TRES-5,TRES-5__2026-09-04,609,54,0.420368426709514,0.26925788903724157,379.75,59.4036527856975,2.192,450,0.4577777777777778,1.757376496727763,0.18400955907077746,0.1917739172944863
TRES-5,TRES-5__2026-08-29,231,73,0.24764568444324767,0.2690349502097371,1105.0,39.87146731736165,2.192,241,0.46473029045643155,2.34732511070012,0.09874798066907436,0.11297704582264947
TRES-5,TRES-5__2026-09-04,1034,56,0.2602698527405597,0.26755404909549185,787.5,37.74921419695305,2.192,450,0.46,1.757376496727763,0.18400955907077746,0.11873624668821153
TRES-5,TRES-5__2026-09-04,1057,56,0.2404295596974586,0.26656147362510896,910.75,35.85974868122709,2.192,450,0.4622222222222222,1.757376496727763,0.18400955907077746,0.10968501811015446
TRES-5,TRES-5__2026-09-01,492,62,0.7045940725364067,0.2640808999229879,291.0,105.94835984061858,2.192,335,0.48955223880597015,2.6967963921627147,0.2238016875674055,0.32143890170456507
TRES-5,TRES-5__2026-09-04,970,54,0.3766969083323489,0.25889775669098825,451.75,54.948026516678,2.192,450,0.46444444444444444,1.757376496727763,0.18400955907077746,0.1718507793486993
TRES-5,TRES-5__2026-09-01,273,70,0.5237630440315585,0.2581757774012687,581.0,83.34946888630672,2.192,335,0.4925373134328358,2.6967963921627147,0.2238016875674055,0.23894299453994455
TRES-5,TRES-5__2026-09-04,990,56,0.32210260856121975,0.25383002902774804,958.5,52.48251541484688,2.192,450,0.4666666666666667,1.757376496727763,0.18400955907077746,0.1469446206939871
TRES-5,TRES-5__2026-08-17,459,52,0.31291971148150527,0.25001865108069643,587.0,45.011070691338844,2.192,220,0.5318181818181819,3.061041116275965,0.3416575141851451,0.14275534282915386
TRES-5,TRES-5__2026-09-04,1300,56,0.2390744564530839,0.24801814693217578,915.75,34.8774097513296,2.192,450,0.4688888888888889,1.757376496727763,0.18400955907077746,0.10906681407531199
TRES-5,TRES-5__2026-09-04,1183,56,0.36213484573813853,0.24728455472554106,533.0,58.6504439824927,2.192,450,0.4711111111111111,1.757376496727763,0.18400955907077746,0.16520750261776393
TRES-5,TRES-5__2026-08-29,261,73,0.06037090469030045,0.24331211733217548,8962.0,11.240538059881121,2.192,241,0.46887966804979253,2.34732511070012,0.09874798066907436,0.027541471117837796
TRES-5,TRES-5__2026-08-29,355,73,0.5277333805782549,0.2423917463246931,448.0,95.99856138474287,2.192,241,0.4730290456431535,2.34732511070012,0.09874798066907436,0.2407542794608827
TRES-5,TRES-5__2026-09-04,762,55,1.271073714735248,0.24016668584529532,792.0,201.9758090059882,2.192,450,0.47333333333333333,1.757376496727763,0.18400955907077746,0.579869395408416
TRES-5,TRES-5__2026-09-01,297,74,0.06136045056327238,0.23495033479847743,12790.75,12.616371159413333,2.192,335,0.4955223880597015,2.6967963921627147,0.2238016875674055,0.027992906278865134
TRES-5,TRES-5__2026-09-04,815,44,0.9650267279796834,0.23493374711687748,219.25,140.33381398700323,2.192,450,0.47555555555555556,1.757376496727763,0.18400955907077746,0.44024941969876064
TRES-5,TRES-5__2026-08-26,124,74,0.4013388844580488,0.23222975005593594,493.0,77.01888688183601,2.192,225,0.4088888888888889,1.8881783586794032,-0.06514002558174027,0.1830925567783069
TRES-5,TRES-5__2026-09-01,83,70,0.63934434200173,0.22940634044548872,770.5,117.53407148006889,2.192,335,0.49850746268656715,2.6967963921627147,0.2238016875674055,0.2916716888694023
TRES-5,TRES-5__2026-08-26,187,74,0.029170519338812095,0.22703491903642445,18933.5,5.722706560815247,2.192,225,0.41333333333333333,1.8881783586794032,-0.06514002558174027,0.013307718676465371
TRES-5,TRES-5__2026-08-29,156,65,0.5544948407723076,0.22618087590675165,349.0,101.5914863917906,2.192,241,0.47717842323651455,2.34732511070012,0.09874798066907436,0.25296297480488483
TRES-5,TRES-5__2026-09-01,300,71,0.3422704405436812,0.2238016875674055,511.0,67.6404048650574,2.192,335,0.5014925373134328,2.6967963921627147,0.2238016875674055,0.15614527397065747
TRES-5,TRES-5__2026-09-01,570,47,0.6830410314805441,0.22208083327158473,309.0,87.75405469297048,2.192,335,0.5044776119402985,2.6967963921627147,0.2238016875674055,0.311606309982
TRES-5,TRES-5__2026-09-04,874,56,0.2702119538055263,0.22185264093585316,1123.5,51.41957500629776,2.192,450,0.4777777777777778,1.757376496727763,0.18400955907077746,0.12327187673609777
TRES-5,TRES-5__2026-08-29,240,73,0.17718720170877336,0.21999315705869213,1262.0,34.28813335436116,2.192,241,0.48132780082987553,2.34732511070012,0.09874798066907436,0.08083357742188566
TRES-5,TRES-5__2026-08-26,394,56,0.6383501232465156,0.21952227005548478,326.0,109.17793229369902,2.192,225,0.4177777777777778,1.8881783586794032,-0.06514002558174027,0.29121812191903085
TRES-5,TRES-5__2026-09-04,1047,56,0.11253090570033614,0.21801515439335087,2524.5,21.690468654729756,2.192,450,0.48,1.757376496727763,0.18400955907077746,0.0513370920165767
TRES-5,TRES-5__2026-08-29,174,73,0.4864505884895989,0.21587928218236022,470.0,97.45001090802216,2.192,241,0.4854771784232365,2.34732511070012,0.09874798066907436,0.22192088890948852
TRES-5,TRES-5__2026-08-17,306,52,0.2591405644577009,0.21369991969141153,608.5,43.545382637801815,2.192,220,0.5363636363636364,3.061041116275965,0.3416575141851451,0.11822106042778324
TRES-5,TRES-5__2026-08-17,24,52,0.1740323910719443,0.21364635625944328,934.0,27.276059524144532,2.192,220,0.5409090909090909,3.061041116275965,0.3416575141851451,0.07939433899267531
TRES-5,TRES-5__2026-09-04,1208,54,0.3753310516270087,0.21350794574924076,689.0,66.06808951477896,2.192,450,0.4822222222222222,1.757376496727763,0.18400955907077746,0.17122766953786892
TRES-5,TRES-5__2026-09-04,883,54,0.41674269625305144,0.213227642875955,1085.0,76.29256800754968,2.192,450,0.48444444444444446,1.757376496727763,0.18400955907077746,0.1901198431811366
TRES-5,TRES-5__2026-09-04,885,56,0.21073458738278047,0.21269638654787046,952.75,40.356970791108886,2.192,450,0.4866666666666667,1.757376496727763,0.18400955907077746,0.09613804168922466
TRES-5,TRES-5__2026-09-04,1149,52,0.8102045449055588,0.2113560769587825,175.75,143.86002731474235,2.192,450,0.4888888888888889,1.757376496727763,0.18400955907077746,0.3696188617269885
TRES-5,TRES-5__2026-09-01,262,67,0.39025984487599585,0.2101732260440814,414.5,76.6985383951049,2.192,335,0.5074626865671642,2.6967963921627147,0.2238016875674055,0.17803825039963314
TRES-5,TRES-5__2026-08-26,201,74,0.3094943592638955,0.20813692882623935,634.0,60.738758698632466,2.192,225,0.4222222222222222,1.8881783586794032,-0.06514002558174027,0.14119268214593772
TRES-5,TRES-5__2026-08-17,166,52,0.08141448501220734,0.2065294231030595,2567.25,14.111329871025282,2.192,220,0.5454545454545454,3.061041116275965,0.3416575141851451,0.03714164462235736
TRES-5,TRES-5__2026-09-04,988,56,0.09172564581698692,0.20635303487550918,1759.25,16.792232839077414,2.192,450,0.4911111111111111,1.757376496727763,0.18400955907077746,0.04184564133986629
TRES-5,TRES-5__2026-09-01,171,73,0.22220372301557817,0.2016833369591969,674.0,50.63420432483431,2.192,335,0.5104477611940299,2.6967963921627147,0.2238016875674055,0.10137031159469806
TRES-5,TRES-5__2026-08-17,432,52,0.08488896191129758,0.1995586351960629,1798.5,14.551367591410266,2.192,220,0.55,3.061041116275965,0.3416575141851451,0.038726716200409475
TRES-5,TRES-5__2026-09-01,309,74,0.10418292061746576,0.19927337775461545,1796.5,24.579153524213446,2.192,335,0.5134328358208955,2.6967963921627147,0.2238016875674055,0.04752870466125262
TRES-5,TRES-5__2026-09-04,743,48,0.16344329222564224,0.1989762632679158,1002.25,31.319101018134564,2.192,450,0.49333333333333335,1.757376496727763,0.18400955907077746,0.07456354572337694
TRES-5,TRES-5__2026-08-17,126,52,0.20909947427198797,0.1956101453284602,675.75,39.97836014467542,2.192,220,0.5545454545454546,3.061041116275965,0.3416575141851451,0.0953920959270018
TRES-5,TRES-5__2026-09-01,424,68,0.30880114451686197,0.1921883869849103,446.75,68.43369457384317,2.192,335,0.5164179104477612,2.6967963921627147,0.2238016875674055,0.14087643454236404
TRES-5,TRES-5__2026-08-17,497,52,0.29339226511195926,0.18993286259551703,474.25,53.55296098608259,2.192,220,0.5590909090909091,3.061041116275965,0.3416575141851451,0.13384683627370403
TRES-5,TRES-5__2026-09-04,1138,54,0.29968081142935815,0.18876987445811513,367.5,59.58429172329918,2.192,450,0.4955555555555556,1.757376496727763,0.18400955907077746,0.13671569864478017
TRES-5,TRES-5__2026-09-04,1274,56,0.13009623058976247,0.1887157436663339,4838.75,29.23971612992561,2.192,450,0.49777777777777776,1.757376496727763,0.18400955907077746,0.059350470159563164
TRES-5,TRES-5__2026-09-04,985,56,0.13559396165165097,0.18649476094460074,2956.75,30.899256936152785,2.192,450,0.5,1.757376496727763,0.18400955907077746,0.06185855914765098
TRES-5,TRES-5__2026-09-04,164,55,0.33579066808950886,0.18152435719695417,499.5,71.37755408348761,2.192,450,0.5022222222222222,1.757376496727763,0.18400955907077746,0.15318917339849855
TRES-5,TRES-5__2026-09-01,298,70,0.271031841084753,0.1804711464332831,557.75,64.56395848357486,2.192,335,0.5194029850746269,2.6967963921627147,0.2238016875674055,0.12364591290362817
TRES-5,TRES-5__2026-08-26,186,74,0.3134247789037068,0.1795380899074817,676.0,79.66875312963202,2.192,225,0.4266666666666667,1.8881783586794032,-0.06514002558174027,0.1429857567991363
TRES-5,TRES-5__2026-08-29,266,73,0.04829792611175664,0.1758568054241242,6023.0,12.194602327684162,2.192,241,0.4896265560165975,2.34732511070012,0.09874798066907436,0.022033725415947367
TRES-5,TRES-5__2026-08-29,193,70,0.3805780599371017,0.17527422671003257,394.0,92.7428938952118,2.192,241,0.49377593360995853,2.34732511070012,0.09874798066907436,0.17362137770853178
TRES-5,TRES-5__2026-09-04,939,53,0.6647642295052016,0.1730018145792517,1027.0,134.8482053343643,2.192,450,0.5044444444444445,1.757376496727763,0.18400955907077746,0.3032683528764606
TRES-5,TRES-5__2026-09-01,232,62,0.34980157320521194,0.17285693383300052,369.25,80.59051347649674,2.192,335,0.5223880597014925,2.6967963921627147,0.2238016875674055,0.15958100967391053
TRES-5,TRES-5__2026-09-04,546,56,0.14510095089542652,0.17261176523775126,829.25,31.537344486784477,2.192,450,0.5066666666666667,1.757376496727763,0.18400955907077746,0.06619568927711063
TRES-5,TRES-5__2026-08-26,75,74,0.08071612639857172,0.17195055070963997,2176.0,21.033486665365896,2.192,225,0.4311111111111111,1.8881783586794032,-0.06514002558174027,0.03682305036431191
TRES-5,TRES-5__2026-09-04,993,56,0.37765863747108536,0.17191945341274623,741.5,85.98511996866586,2.192,450,0.5088888888888888,1.757376496727763,0.18400955907077746,0.17228952439374332
TRES-5,TRES-5__2026-08-17,70,52,0.2502973024220204,0.16549898472771796,511.0,55.613105147174,2.192,220,0.5636363636363636,3.061041116275965,0.3416575141851451,0.11418672555749106
TRES-5,TRES-5__2026-08-29,244,73,0.09518143034696684,0.16108619457625506,2153.0,26.072562027513673,2.192,241,0.4979253112033195,2.34732511070012,0.09874798066907436,0.043422185377265894
TRES-5,TRES-5__2026-09-04,1018,56,0.10244070793822861,0.15878926353364944,1004.75,25.526999931296842,2.192,450,0.5111111111111111,1.757376496727763,0.18400955907077746,0.046733899606856116
TRES-5,TRES-5__2026-09-04,1171,54,0.2986625332960627,0.1575784053106737,409.0,68.23204704456917,2.192,450,0.5133333333333333,1.757376496727763,0.18400955907077746,0.13625115570075852
TRES-5,TRES-5__2026-09-04,787,56,0.1400604601489156,0.15744522893239737,2818.5,33.82717348396858,2.192,450,0.5155555555555555,1.757376496727763,0.18400955907077746,0.0638961953234104
TRES-5,TRES-5__2026-08-17,387,52,0.1964388397980124,0.1568611071556409,465.5,49.17046697131328,2.192,220,0.5681818181818182,3.061041116275965,0.3416575141851451,0.08961625903193995
TRES-5,TRES-5__2026-09-04,1204,54,0.21102131489936704,0.15652481819891115,775.0,50.23856928155458,2.192,450,0.5177777777777778,1.757376496727763,0.18400955907077746,0.0962688480380324
TRES-5,TRES-5__2026-09-01,86,68,0.2646385439605646,0.1552978817018808,546.5,69.68230930170913,2.192,335,0.5253731343283582,2.6967963921627147,0.2238016875674055,0.12072926275573201
TRES-5,TRES-5__2026-09-01,70,74,0.12361051800638702,0.15339910420389163,1640.0,38.91321046617294,2.192,335,0.5283582089552239,2.6967963921627147,0.2238016875674055,0.05639165967444663
TRES-5,TRES-5__2026-09-01,450,68,0.1801694462643939,0.15002792553103111,475.75,50.106186668365346,2.192,335,0.5313432835820896,2.6967963921627147,0.2238016875674055,0.08219409044908481
TRES-5,TRES-5__2026-08-26,288,74,0.11118149246634573,0.14931400335926456,1276.0,31.66250393479688,2.192,225,0.43555555555555553,1.8881783586794032,-0.06514002558174027,0.0507214837893913
TRES-5,TRES-5__2026-08-17,492,52,0.03971777457318416,0.14711780224712115,3793.0,10.579792916006651,2.192,220,0.5727272727272728,3.061041116275965,0.3416575141851451,0.018119422706744596
TRES-5,TRES-5__2026-09-04,1197,54,0.2854214430783891,0.14378941799990322,291.75,73.40577339102357,2.192,450,0.52,1.757376496727763,0.18400955907077746,0.1302105123532797
TRES-5,TRES-5__2026-09-04,1277,56,0.23028116502005852,0.14336995986498832,543.0,63.10531603705324,2.192,450,0.5222222222222223,1.757376496727763,0.18400955907077746,0.10505527601280042
TRES-5,TRES-5__2026-09-04,241,54,0.4121632403933344,0.14287579732896746,239.25,106.45845652828451,2.192,450,0.5244444444444445,1.757376496727763,0.18400955907077746,0.1880306753619226
TRES-5,TRES-5__2026-08-26,32,48,0.35637966226635315,0.14206809998699882,543.0,79.02555822006791,2.192,225,0.44,1.8881783586794032,-0.06514002558174027,0.16258196271275233
TRES-5,TRES-5__2026-08-26,58,74,0.23627288677263739,0.14074080761762517,578.0,70.40059824770918,2.192,225,0.4444444444444444,1.8881783586794032,-0.06514002558174027,0.10778872571744405
TRES-5,TRES-5__2026-08-17,270,52,0.06609234007985028,0.1404972779567832,2171.0,16.45254794584504,2.192,220,0.5772727272727273,3.061041116275965,0.3416575141851451,0.030151614999931693
TRES-5,TRES-5__2026-08-26,190,74,0.15820783473953157,0.13955013008724002,744.5,49.630462223517036,2.192,225,0.4488888888888889,1.8881783586794032,-0.06514002558174027,0.07217510708920236
TRES-5,TRES-5__2026-08-26,72,74,0.5381430402441166,0.13561952519138396,3418.5,185.99234678805263,2.192,225,0.4533333333333333,1.8881783586794032,-0.06514002558174027,0.24550321179019918
TRES-5,TRES-5__2026-09-01,513,56,0.28728855840243733,0.13239742195339596,459.5,81.79631016262485,2.192,335,0.5343283582089552,2.6967963921627147,0.2238016875674055,0.1310622985412579
TRES-5,TRES-5__2026-08-17,536,52,0.13178855145343288,0.1315042662494451,754.25,38.03878717217609,2.192,220,0.5818181818181818,3.061041116275965,0.3416575141851451,0.06012251434919383
TRES-5,TRES-5__2026-08-17,100,52,0.09377784718933244,0.1314481184173734,1020.5,24.672095684226047,2.192,220,0.5863636363636363,3.061041116275965,0.3416575141851451,0.04278186459367355
TRES-5,TRES-5__2026-09-01,324,70,0.23793777143612965,0.13130827502712147,751.75,79.86463157479905,2.192,335,0.5373134328358209,2.6967963921627147,0.2238016875674055,0.1085482533923949
TRES-5,TRES-5__2026-09-01,208,74,0.0933108499610336,0.12794623060003713,1197.5,34.32515305284266,2.192,335,0.5402985074626866,2.6967963921627147,0.2238016875674055,0.04256881841288029
TRES-5,TRES-5__2026-09-04,927,55,0.19248207245355517,0.12539775165267997,383.5,60.917104907385536,2.192,450,0.5266666666666666,1.757376496727763,0.18400955907077746,0.08781116444049049
TRES-5,TRES-5__2026-09-04,165,55,0.2010635766868617,0.1213914227313964,388.0,64.53215295217205,2.192,450,0.5288888888888889,1.757376496727763,0.18400955907077746,0.09172608425495515
TRES-5,TRES-5__2026-09-01,61,61,0.27736103818910196,0.11600412321493078,275.0,94.21222751692288,2.192,335,0.5432835820895522,2.6967963921627147,0.2238016875674055,0.12653332034174358
TRES-5,TRES-5__2026-09-04,1106,56,0.11362033792367023,0.11567044418132998,688.0,38.59700694721829,2.192,450,0.5311111111111111,1.757376496727763,0.18400955907077746,0.05183409576809773
TRES-5,TRES-5__2026-08-26,347,74,0.032448014057543675,0.11490325809106139,3764.5,12.239777015688183,2.192,225,0.4577777777777778,1.8881783586794032,-0.06514002558174027,0.014802926121142186
TRES-5,TRES-5__2026-09-04,982,56,0.13148444592815145,0.11029601803358066,718.0,46.21679766470684,2.192,450,0.5333333333333333,1.757376496727763,0.18400955907077746,0.05998378007671142
TRES-5,TRES-5__2026-08-26,81,74,0.19721179166410463,0.10518945626144198,443.5,83.04583375896195,2.192,225,0.4622222222222222,1.8881783586794032,-0.06514002558174027,0.08996888305844189
TRES-5,TRES-5__2026-08-17,94,52,0.08271294742310832,0.10344033732296949,956.75,29.412474750541744,2.192,220,0.5909090909090909,3.061041116275965,0.3416575141851451,0.03773400886090708
TRES-5,TRES-5__2026-09-04,1239,56,0.09750790948728721,0.10074289938780209,1013.0,39.13922115565374,2.192,450,0.5355555555555556,1.757376496727763,0.18400955907077746,0.044483535350039786
TRES-5,TRES-5__2026-08-29,210,73,0.10493329930377693,0.09874798066907436,1213.0,44.68204220219538,2.192,241,0.5020746887966805,2.34732511070012,0.09874798066907436,0.04787103070427779
TRES-5,TRES-5__2026-09-01,373,74,0.0675927043055026,0.09708208902733337,1264.5,31.8884738369479,2.192,335,0.5462686567164179,2.6967963921627147,0.2238016875674055,0.030836087730612496
TRES-5,TRES-5__2026-09-01,85,69,0.20452311175756166,0.09566891014670405,385.0,92.98783153318224,2.192,335,0.5492537313432836,2.6967963921627147,0.2238016875674055,0.09330433930545695
TRES-5,TRES-5__2026-08-17,244,52,0.065337883735871,0.09531275077820199,906.5,25.688206807792735,2.192,220,0.5954545454545455,3.061041116275965,0.3416575141851451,0.029807428711619982
TRES-5,TRES-5__2026-09-01,90,67,0.16597418109114964,0.09094066514599543,350.0,75.19378073079386,2.192,335,0.5522388059701493,2.6967963921627147,0.2238016875674055,0.07571814830800622
TRES-5,TRES-5__2026-09-01,225,73,0.10906491206563022,0.09043120697495635,751.0,55.37150919891904,2.192,335,0.5552238805970149,2.6967963921627147,0.2238016875674055,0.0497558905408897
TRES-5,TRES-5__2026-08-29,409,73,0.050512612831937115,0.09033515640281606,1705.0,24.65605888301165,2.192,241,0.5062240663900415,2.34732511070012,0.09874798066907436,0.0230440751970516
TRES-5,TRES-5__2026-08-17,199,52,0.04826398823560689,0.09016895264617336,1762.75,21.214460985370593,2.192,220,0.6,3.061041116275965,0.3416575141851451,0.02201824280821482
TRES-5,TRES-5__2026-09-04,1035,56,0.0835187174722401,0.08889864271794484,772.5,38.26854775890517,2.192,450,0.5377777777777778,1.757376496727763,0.18400955907077746,0.038101604686240916
TRES-5,TRES-5__2026-08-26,318,74,0.042463323261310304,0.08742484513673392,2215.5,19.524807318623285,2.192,225,0.4666666666666667,1.8881783586794032,-0.06514002558174027,0.019371954042568567
TRES-5,TRES-5__2026-09-01,245,73,0.09936223944857399,0.08720580312970899,681.0,51.148145249548946,2.192,335,0.5582089552238806,2.6967963921627147,0.2238016875674055,0.04532948879953193
TRES-5,TRES-5__2026-08-17,502,52,0.10226474270171372,0.08479652187791203,631.25,43.3347161738018,2.192,220,0.6045454545454545,3.061041116275965,0.3416575141851451,0.04665362349530735
TRES-5,TRES-5__2026-08-26,248,74,0.11434127153098511,0.08395943991884779,795.0,58.32386247962336,2.192,225,0.4711111111111111,1.8881783586794032,-0.06514002558174027,0.05216298883712824
TRES-5,TRES-5__2026-09-04,1039,56,0.02115316479408805,0.07696107988944918,6404.5,11.357050770105669,2.192,450,0.54,1.757376496727763,0.18400955907077746,0.009650166420660607
TRES-5,TRES-5__2026-09-01,369,74,0.048705098145516684,0.06923566393544633,1601.25,31.635954278816236,2.192,335,0.5611940298507463,2.6967963921627147,0.2238016875674055,0.022219479080983887
TRES-5,TRES-5__2026-09-04,1118,54,0.14788694596281546,0.06923461081020464,297.25,80.6566960767015,2.192,450,0.5422222222222223,1.757376496727763,0.18400955907077746,0.06746667242829171
TRES-5,TRES-5__2026-08-29,311,73,0.10198787960819194,0.06888792093022104,830.0,64.9009429009892,2.192,241,0.5103734439834025,2.34732511070012,0.09874798066907436,0.04652731733950362
TRES-5,TRES-5__2026-09-04,1233,54,0.1936767709616274,0.06881121367982167,285.25,105.02899072515936,2.192,450,0.5444444444444444,1.757376496727763,0.18400955907077746,0.08835619113212928
TRES-5,TRES-5__2026-08-29,69,73,0.06009568402118936,0.06733442398693378,1219.0,39.49909970594104,2.192,241,0.5145228215767634,2.34732511070012,0.09874798066907436,0.027415914243243317
TRES-5,TRES-5__2026-08-17,95,52,0.029671478749825692,0.06419630600362254,2795.0,18.614122317209073,2.192,220,0.6090909090909091,3.061041116275965,0.3416575141851451,0.013536258553752597
TRES-5,TRES-5__2026-08-29,329,73,0.1061977125250091,0.06256133156506757,482.0,72.5866037839339,2.192,241,0.5186721991701245,2.34732511070012,0.09874798066907436,0.048447861553380066
TRES-5,TRES-5__2026-08-26,143,74,0.01858334625277805,0.05427454188276437,2955.5,14.228962314872025,2.192,225,0.47555555555555556,1.8881783586794032,-0.06514002558174027,0.00847780394743524
TRES-5,TRES-5__2026-09-04,928,55,0.08576323976281783,0.048101864556713315,409.5,63.310535728013704,2.192,450,0.5466666666666666,1.757376496727763,0.18400955907077746,0.03912556558522711
TRES-5,TRES-5__2026-09-01,275,73,0.04762592185582681,0.04723626931164294,867.5,44.97852803878347,2.192,335,0.564179104477612,2.6967963921627147,0.2238016875674055,0.02172715413130785
TRES-5,TRES-5__2026-09-01,45,69,0.04399272473301306,0.04554103148767829,1305.0,41.3724825639446,2.192,335,0.5671641791044776,2.6967963921627147,0.2238016875674055,0.020069673692068
TRES-5,TRES-5__2026-09-04,671,44,0.10557999248313002,0.04535753227701966,289.75,74.58927113787706,2.192,450,0.5488888888888889,1.757376496727763,0.18400955907077746,0.04816605496493157
TRES-5,TRES-5__2026-09-01,306,71,0.06251811815225154,0.041987358809059704,520.5,63.74947117298132,2.192,335,0.5701492537313433,2.6967963921627147,0.2238016875674055,0.02852103930303446
TRES-5,TRES-5__2026-09-04,842,56,0.09316701883478438,0.03784644983660669,1005.75,93.4675548744591,2.192,450,0.5511111111111111,1.757376496727763,0.18400955907077746,0.042503202023168055
TRES-5,TRES-5__2026-08-26,113,74,0.015495706821939351,0.031242766394112473,2073.5,21.45761176911279,2.192,225,0.48,1.8881783586794032,-0.06514002558174027,0.007069209316578171
TRES-5,TRES-5__2026-09-04,1205,56,0.025898928257204037,0.02756675328811394,1311.25,32.54891831561854,2.192,450,0.5533333333333333,1.757376496727763,0.18400955907077746,0.011815204496899651
TRES-5,TRES-5__2026-09-04,1123,56,0.02068092005654785,0.02390172135681321,861.75,34.89935960777865,2.192,450,0.5555555555555556,1.757376496727763,0.18400955907077746,0.00943472630316964
TRES-5,TRES-5__2026-09-04,479,54,0.07108317421301236,0.023563945918371156,245.75,118.75838196130323,2.192,450,0.5577777777777778,1.757376496727763,0.18400955907077746,0.03242845538914797
TRES-5,TRES-5__2026-09-04,950,54,0.06952458657917915,0.022736575507911336,296.0,115.56733280892306,2.192,450,0.56,1.757376496727763,0.18400955907077746,0.03171742088466202
TRES-5,TRES-5__2026-08-17,363,52,0.025284841635248276,0.02047390154174152,858.25,44.35212394036623,2.192,220,0.6136363636363636,3.061041116275965,0.3416575141851451,0.011535055490532973
TRES-5,TRES-5__2026-09-01,221,68,0.027835412478191487,0.015574346604451944,373.0,75.81991954266161,2.192,335,0.573134328358209,2.6967963921627147,0.2238016875674055,0.012698637079466918
TRES-5,TRES-5__2026-08-29,313,71,0.03676368748402698,0.012657759691811616,359.0,125.91047660480356,2.192,241,0.5228215767634855,2.34732511070012,0.09874798066907436,0.016771755239063404
TRES-5,TRES-5__2026-09-01,44,74,0.008998452274141616,0.010627892785508384,999.5,40.319931736756644,2.192,335,0.5761194029850746,2.6967963921627147,0.2238016875674055,0.004105133336743437
TRES-5,TRES-5__2026-08-17,455,52,0.00855306056593203,0.00808429129188093,1243.0,38.34701631689495,2.192,220,0.6181818181818182,3.061041116275965,0.3416575141851451,0.0039019436888376047
TRES-5,TRES-5__2026-09-04,796,48,0.021525283451117715,0.006324627367622627,250.5,119.4322321024203,2.192,450,0.5622222222222222,1.757376496727763,0.18400955907077746,0.009819928581714285
TRES-5,TRES-5__2026-09-04,1207,56,0.006588681893132697,0.005311347075429838,625.5,46.8055220747358,2.192,450,0.5644444444444444,1.757376496727763,0.18400955907077746,0.003005785535188274
TRES-5,TRES-5__2026-09-04,1195,54,0.006337141593920592,0.002880848756802283,624.5,80.95690902476521,2.192,450,0.5666666666666667,1.757376496727763,0.18400955907077746,0.0028910317490513644
TRES-5,TRES-5__2026-09-04,1121,54,0.005379463985882269,0.002476141170807357,298.75,81.09922584633985,2.192,450,0.5688888888888889,1.757376496727763,0.18400955907077746,0.0024541350300557796
TRES-5,TRES-5__2026-09-01,156,68,0.003993874243644325,0.0024529680028120026,514.25,67.45070613880924,2.192,335,0.5791044776119403,2.6967963921627147,0.2238016875674055,0.0018220229213705861
TRES-5,TRES-5__2026-09-01,276,69,0.0009533726479132364,0.00044931789480718453,555.5,91.90141778738284,2.192,335,0.582089552238806,2.6967963921627147,0.2238016875674055,0.00043493277733268077
TRES-5,TRES-5__2026-09-04,1295,56,-0.0006274607361506543,-0.0005336738088836447,692.25,44.49559027407426,2.192,450,0.5711111111111111,1.757376496727763,0.18400955907077746,-0.0002862503358351525
TRES-5,TRES-5__2026-09-04,1276,56,-0.0018431212410127335,-0.002911425423054794,1278.25,24.749743005122937,2.192,450,0.5733333333333334,1.757376496727763,0.18400955907077746,-0.0008408399822138382
TRES-5,TRES-5__2026-08-29,68,73,-0.001199723860342936,-0.0038905587926501696,4738.0,13.799174146871213,2.192,241,0.5269709543568465,2.34732511070012,0.09874798066907436,-0.0005473192793535291
TRES-5,TRES-5__2026-09-04,1220,56,-0.00426574999466038,-0.004991224157905773,945.5,31.79699403167785,2.192,450,0.5755555555555556,1.757376496727763,0.18400955907077746,-0.0019460538296808302
TRES-5,TRES-5__2026-08-26,92,73,-0.025070978448687782,-0.01056405986935254,355.0,101.12131726809899,2.192,225,0.48444444444444446,1.8881783586794032,-0.06514002558174027,-0.01143749016819698
TRES-5,TRES-5__2026-08-17,423,52,-0.0019665547192255694,-0.012309116736619392,27090.5,5.905630450334451,2.192,220,0.6227272727272727,3.061041116275965,0.3416575141851451,-0.0008971508755591101
TRES-5,TRES-5__2026-09-01,108,71,-0.020695309673024347,-0.016166338797931504,583.5,56.23530929678864,2.192,335,0.5850746268656717,2.6967963921627147,0.2238016875674055,-0.009441290909226435
TRES-5,TRES-5__2026-09-01,265,74,-0.008072417407376116,-0.01707511483636584,2261.0,21.985122196657375,2.192,335,0.5880597014925373,2.6967963921627147,0.2238016875674055,-0.003682672174897863
TRES-5,TRES-5__2026-09-04,1228,56,-0.040401512496745486,-0.02261586491168563,379.5,66.69158056761276,2.192,450,0.5777777777777777,1.757376496727763,0.18400955907077746,-0.018431346941945932
TRES-5,TRES-5__2026-09-04,1229,56,-0.02064221365576156,-0.030022815764198338,1635.25,28.422291752627615,2.192,450,0.58,1.757376496727763,0.18400955907077746,-0.00941706827361385
TRES-5,TRES-5__2026-08-17,251,52,-0.030991209478525444,-0.0300879881124627,1128.0,34.585658042909046,2.192,220,0.6272727272727273,3.061041116275965,0.3416575141851451,-0.01413832549202803
TRES-5,TRES-5__2026-08-17,307,52,-0.03583801594731121,-0.030279171003763098,465.0,43.94085918131578,2.192,220,0.6318181818181818,3.061041116275965,0.3416575141851451,-0.01634945982997774
TRES-5,TRES-5__2026-09-04,1184,56,-0.053114182585894856,-0.034048191253072804,474.0,59.281012631230986,2.192,450,0.5822222222222222,1.757376496727763,0.18400955907077746,-0.024230922712543273
TRES-5,TRES-5__2026-08-29,305,73,-0.04485875431909487,-0.0372463157887146,1138.0,52.2613060465925,2.192,241,0.5311203319502075,2.34732511070012,0.09874798066907436,-0.020464760182068827
TRES-5,TRES-5__2026-08-29,324,73,-0.06684789857357022,-0.03986267480906678,546.0,73.53739454331641,2.192,241,0.5352697095435685,2.34732511070012,0.09874798066907436,-0.030496304093782033
TRES-5,TRES-5__2026-09-01,154,71,-0.03634026287300061,-0.04056077369420963,733.0,38.62175230902014,2.192,335,0.591044776119403,2.6967963921627147,0.2238016875674055,-0.016578587077098816
TRES-5,TRES-5__2026-09-01,494,62,-0.1064748115477883,-0.04141422350806865,275.5,102.55367871876692,2.192,335,0.5940298507462687,2.6967963921627147,0.2238016875674055,-0.04857427534114429
TRES-5,TRES-5__2026-09-01,258,74,-0.016716205596319447,-0.04144478922701249,2464.0,17.94388279283749,2.192,335,0.5970149253731343,2.6967963921627147,0.2238016875674055,-0.0076260062027004765
TRES-5,TRES-5__2026-09-01,161,69,-0.05989180906886512,-0.043223923462860483,401.0,60.19160335284721,2.192,335,0.6,2.6967963921627147,0.2238016875674055,-0.02732290559711
TRES-5,TRES-5__2026-08-26,268,74,-0.010416505716176744,-0.04369440621543384,4558.0,10.190838177038207,2.192,225,0.4888888888888889,1.8881783586794032,-0.06514002558174027,-0.004752055527452894
TRES-5,TRES-5__2026-09-01,125,74,-0.03551436622115862,-0.043733870666265114,1358.25,37.930683574183895,2.192,335,0.6029850746268657,2.6967963921627147,0.2238016875674055,-0.016201809407462874
TRES-5,TRES-5__2026-08-26,373,74,-0.04548387494284831,-0.045523224153764606,792.0,42.73936513938711,2.192,225,0.49333333333333335,1.8881783586794032,-0.06514002558174027,-0.0207499429483797
TRES-5,TRES-5__2026-09-04,828,56,-0.06291270713905164,-0.04926045871369117,618.5,50.852176795045146,2.192,450,0.5844444444444444,1.757376496727763,0.18400955907077746,-0.028701052526939615
TRES-5,TRES-5__2026-09-04,1166,56,-0.05621482179497361,-0.04948330259883322,569.0,43.75969578072399,2.192,450,0.5866666666666667,1.757376496727763,0.18400955907077746,-0.02564544789916679
TRES-5,TRES-5__2026-09-04,588,56,-0.04002193555606646,-0.05304971883652212,1492.25,28.467109844860065,2.192,450,0.5888888888888889,1.757376496727763,0.18400955907077746,-0.018258182279227396
TRES-5,TRES-5__2026-08-17,163,52,-0.025004053218165918,-0.05469113089365866,1964.75,15.252518861017164,2.192,220,0.6363636363636364,3.061041116275965,0.3416575141851451,-0.011406958584929705
TRES-5,TRES-5__2026-09-04,855,56,-0.036681966352189094,-0.059527272762812763,18718.0,23.76759880473839,2.192,450,0.5911111111111111,1.757376496727763,0.18400955907077746,-0.01673447370081619
TRES-5,TRES-5__2026-08-26,110,74,-0.10943718675852485,-0.06330180501940212,541.0,71.33810812100815,2.192,225,0.49777777777777776,1.8881783586794032,-0.06514002558174027,-0.049925723886188336
TRES-5,TRES-5__2026-08-26,414,64,-0.11638309860256439,-0.06514002558174027,526.0,70.10475983710626,2.192,225,0.5022222222222222,1.8881783586794032,-0.06514002558174027,-0.05309447928949105
TRES-5,TRES-5__2026-09-01,437,64,-0.1516249404812118,-0.06685894157932344,329.0,91.10425292047445,2.192,335,0.6059701492537314,2.6967963921627147,0.2238016875674055,-0.06917196189836304
TRES-5,TRES-5__2026-09-04,1145,54,-0.1433646391974024,-0.06899336933334667,291.5,75.94170383553254,2.192,450,0.5933333333333334,1.757376496727763,0.18400955907077746,-0.06540357627618722
TRES-5,TRES-5__2026-09-01,467,60,-0.19544603876557304,-0.07140385864599073,301.25,106.86319633063955,2.192,335,0.608955223880597,2.6967963921627147,0.2238016875674055,-0.0891633388529074
TRES-5,TRES-5__2026-09-01,475,64,-0.14624077519601425,-0.07152311536511473,557.0,81.69495221049003,2.192,335,0.6119402985074627,2.6967963921627147,0.2238016875674055,-0.06671568211497
TRES-5,TRES-5__2026-08-29,72,73,-0.10853782870279872,-0.07185431413639816,1546.0,67.01065598109116,2.192,241,0.5394190871369294,2.34732511070012,0.09874798066907436,-0.049515432802371674
TRES-5,TRES-5__2026-08-26,192,74,-0.12395070084136398,-0.07598659079443809,1049.5,71.19734820433243,2.192,225,0.5066666666666667,1.8881783586794032,-0.06514002558174027,-0.05654685257361495
TRES-5,TRES-5__2026-08-17,112,52,-0.07968910546541512,-0.07917778502341831,815.0,35.47870628634923,2.192,220,0.6409090909090909,3.061041116275965,0.3416575141851451,-0.03635451891670397
TRES-5,TRES-5__2026-09-04,295,56,-0.06257274329679374,-0.07963374279331607,755.5,30.949663042000502,2.192,450,0.5955555555555555,1.757376496727763,0.18400955907077746,-0.028545959533208824
TRES-5,TRES-5__2026-08-26,88,73,-0.16902921376864713,-0.0825696759869371,423.0,87.88488995830268,2.192,225,0.5111111111111111,1.8881783586794032,-0.06514002558174027,-0.07711186759518573
TRES-5,TRES-5__2026-08-29,236,73,-0.1327392768268793,-0.08427443436341918,691.5,67.5844693980201,2.192,241,0.5435684647302904,2.34732511070012,0.09874798066907436,-0.06055623942832085
TRES-5,TRES-5__2026-09-01,217,73,-0.14859915635890716,-0.08550981847626155,706.0,69.29376084334284,2.192,335,0.6149253731343284,2.6967963921627147,0.2238016875674055,-0.06779158593015837
TRES-5,TRES-5__2026-08-29,152,73,-0.054755432678123085,-0.08683534336530853,1745.0,26.783626941781016,2.192,241,0.5477178423236515,2.34732511070012,0.09874798066907436,-0.024979668192574397
TRES-5,TRES-5__2026-09-04,932,56,-0.13371245834672027,-0.08944543539932319,66067.25,61.285047333161394,2.192,450,0.5977777777777777,1.757376496727763,0.18400955907077746,-0.06100020909978114
TRES-5,TRES-5__2026-08-29,339,71,-0.14847997908040386,-0.09148342797428184,549.0,67.93674232934909,2.192,241,0.5518672199170125,2.34732511070012,0.09874798066907436,-0.06773721673376087
TRES-5,TRES-5__2026-08-26,264,74,-0.10121226236344472,-0.09562559694077047,813.5,45.42913382257691,2.192,225,0.5155555555555555,1.8881783586794032,-0.06514002558174027,-0.04617347735558609
TRES-5,TRES-5__2026-09-04,903,56,-0.08302942897473727,-0.09624698086137803,876.75,34.474297594161406,2.192,450,0.6,1.757376496727763,0.18400955907077746,-0.03787838913081079
TRES-5,TRES-5__2026-08-26,292,74,-0.10898497612389013,-0.09643271032167229,800.5,50.41438964823836,2.192,225,0.52,1.8881783586794032,-0.06514002558174027,-0.04971942341418345
TRES-5,TRES-5__2026-09-04,1114,53,-0.2859050361653454,-0.09959805044019453,226.5,105.3007032660281,2.192,450,0.6022222222222222,1.757376496727763,0.18400955907077746,-0.13043112963747508
TRES-5,TRES-5__2026-09-01,51,74,-0.07163281253019949,-0.09997182334923495,1307.75,34.6308893372056,2.192,335,0.6179104477611941,2.6967963921627147,0.2238016875674055,-0.03267920279662385
TRES-5,TRES-5__2026-08-26,365,74,-0.08002681853570552,-0.10010571442429325,907.0,33.28959147829133,2.192,225,0.5244444444444445,1.8881783586794032,-0.06514002558174027,-0.0365085850984058
TRES-5,TRES-5__2026-08-26,222,74,-0.09600216893800495,-0.10084695331290583,959.5,40.742469455946335,2.192,225,0.5288888888888889,1.8881783586794032,-0.06514002558174027,-0.04379660991697306
TRES-5,TRES-5__2026-08-26,258,74,-0.06841779997677838,-0.1031926321173272,1613.0,26.957126956166263,2.192,225,0.5333333333333333,1.8881783586794032,-0.06514002558174027,-0.031212499989406194
TRES-5,TRES-5__2026-09-01,220,74,-0.03974933438123196,-0.10324222296838921,12515.75,18.94106417097812,2.192,335,0.6208955223880597,2.6967963921627147,0.2238016875674055,-0.01813382042939414
TRES-5,TRES-5__2026-09-01,325,71,-0.118975087505375,-0.10507379265366944,622.5,50.51284525377942,2.192,335,0.6238805970149254,2.6967963921627147,0.2238016875674055,-0.05427695597872947
TRES-5,TRES-5__2026-08-29,338,73,-0.03963673537722013,-0.10557642149120187,5280.0,15.77650392212965,2.192,241,0.5560165975103735,2.34732511070012,0.09874798066907436,-0.01808245227062962
TRES-5,TRES-5__2026-09-04,1247,51,-0.2784355555750675,-0.10618529145461178,226.5,93.338153231949,2.192,450,0.6044444444444445,1.757376496727763,0.18400955907077746,-0.12702351987913663
TRES-5,TRES-5__2026-08-17,533,52,-0.025696988546525516,-0.11508326316203732,12384.5,7.995873928364586,2.192,220,0.6454545454545455,3.061041116275965,0.3416575141851451,-0.011723078716480618
TRES-5,TRES-5__2026-09-01,363,71,-0.1130320161498601,-0.11955336691387174,835.0,41.32660200218635,2.192,335,0.6268656716417911,2.6967963921627147,0.2238016875674055,-0.05156570079829383
TRES-5,TRES-5__2026-08-26,294,74,-0.03780997993520675,-0.11988629202686965,2906.5,13.406819981146338,2.192,225,0.5377777777777778,1.8881783586794032,-0.06514002558174027,-0.01724907843759432
TRES-5,TRES-5__2026-08-29,307,73,-0.3179877025777567,-0.12098026176885023,370.0,115.52573362332055,2.192,241,0.5601659751037344,2.34732511070012,0.09874798066907436,-0.1450673825628452
TRES-5,TRES-5__2026-09-04,615,54,-0.2208884252482627,-0.12118509142519068,320.0,68.41664870093318,2.192,450,0.6066666666666667,1.757376496727763,0.18400955907077746,-0.10077026699282056
TRES-5,TRES-5__2026-09-04,980,53,-0.25691980790860447,-0.12684164085402214,327.5,74.94458751307477,2.192,450,0.6088888888888889,1.757376496727763,0.18400955907077746,-0.11720794156414437
TRES-5,TRES-5__2026-09-01,268,71,-0.2948889788491223,-0.12767139807807254,422.5,106.4882159236798,2.192,335,0.6298507462686567,2.6967963921627147,0.2238016875674055,-0.13452964363554848
TRES-5,TRES-5__2026-08-17,305,52,-0.13219943902921066,-0.12824879297122116,720.75,38.57147006593519,2.192,220,0.65,3.061041116275965,0.3416575141851451,-0.060309963060771285
TRES-5,TRES-5__2026-08-29,371,73,-0.1532050198043473,-0.13308774289966188,771.0,49.945144878484214,2.192,241,0.5643153526970954,2.34732511070012,0.09874798066907436,-0.06989280100563289
TRES-5,TRES-5__2026-09-04,857,52,-0.4325149404827804,-0.13432526009717916,185.25,116.98855653289004,2.192,450,0.6111111111111112,1.757376496727763,0.18400955907077746,-0.19731521007426112
TRES-5,TRES-5__2026-08-26,74,74,-0.22713498429135018,-0.1346327084965028,531.0,73.89463623210662,2.192,225,0.5422222222222223,1.8881783586794032,-0.06514002558174027,-0.10361997458546997
TRES-5,TRES-5__2026-08-26,282,74,-0.23129908825730883,-0.13871875435252123,533.0,68.65559937193666,2.192,225,0.5466666666666666,1.8881783586794032,-0.06514002558174027,-0.10551965705169197
TRES-5,TRES-5__2026-08-29,281,73,-0.15994393232516266,-0.14486824168684928,839.0,46.76588999691258,2.192,241,0.5684647302904564,2.34732511070012,0.09874798066907436,-0.07296712241111435
TRES-5,TRES-5__2026-08-29,396,73,-0.03823014149799448,-0.14581253672627142,6250.0,11.602510709603328,2.192,241,0.5726141078838174,2.34732511070012,0.09874798066907436,-0.017440757982661714
TRES-5,TRES-5__2026-08-17,360,52,-0.19145474824120817,-0.1462728380435029,635.25,46.69970446993895,2.192,220,0.6545454545454545,3.061041116275965,0.3416575141851451,-0.08734249463558766
TRES-5,TRES-5__2026-09-01,64,74,-0.088895918639605,-0.1474570892363119,1397.0,27.22491421027922,2.192,335,0.6328358208955224,2.6967963921627147,0.2238016875674055,-0.040554707408578916
TRES-5,TRES-5__2026-08-29,162,73,-0.16171495704299527,-0.1480726123822671,877.0,46.4711467096972,2.192,241,0.5767634854771784,2.34732511070012,0.09874798066907436,-0.07377507164370221
TRES-5,TRES-5__2026-09-01,392,73,-0.057666540728303135,-0.14813258719926084,3808.5,18.539350426555046,2.192,335,0.6358208955223881,2.6967963921627147,0.2238016875674055,-0.026307728434444858
TRES-5,TRES-5__2026-09-01,446,70,-0.250278657932184,-0.148353351876572,541.75,71.27003933703844,2.192,335,0.6388059701492538,2.6967963921627147,0.2238016875674055,-0.114178219859573
TRES-5,TRES-5__2026-09-01,72,70,-0.2929250944103472,-0.14909837271480608,391.0,84.2163941170412,2.192,335,0.6417910447761194,2.6967963921627147,0.2238016875674055,-0.13363371095362553
TRES-5,TRES-5__2026-08-26,273,74,-0.28788928294189847,-0.15245538317183938,502.0,78.8991061783199,2.192,225,0.5511111111111111,1.8881783586794032,-0.06514002558174027,-0.13133635170707045
TRES-5,TRES-5__2026-08-17,323,52,-0.2069923383336657,-0.15260915539796707,638.25,45.62599027380788,2.192,220,0.6590909090909091,3.061041116275965,0.3416575141851451,-0.09443081128360661
TRES-5,TRES-5__2026-08-29,65,73,-0.11831502326258801,-0.15309637729703796,1682.0,33.56470073602822,2.192,241,0.5809128630705395,2.34732511070012,0.09874798066907436,-0.05397583178037774
TRES-5,TRES-5__2026-08-26,277,74,-0.25039847973183454,-0.15573812994578728,477.0,70.13427151374152,2.192,225,0.5555555555555556,1.8881783586794032,-0.06514002558174027,-0.11423288308934057
TRES-5,TRES-5__2026-09-01,414,64,-0.38869725301321034,-0.15656666383706008,320.0,98.69490279883856,2.192,335,0.6447761194029851,2.6967963921627147,0.2238016875674055,-0.17732538914836238
TRES-5,TRES-5__2026-08-26,156,74,-0.16900453991557507,-0.16112983247640983,929.5,44.841740116276114,2.192,225,0.56,1.8881783586794032,-0.06514002558174027,-0.07710061127535359
TRES-5,TRES-5__2026-08-29,66,73,-0.2944502480778153,-0.16205762560975207,506.0,74.25694110019676,2.192,241,0.5850622406639004,2.34732511070012,0.09874798066907436,-0.1343294927362296
TRES-5,TRES-5__2026-08-26,425,54,-0.2776054725572547,-0.16212084503830423,2824.5,65.0674659740048,2.192,225,0.5644444444444444,1.8881783586794032,-0.06514002558174027,-0.12664483237101035
TRES-5,TRES-5__2026-09-04,740,40,-0.3306020118167264,-0.1641162218747831,373.25,64.71119235623823,2.192,450,0.6133333333333333,1.757376496727763,0.18400955907077746,-0.1508220856828131
TRES-5,TRES-5__2026-08-29,399,73,-0.11192386195558182,-0.1641605684442833,1436.0,29.152687707658597,2.192,241,0.5892116182572614,2.34732511070012,0.09874798066907436,-0.051060156001634036
TRES-5,TRES-5__2026-09-01,145,71,-0.25923908767577253,-0.16424319834730924,519.0,70.5886983650851,2.192,335,0.6477611940298508,2.6967963921627147,0.2238016875674055,-0.11826600715135607
TRES-5,TRES-5__2026-08-26,207,74,-0.15045064840990469,-0.16946248328030813,875.0,36.16933324455399,2.192,225,0.5688888888888889,1.8881783586794032,-0.06514002558174027,-0.06863624471254776
TRES-5,TRES-5__2026-08-29,262,73,-0.1964996969032842,-0.17139094433196742,744.0,48.32991381991042,2.192,241,0.5933609958506224,2.34732511070012,0.09874798066907436,-0.08964402230989242
TRES-5,TRES-5__2026-09-04,623,56,-0.1345778364711264,-0.17445255857975425,1410.5,30.742684086012567,2.192,450,0.6155555555555555,1.757376496727763,0.18400955907077746,-0.0613949983901124
TRES-5,TRES-5__2026-09-04,1196,56,-0.16841807973046632,-0.17544502362749823,1063.75,38.80730629743756,2.192,450,0.6177777777777778,1.757376496727763,0.18400955907077746,-0.0768330655704682
TRES-5,TRES-5__2026-09-04,551,51,-0.3731047213552367,-0.17616334245953824,763.0,76.23384453165181,2.192,450,0.62,1.757376496727763,0.18400955907077746,-0.170212007917535
TRES-5,TRES-5__2026-09-04,635,56,-0.08620100694607337,-0.17855267329044533,3350.0,20.18231968118872,2.192,450,0.6222222222222222,1.757376496727763,0.18400955907077746,-0.039325276891456824
TRES-5,TRES-5__2026-09-04,803,55,-0.4267984407412766,-0.17925103654093286,358.0,94.49416218040247,2.192,450,0.6244444444444445,1.757376496727763,0.18400955907077746,-0.19470731785642179
TRES-5,TRES-5__2026-09-04,1231,56,-0.10017643449600713,-0.18042451889176034,20925.25,23.836990411683068,2.192,450,0.6266666666666667,1.757376496727763,0.18400955907077746,-0.045700928145988653
TRES-5,TRES-5__2026-08-29,255,73,-0.1821462042326384,-0.18047656440788912,925.0,42.86535668831753,2.192,241,0.5975103734439834,2.34732511070012,0.09874798066907436,-0.0830958960915321
TRES-5,TRES-5__2026-09-04,1187,56,-0.24067004955135768,-0.18478771418519985,476.0,51.01435582122344,2.192,450,0.6288888888888889,1.757376496727763,0.18400955907077746,-0.10979473063474346
TRES-5,TRES-5__2026-09-04,1081,56,-0.037646956223766764,-0.18550758158513309,9076.25,8.135649058295527,2.192,450,0.6311111111111111,1.757376496727763,0.18400955907077746,-0.01717470630646294
TRES-5,TRES-5__2026-09-01,453,59,-0.26654553881939147,-0.1889236472822021,559.0,53.264603603470924,2.192,335,0.6507462686567164,2.6967963921627147,0.2238016875674055,-0.12159924216213114
TRES-5,TRES-5__2026-08-26,38,74,-0.2875213808349276,-0.1898209128087253,932.5,64.10834305827636,2.192,225,0.5733333333333334,1.8881783586794032,-0.06514002558174027,-0.13116851315462025
TRES-5,TRES-5__2026-08-17,160,52,-0.7946383952224214,-0.19106187914352538,811.5,139.46511586174933,2.192,220,0.6636363636363637,3.061041116275965,0.3416575141851451,-0.36251751606862287
TRES-5,TRES-5__2026-09-01,200,74,-0.1965661216206103,-0.1931488781667827,940.5,47.06199475087145,2.192,335,0.6537313432835821,2.6967963921627147,0.2238016875674055,-0.08967432555684776
TRES-5,TRES-5__2026-08-29,256,73,-0.3505421487487888,-0.19334019994633858,648.0,79.18140911810576,2.192,241,0.6016597510373444,2.34732511070012,0.09874798066907436,-0.15991886348028686
TRES-5,TRES-5__2026-09-04,1313,56,-0.11801836260089824,-0.19355113538537616,1380.75,24.311203661314934,2.192,450,0.6333333333333333,1.757376496727763,0.18400955907077746,-0.053840493887271086
TRES-5,TRES-5__2026-08-29,197,73,-0.11870792856483729,-0.19370231184316639,1941.0,26.252487587742717,2.192,241,0.6058091286307054,2.34732511070012,0.09874798066907436,-0.05415507690001701
TRES-5,TRES-5__2026-09-01,113,71,-0.18123494383847663,-0.19419729602688565,729.5,40.878796544428035,2.192,335,0.6567164179104478,2.6967963921627147,0.2238016875674055,-0.08268017510879408
TRES-5,TRES-5__2026-09-04,1046,54,-0.3535558098614769,-0.19442740221967922,371.5,67.82282045228236,2.192,450,0.6355555555555555,1.757376496727763,0.18400955907077746,-0.16129370887841096
TRES-5,TRES-5__2026-09-01,444,65,-0.4024138791081917,-0.1944710328957822,281.5,84.4205714145311,2.192,335,0.6597014925373135,2.6967963921627147,0.2238016875674055,-0.1835829740457079
TRES-5,TRES-5__2026-09-04,810,54,-0.3986169688716161,-0.19623327622338615,304.0,76.10657192123993,2.192,450,0.6377777777777778,1.757376496727763,0.18400955907077746,-0.1818508069669781
TRES-5,TRES-5__2026-08-17,352,52,-0.1256903010815043,-0.19815932345026363,1469.0,21.99150576323838,2.192,220,0.6681818181818182,3.061041116275965,0.3416575141851451,-0.05734046582185415
TRES-5,TRES-5__2026-09-04,807,56,-0.19387642279459802,-0.19976994014651225,741.5,39.758510323971876,2.192,450,0.64,1.757376496727763,0.18400955907077746,-0.08844727317271807
TRES-5,TRES-5__2026-09-04,1090,56,-0.0624692784805215,-0.2003428387448736,5363.75,12.725556677572134,2.192,450,0.6422222222222222,1.757376496727763,0.18400955907077746,-0.028498758430894843
TRES-5,TRES-5__2026-08-29,308,73,-0.13036159154435434,-0.2025121002937266,1652.0,27.83685469218921,2.192,241,0.6099585062240664,2.34732511070012,0.09874798066907436,-0.05947152898921274
TRES-5,TRES-5__2026-08-17,467,52,-0.22339308703244357,-0.20617628768034355,759.25,38.13392560112681,2.192,220,0.6727272727272727,3.061041116275965,0.3416575141851451,-0.10191290466808556
TRES-5,TRES-5__2026-08-29,192,57,-0.6073969755204828,-0.20630247972432267,321.0,111.61372924017732,2.192,241,0.6141078838174274,2.34732511070012,0.09874798066907436,-0.2770971603651837
TRES-5,TRES-5__2026-08-26,208,74,-0.28558620817156954,-0.20711020147371667,793.5,59.52773217871857,2.192,225,0.5777777777777777,1.8881783586794032,-0.06514002558174027,-0.13028567891038756
TRES-5,TRES-5__2026-08-26,200,74,-0.37685222495580045,-0.20973091641181854,468.5,79.48089684958967,2.192,225,0.5822222222222222,1.8881783586794032,-0.06514002558174027,-0.1719216354725367
TRES-5,TRES-5__2026-09-04,1267,56,-0.13732024163785833,-0.21092320008837745,1600.5,24.830385423403918,2.192,450,0.6444444444444445,1.757376496727763,0.18400955907077746,-0.06264609563770909
TRES-5,TRES-5__2026-09-04,794,56,-0.5344045079466904,-0.21689577764829174,944.25,86.15807762753026,2.192,450,0.6466666666666666,1.757376496727763,0.18400955907077746,-0.24379767698297916
TRES-5,TRES-5__2026-08-29,823,72,-0.26898699873271675,-0.21745458630297657,824.75,51.91274926764923,2.192,241,0.6182572614107884,2.34732511070012,0.09874798066907436,-0.1227130468671153
TRES-5,TRES-5__2026-08-26,227,74,-0.19192970789177458,-0.2175266004255982,1532.0,34.62885297485847,2.192,225,0.5866666666666667,1.8881783586794032,-0.06514002558174027,-0.08755917330829131
TRES-5,TRES-5__2026-08-29,405,73,-0.18061482060255557,-0.21896919646033203,1333.0,35.95304184921309,2.192,241,0.6224066390041494,2.34732511070012,0.09874798066907436,-0.0823972721726987
TRES-5,TRES-5__2026-09-01,299,73,-0.20232448438229442,-0.22534480654968098,859.0,39.22482791610209,2.192,335,0.6626865671641791,2.6967963921627147,0.2238016875674055,-0.09230131586783503
TRES-5,TRES-5__2026-08-17,57,52,-0.16795559972796364,-0.23109700891700094,2920.25,31.635984180119628,2.192,220,0.6772727272727272,3.061041116275965,0.3416575141851451,-0.07662208016786662
TRES-5,TRES-5__2026-08-29,340,73,-0.0654741650191956,-0.23836080255571387,12227.0,12.3235596032245,2.192,241,0.6265560165975104,2.34732511070012,0.09874798066907436,-0.029869600829925
TRES-5,TRES-5__2026-08-17,235,52,-0.1610485745525451,-0.24290447655040726,984.0,24.222164138408424,2.192,220,0.6818181818181818,3.061041116275965,0.3416575141851451,-0.07347106503309539
TRES-5,TRES-5__2026-08-17,375,52,-0.48979908879969986,-0.24660292970148445,497.5,67.39000353091446,2.192,220,0.6863636363636364,3.061041116275965,0.3416575141851451,-0.22344848941592144
TRES-5,TRES-5__2026-09-01,243,74,-0.24001082202759982,-0.2519066539621033,812.0,42.6581096639127,2.192,335,0.6656716417910448,2.6967963921627147,0.2238016875674055,-0.10949398815127728
TRES-5,TRES-5__2026-08-17,283,52,-0.3986186090158732,-0.25260090939535607,412.0,56.14546282331254,2.192,220,0.6909090909090909,3.061041116275965,0.3416575141851451,-0.18185155520797133
TRES-5,TRES-5__2026-08-17,342,52,-0.2828924705363589,-0.2560958809808839,2364.75,32.51727555377618,2.192,220,0.6954545454545454,3.061041116275965,0.3416575141851451,-0.12905678400381337
TRES-5,TRES-5__2026-08-26,94,74,-0.3037578667299262,-0.2601610650845755,745.0,50.99768512352715,2.192,225,0.5911111111111111,1.8881783586794032,-0.06514002558174027,-0.13857566912861596
TRES-5,TRES-5__2026-09-01,411,66,-0.5037201979239017,-0.26055149225693763,355.0,78.54945828724077,2.192,335,0.6686567164179105,2.6967963921627147,0.2238016875674055,-0.22979936036674345
TRES-5,TRES-5__2026-09-04,959,56,-0.1520307428747223,-0.2624465965487946,3028.5,24.537526106768258,2.192,450,0.6488888888888888,1.757376496727763,0.18400955907077746,-0.06935709072751929
TRES-5,TRES-5__2026-09-01,115,74,-0.43000511894673066,-0.26439566986866675,2525.25,74.23564254872457,2.192,335,0.6716417910447762,2.6967963921627147,0.2238016875674055,-0.19617021849759608
TRES-5,TRES-5__2026-09-04,958,53,-0.5497913518344242,-0.27140394179960453,328.0,71.74582263901145,2.192,450,0.6511111111111111,1.757376496727763,0.18400955907077746,-0.2508172225522008
TRES-5,TRES-5__2026-08-26,332,74,-0.20067342426000467,-0.27292214632055983,1386.5,32.41535450704397,2.192,225,0.5955555555555555,1.8881783586794032,-0.06514002558174027,-0.09154809500912621
TRES-5,TRES-5__2026-08-29,144,73,-0.6722183071151063,-0.27726556865393653,443.0,106.35551183285902,2.192,241,0.6307053941908713,2.34732511070012,0.09874798066907436,-0.3066689357276945
TRES-5,TRES-5__2026-09-04,1070,56,-0.21072162282529858,-0.2784252316429695,22325.25,29.8727048349145,2.192,450,0.6533333333333333,1.757376496727763,0.18400955907077746,-0.09613212720132233
TRES-5,TRES-5__2026-08-26,355,74,-0.1478168215446941,-0.27876752251762643,1993.0,23.247572930161528,2.192,225,0.6,1.8881783586794032,-0.06514002558174027,-0.06743468136163051
TRES-5,TRES-5__2026-08-29,94,73,-0.2770347204805543,-0.28113603298695455,834.0,43.74228345911442,2.192,241,0.6348547717842323,2.34732511070012,0.09874798066907436,-0.12638445277397548
TRES-5,TRES-5__2026-09-01,402,65,-0.48350230727663024,-0.2824799555900906,595.5,69.92596398709522,2.192,335,0.6746268656716418,2.6967963921627147,0.2238016875674055,-0.22057587010795174
TRES-5,TRES-5__2026-09-01,420,68,-0.580703344283387,-0.2834222624659208,430.75,85.51697605813294,2.192,335,0.6776119402985075,2.6967963921627147,0.2238016875674055,-0.2649194088884064
TRES-5,TRES-5__2026-08-17,475,52,-0.06830796438895294,-0.28563643943952377,4712.0,8.841780066865823,2.192,220,0.7,3.061041116275965,0.3416575141851451,-0.031162392513208455
TRES-5,TRES-5__2026-08-17,512,52,-0.6660273059407129,-0.2857639237045998,559.0,83.22092239220906,2.192,220,0.7045454545454546,3.061041116275965,0.3416575141851451,-0.30384457387806246
TRES-5,TRES-5__2026-09-01,372,71,-0.4113324071482368,-0.29233637533573525,546.0,59.62326452434988,2.192,335,0.6805970149253732,2.6967963921627147,0.2238016875674055,-0.18765164559682335
TRES-5,TRES-5__2026-08-29,151,73,-0.38473067034669833,-0.2925980848185771,919.0,54.37238765380374,2.192,241,0.6390041493775933,2.34732511070012,0.09874798066907436,-0.1755158167640047
TRES-5,TRES-5__2026-09-04,867,54,-0.5760133632847605,-0.3137015269761165,329.0,66.01068921508099,2.192,450,0.6555555555555556,1.757376496727763,0.18400955907077746,-0.2627798190167703
TRES-5,TRES-5__2026-08-26,325,74,-0.12087378155246509,-0.3142112242753544,3116.5,17.260668476136683,2.192,225,0.6044444444444445,1.8881783586794032,-0.06514002558174027,-0.05514314851846035
TRES-5,TRES-5__2026-09-04,1049,54,-0.8179537347875321,-0.31429212715365434,242.25,95.78659229141894,2.192,450,0.6577777777777778,1.757376496727763,0.18400955907077746,-0.3731540760892026
TRES-5,TRES-5__2026-09-01,130,74,-0.12966336961591637,-0.31504549230609535,4931.25,20.27126188394188,2.192,335,0.6835820895522388,2.6967963921627147,0.2238016875674055,-0.05915299708755309
TRES-5,TRES-5__2026-08-26,203,74,-0.2828376297109258,-0.3158843342090582,992.5,39.49822704186801,2.192,225,0.6088888888888889,1.8881783586794032,-0.06514002558174027,-0.129031765379072
TRES-5,TRES-5__2026-08-26,361,74,-0.39155245372307207,-0.31811111227604943,1201.0,55.908034129079034,2.192,225,0.6133333333333333,1.8881783586794032,-0.06514002558174027,-0.17862794421672995
TRES-5,TRES-5__2026-08-29,241,73,-0.4312098251302343,-0.3200229087933192,731.0,56.531383188923684,2.192,241,0.6431535269709544,2.34732511070012,0.09874798066907436,-0.19671981073459593
TRES-5,TRES-5__2026-08-17,181,52,-0.6084176491258437,-0.32079752040013704,873.5,69.78621342770653,2.192,220,0.7090909090909091,3.061041116275965,0.3416575141851451,-0.27756279613405277
TRES-5,TRES-5__2026-08-29,183,73,-0.18440386103479903,-0.323030696337309,1779.0,24.998509194846307,2.192,241,0.6473029045643154,2.34732511070012,0.09874798066907436,-0.08412584901222582
TRES-5,TRES-5__2026-09-01,535,52,-1.0320413770736898,-0.3261271163885294,248.0,111.55305209601524,2.192,335,0.6865671641791045,2.6967963921627147,0.2238016875674055,-0.4708217961102599
TRES-5,TRES-5__2026-09-04,1165,52,-0.7338683821023463,-0.32749221365468045,285.75,84.56352042399345,2.192,450,0.66,1.757376496727763,0.18400955907077746,-0.33479396993720173
TRES-5,TRES-5__2026-09-04,1115,56,-0.5253999907805647,-0.3277947743035993,590.0,58.59351653959543,2.192,450,0.6622222222222223,1.757376496727763,0.18400955907077746,-0.23968977681595102
TRES-5,TRES-5__2026-08-29,264,73,-0.8760684873569233,-0.33312731798424583,883.0,115.8746536460122,2.192,241,0.6514522821576764,2.34732511070012,0.09874798066907436,-0.3996662807285234
TRES-5,TRES-5__2026-08-17,505,52,-0.05377255537364256,-0.34014118653732384,13377.75,6.133791052561226,2.192,220,0.7136363636363636,3.061041116275965,0.3416575141851451,-0.024531275261698248
TRES-5,TRES-5__2026-09-01,389,70,-0.34751874492861595,-0.3468288408749344,896.75,43.23381767643953,2.192,335,0.6895522388059702,2.6967963921627147,0.2238016875674055,-0.15853957341633937
TRES-5,TRES-5__2026-09-04,1310,52,-0.9401886801152379,-0.34926939414838276,353.0,98.78506171844894,2.192,450,0.6644444444444444,1.757376496727763,0.18400955907077746,-0.42891819348322896
TRES-5,TRES-5__2026-09-01,98,73,-0.33209156700052195,-0.35442408773117834,760.5,42.420144332447464,2.192,335,0.6925373134328359,2.6967963921627147,0.2238016875674055,-0.15150162728126
TRES-5,TRES-5__2026-08-17,213,52,-0.5561066570667743,-0.3559054800336892,452.0,53.655101245797326,2.192,220,0.7181818181818181,3.061041116275965,0.3416575141851451,-0.25369829245747
TRES-5,TRES-5__2026-09-01,344,74,-0.22084558823089306,-0.36094475139251436,1627.25,28.69182035545869,2.192,335,0.6955223880597015,2.6967963921627147,0.2238016875674055,-0.10075072455788917
TRES-5,TRES-5__2026-09-01,54,71,-0.7076879298692406,-0.36435085787890786,418.0,83.64042605431626,2.192,335,0.6985074626865672,2.6967963921627147,0.2238016875674055,-0.322850332969544
TRES-5,TRES-5__2026-09-01,443,63,-0.7625540547673978,-0.36621041162720114,333.5,82.56739146944436,2.192,335,0.7014925373134329,2.6967963921627147,0.2238016875674055,-0.34788049943768146
TRES-5,TRES-5__2026-09-04,925,55,-0.6642395204593138,-0.3720164943783645,346.5,67.48639596071756,2.192,450,0.6666666666666666,1.757376496727763,0.18400955907077746,-0.3030289783117307
TRES-5,TRES-5__2026-09-01,236,72,-1.2007642338034958,-0.3748207698285755,496.75,125.6412238187399,2.192,335,0.7044776119402985,2.6967963921627147,0.2238016875674055,-0.5477939022826167
TRES-5,TRES-5__2026-09-01,203,74,-0.26257177184902386,-0.38034750366917136,1351.5,30.904642347309792,2.192,335,0.7074626865671642,2.6967963921627147,0.2238016875674055,-0.11978639226689043
TRES-5,TRES-5__2026-08-17,44,52,-0.5404394592660945,-0.3808404787004423,639.75,48.51870156914445,2.192,220,0.7227272727272728,3.061041116275965,0.3416575141851451,-0.24655084820533507
TRES-5,TRES-5__2026-09-04,755,56,-0.43581287357747567,-0.38411319959885837,872.75,46.03092064665628,2.192,450,0.6688888888888889,1.757376496727763,0.18400955907077746,-0.1988197415955637
TRES-5,TRES-5__2026-08-29,360,73,-0.661228563529826,-0.3852227764631097,470.0,76.46059937633214,2.192,241,0.6556016597510373,2.34732511070012,0.09874798066907436,-0.3016553665738257
TRES-5,TRES-5__2026-09-01,543,61,-0.9342511870244948,-0.38668726246941004,330.0,94.96481261137474,2.192,335,0.7104477611940299,2.6967963921627147,0.2238016875674055,-0.42620948313161255
TRES-5,TRES-5__2026-09-04,1135,56,-0.38889465631562387,-0.38780403447696554,749.0,39.55224278148993,2.192,450,0.6711111111111111,1.757376496727763,0.18400955907077746,-0.17741544539946344
TRES-5,TRES-5__2026-09-04,186,56,-0.23288223221965648,-0.390308972955821,4559.5,22.426904901278153,2.192,450,0.6733333333333333,1.757376496727763,0.18400955907077746,-0.10624189426079218
TRES-5,TRES-5__2026-08-26,162,74,-0.17266106321100308,-0.3912702461315794,1719.0,19.12987358648936,2.192,225,0.6177777777777778,1.8881783586794032,-0.06514002558174027,-0.07876873321669849
TRES-5,TRES-5__2026-09-01,202,72,-0.7399242922190582,-0.3916956086247165,749.25,82.82446137156585,2.192,335,0.7134328358208956,2.6967963921627147,0.2238016875674055,-0.3375567026546798
TRES-5,TRES-5__2026-08-17,138,52,-0.6329403758412988,-0.39741324753382534,474.75,59.532694647344464,2.192,220,0.7272727272727273,3.061041116275965,0.3416575141851451,-0.2887501714604465
TRES-5,TRES-5__2026-08-29,219,73,-0.5573295261714986,-0.4056012898838559,694.0,61.00284641584503,2.192,241,0.6597510373443983,2.34732511070012,0.09874798066907436,-0.25425617069867634
TRES-5,TRES-5__2026-08-26,157,72,-0.8524658475442818,-0.4062728984797509,453.5,86.46070004894001,2.192,225,0.6222222222222222,1.8881783586794032,-0.06514002558174027,-0.38889865307677085
TRES-5,TRES-5__2026-09-04,792,51,-1.3518564296527824,-0.4076513331359045,187.5,115.75789674051293,2.192,450,0.6755555555555556,1.757376496727763,0.18400955907077746,-0.6167228237467073
TRES-5,TRES-5__2026-09-01,211,67,-0.8490986176538616,-0.4094289225706041,363.5,86.49337023225813,2.192,335,0.7164179104477612,2.6967963921627147,0.2238016875674055,-0.387362508053769
TRES-5,TRES-5__2026-08-29,247,71,-0.995444618478378,-0.41013690037897005,388.0,102.99611997592095,2.192,241,0.6639004149377593,2.34732511070012,0.09874798066907436,-0.45412619456130376
TRES-5,TRES-5__2026-09-04,413,56,-0.270536798602223,-0.4162041826681349,1816.75,27.00266212615587,2.192,450,0.6777777777777778,1.757376496727763,0.18400955907077746,-0.12342007235502873
TRES-5,TRES-5__2026-08-26,63,74,-0.07091621281692731,-0.41681469969647605,14902.5,7.6094197742971375,2.192,225,0.6266666666666667,1.8881783586794032,-0.06514002558174027,-0.03235228686903618
TRES-5,TRES-5__2026-09-01,148,74,-0.571553086760516,-0.41804460191374265,826.0,64.80421786758882,2.192,335,0.7194029850746269,2.6967963921627147,0.2238016875674055,-0.26074502133235217
TRES-5,TRES-5__2026-08-29,226,73,-0.4587828837492523,-0.41969767003310426,908.0,48.26071564668838,2.192,241,0.6680497925311203,2.34732511070012,0.09874798066907436,-0.2092987608345129
TRES-5,TRES-5__2026-08-17,252,52,-0.12627801854567244,-0.42035905303154764,2730.25,11.00234750799804,2.192,220,0.7318181818181818,3.061041116275965,0.3416575141851451,-0.057608585102952754
TRES-5,TRES-5__2026-08-29,117,73,-0.38399549980119685,-0.42159323671082627,1030.0,39.758391100246996,2.192,241,0.6721991701244814,2.34732511070012,0.09874798066907436,-0.1751804287414219
TRES-5,TRES-5__2026-09-01,505,57,-1.3109583583046571,-0.4220252867033679,385.0,117.63649959894774,2.192,335,0.7223880597014926,2.6967963921627147,0.2238016875674055,-0.5980649444820516
TRES-5,TRES-5__2026-08-26,120,74,-0.36759298816167174,-0.428617155292931,937.5,37.2719297244014,2.192,225,0.6311111111111111,1.8881783586794032,-0.06514002558174027,-0.16769753109565316
TRES-5,TRES-5__2026-08-17,452,52,-0.5899210295636557,-0.4292685147263246,485.0,48.56575503466441,2.192,220,0.7363636363636363,3.061041116275965,0.3416575141851451,-0.2691245572826896
TRES-5,TRES-5__2026-09-04,976,55,-0.6893712049455168,-0.4300021712156543,349.0,58.19045984950365,2.192,450,0.68,1.757376496727763,0.18400955907077746,-0.314494162840108
TRES-5,TRES-5__2026-08-29,85,73,-0.15375498638930615,-0.43292675386691076,3244.0,15.372950280946261,2.192,241,0.6763485477178424,2.34732511070012,0.09874798066907436,-0.0701436981703039
TRES-5,TRES-5__2026-08-26,135,74,-0.17961355060517317,-0.433706235460063,2541.5,18.00445325151773,2.192,225,0.6355555555555555,1.8881783586794032,-0.06514002558174027,-0.08194048841476878
TRES-5,TRES-5__2026-09-01,120,70,-0.6933492836754772,-0.4339616889456892,497.5,67.27696790244613,2.192,335,0.7253731343283583,2.6967963921627147,0.2238016875674055,-0.31630897977895855
TRES-5,TRES-5__2026-08-17,282,52,-0.30423120091656614,-0.44302363287889435,927.25,27.291049147710908,2.192,220,0.740909090909091,3.061041116275965,0.3416575141851451,-0.13879160625755754
TRES-5,TRES-5__2026-09-04,765,56,-0.8311732890757847,-0.44663136076714893,679.0,76.58988673531536,2.192,450,0.6822222222222222,1.757376496727763,0.18400955907077746,-0.3791848946513616
TRES-5,TRES-5__2026-09-04,1203,55,-0.6528693771459344,-0.4495744434543472,522.5,56.995587807564725,2.192,450,0.6844444444444444,1.757376496727763,0.18400955907077746,-0.297841869135919
TRES-5,TRES-5__2026-08-26,297,74,-0.37797815149137276,-0.45259225540953574,1157.5,34.59722377448328,2.192,225,0.64,1.8881783586794032,-0.06514002558174027,-0.1724352880891299
TRES-5,TRES-5__2026-08-29,251,73,-0.8747759689660899,-0.4620157462202553,466.0,82.20846195976699,2.192,241,0.6804979253112033,2.34732511070012,0.09874798066907436,-0.3990766281779607
TRES-5,TRES-5__2026-09-04,1217,53,-1.0864203470842482,-0.4640082868427504,264.0,85.35928475600721,2.192,450,0.6866666666666666,1.757376496727763,0.18400955907077746,-0.4956297203851497
TRES-5,TRES-5__2026-09-01,294,68,-0.840941216164507,-0.46543753597943965,362.75,76.13847800354556,2.192,335,0.7283582089552239,2.6967963921627147,0.2238016875674055,-0.38364106576847945
TRES-5,TRES-5__2026-08-29,254,72,-1.7321505339991154,-0.466568988520528,417.0,147.95912232635408,2.192,241,0.6846473029045643,2.34732511070012,0.09874798066907436,-0.7902146596711292
TRES-5,TRES-5__2026-08-26,155,74,-0.2284013940893516,-0.46829039340657386,2261.5,20.89264336152246,2.192,225,0.6444444444444445,1.8881783586794032,-0.06514002558174027,-0.10419771628163849
TRES-5,TRES-5__2026-08-29,404,73,-0.5056925662647279,-0.46940500250514816,783.5,45.6493754623532,2.192,241,0.6887966804979253,2.34732511070012,0.09874798066907436,-0.2306991634419379
TRES-5,TRES-5__2026-09-04,1010,55,-0.9568251811063821,-0.4698372782119314,358.0,77.53999580392289,2.192,450,0.6888888888888889,1.757376496727763,0.18400955907077746,-0.4365078380959772
TRES-5,TRES-5__2026-08-26,104,74,-0.7983269041401376,-0.4721927835229691,441.0,74.77205975270205,2.192,225,0.6488888888888888,1.8881783586794032,-0.06514002558174027,-0.36420022999093865
TRES-5,TRES-5__2026-08-26,43,74,-0.8180208580727816,-0.4730640928931474,534.5,69.60400747819881,2.192,225,0.6533333333333333,1.8881783586794032,-0.06514002558174027,-0.373184698025904
TRES-5,TRES-5__2026-09-04,933,56,-0.21325739211307745,-0.47345403815303594,1885.25,17.36537733221439,2.192,450,0.6911111111111111,1.757376496727763,0.18400955907077746,-0.09728895625596598
TRES-5,TRES-5__2026-09-01,330,74,-0.2583067594164892,-0.47574153957820775,2950.75,26.73978720409609,2.192,335,0.7313432835820896,2.6967963921627147,0.2238016875674055,-0.11784067491628154
TRES-5,TRES-5__2026-09-04,1226,49,-2.2301253416583533,-0.4774130465774688,336.0,160.16395253315662,2.192,450,0.6933333333333334,1.757376496727763,0.18400955907077746,-1.01739294783684
TRES-5,TRES-5__2026-08-26,271,74,-0.061349661046453154,-0.47828555405039297,30322.0,5.537480277906115,2.192,225,0.6577777777777778,1.8881783586794032,-0.06514002558174027,-0.027987984054038847
TRES-5,TRES-5__2026-08-26,36,70,-0.8161562477287251,-0.47866082944900634,507.5,70.62520858763669,2.192,225,0.6622222222222223,1.8881783586794032,-0.06514002558174027,-0.37233405462076874
TRES-5,TRES-5__2026-09-04,1182,56,-0.20609097235923796,-0.4812446929754036,2473.25,17.52526004720839,2.192,450,0.6955555555555556,1.757376496727763,0.18400955907077746,-0.09401960417848446
TRES-5,TRES-5__2026-08-29,122,73,-0.9589875732994647,-0.4818697756066215,561.0,88.76708157261959,2.192,241,0.6929460580912863,2.34732511070012,0.09874798066907436,-0.4374943308847923
TRES-5,TRES-5__2026-09-04,1148,56,-0.4454603308315732,-0.48339580652957376,1136.5,36.44883040068924,2.192,450,0.6977777777777778,1.757376496727763,0.18400955907077746,-0.2032209538465206
TRES-5,TRES-5__2026-09-04,1298,56,-0.41726887008210883,-0.485845322881795,1621.5,35.98694020040115,2.192,450,0.7,1.757376496727763,0.18400955907077746,-0.1903598859863635
TRES-5,TRES-5__2026-08-29,304,73,-0.24513402738198303,-0.4859584337993115,2102.0,22.21932268294377,2.192,241,0.6970954356846473,2.34732511070012,0.09874798066907436,-0.11183121687134262
TRES-5,TRES-5__2026-08-26,105,74,-0.5321819505877112,-0.4944817840516413,957.5,44.7185344330284,2.192,225,0.6666666666666666,1.8881783586794032,-0.06514002558174027,-0.24278373658198504
TRES-5,TRES-5__2026-08-26,149,74,-0.6109407268824948,-0.498487889606964,731.5,52.0401380572634,2.192,225,0.6711111111111111,1.8881783586794032,-0.06514002558174027,-0.2787138352566126
TRES-5,TRES-5__2026-09-04,1288,56,-0.2580537442210155,-0.4991728433210123,13239.75,22.12287541514291,2.192,450,0.7022222222222222,1.757376496727763,0.18400955907077746,-0.11772524827601072
TRES-5,TRES-5__2026-09-01,214,71,-0.7487758948831853,-0.49954294857523474,485.0,63.969307323280155,2.192,335,0.7343283582089553,2.6967963921627147,0.2238016875674055,-0.34159484255619765
TRES-5,TRES-5__2026-08-29,838,68,-0.7713700580390631,-0.5002540712780014,1237.0,63.7682202602429,2.192,241,0.7012448132780082,2.34732511070012,0.09874798066907436,-0.3519023987404485
TRES-5,TRES-5__2026-09-04,1172,56,-0.2600823405605354,-0.5010505238479428,28906.0,20.505882516129724,2.192,450,0.7044444444444444,1.757376496727763,0.18400955907077746,-0.11865070281046323
TRES-5,TRES-5__2026-09-01,466,56,-1.0017366570451596,-0.5080639316824839,615.0,75.48544099728066,2.192,335,0.7373134328358208,2.6967963921627147,0.2238016875674055,-0.4569966501118428
TRES-5,TRES-5__2026-08-29,105,63,-1.4034677516203766,-0.5095409039547506,321.0,111.47749005342061,2.192,241,0.7053941908713693,2.34732511070012,0.09874798066907436,-0.6402681348633105
TRES-5,TRES-5__2026-09-04,895,55,-0.807369191051884,-0.5126554702449485,464.5,57.25766508346993,2.192,450,0.7066666666666667,1.757376496727763,0.18400955907077746,-0.3683253608813339
TRES-5,TRES-5__2026-08-26,370,74,-0.1822394122031515,-0.5178342041716528,2865.5,15.506266424534196,2.192,225,0.6755555555555556,1.8881783586794032,-0.06514002558174027,-0.08313841797589028
TRES-5,TRES-5__2026-08-29,90,73,-0.40191233089415296,-0.5259678692285371,1543.0,32.51522115903843,2.192,241,0.7095435684647303,2.34732511070012,0.09874798066907436,-0.18335416555390188
TRES-5,TRES-5__2026-08-29,361,61,-1.316235605646727,-0.5272458457897822,618.0,98.17659478413785,2.192,241,0.7136929460580913,2.34732511070012,0.09874798066907436,-0.600472447831536
TRES-5,TRES-5__2026-08-17,485,52,-0.5595454644052972,-0.5302157914981604,829.25,40.73659536160223,2.192,220,0.7454545454545455,3.061041116275965,0.3416575141851451,-0.25526709142577425
TRES-5,TRES-5__2026-09-01,320,70,-1.1050104916176229,-0.5303379605468658,517.75,87.01786102272442,2.192,335,0.7402985074626866,2.6967963921627147,0.2238016875674055,-0.5041106257379666
TRES-5,TRES-5__2026-08-17,58,52,-0.597295927623872,-0.5309818869110554,1544.5,48.02567291796744,2.192,220,0.75,3.061041116275965,0.3416575141851451,-0.2724890180765839
TRES-5,TRES-5__2026-08-17,288,52,-0.5885762354901083,-0.5350763184588384,649.0,39.308802752282624,2.192,220,0.7545454545454545,3.061041116275965,0.3416575141851451,-0.2685110563367282
TRES-5,TRES-5__2026-09-01,310,69,-0.23292336711573464,-0.5381564309241604,3487.0,19.6154702304097,2.192,335,0.7432835820895523,2.6967963921627147,0.2238016875674055,-0.10626066018053587
TRES-5,TRES-5__2026-09-01,400,52,-1.4457578425077313,-0.5392661511128498,341.0,107.08418238303837,2.192,335,0.746268656716418,2.6967963921627147,0.2238016875674055,-0.6595610595381985
TRES-5,TRES-5__2026-08-29,274,73,-1.2704581055283406,-0.5426589198198936,450.0,101.46893334614342,2.192,241,0.7178423236514523,2.34732511070012,0.09874798066907436,-0.5795885517921261
TRES-5,TRES-5__2026-09-01,280,74,-0.34357500395078994,-0.5448494974214084,1521.0,29.127375193010877,2.192,335,0.7492537313432835,2.6967963921627147,0.2238016875674055,-0.15674042151039685
TRES-5,TRES-5__2026-09-01,493,62,-1.4443569225402004,-0.5449115494816181,299.25,104.83421090843765,2.192,335,0.7522388059701492,2.6967963921627147,0.2238016875674055,-0.6589219537135951
TRES-5,TRES-5__2026-08-26,118,74,-0.9223882039337142,-0.5450537528859619,891.0,72.84786666579804,2.192,225,0.68,1.8881783586794032,-0.06514002558174027,-0.420797538290928
TRES-5,TRES-5__2026-08-26,402,71,-1.2764467604370924,-0.5459496850911231,406.0,92.82375273290681,2.192,225,0.6844444444444444,1.8881783586794032,-0.06514002558174027,-0.5823206023891845
TRES-5,TRES-5__2026-09-04,997,56,-0.5769365163671921,-0.5464750372063106,1354.25,42.981299182061186,2.192,450,0.7088888888888889,1.757376496727763,0.18400955907077746,-0.26320096549598176
TRES-5,TRES-5__2026-09-01,526,61,-1.4053275460672723,-0.5472286508026161,337.5,103.61558781063606,2.192,335,0.755223880597015,2.6967963921627147,0.2238016875674055,-0.6411165812350694
TRES-5,TRES-5__2026-09-01,81,72,-0.9390070234824377,-0.5486613666895743,958.75,74.1392536640572,2.192,335,0.7582089552238805,2.6967963921627147,0.2238016875674055,-0.42837911655220695
TRES-5,TRES-5__2026-09-04,971,56,-0.44795218549030286,-0.5576485018565197,1052.5,30.381376468546744,2.192,450,0.7111111111111111,1.757376496727763,0.18400955907077746,-0.20435774885506516
TRES-5,TRES-5__2026-08-17,76,52,-0.7468280500978278,-0.5592178169685942,467.5,47.66349583416805,2.192,220,0.759090909090909,3.061041116275965,0.3416575141851451,-0.34070622723441046
TRES-5,TRES-5__2026-09-01,213,65,-0.9385445080795055,-0.5622349681271374,417.0,68.58861914067565,2.192,335,0.7611940298507462,2.6967963921627147,0.2238016875674055,-0.42816811499977436
TRES-5,TRES-5__2026-08-29,126,73,-0.647734840110579,-0.5631094207645276,793.0,49.52262547536415,2.192,241,0.7219917012448133,2.34732511070012,0.09874798066907436,-0.2954994708533663
TRES-5,TRES-5__2026-08-26,338,74,-0.0823617032220105,-0.5667796046248714,11197.0,6.738898349117715,2.192,225,0.6888888888888889,1.8881783586794032,-0.06514002558174027,-0.03757376971807048
TRES-5,TRES-5__2026-08-26,326,74,-0.3980204491300156,-0.5746627642046785,1540.0,28.507216320471095,2.192,225,0.6933333333333334,1.8881783586794032,-0.06514002558174027,-0.18157867204836478
TRES-5,TRES-5__2026-09-01,606,55,-1.4321361854772838,-0.5754550730220166,292.0,93.91477692721895,2.192,335,0.764179104477612,2.6967963921627147,0.2238016875674055,-0.6533467999440163
TRES-5,TRES-5__2026-09-01,238,72,-0.9020663426866085,-0.5792590678258215,655.75,72.40082716164866,2.192,335,0.7671641791044777,2.6967963921627147,0.2238016875674055,-0.41152661618914615
TRES-5,TRES-5__2026-08-17,206,52,-0.23079550027407733,-0.5796967794838054,2434.25,15.713518913867926,2.192,220,0.7636363636363637,3.061041116275965,0.3416575141851451,-0.10528991800824695
TRES-5,TRES-5__2026-09-04,891,54,-2.719150560561855,-0.5798054920020169,373.0,182.75883840398174,2.192,450,0.7133333333333334,1.757376496727763,0.18400955907077746,-1.2404883944169045
TRES-5,TRES-5__2026-09-04,864,56,-0.9010561515133921,-0.5950641439610194,469.25,59.35218261335447,2.192,450,0.7155555555555555,1.757376496727763,0.18400955907077746,-0.41106576255172994
TRES-5,TRES-5__2026-09-04,777,55,-0.9365981043291394,-0.5964238752498626,403.0,60.401760895421546,2.192,450,0.7177777777777777,1.757376496727763,0.18400955907077746,-0.4272801570844614
TRES-5,TRES-5__2026-09-01,136,74,-0.702368401209013,-0.6000279738825498,953.25,56.05344032934795,2.192,335,0.7701492537313432,2.6967963921627147,0.2238016875674055,-0.3204235406975424
TRES-5,TRES-5__2026-09-04,1155,46,-1.8320855376310126,-0.6007610524089033,960.0,100.80718272574899,2.192,450,0.72,1.757376496727763,0.18400955907077746,-0.8358054459995494
TRES-5,TRES-5__2026-09-01,339,67,-1.0959873587789568,-0.6012046820726659,379.0,75.48570686144664,2.192,335,0.7731343283582089,2.6967963921627147,0.2238016875674055,-0.49999423301959706
TRES-5,TRES-5__2026-08-26,393,71,-1.2183097787658679,-0.6050428673135095,456.0,82.77834734523677,2.192,225,0.6977777777777778,1.8881783586794032,-0.06514002558174027,-0.5557982567362536
TRES-5,TRES-5__2026-09-04,1194,56,-0.5512480237567247,-0.6052627199129121,759.5,33.708017111614716,2.192,450,0.7222222222222222,1.757376496727763,0.18400955907077746,-0.2514817626627393
TRES-5,TRES-5__2026-09-04,945,54,-1.0362284712026655,-0.6118129565864047,380.5,62.111306836596505,2.192,450,0.7244444444444444,1.757376496727763,0.18400955907077746,-0.47273196678953716
TRES-5,TRES-5__2026-08-26,106,74,-1.2508815605880332,-0.6120637537614682,490.0,83.53565024435197,2.192,225,0.7022222222222222,1.8881783586794032,-0.06514002558174027,-0.5706576462536648
TRES-5,TRES-5__2026-09-04,910,56,-0.34014970858168336,-0.6140388831492849,1891.75,22.28554590977797,2.192,450,0.7266666666666667,1.757376496727763,0.18400955907077746,-0.15517778676171684
TRES-5,TRES-5__2026-08-17,238,52,-0.2761924832126229,-0.614158909845822,1567.5,17.778241510915628,2.192,220,0.7681818181818182,3.061041116275965,0.3416575141851451,-0.1260002204437148
TRES-5,TRES-5__2026-08-17,504,52,-0.6585898032193266,-0.6188386806213874,657.5,41.560547399515386,2.192,220,0.7727272727272727,3.061041116275965,0.3416575141851451,-0.3004515525635614
TRES-5,TRES-5__2026-09-04,268,56,-0.35649203688846076,-0.6194887815598578,2767.25,23.176177621002438,2.192,450,0.7288888888888889,1.757376496727763,0.18400955907077746,-0.16263322850750947
TRES-5,TRES-5__2026-09-04,1189,55,-1.1057894089246345,-0.6200095902676847,444.0,64.17222490692019,2.192,450,0.7311111111111112,1.757376496727763,0.18400955907077746,-0.504465971224742
TRES-5,TRES-5__2026-08-17,474,52,-0.4814739398462146,-0.6238059286846872,1128.0,28.454354004733467,2.192,220,0.7772727272727272,3.061041116275965,0.3416575141851451,-0.2196505200028351
TRES-5,TRES-5__2026-08-26,136,74,-0.937923211980028,-0.6270092040110898,657.5,67.49569755032316,2.192,225,0.7066666666666667,1.8881783586794032,-0.06514002558174027,-0.42788467699818794
TRES-5,TRES-5__2026-08-17,224,52,-0.24986422707165162,-0.6270223635042242,2395.5,15.635188303327656,2.192,220,0.7818181818181819,3.061041116275965,0.3416575141851451,-0.11398915468597244
TRES-5,TRES-5__2026-09-01,270,71,-0.7098033059264373,-0.6284103459942032,652.0,49.33348708897665,2.192,335,0.7761194029850746,2.6967963921627147,0.2238016875674055,-0.3238153767912578
TRES-5,TRES-5__2026-08-20,171,62,-0.9500491856135902,-0.6317998768651398,3206.75,57.86434264046118,2.192,12,0.08333333333333333,-0.7067483401852195,-1.5075435014104457,-0.43341659927627285
TRES-5,TRES-5__2026-08-17,99,52,-0.5934029912243095,-0.6343276240742126,788.25,34.54967616484226,2.192,220,0.7863636363636364,3.061041116275965,0.3416575141851451,-0.270713043441747
TRES-5,TRES-5__2026-09-04,1219,56,-0.524651807009533,-0.6376787579915046,1211.0,32.512814163884194,2.192,450,0.7333333333333333,1.757376496727763,0.18400955907077746,-0.2393484521028891
TRES-5,TRES-5__2026-08-29,326,73,-0.90866874841916,-0.6420457881130487,732.0,61.96962618444067,2.192,241,0.7261410788381742,2.34732511070012,0.09874798066907436,-0.41453866259998173
TRES-5,TRES-5__2026-08-26,141,74,-0.5685073039333683,-0.6421790953327601,1254.0,36.886476646533914,2.192,225,0.7111111111111111,1.8881783586794032,-0.06514002558174027,-0.25935552186741256
TRES-5,TRES-5__2026-09-01,550,56,-1.1532583196462136,-0.6439622288650433,392.0,66.48017172111739,2.192,335,0.7791044776119403,2.6967963921627147,0.2238016875674055,-0.526121496188966
TRES-5,TRES-5__2026-09-01,288,71,-1.0199114992670741,-0.6467703522815179,517.0,68.41195944433339,2.192,335,0.7820895522388059,2.6967963921627147,0.2238016875674055,-0.46528809273132943
TRES-5,TRES-5__2026-08-26,327,74,-1.3915583215542107,-0.650104931420258,498.0,90.00276674335471,2.192,225,0.7155555555555555,1.8881783586794032,-0.06514002558174027,-0.6348350007090376
TRES-5,TRES-5__2026-08-17,91,52,-0.7831471267978469,-0.6510504764443029,670.0,39.95067973478134,2.192,220,0.7909090909090909,3.061041116275965,0.3416575141851451,-0.35727514908660896
TRES-5,TRES-5__2026-08-17,513,52,-0.20645958631628736,-0.652537644164468,3137.0,11.282021934831794,2.192,220,0.7954545454545454,3.061041116275965,0.3416575141851451,-0.0941877674800581
TRES-5,TRES-5__2026-09-04,1259,56,-0.33009679896639366,-0.6537204139550307,2268.0,20.709118899005066,2.192,450,0.7355555555555555,1.757376496727763,0.18400955907077746,-0.1505916053678803
TRES-5,TRES-5__2026-09-01,470,63,-1.1974392970135879,-0.6599564016555665,343.0,71.67737774219773,2.192,335,0.7850746268656716,2.6967963921627147,0.2238016875674055,-0.5462770515572937
TRES-5,TRES-5__2026-08-29,101,73,-1.6405051114461968,-0.6599982371649032,476.0,104.32305899508613,2.192,241,0.7302904564315352,2.34732511070012,0.09874798066907436,-0.7484056165356737
TRES-5,TRES-5__2026-08-29,91,73,-0.24856799325868978,-0.6610524563061009,2976.0,16.07795818889437,2.192,241,0.7344398340248963,2.34732511070012,0.09874798066907436,-0.11339780714356285
TRES-5,TRES-5__2026-08-29,81,73,-1.4250327337851916,-0.6611055240393302,627.0,94.27498997560203,2.192,241,0.7385892116182573,2.34732511070012,0.09874798066907436,-0.6501061741720764
TRES-5,TRES-5__2026-09-01,404,68,-1.629965787832443,-0.6612728967062694,396.5,104.62828055962028,2.192,335,0.7880597014925373,2.6967963921627147,0.2238016875674055,-0.7435975309454574
TRES-5,TRES-5__2026-09-01,34,54,-0.8611078089406511,-0.6646905334692756,616.0,51.245871614528326,2.192,335,0.7910447761194029,2.6967963921627147,0.2238016875674055,-0.39284115371380063
TRES-5,TRES-5__2026-08-29,284,73,-1.1025755555538985,-0.665178922728985,655.0,71.74929399362013,2.192,241,0.7427385892116183,2.34732511070012,0.09874798066907436,-0.502999797241742
TRES-5,TRES-5__2026-08-29,268,73,-0.7119237313383228,-0.6682167527132766,1020.0,44.80387440710443,2.192,241,0.7468879668049793,2.34732511070012,0.09874798066907436,-0.32478272415069465
TRES-5,TRES-5__2026-08-29,201,73,-0.8210748654143176,-0.6704804985504362,722.0,52.85793364319081,2.192,241,0.7510373443983402,2.34732511070012,0.09874798066907436,-0.37457794955032736
TRES-5,TRES-5__2026-08-29,400,73,-0.9450907829910437,-0.6731487857045263,630.0,61.18421571273021,2.192,241,0.7551867219917012,2.34732511070012,0.09874798066907436,-0.4311545542842352
TRES-5,TRES-5__2026-08-17,175,52,-0.6744287371324936,-0.6743240952399472,796.25,34.8703206320653,2.192,220,0.8,3.061041116275965,0.3416575141851451,-0.30767734358234194
TRES-5,TRES-5__2026-09-04,834,56,-0.7873087757398813,-0.6743991914543325,608.0,43.97213087911908,2.192,450,0.7377777777777778,1.757376496727763,0.18400955907077746,-0.3591737115601648
TRES-5,TRES-5__2026-08-29,160,73,-0.8764179438121961,-0.6770459530235784,724.0,55.597336136416175,2.192,241,0.7593360995850622,2.34732511070012,0.09874798066907436,-0.39982570429388503
TRES-5,TRES-5__2026-09-04,940,56,-0.31403750438313044,-0.6805028420844148,2581.75,18.457326753861597,2.192,450,0.74,1.757376496727763,0.18400955907077746,-0.14326528484631862
TRES-5,TRES-5__2026-08-29,185,73,-1.0063563113789404,-0.6807841863457177,807.0,63.019663418419356,2.192,241,0.7634854771784232,2.34732511070012,0.09874798066907436,-0.4591041566509764
TRES-5,TRES-5__2026-08-26,266,73,-1.097484944422337,-0.6810328219417427,504.0,69.59402823145015,2.192,225,0.72,1.8881783586794032,-0.06514002558174027,-0.5006774381488763
TRES-5,TRES-5__2026-08-29,150,73,-0.5444562427715639,-0.6841364457362348,1271.0,34.596418891475246,2.192,241,0.7676348547717843,2.34732511070012,0.09874798066907436,-0.24838332243228278
TRES-5,TRES-5__2026-09-04,1032,43,-3.180611441372203,-0.6880053038745365,186.0,151.3057433938223,2.192,450,0.7422222222222222,1.757376496727763,0.18400955907077746,-1.4510088692391436
TRES-5,TRES-5__2026-09-04,1119,42,-3.034878191160316,-0.6903503128361125,200.75,153.97466429444083,2.192,450,0.7444444444444445,1.757376496727763,0.18400955907077746,-1.3845247222446695
TRES-5,TRES-5__2026-09-01,122,71,-0.8716493465367211,-0.6927551428986112,521.5,54.09852882289633,2.192,335,0.7940298507462686,2.6967963921627147,0.2238016875674055,-0.39765024933244575
TRES-5,TRES-5__2026-08-26,309,74,-1.0574372587988299,-0.7007120482514312,604.5,63.98303049702642,2.192,225,0.7244444444444444,1.8881783586794032,-0.06514002558174027,-0.4824075085761085
TRES-5,TRES-5__2026-08-17,315,52,-0.19946265874983132,-0.7008043935793792,3705.25,10.626577253264747,2.192,220,0.8045454545454546,3.061041116275965,0.3416575141851451,-0.09099573848076246
TRES-5,TRES-5__2026-09-01,272,74,-0.8848430491490157,-0.7011649050594366,868.0,56.00098828176101,2.192,335,0.7970149253731343,2.6967963921627147,0.2238016875674055,-0.4036692742468137
TRES-5,TRES-5__2026-09-04,859,56,-1.0906423851216003,-0.7011876546879112,495.0,60.420876688596586,2.192,450,0.7466666666666667,1.757376496727763,0.18400955907077746,-0.49755583262846725
TRES-5,TRES-5__2026-09-04,1318,55,-0.3385526143410951,-0.7046296147761215,2049.5,19.368973980806754,2.192,450,0.7488888888888889,1.757376496727763,0.18400955907077746,-0.15444918537458718
TRES-5,TRES-5__2026-09-01,230,74,-0.4571939243741852,-0.7112198077080754,1399.5,29.58366666134433,2.192,335,0.8,2.6967963921627147,0.2238016875674055,-0.20857387060866112
TRES-5,TRES-5__2026-08-17,135,51,-1.7132265880582083,-0.7189062908543872,327.0,80.37236120748481,2.192,220,0.8090909090909091,3.061041116275965,0.3416575141851451,-0.781581472654292
TRES-5,TRES-5__2026-08-17,350,52,-0.1753642017186887,-0.7247489103971431,4993.0,8.48293893032264,2.192,220,0.8136363636363636,3.061041116275965,0.3416575141851451,-0.08000191684246746
TRES-5,TRES-5__2026-09-04,1325,48,-0.859298053968539,-0.7253947709367818,624.0,39.590833342370786,2.192,450,0.7511111111111111,1.757376496727763,0.18400955907077746,-0.3920155355695889
TRES-5,TRES-5__2026-08-26,260,74,-0.13583533792605973,-0.7261176739238436,5546.0,8.046502589018756,2.192,225,0.7288888888888889,1.8881783586794032,-0.06514002558174027,-0.061968676061158634
TRES-5,TRES-5__2026-09-04,879,47,-2.5382068441722967,-0.726794813986362,273.0,116.75973497805674,2.192,450,0.7533333333333333,1.757376496727763,0.18400955907077746,-1.1579410785457558
TRES-5,TRES-5__2026-09-04,870,56,-0.4323534468407288,-0.7286656336474748,1851.0,23.627730143611203,2.192,450,0.7555555555555555,1.757376496727763,0.18400955907077746,-0.19724153596748575
TRES-5,TRES-5__2026-08-29,232,73,-0.31899012110553165,-0.7297125525949406,2728.0,19.08357242300442,2.192,241,0.7717842323651453,2.34732511070012,0.09874798066907436,-0.14552469028537027
TRES-5,TRES-5__2026-08-29,821,70,-0.7570534370983292,-0.7312064238804253,963.5,43.52438045631353,2.192,241,0.7759336099585062,2.34732511070012,0.09874798066907436,-0.345371093566756
TRES-5,TRES-5__2026-08-26,329,74,-0.5416174340187525,-0.7420037468843343,1236.0,30.851855896641933,2.192,225,0.7333333333333333,1.8881783586794032,-0.06514002558174027,-0.24708824544651117
TRES-5,TRES-5__2026-09-04,1001,56,-0.9782579412079868,-0.7575769662899836,859.75,50.65252913642218,2.192,450,0.7577777777777778,1.757376496727763,0.18400955907077746,-0.4462855571204319
TRES-5,TRES-5__2026-09-01,386,73,-0.44005980558384505,-0.7578342524058506,1917.0,27.69372378877423,2.192,335,0.8029850746268656,2.6967963921627147,0.2238016875674055,-0.20075721057657164
TRES-5,TRES-5__2026-08-20,148,66,-3.1342089963610236,-0.7680698101743755,6529.5,152.03499594022927,2.192,12,0.16666666666666666,-0.7067483401852195,-1.5075435014104457,-1.4298398706026567
TRES-5,TRES-5__2026-09-04,824,56,-0.6842723689166043,-0.7686772756876753,769.25,34.521643855794935,2.192,450,0.76,1.757376496727763,0.18400955907077746,-0.3121680515130494
TRES-5,TRES-5__2026-09-04,1076,56,-1.0213357656690931,-0.7689332436699953,623.5,51.866677015667804,2.192,450,0.7622222222222222,1.757376496727763,0.18400955907077746,-0.46593784930159354
TRES-5,TRES-5__2026-08-26,377,74,-0.3209174702386202,-0.7714256422179211,2103.0,17.935110823216224,2.192,225,0.7377777777777778,1.8881783586794032,-0.06514002558174027,-0.14640395540083037
TRES-5,TRES-5__2026-08-26,132,74,-0.30757280830396655,-0.7729183087381292,2028.75,16.756906418603123,2.192,225,0.7422222222222222,1.8881783586794032,-0.06514002558174027,-0.14031606218246648
TRES-5,TRES-5__2026-09-01,169,64,-1.3039524721528288,-0.7733356319812968,344.5,68.53485159727738,2.192,335,0.8059701492537313,2.6967963921627147,0.2238016875674055,-0.5948688285368744
TRES-5,TRES-5__2026-09-01,545,62,-1.527600963861303,-0.777514970942428,346.75,78.25456367380352,2.192,335,0.808955223880597,2.6967963921627147,0.2238016875674055,-0.6968982499367258
TRES-5,TRES-5__2026-08-17,343,52,-0.7500856216289765,-0.7790176747007067,920.0,33.84366472443632,2.192,220,0.8181818181818182,3.061041116275965,0.3416575141851451,-0.34219234563365714
TRES-5,TRES-5__2026-09-04,1173,56,-0.329430391195816,-0.7797203816999535,4639.75,17.90021201061851,2.192,450,0.7644444444444445,1.757376496727763,0.18400955907077746,-0.1502875872243686
TRES-5,TRES-5__2026-09-04,1246,45,-2.3687862683323715,-0.7847806285183069,238.5,100.01847024896766,2.192,450,0.7666666666666667,1.757376496727763,0.18400955907077746,-1.0806506698596585
TRES-5,TRES-5__2026-08-26,115,74,-0.38801178295213173,-0.7897513310489196,1854.0,21.22287673617215,2.192,225,0.7466666666666667,1.8881783586794032,-0.06514002558174027,-0.17701267470443965
TRES-5,TRES-5__2026-09-04,1306,56,-1.3326031918462573,-0.7925239583293313,641.25,68.29759974689073,2.192,450,0.7688888888888888,1.757376496727763,0.18400955907077746,-0.607939412338621
TRES-5,TRES-5__2026-09-01,485,58,-1.3433790316496523,-0.7953570138580099,407.25,64.87200997480824,2.192,335,0.8119402985074626,2.6967963921627147,0.2238016875674055,-0.6128553976503888
TRES-5,TRES-5__2026-09-01,407,68,-1.2384019790809078,-0.7968024984557316,382.75,64.18305323265012,2.192,335,0.8149253731343283,2.6967963921627147,0.2238016875674055,-0.5649644065150127
TRES-5,TRES-5__2026-08-29,272,73,-1.1804852047666627,-0.7982318217816539,619.0,64.21821581640606,2.192,241,0.7800829875518672,2.34732511070012,0.09874798066907436,-0.5385425204227475
TRES-5,TRES-5__2026-08-26,238,74,-0.7295685092311875,-0.8006712039613781,936.5,39.44381425355596,2.192,225,0.7511111111111111,1.8881783586794032,-0.06514002558174027,-0.33283234910181914
TRES-5,TRES-5__2026-09-01,510,55,-1.3014835548643746,-0.801073579620068,448.0,60.3675490484634,2.192,335,0.817910447761194,2.6967963921627147,0.2238016875674055,-0.5937424976571052
TRES-5,TRES-5__2026-09-01,508,59,-1.7927336815056987,-0.8012885843401204,330.0,86.83370284624073,2.192,335,0.8208955223880597,2.6967963921627147,0.2238016875674055,-0.8178529568912858
TRES-5,TRES-5__2026-09-04,1091,56,-1.0991910034090109,-0.8195368776060273,37492.0,54.855017767938044,2.192,450,0.7711111111111111,1.757376496727763,0.18400955907077746,-0.5014557497303881
TRES-5,TRES-5__2026-08-17,75,52,-0.2612811914057177,-0.8262016148981287,2641.25,11.311631033812972,2.192,220,0.8227272727272728,3.061041116275965,0.3416575141851451,-0.11919762381647704
TRES-5,TRES-5__2026-09-04,1440,49,-2.4435333515254007,-0.827012454753996,809.0,100.43396579660563,2.192,450,0.7733333333333333,1.757376496727763,0.18400955907077746,-1.1147506165718069
TRES-5,TRES-5__2026-09-04,1302,56,-0.6324740096060868,-0.8292269525633608,5575.0,32.603322868807325,2.192,450,0.7755555555555556,1.757376496727763,0.18400955907077746,-0.2885374131414629
TRES-5,TRES-5__2026-08-29,385,73,-0.5264546551936369,-0.8376549099919653,1530.0,26.71696595189874,2.192,241,0.7842323651452282,2.34732511070012,0.09874798066907436,-0.2401709193401628
TRES-5,TRES-5__2026-09-04,784,51,-1.3513016569316012,-0.8397848169291079,592.0,60.75523701827751,2.192,450,0.7777777777777778,1.757376496727763,0.18400955907077746,-0.6164697340016428
TRES-5,TRES-5__2026-08-26,339,74,-0.7654510309517093,-0.8431212013074989,997.5,40.69588839215789,2.192,225,0.7555555555555555,1.8881783586794032,-0.06514002558174027,-0.3492021126604513
TRES-5,TRES-5__2026-09-04,921,56,-1.354133677045523,-0.8475685749064281,504.25,60.55908837578537,2.192,450,0.78,1.757376496727763,0.18400955907077746,-0.6177617139806217
TRES-5,TRES-5__2026-08-17,96,52,-0.15928285793700808,-0.8482296482380622,6593.75,6.784446456396065,2.192,220,0.8272727272727273,3.061041116275965,0.3416575141851451,-0.07266553738002193
TRES-5,TRES-5__2026-09-04,964,49,-2.832879775513282,-0.8512006739397834,237.0,112.54894079226536,2.192,450,0.7822222222222223,1.757376496727763,0.18400955907077746,-1.2923721603618987
TRES-5,TRES-5__2026-08-26,308,74,-0.25846310410368717,-0.8545275300960072,4034.5,12.942809548397433,2.192,225,0.76,1.8881783586794032,-0.06514002558174027,-0.11791200004730253
TRES-5,TRES-5__2026-09-04,942,54,-1.6005756325463087,-0.8557725659534607,341.25,68.66244299609386,2.192,450,0.7844444444444445,1.757376496727763,0.18400955907077746,-0.7301896133879145
TRES-5,TRES-5__2026-08-26,107,74,-2.5292018525845017,-0.8598971881512317,371.5,117.82869431184376,2.192,225,0.7644444444444445,1.8881783586794032,-0.06514002558174027,-1.1538329619454843
TRES-5,TRES-5__2026-08-29,149,73,-0.4287890719919552,-0.8600543147496688,2234.0,21.328227460300287,2.192,241,0.7883817427385892,2.34732511070012,0.09874798066907436,-0.19561545255107443
TRES-5,TRES-5__2026-09-04,894,53,-1.5096588517254828,-0.8631468115336267,340.0,64.61257284665132,2.192,450,0.7866666666666666,1.757376496727763,0.18400955907077746,-0.6887129798017713
TRES-5,TRES-5__2026-08-29,292,72,-1.4561462590381895,-0.870930259710324,578.0,71.73343699179436,2.192,241,0.7925311203319502,2.34732511070012,0.09874798066907436,-0.6643003006561083
TRES-5,TRES-5__2026-09-04,1113,55,-1.492924747782286,-0.8715903948509803,386.5,64.10500028154124,2.192,450,0.7888888888888889,1.757376496727763,0.18400955907077746,-0.6810788082948385
TRES-5,TRES-5__2026-08-17,312,52,-1.0123183458176148,-0.8740860639290005,610.75,40.21338787580724,2.192,220,0.8318181818181818,3.061041116275965,0.3416575141851451,-0.46182406287299943
TRES-5,TRES-5__2026-08-26,305,74,-0.8601300458775071,-0.8758365914329126,878.0,43.59256022374896,2.192,225,0.7688888888888888,1.8881783586794032,-0.06514002558174027,-0.39239509392222033
TRES-5,TRES-5__2026-08-29,356,73,-2.0279891943035873,-0.8812981932351145,575.0,99.55127058508204,2.192,241,0.7966804979253111,2.34732511070012,0.09874798066907436,-0.925177552145797
TRES-5,TRES-5__2026-09-04,1142,48,-3.9233556500165565,-0.8833066307952866,178.5,142.90259055987997,2.192,450,0.7911111111111111,1.757376496727763,0.18400955907077746,-1.789852030117042
TRES-5,TRES-5__2026-09-04,924,55,-1.6484644601454386,-0.8834222401073856,500.0,75.02455727571409,2.192,450,0.7933333333333333,1.757376496727763,0.18400955907077746,-0.7520367062707293
TRES-5,TRES-5__2026-09-04,1242,55,-1.497160320123856,-0.8836871939231038,388.5,68.28694763193478,2.192,450,0.7955555555555556,1.757376496727763,0.18400955907077746,-0.6830110949470145
TRES-5,TRES-5__2026-08-26,257,74,-0.7424797153878638,-0.8845763270827207,945.0,35.8864891372946,2.192,225,0.7733333333333333,1.8881783586794032,-0.06514002558174027,-0.33872249789592324
TRES-5,TRES-5__2026-09-04,1290,56,-0.5113293412308176,-0.8851339981487552,2480.25,21.46970649300239,2.192,450,0.7977777777777778,1.757376496727763,0.18400955907077746,-0.23327068486807373
TRES-5,TRES-5__2026-09-01,366,74,-0.4938671673639742,-0.8864283411888281,3371.75,27.319997594500904,2.192,335,0.8238805970149253,2.6967963921627147,0.2238016875674055,-0.22530436467334586
TRES-5,TRES-5__2026-09-01,63,72,-1.3050666749178355,-0.8928029144129183,682.25,64.11025701061097,2.192,335,0.826865671641791,2.6967963921627147,0.2238016875674055,-0.5953771327179905
TRES-5,TRES-5__2026-09-01,55,74,-2.876261903621862,-0.8942276519809339,1564.25,130.51055674805468,2.192,335,0.8298507462686567,2.6967963921627147,0.2238016875674055,-1.3121632771997545
TRES-5,TRES-5__2026-08-29,294,73,-2.2378923810583258,-0.9018363873040468,433.0,106.15067788749407,2.192,241,0.8008298755186722,2.34732511070012,0.09874798066907436,-1.0209363052273384
TRES-5,TRES-5__2026-08-26,82,74,-0.3593145889511166,-0.9028783900106279,2321.5,17.243706386865426,2.192,225,0.7777777777777778,1.8881783586794032,-0.06514002558174027,-0.16392088912003494
TRES-5,TRES-5__2026-09-04,779,56,-0.6252682084672927,-0.9131092038120148,1249.75,28.70315580922197,2.192,450,0.8,1.757376496727763,0.18400955907077746,-0.2852500951036919
TRES-5,TRES-5__2026-08-26,191,74,-0.9543385937320025,-0.9135652210949897,836.0,45.19237968218248,2.192,225,0.7822222222222223,1.8881783586794032,-0.06514002558174027,-0.4353734460456215
TRES-5,TRES-5__2026-08-29,269,73,-0.7885520454389342,-0.916568408466922,1305.0,37.18098234269329,2.192,241,0.8049792531120332,2.34732511070012,0.09874798066907436,-0.3597408966418495
TRES-5,TRES-5__2026-08-29,187,73,-1.2080307316207033,-0.9212682742094965,888.0,57.9068674791248,2.192,241,0.8091286307053942,2.34732511070012,0.09874798066907436,-0.5511089104109047
TRES-5,TRES-5__2026-09-01,317,70,-1.1732371633517733,-0.927731203435937,541.5,52.42600238567624,2.192,335,0.8328358208955224,2.6967963921627147,0.2238016875674055,-0.5352359321860279
TRES-5,TRES-5__2026-08-26,367,74,-0.7479693813885515,-0.9288725977396372,1040.0,34.39122600008647,2.192,225,0.7866666666666666,1.8881783586794032,-0.06514002558174027,-0.3412269075677698
TRES-5,TRES-5__2026-08-17,169,52,-2.10716862231097,-0.9322248394218309,353.25,81.01662369294773,2.192,220,0.8363636363636363,3.061041116275965,0.3416575141851451,-0.9612995539739826
TRES-5,TRES-5__2026-09-04,686,56,-0.3133240196084422,-0.9329547191548518,9094.75,14.382956986494227,2.192,450,0.8022222222222222,1.757376496727763,0.18400955907077746,-0.142939789967355
TRES-5,TRES-5__2026-08-29,336,73,-0.6402322352497263,-0.9339352852799253,1541.0,31.078240943897498,2.192,241,0.8132780082987552,2.34732511070012,0.09874798066907436,-0.29207674965772185
TRES-5,TRES-5__2026-09-01,504,53,-4.163140195895551,-0.9340752343933519,282.0,165.08844050947405,2.192,335,0.835820895522388,2.6967963921627147,0.2238016875674055,-1.899242790098335
TRES-5,TRES-5__2026-09-04,800,53,-2.238427818048774,-0.9510388308764717,261.5,84.45641770408243,2.192,450,0.8044444444444444,1.757376496727763,0.18400955907077746,-1.0211805739273605
TRES-5,TRES-5__2026-09-01,314,71,-2.0688598428307574,-0.9536435518145662,612.5,93.77549174795894,2.192,335,0.8388059701492537,2.6967963921627147,0.2238016875674055,-0.9438229209994331
TRES-5,TRES-5__2026-09-04,385,56,-0.23018735462082307,-0.9565117596326396,3946.0,9.211236159119215,2.192,450,0.8066666666666666,1.757376496727763,0.18400955907077746,-0.10501247929782073
TRES-5,TRES-5__2026-09-01,305,74,-0.49366674182514225,-0.9673170583488635,2462.75,23.419498775607845,2.192,335,0.8417910447761194,2.6967963921627147,0.2238016875674055,-0.22521292966475465
TRES-5,TRES-5__2026-09-04,626,56,-0.8230089995331421,-0.9703961212995369,831.0,33.29395882079376,2.192,450,0.8088888888888889,1.757376496727763,0.18400955907077746,-0.37546031000599545
TRES-5,TRES-5__2026-09-04,1238,56,-0.5087158551404083,-0.9705502362457401,4069.0,21.01128486176173,2.192,450,0.8111111111111111,1.757376496727763,0.18400955907077746,-0.2320784010677045
TRES-5,TRES-5__2026-08-29,300,73,-0.2439731684326676,-0.9722224201669485,5045.0,11.054294814421702,2.192,241,0.8174273858921162,2.34732511070012,0.09874798066907436,-0.11130162793461111
TRES-5,TRES-5__2026-09-04,1012,48,-3.216774692717386,-0.9764656572109826,585.25,116.03046551488745,2.192,450,0.8133333333333334,1.757376496727763,0.18400955907077746,-1.467506702882019
TRES-5,TRES-5__2026-08-29,321,73,-0.6974739020539903,-0.977916216367021,1427.0,30.52489327009722,2.192,241,0.8215767634854771,2.34732511070012,0.09874798066907436,-0.31819064874725833
TRES-5,TRES-5__2026-08-26,197,74,-1.0814867399564088,-0.9851862464298996,742.5,47.77392243784291,2.192,225,0.7911111111111111,1.8881783586794032,-0.06514002558174027,-0.49337898720639084
TRES-5,TRES-5__2026-09-04,681,54,-1.7943917760941657,-0.9860472151057538,416.25,66.04612771568357,2.192,450,0.8155555555555556,1.757376496727763,0.18400955907077746,-0.8186093869042725
TRES-5,TRES-5__2026-08-26,49,74,-0.16788548621952015,-0.9907038434788487,6895.5,7.37673181236541,2.192,225,0.7955555555555556,1.8881783586794032,-0.06514002558174027,-0.07659009407824824
TRES-5,TRES-5__2026-09-01,285,74,-0.6243245104691874,-0.9935330873088175,1743.25,29.077834560906783,2.192,335,0.844776119402985,2.6967963921627147,0.2238016875674055,-0.28481957594397234
TRES-5,TRES-5__2026-08-26,171,74,-1.185912048999438,-0.994703005758328,772.5,52.374153049747704,2.192,225,0.8,1.8881783586794032,-0.06514002558174027,-0.5410182705289406
TRES-5,TRES-5__2026-09-04,519,55,-2.4128619465703403,-0.9986772517560827,283.0,91.53082969021283,2.192,450,0.8177777777777778,1.757376496727763,0.18400955907077746,-1.1007581873039873
TRES-5,TRES-5__2026-09-04,991,54,-3.212214428448401,-0.9999392760215292,221.5,113.62107007769325,2.192,450,0.82,1.757376496727763,0.18400955907077746,-1.465426290350548
TRES-5,TRES-5__2026-08-29,378,73,-0.9643073648896969,-1.0007361453937211,895.0,42.1466586433491,2.192,241,0.8257261410788381,2.34732511070012,0.09874798066907436,-0.4399212431066135
TRES-5,TRES-5__2026-08-17,428,52,-0.2702833729779694,-1.0066579400025641,3089.25,9.909853999426101,2.192,220,0.8409090909090909,3.061041116275965,0.3416575141851451,-0.12330445847535099
TRES-5,TRES-5__2026-09-01,401,53,-3.6427175531291165,-1.0096825333047632,234.5,131.32982510235453,2.192,335,0.8477611940298507,2.6967963921627147,0.2238016875674055,-1.6618237012450348
TRES-5,TRES-5__2026-08-26,295,74,-1.037752149294947,-1.013748918099354,834.5,41.97194925611128,2.192,225,0.8044444444444444,1.8881783586794032,-0.06514002558174027,-0.4734270754082787
TRES-5,TRES-5__2026-09-01,539,58,-2.6099051787774386,-1.0163147994844395,281.75,98.39246103568705,2.192,335,0.8507462686567164,2.6967963921627147,0.2238016875674055,-1.1906501727999264
TRES-5,TRES-5__2026-09-04,820,56,-0.7045431313705175,-1.016457022841714,1105.5,26.786842162973606,2.192,450,0.8222222222222222,1.757376496727763,0.18400955907077746,-0.3214156621215864
TRES-5,TRES-5__2026-09-04,528,55,-1.3478254409790213,-1.0174642962390597,496.5,49.505086792842654,2.192,450,0.8244444444444444,1.757376496727763,0.18400955907077746,-0.6148838690597724
TRES-5,TRES-5__2026-09-04,1235,54,-1.8780176090314726,-1.0211941808925842,398.5,65.328670452748,2.192,450,0.8266666666666667,1.757376496727763,0.18400955907077746,-0.8567598581347958
TRES-5,TRES-5__2026-08-17,118,52,-2.4660583851961198,-1.0224609774117819,375.75,91.55974800178967,2.192,220,0.8454545454545455,3.061041116275965,0.3416575141851451,-1.1250266355821714
TRES-5,TRES-5__2026-09-04,1084,56,-0.5102878250028156,-1.023940158391688,2459.75,20.671697627525678,2.192,450,0.8288888888888889,1.757376496727763,0.18400955907077746,-0.23279554060347424
TRES-5,TRES-5__2026-09-04,1265,56,-0.534679906772762,-1.0390828996485244,3396.25,21.702852922274083,2.192,450,0.8311111111111111,1.757376496727763,0.18400955907077746,-0.24392331513355928
TRES-5,TRES-5__2026-08-26,34,74,-0.4049963853451853,-1.0425019664934325,2754.0,17.280779796042093,2.192,225,0.8088888888888889,1.8881783586794032,-0.06514002558174027,-0.18476112470127065
TRES-5,TRES-5__2026-09-04,521,56,-0.4733796143370894,-1.0453319043936766,30378.0,17.559387157469967,2.192,450,0.8333333333333334,1.757376496727763,0.18400955907077746,-0.21595785325597144
TRES-5,TRES-5__2026-09-04,1301,56,-0.7871873735575146,-1.0505197369110666,1019.5,30.369462417006638,2.192,450,0.8355555555555556,1.757376496727763,0.18400955907077746,-0.3591183273528807
TRES-5,TRES-5__2026-08-17,269,52,-0.8404452790732634,-1.0512437750694237,1119.0,27.404970720949137,2.192,220,0.85,3.061041116275965,0.3416575141851451,-0.3834148170954668
TRES-5,TRES-5__2026-09-04,848,56,-0.39631271018357866,-1.0635443836686471,6580.0,15.814327190864557,2.192,450,0.8377777777777777,1.757376496727763,0.18400955907077746,-0.18079959406185156
TRES-5,TRES-5__2026-09-04,1004,54,-1.7306022370039937,-1.0640147463787761,422.0,64.15232133980192,2.192,450,0.84,1.757376496727763,0.18400955907077746,-0.7895083198010919
TRES-5,TRES-5__2026-08-20,97,62,-2.0705127510177395,-1.0689920623783014,2825.25,67.69468786596242,2.192,12,0.25,-0.7067483401852195,-1.5075435014104457,-0.9445769849533482
TRES-5,TRES-5__2026-08-17,179,52,-1.2963422687451671,-1.0700998022259607,520.75,48.83169347365458,2.192,220,0.8545454545454545,3.061041116275965,0.3416575141851451,-0.5913970204129412
TRES-5,TRES-5__2026-09-01,338,74,-0.827927616588907,-1.0726243272923526,1292.25,34.160439674088366,2.192,335,0.8537313432835821,2.6967963921627147,0.2238016875674055,-0.37770420464822396
TRES-5,TRES-5__2026-09-01,79,74,-0.5454569379064534,-1.0739744715256914,2800.25,24.46558997573545,2.192,335,0.8567164179104477,2.6967963921627147,0.2238016875674055,-0.24883984393542583
TRES-5,TRES-5__2026-08-26,314,74,-0.6661969311283392,-1.074351423295889,1501.5,26.554232728086326,2.192,225,0.8133333333333334,1.8881783586794032,-0.06514002558174027,-0.3039219576315416
TRES-5,TRES-5__2026-09-04,1211,56,-0.556999750320947,-1.075731609073329,2927.5,21.634006234618795,2.192,450,0.8422222222222222,1.757376496727763,0.18400955907077746,-0.2541057255113809
TRES-5,TRES-5__2026-08-26,372,74,-0.38973566000519877,-1.0763585410499665,3023.75,15.407872497355926,2.192,225,0.8177777777777778,1.8881783586794032,-0.06514002558174027,-0.17779911496587533
TRES-5,TRES-5__2026-08-17,296,52,-1.154988074642718,-1.0780850338445158,735.75,37.87357242228085,2.192,220,0.8590909090909091,3.061041116275965,0.3416575141851451,-0.5269106179939406
TRES-5,TRES-5__2026-08-26,33,52,-2.4934059376903353,-1.0791800178651612,353.0,88.35488647173472,2.192,225,0.8222222222222222,1.8881783586794032,-0.06514002558174027,-1.1375027088003353
TRES-5,TRES-5__2026-09-04,862,54,-6.802324112169229,-1.082627611858085,560.75,243.28117357022262,2.192,450,0.8444444444444444,1.757376496727763,0.18400955907077746,-3.1032500511720933
TRES-5,TRES-5__2026-08-26,334,74,-0.1370708657852663,-1.0850897321571822,13083.5,5.435076543746419,2.192,225,0.8266666666666667,1.8881783586794032,-0.06514002558174027,-0.06253232928159959
TRES-5,TRES-5__2026-08-29,175,73,-1.3136759257888424,-1.0913609417369114,785.0,51.846197853917126,2.192,241,0.8298755186721992,2.34732511070012,0.09874798066907436,-0.5993047106700923
TRES-5,TRES-5__2026-08-17,411,52,-0.30976145753300716,-1.1056551189993784,5175.5,9.705179125264154,2.192,220,0.8636363636363636,3.061041116275965,0.3416575141851451,-0.1413145335460799
TRES-5,TRES-5__2026-09-04,775,53,-3.1072451814579067,-1.1109904167040554,242.0,98.84547968747911,2.192,450,0.8466666666666667,1.757376496727763,0.18400955907077746,-1.4175388601541543
TRES-5,TRES-5__2026-08-26,184,74,-1.8628536538131888,-1.1120333565388965,584.5,73.75114549800983,2.192,225,0.8311111111111111,1.8881783586794032,-0.06514002558174027,-0.8498419953527321
TRES-5,TRES-5__2026-09-01,138,67,-4.833638166872777,-1.112278757405559,665.0,183.674426157323,2.192,335,0.8597014925373134,2.6967963921627147,0.2238016875674055,-2.2051269009456096
TRES-5,TRES-5__2026-09-01,313,68,-2.1402028497818755,-1.116822032316374,433.5,80.3613998106059,2.192,335,0.8626865671641791,2.6967963921627147,0.2238016875674055,-0.9763699132216584
TRES-5,TRES-5__2026-09-01,326,67,-1.9694672098841397,-1.119969069289225,684.5,74.90292430426628,2.192,335,0.8656716417910447,2.6967963921627147,0.2238016875674055,-0.8984795665529833
TRES-5,TRES-5__2026-08-17,471,52,-0.41309776110267715,-1.120283848782491,2286.0,13.738075898214012,2.192,220,0.8681818181818182,3.061041116275965,0.3416575141851451,-0.1884570078023162
TRES-5,TRES-5__2026-09-04,1014,54,-2.3820514408057054,-1.1204064628120607,420.0,84.09281534408234,2.192,450,0.8488888888888889,1.757376496727763,0.18400955907077746,-1.0867022996376392
TRES-5,TRES-5__2026-09-01,33,51,-1.3245393301118644,-1.1249662120719512,856.5,44.47662599290018,2.192,335,0.8686567164179104,2.6967963921627147,0.2238016875674055,-0.6042606432992081
TRES-5,TRES-5__2026-09-01,553,55,-2.683316057454323,-1.1367409278912088,332.0,82.21614147636915,2.192,335,0.8716417910447761,2.6967963921627147,0.2238016875674055,-1.2241405371598189
TRES-5,TRES-5__2026-09-04,1291,56,-0.9509876902897652,-1.1372960849255749,826.75,32.91594549115796,2.192,450,0.8511111111111112,1.757376496727763,0.18400955907077746,-0.43384474921978333
TRES-5,TRES-5__2026-09-04,1079,55,-1.6755430263276665,-1.1381906860258875,469.0,54.80916593888755,2.192,450,0.8533333333333334,1.757376496727763,0.18400955907077746,-0.7643900667553223
TRES-5,TRES-5__2026-08-29,106,73,-3.0740440325522047,-1.1424038051829366,344.0,113.8629575970583,2.192,241,0.8340248962655602,2.34732511070012,0.09874798066907436,-1.4023923506168816
TRES-5,TRES-5__2026-08-29,98,64,-3.2974632428820483,-1.1458720986927196,316.5,112.96755226274281,2.192,241,0.8381742738589212,2.34732511070012,0.09874798066907436,-1.5043171728476497
TRES-5,TRES-5__2026-08-17,31,52,-1.8992301497851218,-1.1549993970201133,514.5,65.67967763845084,2.192,220,0.8727272727272727,3.061041116275965,0.3416575141851451,-0.8664371121282489
TRES-5,TRES-5__2026-09-04,893,55,-1.8562397781308415,-1.156500196038652,389.5,62.13104279683934,2.192,450,0.8555555555555555,1.757376496727763,0.18400955907077746,-0.8468247163005663
TRES-5,TRES-5__2026-08-29,217,73,-2.076913743171342,-1.1640269765249327,470.5,76.35196736451697,2.192,241,0.8423236514522822,2.34732511070012,0.09874798066907436,-0.947497145607364
TRES-5,TRES-5__2026-08-17,247,52,-1.7942303478040957,-1.166370758701556,431.5,56.22801496546869,2.192,220,0.8772727272727273,3.061041116275965,0.3416575141851451,-0.8185357426113575
TRES-5,TRES-5__2026-08-29,155,67,-2.6131850631831424,-1.1665677276594881,411.0,92.8490754486978,2.192,241,0.8464730290456431,2.34732511070012,0.09874798066907436,-1.1921464704302656
TRES-5,TRES-5__2026-09-04,788,54,-1.9930346162123198,-1.1691331378049963,367.0,62.21895655490501,2.192,450,0.8577777777777778,1.757376496727763,0.18400955907077746,-0.9092311205348174
TRES-5,TRES-5__2026-09-04,1240,43,-6.0981118763722355,-1.1709433211206637,152.0,168.7351299866103,2.192,450,0.86,1.757376496727763,0.18400955907077746,-2.7819853450603262
TRES-5,TRES-5__2026-08-17,193,52,-2.6537492220017405,-1.1728065397673593,398.5,86.24323784423738,2.192,220,0.8818181818181818,3.061041116275965,0.3416575141851451,-1.2106520173365602
TRES-5,TRES-5__2026-08-26,336,74,-0.4827890881414252,-1.174141818566137,2418.5,17.541053146263014,2.192,225,0.8355555555555556,1.8881783586794032,-0.06514002558174027,-0.22025049641488373
TRES-5,TRES-5__2026-09-04,1234,56,-0.9974375563974857,-1.175883248325962,893.25,34.20901530998073,2.192,450,0.8622222222222222,1.757376496727763,0.18400955907077746,-0.45503538156819595
TRES-5,TRES-5__2026-09-04,1154,49,-3.0448098656265006,-1.1768092867200592,214.0,96.62499070316088,2.192,450,0.8644444444444445,1.757376496727763,0.18400955907077746,-1.3890555956325275
TRES-5,TRES-5__2026-08-17,153,52,-0.24977711951401077,-1.1768612371659204,4273.25,8.430806456207465,2.192,220,0.8863636363636364,3.061041116275965,0.3416575141851451,-0.11394941583668373
TRES-5,TRES-5__2026-08-26,228,74,-0.5083640043929348,-1.1783125437307982,2197.0,18.549035587575446,2.192,225,0.84,1.8881783586794032,-0.06514002558174027,-0.23191788521575493
TRES-5,TRES-5__2026-09-01,318,73,-1.0094241784203868,-1.1836693946268546,1044.0,38.942833883010735,2.192,335,0.8746268656716418,2.6967963921627147,0.2238016875674055,-0.4605037310311983
TRES-5,TRES-5__2026-09-04,447,54,-2.7561344613815275,-1.1856190997901495,273.0,86.49240387446378,2.192,450,0.8666666666666667,1.757376496727763,0.18400955907077746,-1.2573606119441274
TRES-5,TRES-5__2026-09-04,851,56,-1.390454325250693,-1.1869137925921776,537.0,46.08759259291147,2.192,450,0.8688888888888889,1.757376496727763,0.18400955907077746,-0.6343313527603526
TRES-5,TRES-5__2026-08-29,173,73,-1.5129648025151836,-1.187130014971245,935.0,53.24912482401925,2.192,241,0.8506224066390041,2.34732511070012,0.09874798066907436,-0.6902211690306495
TRES-5,TRES-5__2026-08-29,179,70,-2.248599970505517,-1.1878824686493912,452.5,81.64838814791828,2.192,241,0.8547717842323651,2.34732511070012,0.09874798066907436,-1.0258211544276992
TRES-5,TRES-5__2026-08-29,107,72,-2.1303279850971264,-1.190495236066568,522.5,74.85862208174626,2.192,241,0.8589211618257261,2.34732511070012,0.09874798066907436,-0.9718649567048934
TRES-5,TRES-5__2026-08-26,84,74,-1.1697845177272064,-1.1925742789322882,967.5,42.25253547599904,2.192,225,0.8444444444444444,1.8881783586794032,-0.06514002558174027,-0.5336608201310248
TRES-5,TRES-5__2026-09-01,374,74,-0.5073342655767982,-1.2081664507639052,5296.75,20.539449634199915,2.192,335,0.8776119402985074,2.6967963921627147,0.2238016875674055,-0.23144811385802835
TRES-5,TRES-5__2026-09-01,481,65,-2.5816779357459656,-1.2086066219637706,400.0,86.98616810092967,2.192,335,0.8805970149253731,2.6967963921627147,0.2238016875674055,-1.1777727809060061
TRES-5,TRES-5__2026-09-04,1185,56,-0.7911546055777372,-1.2125033304770434,1782.25,26.423160271715158,2.192,450,0.8711111111111111,1.757376496727763,0.18400955907077746,-0.36092819597524506
TRES-5,TRES-5__2026-09-04,1315,56,-0.7660585280435093,-1.2146843426756864,1678.25,25.830099272975367,2.192,450,0.8733333333333333,1.757376496727763,0.18400955907077746,-0.34947925549430164
TRES-5,TRES-5__2026-09-01,361,74,-0.3860739751106993,-1.2160091791997956,14346.25,15.645270515177351,2.192,335,0.8835820895522388,2.6967963921627147,0.2238016875674055,-0.1761286382804285
TRES-5,TRES-5__2026-08-20,141,62,-1.6794372769850254,-1.2206299426789997,2869.5,47.86748243826315,2.192,12,0.3333333333333333,-0.7067483401852195,-1.5075435014104457,-0.7661666409603217
TRES-5,TRES-5__2026-09-04,1144,56,-0.702351160520435,-1.2214074912628596,1745.0,23.363885329130376,2.192,450,0.8755555555555555,1.757376496727763,0.18400955907077746,-0.32041567541990645
TRES-5,TRES-5__2026-08-29,388,73,-1.3696530465348535,-1.224660939848676,844.0,48.8152924099782,2.192,241,0.8630705394190872,2.34732511070012,0.09874798066907436,-0.6248417183096959
TRES-5,TRES-5__2026-09-04,1262,54,-2.4624739296179774,-1.2289352575085586,310.25,76.58599264852242,2.192,450,0.8777777777777778,1.757376496727763,0.18400955907077746,-1.1233913912490772
TRES-5,TRES-5__2026-08-17,219,52,-0.6751175405394637,-1.2346916395215037,1528.25,20.285508031308275,2.192,220,0.8909090909090909,3.061041116275965,0.3416575141851451,-0.307991578713259
TRES-5,TRES-5__2026-09-04,1214,55,-2.0219406831815014,-1.2352341338979118,481.0,63.612593265429396,2.192,450,0.88,1.757376496727763,0.18400955907077746,-0.9224181948820718
TRES-5,TRES-5__2026-09-01,370,69,-2.6372678707614026,-1.2367796674258036,389.0,93.09437846470048,2.192,335,0.8865671641791045,2.6967963921627147,0.2238016875674055,-1.2031331527196178
TRES-5,TRES-5__2026-09-04,1237,52,-1.2274614232727679,-1.242366354955906,1742.0,42.610337666738616,2.192,450,0.8822222222222222,1.757376496727763,0.18400955907077746,-0.5599732770404963
TRES-5,TRES-5__2026-09-04,1357,48,-3.6018176796910604,-1.2426362048083823,251.125,99.72990541671639,2.192,450,0.8844444444444445,1.757376496727763,0.18400955907077746,-1.6431649998590603
TRES-5,TRES-5__2026-08-26,138,74,-0.4883681295012663,-1.2438119059720347,2336.5,17.602923636607773,2.192,225,0.8488888888888889,1.8881783586794032,-0.06514002558174027,-0.22279567951700102
TRES-5,TRES-5__2026-08-26,240,73,-2.456514753284951,-1.2443910101946352,505.0,83.14078124000676,2.192,225,0.8533333333333334,1.8881783586794032,-0.06514002558174027,-1.1206727889073682
TRES-5,TRES-5__2026-09-04,1321,53,-2.6240970585811296,-1.2516891848734342,320.0,77.16239979995481,2.192,450,0.8866666666666667,1.757376496727763,0.18400955907077746,-1.1971245705205882
TRES-5,TRES-5__2026-08-26,142,74,-0.7121116228702954,-1.2538853262445333,1577.0,24.358722277549752,2.192,225,0.8577777777777778,1.8881783586794032,-0.06514002558174027,-0.3248684410904632
TRES-5,TRES-5__2026-09-04,1159,56,-0.3755150205796198,-1.2561240256881119,5608.0,12.495887026792635,2.192,450,0.8888888888888888,1.757376496727763,0.18400955907077746,-0.17131159697975354
TRES-5,TRES-5__2026-08-29,181,73,-3.097823662313013,-1.2568992782707764,519.0,109.72800004729129,2.192,241,0.8672199170124482,2.34732511070012,0.09874798066907436,-1.4132407218581262
TRES-5,TRES-5__2026-09-01,302,74,-0.925686773961068,-1.2582575732951113,27852.0,34.19759702940055,2.192,335,0.8895522388059701,2.6967963921627147,0.2238016875674055,-0.4223023603836989
TRES-5,TRES-5__2026-09-04,949,54,-4.369197432442407,-1.2583565374056982,375.25,133.23661270362965,2.192,450,0.8911111111111111,1.757376496727763,0.18400955907077746,-1.993247003851463
TRES-5,TRES-5__2026-08-20,14,59,-2.274471191093134,-1.2592314641544942,1627.5,60.95511030741523,2.192,12,0.4166666666666667,-0.7067483401852195,-1.5075435014104457,-1.0376237185643857
TRES-5,TRES-5__2026-09-04,1190,55,-2.2517191744742324,-1.2685472759326888,645.0,62.693237356998836,2.192,450,0.8933333333333333,1.757376496727763,0.18400955907077746,-1.0272441489389745
TRES-5,TRES-5__2026-08-17,29,52,-0.3056566618571261,-1.2741886206410566,4655.5,9.595146645147137,2.192,220,0.8954545454545455,3.061041116275965,0.3416575141851451,-0.13944190778153562
TRES-5,TRES-5__2026-08-17,42,52,-1.4650249336213177,-1.2782226496394145,813.25,43.31118939419109,2.192,220,0.9,3.061041116275965,0.3416575141851451,-0.6683507908856375
TRES-5,TRES-5__2026-08-26,35,66,-2.584062474262525,-1.2816313755035067,484.0,75.44709896880667,2.192,225,0.8622222222222222,1.8881783586794032,-0.06514002558174027,-1.178860617820495
TRES-5,TRES-5__2026-09-04,678,53,-3.7071416018819567,-1.3008650396344488,284.0,103.87266265815303,2.192,450,0.8955555555555555,1.757376496727763,0.18400955907077746,-1.691214234435199
TRES-5,TRES-5__2026-08-26,324,74,-0.9536996574496278,-1.302120608971537,1785.0,28.683995636413165,2.192,225,0.8666666666666667,1.8881783586794032,-0.06514002558174027,-0.43508196051534115
TRES-5,TRES-5__2026-08-26,374,67,-1.9772137843815571,-1.3036161208857657,488.0,61.170563165650435,2.192,225,0.8711111111111111,1.8881783586794032,-0.06514002558174027,-0.9020135877653088
TRES-5,TRES-5__2026-08-29,67,62,-3.7125022525568845,-1.3068555808466025,334.0,111.00467718380612,2.192,241,0.8713692946058091,2.34732511070012,0.09874798066907436,-1.6936597867504033
TRES-5,TRES-5__2026-08-17,132,52,-0.22707187222205058,-1.3192625324075362,17686.0,6.613737182089807,2.192,220,0.9045454545454545,3.061041116275965,0.3416575141851451,-0.10359118258305226
TRES-5,TRES-5__2026-08-26,40,72,-3.1645547295009053,-1.3196573072185074,337.5,102.52260021865254,2.192,225,0.8755555555555555,1.8881783586794032,-0.06514002558174027,-1.4436837269620917
TRES-5,TRES-5__2026-09-04,1133,54,-3.4214240333327117,-1.321040146356009,252.0,97.81991836466818,2.192,450,0.8977777777777778,1.757376496727763,0.18400955907077746,-1.5608686283452151
TRES-5,TRES-5__2026-08-26,177,52,-4.699955681285087,-1.3252688814465252,347.0,132.4099541474135,2.192,225,0.88,1.8881783586794032,-0.06514002558174027,-2.1441403655497657
TRES-5,TRES-5__2026-08-26,316,74,-1.7871809752917107,-1.3386728205610918,675.5,56.558739756079454,2.192,225,0.8844444444444445,1.8881783586794032,-0.06514002558174027,-0.8153197879980432
TRES-5,TRES-5__2026-08-26,73,74,-1.4706431195123086,-1.3418248192723023,700.0,48.64902436860109,2.192,225,0.8888888888888888,1.8881783586794032,-0.06514002558174027,-0.6709138318943013
TRES-5,TRES-5__2026-08-29,245,73,-1.3385855489698906,-1.3439616926638425,1121.0,43.98814162633104,2.192,241,0.8755186721991701,2.34732511070012,0.09874798066907436,-0.6106685898585267
TRES-5,TRES-5__2026-09-01,126,74,-0.9574021105809464,-1.3475331993589363,1840.0,34.833575192845984,2.192,335,0.8925373134328358,2.6967963921627147,0.2238016875674055,-0.43677103584897187
TRES-5,TRES-5__2026-08-26,366,73,-1.4613074310465934,-1.3524627784552672,1081.0,46.96853079442181,2.192,225,0.8933333333333333,1.8881783586794032,-0.06514002558174027,-0.6666548499300152
TRES-5,TRES-5__2026-09-04,1263,56,-0.6604854051004385,-1.3560478444239188,1823.125,19.309127781782458,2.192,450,0.9,1.757376496727763,0.18400955907077746,-0.3013163344436307
TRES-5,TRES-5__2026-08-29,89,73,-0.41523112557819786,-1.3560919572083072,6698.0,13.842002339837236,2.192,241,0.8796680497925311,2.34732511070012,0.09874798066907436,-0.18943025801925084
TRES-5,TRES-5__2026-08-26,95,74,-2.595575355356555,-1.3602857119157525,471.0,82.90868892296207,2.192,225,0.8977777777777778,1.8881783586794032,-0.06514002558174027,-1.1841128445969684
TRES-5,TRES-5__2026-09-01,451,63,-2.681443435286774,-1.3638886058999868,421.0,78.49758962206197,2.192,335,0.8955223880597015,2.6967963921627147,0.2238016875674055,-1.223286238725718
TRES-5,TRES-5__2026-09-04,1311,53,-4.1479530162336,-1.3681918583919208,212.0,111.37008208574416,2.192,450,0.9022222222222223,1.757376496727763,0.18400955907077746,-1.8923143322233573
TRES-5,TRES-5__2026-09-01,144,74,-2.410956171878551,-1.3729955432767418,984.75,83.88877648320303,2.192,335,0.8985074626865671,2.6967963921627147,0.2238016875674055,-1.0998887645431346
TRES-5,TRES-5__2026-08-29,265,53,-4.454263921594888,-1.3804521933132654,1300.0,116.06017359192921,2.192,241,0.8838174273858921,2.34732511070012,0.09874798066907436,-2.0320547087567915
TRES-5,TRES-5__2026-08-29,418,72,-1.431111938472186,-1.3889405198313982,957.0,43.86069656578681,2.192,241,0.8879668049792531,2.34732511070012,0.09874798066907436,-0.6528795339745374
TRES-5,TRES-5__2026-08-29,137,73,-4.026013711248172,-1.3982660127260518,2935.0,116.476009862495,2.192,241,0.8921161825726142,2.34732511070012,0.09874798066907436,-1.8366850872482536
TRES-5,TRES-5__2026-09-04,1040,56,-1.3687455980068304,-1.4153819739945441,858.5,38.9563398303558,2.192,450,0.9044444444444445,1.757376496727763,0.18400955907077746,-0.6244277363169846
TRES-5,TRES-5__2026-09-04,1163,56,-0.40921688011809715,-1.4157686302005479,12892.5,12.168188050155642,2.192,450,0.9066666666666666,1.757376496727763,0.18400955907077746,-0.18668653290059176
TRES-5,TRES-5__2026-08-26,249,74,-0.7044468356083,-1.420807401254601,1707.5,21.039915109123918,2.192,225,0.9022222222222223,1.8881783586794032,-0.06514002558174027,-0.32137173157312954
TRES-5,TRES-5__2026-08-29,416,72,-0.3205510270047293,-1.4219039628364216,4949.5,9.88718507738776,2.192,241,0.8962655601659751,2.34732511070012,0.09874798066907436,-0.14623678239266846
TRES-5,TRES-5__2026-09-04,1181,53,-3.520390360594303,-1.4262587267114735,243.5,94.35660641779532,2.192,450,0.9088888888888889,1.757376496727763,0.18400955907077746,-1.6060175002711237
TRES-5,TRES-5__2026-08-29,379,73,-1.1770004988396285,-1.429067353714688,1206.0,35.60027296046631,2.192,241,0.9004149377593361,2.34732511070012,0.09874798066907436,-0.5369527823173488
TRES-5,TRES-5__2026-09-01,292,74,-0.7733148263354316,-1.4575582321699685,1669.25,24.7464771516362,2.192,335,0.9014925373134328,2.6967963921627147,0.2238016875674055,-0.35278961055448516
TRES-5,TRES-5__2026-08-29,377,73,-1.1289125643859688,-1.4605095248216085,1122.0,34.118621588174406,2.192,241,0.9045643153526971,2.34732511070012,0.09874798066907436,-0.5150148560154967
TRES-5,TRES-5__2026-08-29,375,73,-1.6081950509839138,-1.4613980649761495,798.0,47.656806115455566,2.192,241,0.9087136929460581,2.34732511070012,0.09874798066907436,-0.7336656254488657
TRES-5,TRES-5__2026-08-26,91,74,-0.31059273607860205,-1.461776874416036,4754.5,8.876554403994593,2.192,225,0.9066666666666666,1.8881783586794032,-0.06514002558174027,-0.14169376645921625
TRES-5,TRES-5__2026-09-04,1251,56,-1.0706737751310567,-1.4619250350039212,1565.75,28.68118041943864,2.192,450,0.9111111111111111,1.757376496727763,0.18400955907077746,-0.48844606529701484
TRES-5,TRES-5__2026-09-01,266,74,-1.2687729628226827,-1.4626693480569635,1168.25,40.426496998184234,2.192,335,0.9044776119402985,2.6967963921627147,0.2238016875674055,-0.578819782309618
TRES-5,TRES-5__2026-09-01,488,59,-3.385298471304876,-1.4659356985254384,329.5,88.49739662504817,2.192,335,0.9074626865671642,2.6967963921627147,0.2238016875674055,-1.5443879887339762
TRES-5,TRES-5__2026-08-26,193,74,-0.34886080386203416,-1.4769259996205635,6326.5,10.183328333754151,2.192,225,0.9111111111111111,1.8881783586794032,-0.06514002558174027,-0.15915182657939514
TRES-5,TRES-5__2026-09-04,381,53,-3.7803935704652853,-1.4814392984131106,222.0,95.17376449976985,2.192,450,0.9133333333333333,1.757376496727763,0.18400955907077746,-1.724632103314455
TRES-5,TRES-5__2026-08-20,71,66,-6.1887935553654305,-1.4857971123636067,20020.75,154.5015005323289,2.192,12,0.5,-0.7067483401852195,-1.5075435014104457,-2.823354724163061
TRES-5,TRES-5__2026-09-01,431,68,-2.6492584223952607,-1.4898127157665286,356.75,74.12541332606834,2.192,335,0.9104477611940298,2.6967963921627147,0.2238016875674055,-1.2086032948883487
TRES-5,TRES-5__2026-09-04,1268,55,-2.528152334145416,-1.4907146445506687,473.0,67.05895122453633,2.192,450,0.9155555555555556,1.757376496727763,0.18400955907077746,-1.1533541670371423
TRES-5,TRES-5__2026-08-26,337,74,-1.6978483821669146,-1.4939559318607178,794.5,50.44584621136794,2.192,225,0.9155555555555556,1.8881783586794032,-0.06514002558174027,-0.7745658677768771
TRES-5,TRES-5__2026-09-01,307,71,-2.756241655488888,-1.497245019587985,461.5,79.46228611913295,2.192,335,0.9134328358208955,2.6967963921627147,0.2238016875674055,-1.2574095143653685
TRES-5,TRES-5__2026-09-04,1257,54,-2.3724037484554397,-1.5048414474086274,384.75,57.90662743025536,2.192,450,0.9177777777777778,1.757376496727763,0.18400955907077746,-1.0823009801347807
TRES-5,TRES-5__2026-09-01,193,68,-2.2898559882315443,-1.5102517880565325,463.75,63.199676935941156,2.192,335,0.9164179104477612,2.6967963921627147,0.2238016875674055,-1.0446423303976022
TRES-5,TRES-5__2026-09-04,1180,56,-0.7998262333934201,-1.5164432905523308,1963.0,21.233674386158707,2.192,450,0.92,1.757376496727763,0.18400955907077746,-0.3648842305626916
TRES-5,TRES-5__2026-08-29,354,58,-3.2107551219161654,-1.5166251040299261,465.5,81.57487297398202,2.192,241,0.9128630705394191,2.34732511070012,0.09874798066907436,-1.4647605483194184
TRES-5,TRES-5__2026-09-04,1177,54,-4.355558310886419,-1.5172404239594188,255.25,109.835443299329,2.192,450,0.9222222222222223,1.757376496727763,0.18400955907077746,-1.9870247768642422
TRES-5,TRES-5__2026-08-17,383,52,-0.7815753335307762,-1.5211234969109777,1421.5,20.35415738877725,2.192,220,0.9090909090909091,3.061041116275965,0.3416575141851451,-0.3565580901144052
TRES-5,TRES-5__2026-09-01,528,60,-4.734685137180913,-1.522485520977532,251.0,119.51020493474108,2.192,335,0.9194029850746268,2.6967963921627147,0.2238016875674055,-2.159984095429248
TRES-5,TRES-5__2026-08-20,98,65,-4.666816102893633,-1.529289890457285,4199.0,112.33396339326325,2.192,12,0.5833333333333334,-0.7067483401852195,-1.5075435014104457,-2.129021944750745
TRES-5,TRES-5__2026-09-01,537,62,-2.6712155383136613,-1.5352164895657965,381.25,69.5177829792115,2.192,335,0.9223880597014925,2.6967963921627147,0.2238016875674055,-1.2186202273328746
TRES-5,TRES-5__2026-08-20,69,66,-8.794410945181324,-1.5410881233309763,11723.0,217.67153347931824,2.192,12,0.6666666666666666,-0.7067483401852195,-1.5075435014104457,-4.012048788860093
TRES-5,TRES-5__2026-08-17,351,52,-0.7976647014875277,-1.5437496112440308,40132.25,15.59594268755435,2.192,220,0.9136363636363637,3.061041116275965,0.3416575141851451,-0.3638981302406604
TRES-5,TRES-5__2026-08-26,125,74,-3.6349277614128406,-1.5456667179523398,401.5,100.14369041668101,2.192,225,0.92,1.8881783586794032,-0.06514002558174027,-1.6582699641481935
TRES-5,TRES-5__2026-08-29,63,70,-1.950342263468401,-1.5474258708817579,1215.0,55.78810621560911,2.192,241,0.91701244813278,2.34732511070012,0.09874798066907436,-0.8897546822392339
TRES-5,TRES-5__2026-09-01,289,74,-0.9936066466860426,-1.5506442687889084,2476.25,31.35129375012066,2.192,335,0.9253731343283582,2.6967963921627147,0.2238016875674055,-0.4532877037801289
TRES-5,TRES-5__2026-09-04,1202,55,-2.7031755147249803,-1.5672519332750723,513.5,65.87098057735858,2.192,450,0.9244444444444444,1.757376496727763,0.18400955907077746,-1.233200508542418
TRES-5,TRES-5__2026-08-29,341,73,-2.775170258362069,-1.5677626311667217,517.0,75.97506780042463,2.192,241,0.921161825726141,2.34732511070012,0.09874798066907436,-1.2660448258951045
TRES-5,TRES-5__2026-08-26,283,74,-3.247959463781739,-1.5814532316155936,498.0,89.3653061983755,2.192,225,0.9244444444444444,1.8881783586794032,-0.06514002558174027,-1.4817333320172166
TRES-5,TRES-5__2026-09-04,1085,53,-3.7852318180450837,-1.5960446047016077,246.0,88.98920861223681,2.192,450,0.9266666666666666,1.757376496727763,0.18400955907077746,-1.7268393330497642
TRES-5,TRES-5__2026-09-04,1157,56,-1.2004809205163012,-1.6143300055008043,1006.75,28.073998482677684,2.192,450,0.9288888888888889,1.757376496727763,0.18400955907077746,-0.5476646535202103
TRES-5,TRES-5__2026-08-17,33,52,-1.3364724579653902,-1.6147731237418255,830.25,30.413869239807283,2.192,220,0.9181818181818182,3.061041116275965,0.3416575141851451,-0.6097045884878605
TRES-5,TRES-5__2026-08-29,93,73,-1.6103254682028574,-1.6155240519989496,1140.0,44.51920356085718,2.192,241,0.9253112033195021,2.34732511070012,0.09874798066907436,-0.7346375311144422
TRES-5,TRES-5__2026-08-20,115,66,-5.708617253019454,-1.6182563344578367,4569.25,133.65969941905098,2.192,12,0.75,-0.7067483401852195,-1.5075435014104457,-2.6042961920709184
TRES-5,TRES-5__2026-08-26,217,74,-0.8683918483549589,-1.6392622684437417,2212.5,21.371802967174798,2.192,225,0.9288888888888889,1.8881783586794032,-0.06514002558174027,-0.3961641643955104
TRES-5,TRES-5__2026-09-04,1036,53,-4.367946449079265,-1.6433127028052903,283.0,95.30530779881205,2.192,450,0.9311111111111111,1.757376496727763,0.18400955907077746,-1.9926762997624383
TRES-5,TRES-5__2026-09-04,1258,56,-0.5372854705489548,-1.6468375998116234,14289.25,14.203561602858791,2.192,450,0.9333333333333333,1.757376496727763,0.18400955907077746,-0.24511198473948667
TRES-5,TRES-5__2026-08-29,123,73,-4.541248899420922,-1.648566393498164,888.0,120.12448984114748,2.192,241,0.9294605809128631,2.34732511070012,0.09874798066907436,-2.071737636597136
TRES-5,TRES-5__2026-09-01,382,73,-1.6788861545857676,-1.6519427679409893,829.0,46.99488446228822,2.192,335,0.9283582089552239,2.6967963921627147,0.2238016875674055,-0.7659152165081056
TRES-5,TRES-5__2026-09-01,114,69,-2.3416692073343004,-1.65352665018407,543.0,60.991949976092826,2.192,335,0.9313432835820895,2.6967963921627147,0.2238016875674055,-1.0682797478714874
TRES-5,TRES-5__2026-08-17,190,52,-0.9515055139407295,-1.655080777973883,1243.0,22.484494825636776,2.192,220,0.9227272727272727,3.061041116275965,0.3416575141851451,-0.4340809826371941
TRES-5,TRES-5__2026-08-17,55,52,-0.37446038228771655,-1.6563145050504395,6627.0,8.311286265042735,2.192,220,0.9272727272727272,3.061041116275965,0.3416575141851451,-0.17083046637213345
TRES-5,TRES-5__2026-08-17,28,52,-1.4809711259505918,-1.6612013967500723,1685.5,38.469795012769225,2.192,220,0.9318181818181818,3.061041116275965,0.3416575141851451,-0.6756255136635911
TRES-5,TRES-5__2026-08-17,541,52,-0.8164948220183321,-1.6678164875233836,1773.5,19.262619241978182,2.192,220,0.9363636363636364,3.061041116275965,0.3416575141851451,-0.37248851369449454
TRES-5,TRES-5__2026-08-29,348,73,-0.6724406029745251,-1.6685843116517294,2325.0,17.462091964164777,2.192,241,0.9336099585062241,2.34732511070012,0.09874798066907436,-0.30677034807231984
TRES-5,TRES-5__2026-09-04,1006,48,-6.260438286991985,-1.6694613571669064,557.0,135.48255751601002,2.192,450,0.9355555555555556,1.757376496727763,0.18400955907077746,-2.8560393645036424
TRES-5,TRES-5__2026-09-04,1269,54,-2.933218179415223,-1.6746544635638685,396.5,64.34377546135926,2.192,450,0.9377777777777778,1.757376496727763,0.18400955907077746,-1.3381469796602292
TRES-5,TRES-5__2026-09-04,983,54,-2.6536425998244795,-1.6980112347352982,455.25,58.5637989974388,2.192,450,0.94,1.757376496727763,0.18400955907077746,-1.2106033758323353
TRES-5,TRES-5__2026-09-01,383,74,-0.6003505909188556,-1.7112640708010045,11366.0,17.4675067137754,2.192,335,0.9343283582089552,2.6967963921627147,0.2238016875674055,-0.27388256884984286
TRES-5,TRES-5__2026-08-29,804,57,-3.273416576631144,-1.7226286337753145,1761.0,72.06130451314584,2.192,241,0.9377593360995851,2.34732511070012,0.09874798066907436,-1.4933469783901203
TRES-5,TRES-5__2026-09-01,335,74,-2.156169548022731,-1.7325910611706263,1208.25,61.37289257880336,2.192,335,0.9373134328358209,2.6967963921627147,0.2238016875674055,-0.9836539908862822
TRES-5,TRES-5__2026-08-29,364,54,-4.450837558276551,-1.7466628667887087,505.5,94.21822605718056,2.192,241,0.941908713692946,2.34732511070012,0.09874798066907436,-2.0304915868049958
TRES-5,TRES-5__2026-09-04,1097,53,-4.680591927793558,-1.7652160780491895,217.0,98.98930721593786,2.192,450,0.9422222222222222,1.757376496727763,0.18400955907077746,-2.1353065364021706
TRES-5,TRES-5__2026-09-01,233,72,-1.7601889159195565,-1.7667460511453044,754.75,45.2873693242929,2.192,335,0.9402985074626866,2.6967963921627147,0.2238016875674055,-0.8030058922990677
TRES-5,TRES-5__2026-08-17,63,52,-1.5303612366437447,-1.76912867568118,837.25,32.112173602676094,2.192,220,0.9409090909090909,3.061041116275965,0.3416575141851451,-0.6981574984688615
TRES-5,TRES-5__2026-08-29,131,72,-2.913766165921724,-1.7830843683204498,536.5,70.88766660319897,2.192,241,0.946058091286307,2.34732511070012,0.09874798066907436,-1.3292728859131953
TRES-5,TRES-5__2026-09-04,1156,56,-0.855525740483789,-1.7844539725953534,1677.625,18.56683496888578,2.192,450,0.9444444444444444,1.757376496727763,0.18400955907077746,-0.39029458963676505
TRES-5,TRES-5__2026-09-01,106,74,-3.968138014763354,-1.7867987659741524,1995.25,94.96926466980229,2.192,335,0.9432835820895522,2.6967963921627147,0.2238016875674055,-1.810281941041676
TRES-5,TRES-5__2026-09-01,254,71,-2.603433784161307,-1.787174351222661,458.0,65.38097188653065,2.192,335,0.9462686567164179,2.6967963921627147,0.2238016875674055,-1.1876978942341727
TRES-5,TRES-5__2026-08-20,45,66,-6.25105617885139,-1.7910616822214291,4085.25,131.28872404009547,2.192,12,0.8333333333333334,-0.7067483401852195,-1.5075435014104457,-2.8517592056803784
TRES-5,TRES-5__2026-09-01,464,59,-4.21621466350459,-1.7934264835441909,301.0,89.77845100821573,2.192,335,0.9492537313432836,2.6967963921627147,0.2238016875674055,-1.9234555946645024
TRES-5,TRES-5__2026-08-29,207,73,-0.8325892111882456,-1.8015886782834605,2266.0,20.205989411908938,2.192,241,0.950207468879668,2.34732511070012,0.09874798066907436,-0.379830844520185
TRES-5,TRES-5__2026-09-04,1082,54,-3.1783978144146854,-1.8178020426698258,376.0,65.61347657520751,2.192,450,0.9466666666666667,1.757376496727763,0.18400955907077746,-1.4499990029264074
TRES-5,TRES-5__2026-08-26,122,74,-1.1427797248543798,-1.831922790371925,1304.0,29.402238694107176,2.192,225,0.9333333333333333,1.8881783586794032,-0.06514002558174027,-0.5213411153532754
TRES-5,TRES-5__2026-08-26,167,74,-4.5026719182773896,-1.835720897451423,372.0,106.3314583548564,2.192,225,0.9377777777777778,1.8881783586794032,-0.06514002558174027,-2.054138648849174
TRES-5,TRES-5__2026-08-20,123,66,-5.570609541030793,-1.8364666018202704,9355.0,112.27212113536399,2.192,12,0.9166666666666666,-0.7067483401852195,-1.5075435014104457,-2.5413364694483542
TRES-5,TRES-5__2026-09-01,352,71,-2.3374900108706753,-1.8755461979205377,652.0,55.817076100094944,2.192,335,0.9522388059701492,2.6967963921627147,0.2238016875674055,-1.0663731801417313
TRES-5,TRES-5__2026-08-26,415,63,-3.7441345647648694,-1.8837624939036146,415.0,80.77050948708823,2.192,225,0.9422222222222222,1.8881783586794032,-0.06514002558174027,-1.70809058611536
TRES-5,TRES-5__2026-08-29,147,73,-3.4369035500137444,-1.8882567240254258,484.0,80.42510615182123,2.192,241,0.9543568464730291,2.34732511070012,0.09874798066907436,-1.567930451648606
TRES-5,TRES-5__2026-08-29,826,71,-3.0027069740214785,-1.888436022988662,603.0,67.98908039034714,2.192,241,0.9585062240663901,2.34732511070012,0.09874798066907436,-1.3698480720900905
TRES-5,TRES-5__2026-09-04,1099,52,-5.291195134513526,-1.8974576028250634,257.75,100.86831964013085,2.192,450,0.9488888888888889,1.757376496727763,0.18400955907077746,-2.4138663934824476
TRES-5,TRES-5__2026-09-04,315,53,-5.25253556653343,-1.9066022966205558,231.0,100.51584735182946,2.192,450,0.9511111111111111,1.757376496727763,0.18400955907077746,-2.3962297292579513
TRES-5,TRES-5__2026-09-01,656,58,-4.077594670123297,-1.9073131786027744,333.25,81.86533374513878,2.192,335,0.9552238805970149,2.6967963921627147,0.2238016875674055,-1.8602165465890952
TRES-5,TRES-5__2026-09-04,1158,55,-3.960892071675024,-1.9276917749106814,360.5,80.65822177037049,2.192,450,0.9533333333333334,1.757376496727763,0.18400955907077746,-1.8069763100707226
TRES-5,TRES-5__2026-09-01,191,68,-2.986829313429931,-1.938141864921854,2321.25,68.41942628035001,2.192,335,0.9582089552238806,2.6967963921627147,0.2238016875674055,-1.3626046137910268
TRES-5,TRES-5__2026-08-29,818,72,-1.0598696707448028,-1.9463621534985385,1792.5,23.745505251012524,2.192,241,0.9626556016597511,2.34732511070012,0.09874798066907436,-0.48351718555876033
TRES-5,TRES-5__2026-09-04,168,56,-7.916312826167565,-1.9504932234229797,3158.5,140.72723767970115,2.192,450,0.9555555555555556,1.757376496727763,0.18400955907077746,-3.611456581280823
TRES-5,TRES-5__2026-08-20,36,65,-7.245125124140733,-1.9531716713491034,3509.0,136.75916677423655,2.192,12,1.0,-0.7067483401852195,-1.5075435014104457,-3.3052578121079983
TRES-5,TRES-5__2026-08-26,80,74,-3.6971457231550686,-1.962783136169643,479.0,81.53897579277668,2.192,225,0.9466666666666667,1.8881783586794032,-0.06514002558174027,-1.6866540707824216
TRES-5,TRES-5__2026-08-26,243,74,-1.1237753576527554,-1.9735745497693655,1489.5,25.014274692552675,2.192,225,0.9511111111111111,1.8881783586794032,-0.06514002558174027,-0.5126712398050891
TRES-5,TRES-5__2026-08-17,89,52,-1.095940099420447,-1.9826512539256487,1594.25,20.266623123728564,2.192,220,0.9454545454545454,3.061041116275965,0.3416575141851451,-0.49997267309326954
TRES-5,TRES-5__2026-08-26,127,73,-4.954144835745812,-1.9951861374070723,343.0,108.79815757843949,2.192,225,0.9555555555555556,1.8881783586794032,-0.06514002558174027,-2.2601025710519216
TRES-5,TRES-5__2026-09-04,805,54,-5.285833186967862,-2.008658988871268,252.5,99.97425483285012,2.192,450,0.9577777777777777,1.757376496727763,0.18400955907077746,-2.411420249529134
TRES-5,TRES-5__2026-09-04,979,56,-1.6109475419545227,-2.0274777250270577,966.5,29.756633259917365,2.192,450,0.96,1.757376496727763,0.18400955907077746,-0.7349213238843625
TRES-5,TRES-5__2026-09-04,778,53,-4.0193437742364,-2.062274729889346,331.0,71.98286877761872,2.192,450,0.9622222222222222,1.757376496727763,0.18400955907077746,-1.8336422327720803
TRES-5,TRES-5__2026-08-17,35,52,-4.613177361058764,-2.0711852014083236,1805.5,68.54805779258001,2.192,220,0.95,3.061041116275965,0.3416575141851451,-2.1045517158114797
TRES-5,TRES-5__2026-09-04,912,56,-2.7296275732814306,-2.071615596637074,560.0,51.990421499590234,2.192,450,0.9644444444444444,1.757376496727763,0.18400955907077746,-1.2452680535043021
TRES-5,TRES-5__2026-08-26,41,74,-5.072311244472107,-2.07719282595331,368.5,105.34226554247638,2.192,225,0.96,1.8881783586794032,-0.06514002558174027,-2.3140106042299755
TRES-5,TRES-5__2026-08-29,86,73,-1.0861585398907132,-2.088360900248252,2736.0,24.09037732343287,2.192,241,0.966804979253112,2.34732511070012,0.09874798066907436,-0.49551028279685816
TRES-5,TRES-5__2026-08-26,31,58,-1.5602761144538462,-2.0923065720934333,1547.0,30.690865986176828,2.192,225,0.9644444444444444,1.8881783586794032,-0.06514002558174027,-0.7118047967398933
TRES-5,TRES-5__2026-08-26,101,74,-0.8426065084451284,-2.0963216239216367,2064.0,18.08739862204599,2.192,225,0.9688888888888889,1.8881783586794032,-0.06514002558174027,-0.3844007794001498
TRES-5,TRES-5__2026-09-01,287,74,-1.9071621131857441,-2.1007620895113135,1139.5,44.77616938751001,2.192,335,0.9611940298507463,2.6967963921627147,0.2238016875674055,-0.8700557085701387
TRES-5,TRES-5__2026-08-17,21,52,-1.3125721174640508,-2.1022912736628614,1296.25,23.727382352356603,2.192,220,0.9545454545454546,3.061041116275965,0.3416575141851451,-0.5988011484781253
TRES-5,TRES-5__2026-08-17,463,52,-1.086679210115732,-2.115031530509543,1510.0,18.614155580832207,2.192,220,0.9590909090909091,3.061041116275965,0.3416575141851451,-0.49574781483381936
TRES-5,TRES-5__2026-09-01,319,70,-3.2570579269581352,-2.127533699765096,481.75,68.39529197002332,2.192,335,0.9641791044776119,2.6967963921627147,0.2238016875674055,-1.4858840907655726
TRES-5,TRES-5__2026-09-01,429,67,-3.981972424289964,-2.1432150884402037,394.0,80.29012683551393,2.192,335,0.9671641791044776,2.6967963921627147,0.2238016875674055,-1.8165932592563703
TRES-5,TRES-5__2026-08-29,180,73,-1.4018897952721658,-2.158651820151024,1940.0,28.637395758407127,2.192,241,0.970954356846473,2.34732511070012,0.09874798066907436,-0.6395482642664989
TRES-5,TRES-5__2026-09-01,38,63,-4.4431145077630285,-2.171242188557515,390.0,84.35726084747147,2.192,335,0.9701492537313433,2.6967963921627147,0.2238016875674055,-2.026968297337148
TRES-5,TRES-5__2026-09-04,1141,52,-5.788755907531871,-2.172475006327795,210.75,98.04449285549578,2.192,450,0.9666666666666667,1.757376496727763,0.18400955907077746,-2.640855797231693
TRES-5,TRES-5__2026-09-04,748,51,-4.599715134899157,-2.178365177301994,323.0,80.32521704703156,2.192,450,0.9688888888888889,1.757376496727763,0.18400955907077746,-2.0984101892788125
TRES-5,TRES-5__2026-08-26,304,74,-1.2369731072364383,-2.1880698804299077,1478.0,25.275877644482417,2.192,225,0.9733333333333334,1.8881783586794032,-0.06514002558174027,-0.5643125489217328
TRES-5,TRES-5__2026-08-29,257,73,-4.557579666495595,-2.1905284345145213,563.0,88.71134624579508,2.192,241,0.975103734439834,2.34732511070012,0.09874798066907436,-2.0791878040582095
TRES-5,TRES-5__2026-09-04,793,49,-6.281900381429373,-2.2023628525430285,225.0,101.06197139791536,2.192,450,0.9711111111111111,1.757376496727763,0.18400955907077746,-2.865830465980553
TRES-5,TRES-5__2026-08-17,434,52,-0.3580469093396738,-2.218044232444749,28682.0,6.098124175592032,2.192,220,0.9636363636363636,3.061041116275965,0.3416575141851451,-0.16334256812941322
TRES-5,TRES-5__2026-08-17,469,52,-0.8300395649080919,-2.2406958994295416,2769.25,13.991990249923118,2.192,220,0.9681818181818181,3.061041116275965,0.3416575141851451,-0.37866768472084483
TRES-5,TRES-5__2026-09-04,1260,50,-2.8972097533827164,-2.2724474795229943,570.5,49.59104396847266,2.192,450,0.9733333333333334,1.757376496727763,0.18400955907077746,-1.3217197780030638
TRES-5,TRES-5__2026-08-26,48,74,-1.975018827085935,-2.289013151294886,978.0,36.54959993125025,2.192,225,0.9777777777777777,1.8881783586794032,-0.06514002558174027,-0.9010122386340944
TRES-5,TRES-5__2026-09-04,869,56,-1.69875945871336,-2.3387528943722,991.75,28.81079701975995,2.192,450,0.9755555555555555,1.757376496727763,0.18400955907077746,-0.7749815048874817
TRES-5,TRES-5__2026-09-01,123,72,-4.1028695355419895,-2.3597367266480433,469.0,78.35015918687503,2.192,335,0.9731343283582089,2.6967963921627147,0.2238016875674055,-1.871747050885944
TRES-5,TRES-5__2026-09-01,381,74,-1.1874289826228441,-2.3647466387525085,2478.0,24.799582509902866,2.192,335,0.9761194029850746,2.6967963921627147,0.2238016875674055,-0.5417103022914435
TRES-5,TRES-5__2026-08-26,188,74,-0.4383390156528595,-2.3681587211780077,9423.0,8.80073737234914,2.192,225,0.9822222222222222,1.8881783586794032,-0.06514002558174027,-0.19997217867374975
TRES-5,TRES-5__2026-09-04,751,56,-4.390763124168847,-2.3942726463276265,373.5,73.03231104410078,2.192,450,0.9777777777777777,1.757376496727763,0.18400955907077746,-2.00308536686535
TRES-5,TRES-5__2026-09-01,226,71,-6.069490786099985,-2.412223330828034,990.0,106.54736544358396,2.192,335,0.9791044776119403,2.6967963921627147,0.2238016875674055,-2.768928278330285
TRES-5,TRES-5__2026-09-04,1011,55,-3.8561488737844694,-2.4225168421604026,418.0,59.64856562000403,2.192,450,0.98,1.757376496727763,0.18400955907077746,-1.7591920044637177
TRES-5,TRES-5__2026-09-04,193,48,-5.5866093826864365,-2.4352048187241957,504.0,78.31139662415022,2.192,450,0.9822222222222222,1.757376496727763,0.18400955907077746,-2.548635667283958
TRES-5,TRES-5__2026-08-29,415,72,-2.0629366392647137,-2.4369212899418597,1177.0,37.48447295516496,2.192,241,0.979253112033195,2.34732511070012,0.09874798066907436,-0.9411207295915665
TRES-5,TRES-5__2026-09-01,37,57,-4.380420280982826,-2.4563572040048984,764.0,72.2551233402358,2.192,335,0.982089552238806,2.6967963921627147,0.2238016875674055,-1.9983669165067637
TRES-5,TRES-5__2026-09-01,358,74,-1.814512925310292,-2.467098432306108,1546.25,34.86428500104605,2.192,335,0.9850746268656716,2.6967963921627147,0.2238016875674055,-0.8277887432984908
TRES-5,TRES-5__2026-08-17,120,52,-8.554643104232673,-2.4790968113954253,1125.75,127.19357762208736,2.192,220,0.9727272727272728,3.061041116275965,0.3416575141851451,-3.9026656497411825
TRES-5,TRES-5__2026-09-01,209,74,-1.4451686637673604,-2.5490019372906483,2342.25,27.619881554716635,2.192,335,0.9880597014925373,2.6967963921627147,0.2238016875674055,-0.6592922736164964
TRES-5,TRES-5__2026-08-29,820,67,-5.625803717234482,-2.5623717463148354,606.0,91.03524396118503,2.192,241,0.983402489626556,2.34732511070012,0.09874798066907436,-2.5665162943587965
TRES-5,TRES-5__2026-09-01,341,67,-3.5899551452428256,-2.568804850350693,567.0,59.436186058847646,2.192,335,0.991044776119403,2.6967963921627147,0.2238016875674055,-1.63775325969107
TRES-5,TRES-5__2026-09-04,1303,56,-1.013756012508336,-2.588194998140906,3813.0,16.624384687051787,2.192,450,0.9844444444444445,1.757376496727763,0.18400955907077746,-0.4624799327136569
TRES-5,TRES-5__2026-08-17,416,52,-0.6079109589777744,-2.6264508867653813,12069.0,9.264412685418106,2.192,220,0.9772727272727273,3.061041116275965,0.3416575141851451,-0.2773316418694226
TRES-5,TRES-5__2026-08-17,261,52,-4.331271316525737,-2.7506344129352422,738.25,57.211238843498684,2.192,220,0.9818181818181818,3.061041116275965,0.3416575141851451,-1.9759449436705003
TRES-5,TRES-5__2026-09-04,994,56,-4.1463306404957,-2.8080630333025587,433.0,59.96588984775617,2.192,450,0.9866666666666667,1.757376496727763,0.18400955907077746,-1.8915741973064322
TRES-5,TRES-5__2026-08-29,191,73,-5.558116826174023,-2.8391523009238786,451.0,85.41144288256339,2.192,241,0.9875518672199171,2.34732511070012,0.09874798066907436,-2.535637238218076
TRES-5,TRES-5__2026-08-17,264,52,-2.140876396057584,-2.8419610832717916,1277.25,28.04115805916686,2.192,220,0.9863636363636363,3.061041116275965,0.3416575141851451,-0.9766771879824744
TRES-5,TRES-5__2026-08-17,186,52,-2.27106408222899,-2.8423061194362553,889.25,32.23836651938402,2.192,220,0.990909090909091,3.061041116275965,0.3416575141851451,-1.0360693805789187
TRES-5,TRES-5__2026-08-17,289,52,-0.787363783567018,-2.856214805488347,11801.25,9.383955777764339,2.192,220,0.9954545454545455,3.061041116275965,0.3416575141851451,-0.3591988063718147
TRES-5,TRES-5__2026-09-04,764,54,-6.440385500042341,-2.902519072529244,288.75,83.8401042542961,2.192,450,0.9888888888888889,1.757376496727763,0.18400955907077746,-2.938132071187199
TRES-5,TRES-5__2026-09-04,689,54,-5.445676082214043,-2.9456764321176383,548.5,67.11019864308705,2.192,450,0.9911111111111112,1.757376496727763,0.18400955907077746,-2.4843412783823187
TRES-5,TRES-5__2026-08-29,867,41,-5.676920332079975,-2.9810186576661315,1111.0,56.395036681761624,2.192,241,0.991701244813278,2.34732511070012,0.09874798066907436,-2.5898359179196966
TRES-5,TRES-5__2026-09-04,1105,56,-3.1910103825231553,-3.0725865179509704,661.5,41.94822353097227,2.192,450,0.9933333333333333,1.757376496727763,0.18400955907077746,-1.455752911735016
TRES-5,TRES-5__2026-09-04,363,54,-7.258027701008858,-3.19817773286766,286.75,91.65421257523688,2.192,450,0.9955555555555555,1.757376496727763,0.18400955907077746,-3.311144024182873
TRES-5,TRES-5__2026-08-26,218,74,-6.517135065168718,-3.242978051072859,449.0,88.26610936316506,2.192,225,0.9866666666666667,1.8881783586794032,-0.06514002558174027,-2.973145558927335
TRES-5,TRES-5__2026-08-29,60,51,-4.529521657248016,-3.350571633682261,1333.0,42.5030677496907,2.192,241,0.995850622406639,2.34732511070012,0.09874798066907436,-2.0663876173576714
TRES-5,TRES-5__2026-08-26,231,74,-1.4661707090402476,-3.356378288270403,1736.5,20.36208527075708,2.192,225,0.9911111111111112,1.8881783586794032,-0.06514002558174027,-0.668873498649748
TRES-5,TRES-5__2026-08-17,516,52,-1.246553756433771,-3.5424697815757846,3028.5,14.17662961705117,2.192,220,1.0,3.061041116275965,0.3416575141851451,-0.5686832830446035
TRES-5,TRES-5__2026-09-04,586,54,-15.750933328805017,-3.6122877058341394,319.75,162.99576985973644,2.192,450,0.9977777777777778,1.757376496727763,0.18400955907077746,-7.18564476679061
TRES-5,TRES-5__2026-08-26,311,74,-0.7556604051797952,-4.109445125260121,6507.0,9.222014757610838,2.192,225,0.9955555555555555,1.8881783586794032,-0.06514002558174027,-0.34473558630465106
TRES-5,TRES-5__2026-08-29,62,63,-4.377761526867891,-4.1269275765499085,971.0,45.41809586529259,2.192,241,1.0,2.34732511070012,0.09874798066907436,-1.9971539812353516
TRES-5,TRES-5__2026-08-26,242,74,-2.2311477018599604,-4.762491245875419,2570.0,22.71487496036744,2.192,225,1.0,1.8881783586794032,-0.06514002558174027,-1.017859353038303
TRES-5,TRES-5__2026-09-01,540,62,-14.036652655658388,-4.799626368885737,365.0,126.17910921859054,2.192,335,0.9940298507462687,2.6967963921627147,0.2238016875674055,-6.403582415902549
TRES-5,TRES-5__2026-09-01,183,70,-10.464672949171957,-5.525616410697839,577.75,93.10291345211866,2.192,335,0.9970149253731343,2.6967963921627147,0.2238016875674055,-4.774029630096695
TRES-5,TRES-5__2026-09-04,830,56,-21.199132223338303,-5.575072073226892,805.5,153.48503624957456,2.192,450,1.0,1.757376496727763,0.18400955907077746,-9.67113696320178
TRES-5,TRES-5__2026-09-01,102,74,-6.242803663004517,-5.860852286838855,981.0,56.10582155754116,2.192,335,1.0,2.6967963921627147,0.2238016875674055,-2.84799437180863
